Código Cliente,nome_cliente,cluster,familia_principal,frequencia_mensal,nivel_frequencia,receita_liquida_total
1469,COMANDO DA MARINHA,0,Outras,2.888888888888889,Regulares,24465.84
3025,CONSIGAZ-DISTRIBUIDORA DE GAS LTDA,0,TOP TURBO,1.25,Ocasionais,22518.02
1688265,ACREFORT AGROINDUSTRIAL LTDA,0,GEAR,3.5,Regulares,7176.929999999999
3016,CENTRO OESTE ASFALTOS S/A,0,Outras,1.0,Ocasionais,14468.95
3015,CENTRO OESTE ASFALTOS S/A,0,Outras,1.0,Ocasionais,116172.56
1688166,VILASA CONSTRUTORA S/A.,0,HYDRA,2.75,Regulares,90073.32
2852,VIACAO REGIONAL S/A,0,Outras,1.7,Regulares,74334.22
1687818,G7 INDUSTRIA E COMERCIO DE FERTILIZ,0,Outras,3.0,Regulares,20362.48
1687811,PAUMA E BRASIL EMPREENDIMENTOS IMOB,0,TOP TURBO,2.25,Regulares,55345.600000000006
1898410,CONSTRUTORA CATHIO LTDA,0,TOP TURBO,2.5,Regulares,5327.81
1896469,CONSORCIO PONTE SIQUEIRA CAMPOS,0,TOP TURBO,3.0,Regulares,11483.1
1895982,MINAS INDUSTRIA DE GORDURAS E PROTE,0,TOP TURBO,1.0,Ocasionais,12751.61
1901288,FERROLENE SA INDUSTRIA E COMERCIO D,0,HYDRA XP,2.5,Regulares,19038.99
1900048,LAMINADOS MG LTDA,0,HYDRA,1.0,Ocasionais,2922.1
1902756,BETUNEL INDUSTRIA E COMERCIO S/A,0,Outras,1.0,Ocasionais,18665.69
1647550,ACO VERDE DO BRASIL S/A,0,HYDRA XP,2.0,Regulares,2022.33
1905514,BRAULIO DE SOUSA MAIA LAMOUNIER,0,TOP TURBO,1.0,Ocasionais,130847.14
1439,COMANDO DO EXERCITO,0,Outras,1.0,Ocasionais,17552.4
1011,CENTRAIS ELETRICAS DO NORTE DO BRAS,0,Outras,1.0,Ocasionais,7452.29
1007,CENTRAIS ELETRICAS DO NORTE DO BRAS,0,Outras,1.0,Ocasionais,770.92
1006,CENTRAIS ELETRICAS DO NORTE DO BRAS,0,Outras,1.0,Ocasionais,45736.47
1003,CENTRAIS ELETRICAS DO NORTE DO BRAS,0,AV,1.0,Ocasionais,52649.3
924,TRANSPORTADORA PLANALTO LTDA,0,TOP TURBO,2.0,Regulares,4572.05
1687806,LEAC IMOVEIS SPE LTDA,0,TOP TURBO,1.3333333333333333,Ocasionais,9716.78
1687799,SSM SOLUCOES METALICAS PARA ENERGIA,0,HYDRA,1.0,Ocasionais,3912.16
618,CARAMURU ALIMENTOS  S/A,0,Outras,1.0,Ocasionais,171324.81
574,CIPLAN CIMENTO PLANALTO SA,0,HYDRA,1.5555555555555556,Regulares,127684.04
1648957,SISTEMMA ASSES. E CONSTRUCOES LTDA,0,HYDRA,2.75,Regulares,39275.52
1687439,RAIZ SOLUCOES EM RESIDUOS LTDA,0,HYDRA XP,1.75,Regulares,12111.91
1648429,IVETE E IVETE MAN. DE MAQS. DE REFR,0,TOP TURBO,1.0,Ocasionais,189262.61
1648067,BONO TRANSPORTES RODOVIARIO E DISTR,0,GL 5,1.0,Ocasionais,2329.74
1481,COMANDO DA MARINHA,0,Outras,1.0,Ocasionais,30071.51
3446,DJC BRAZIL LTDA,0,Outras,1.0,Ocasionais,31391.34
3389,HENLAU QUIMICA LTDA,0,AV,1.0,Ocasionais,12622.26
1591554,AVETEC INDUSTRIA E COMERCIO DE ALIM,0,GEAR,1.9090909090909092,Regulares,42413.26
3302,VIACAO JAUA LTDA,0,Outras,1.75,Regulares,8767.74
1591315,ARIODIESEL PECAS E SERVICOS PARA CA,0,TOP TURBO,2.4285714285714284,Regulares,151342.65
1895711,A.F.H. COMERCIO E SERVICOS TECNICOS,0,AV,1.6666666666666667,Regulares,32121.7
1895578,TECNOGEO FUNDACOES LTDA.,0,HYDRA XP,3.0,Regulares,57630.73
1895393,BLT AGRO EMPREENDIMENTOS LTDA,0,TOP TURBO,2.0,Regulares,2844.01
1895191,CARCON LOGISTICS LTDA,0,HYDRA XP,3.0,Regulares,19192.71
1894730,MARCIA JANICLEIDE SANTOS ROLIM,0,TOP TURBO,1.0,Ocasionais,2683.39
1893906,ELBIO RODRIGUES ALVES FILHO,0,TOP TURBO,4.0,Frequentes,56578.33
1893477,LENARGE TRANSPORTES E SERVICOS LTDA,0,Outras,1.0,Ocasionais,5501.2
3156,VALMONT INDUSTRIA E COMERCIO LTDA,0,GEAR,4.0,Frequentes,4255.74
3091,FERROVIA TEREZA CRISTINA S.A.,0,Outras,1.3,Ocasionais,29955.43
3077,BIOTEXTIL INDUSTRIA E COMERCIO LTDA,0,TOP TURBO,2.0,Regulares,4082.3
3056,BRASAL REFRIGERANTES S/A,0,Outras,1.0666666666666667,Ocasionais,43818.62
1889054,CONSORCIO EXPRESSO 2 DE JULHO,0,HYDRA XP,3.0,Regulares,14523.67
5672,VIACAO GUAIANAZES DE TRANSPORTE LTD,0,GL 5,2.0,Regulares,4290.75
5642,CHEMTRADE BRASIL LTDA,0,AV,1.0,Ocasionais,33944.98
5458,LHG MINING CORUMBA S.A,0,Outras,1.5555555555555556,Regulares,40217.65
1591201,W.V. TRANSPORTE DE CARGAS EM GERAL,0,Outras,1.0,Ocasionais,4922.09
1591197,UNIAO DIESEL TRANSPORTADORA EIRELI,0,TOP TURBO,1.4285714285714286,Ocasionais,17083.75
4706,RODOVIARIO CONFIANCA LTDA,0,TOP TURBO,2.2,Regulares,29455.33
4664,R.J. ASFALTO ENGENHARIA LTDA.,0,Outras,1.0,Ocasionais,2493.84
4459,T V V - TERMINAL DE VILA VELHA S.A,0,GEAR,1.0,Ocasionais,31525.06
4245,ENGIE BRASIL ENERGIA S.A.,0,HYDRA XP,1.0,Ocasionais,28818.38
4242,ENGIE BRASIL ENERGIA S.A.,0,Outras,1.3333333333333333,Ocasionais,192103.2
1590791,REALEZA TRANSPORTE E TURISMO LTDA,0,TOP TURBO,3.0,Regulares,10952.51
1590790,MC TRANSPORTES DE COMBUSTIVEIS E CA,0,Outras,1.0,Ocasionais,1079.47
1590781,TUCANO SERVICOS DE APOIO A OLEO E G,0,HYDRA XP,4.0,Frequentes,34198.69
1590780,SALEM TRANSPORTES LTDA,0,TOP TURBO,2.0714285714285716,Regulares,43107.09
3549,CONTRACTOR ENGENHARIA LTDA,0,HYDRA XP,2.0,Regulares,103724.08
7289,BELEM HOTEIS E TURISMO S/A,0,AV,1.0,Ocasionais,14043.32
7095,NAVEGACAO CUNHA LTDA,0,Outras,1.826086956521739,Regulares,62284.62
7026,TRANSURB LTDA,0,TOP TURBO PRO,2.909090909090909,Regulares,29660.09
6979,TRANSPORTES BERTOLINI LTDA,0,Outras,1.6785714285714286,Regulares,164604.34
6431,ARM-TRANSPORTES LTDA,0,TOP TURBO,2.6666666666666665,Regulares,9560.02
6077,REFRIGERANTES MARAJA S.A.,0,HYDRA XP,2.0,Regulares,9723.21
5942,PAESAN - PAVIMENTACAO ENGENHARIA E,0,TOP TURBO,1.5,Ocasionais,14949.66
5730,ITAMARATI NORTE SA AGRO PECUARIA,0,Outras,1.0,Ocasionais,103244.16
1893471,LENARGE TRANSPORTES E SERVICOS LTDA,0,Outras,1.0,Ocasionais,3571.91
1893362,SISTERMI LOCACAO DE MAQUINAS E EQUI,0,TOP TURBO,2.5,Regulares,19090.12
1892125,TRANSPORTES GABARDO LTDA,0,HYDRA,3.0,Regulares,8144.53
1892032,EVA IOLANDA TRANSPORTES LTDA,0,Outras,1.0,Ocasionais,2778.28
1891298,SS SERVICOS DE GUINDASTES LTDA,0,TOP TURBO,1.0,Ocasionais,2733.5
1889658,VIACAO PEDRA NEGRA LTDA,0,TOP TURBO PRO,1.6666666666666667,Regulares,35120.1
1889346,AGTHERM REFRIGERACAO INDUSTRIAL LTD,0,Outras,1.0,Ocasionais,4918.07
1889068,BETUNEL INDUSTRIA E COMERCIO S/A,0,Outras,1.0,Ocasionais,137415.83
7625,ITAJUBARA S/A ACUCAR E ALCOOL,0,HYDRA XP,2.0,Regulares,11048.29
1590599,PAULA LISANDRA COSTA LIMA,0,Outras,2.0,Regulares,51814.74
1590567,TRANSRESIDUOS AMBIENTAL S/A,0,HYDRA,1.0,Ocasionais,59111.25
1590554,ANTONIO ADEMAR ALENCAR NETO,0,Outras,3.1818181818181817,Regulares,65803.88
1888929,FSALLMAC DO BRASIL IMP. E EXP. DE M,0,HYDRA,1.0,Ocasionais,48810.21
1888778,PINA FUNDACOES LTDA,0,HYDRA,3.0,Regulares,46454.38
1888467,OTIMA TRANSPORTES DE SALVADOR SPE S,0,TOP TURBO,1.0,Ocasionais,2352.5
1888381,CARGO BRASIL TRANSPORTES LTDA,0,TOP TURBO,1.0,Ocasionais,8313.7
1888348,BARRETO AGRICULTURA LTDA,0,Outras,4.0,Frequentes,1480.64
1887380,J A DA SILVA LTDA,0,TOP TURBO,2.0,Regulares,80728.06000000001
1887377,CASTILHO ENGENHARIA E EMPREENDIMENT,0,Outras,1.0,Ocasionais,15602.67
1886601,SAMUEL SANTOS DE OLIVEIRA TRANSPORT,0,HYDRA,1.0,Ocasionais,998.77
1886128,COMERCIO AUXILIAR INSTALACAO E SERV,0,AV,1.0,Ocasionais,18523.89
1590452,GLOBAL LOCACAO LTDA,0,TOP TURBO,2.625,Regulares,29958.17
1589876,EXPRESSO RODA BRASIL LTDA.,0,TOP TURBO PRO,1.0,Ocasionais,757.13
7327,CERPA CERVEJARIA PARAENSE SA,0,TOP TURBO,1.0,Ocasionais,7912.740000000001
1881473,S C DISTRIBUIDORA DE MATERIAL DE CO,0,HYDRA XP,1.0,Ocasionais,17476.89
1881383,VIACAO ITAPETINGA LTDA.,0,TOP TURBO PRO,2.0,Regulares,3121.58
7927,CERAMA TRANSPORTES LTDA,0,TOP TURBO,1.3636363636363635,Ocasionais,91539.59
7879,ISELETRICA LTDA,0,HYDRA XP,1.5789473684210527,Regulares,84469.37
7858,CORAL CONSTRUTORA RODOVALHO ALENCAR,0,Outras,1.0,Ocasionais,4374.48
7848,VIACAO PERNAMBUCANA TRANSPORTE E TU,0,TOP TURBO PRO,1.0,Ocasionais,459.21
1589780,PAUMA E BR TERRENOS EMPREENDIMENTOS,0,TOP TURBO,3.5,Regulares,32200.38
1593034,CASAS GUANABARA COMESTIVEIS LTDA,0,HYDRA XP,2.0,Regulares,2049.23
1593033,DISTRIBUIDORA ACAUA COM E IND DE PR,0,GL 5,1.5714285714285714,Regulares,24997.62
7775,CAJUINA SAO GERALDO LTDA,0,Outras,1.0,Ocasionais,43829.05
1592873,LOGGLASS LOGISTICA E TRANSPORTES EI,0,TOP TURBO,1.1428571428571428,Ocasionais,35219.43
7737,SOCIMOL INDUSTRIA DE COLCHOES E MOV,0,HYDRA XP,2.0952380952380953,Regulares,66119.36
1592855,COMBIO ENERGIA S.A.,0,Outras,1.25,Ocasionais,6835.66
7670,GUADALAJARA SA INDUSTRIA DE ROUPAS,0,AV,1.6,Regulares,22050.0
1592838,BELA ROCHA MINERACAO LTDA,0,TOP TURBO,3.7142857142857144,Frequentes,37740.93
1592832,M R TRANSPORTES E CONSULTORIA LTDA,0,TOP TURBO,1.5625,Regulares,60726.4
8324,MINERADORA DE CALCARIO ANTONIO ALME,0,Outras,1.1875,Ocasionais,99533.07
8309,REAL ARAPIRACA VIACAO LTDA,0,TOP TURBO,2.75,Regulares,102604.41
1683669,AMBIPAR ENVIRONMENTAL NORDESTE LTDA,0,HYDRA XP,2.230769230769231,Regulares,42304.28
1683662,EOLICA SERRA DAS VACAS III S.A.,0,AV,1.0,Ocasionais,12775.88
8129,LINSELETRICA LTDA,0,AV,1.0,Ocasionais,2003.25
8128,TEXTIL UNIAO S A,0,HYDRA XP,1.5714285714285714,Regulares,31877.39
8081,CEMAG - CEARA MAQUINAS AGRICOLAS LT,0,HYDRA XP,1.1304347826086956,Ocasionais,59265.96
8070,COSMAC - INDUSTRIA E COMERCIO DE MA,0,Outras,2.6666666666666665,Regulares,5416.88
1884346,JORGE DOVIGI,0,Outras,1.5,Ocasionais,28949.85
1884322,MINERACAO AREIAS LTDA,0,TOP TURBO,1.0,Ocasionais,4471.06
1884109,FAMMA COMERCIO DE VEICULOS E EQUIPA,0,Outras,1.0,Ocasionais,1567.67
1883406,PARATY LOTEAMENTOS LTDA,0,TOP TURBO,2.0,Regulares,8404.869999999999
1883223,OTIMA TRANSPORTES DE SALVADOR SPE S,0,TRM 5,2.0,Regulares,7736.59
1882999,RESIDENCIAL JARDIM TROPICAL ITAPIPO,0,TOP TURBO,1.3333333333333333,Ocasionais,11538.8
1881961,TERMINAL CORREDOR NORTE S.A,0,HYDRA XP,2.0,Regulares,59590.99
1881476,AUREMAR DISTRIBUIDORA LTDA,0,AV,1.0,Ocasionais,35235.83
1683334,RUMA - TRANSPORTES LTDA.,0,GL 5,1.0,Ocasionais,2159.25
1881201,VIA GROUP LTDA,0,TOP TURBO,2.6666666666666665,Regulares,7184.61
1880780,CENTRO OESTE GOLD MINE S.A.,0,GEAR,1.6666666666666667,Regulares,34537.8
1880419,ENCRUZO NOVO TRANSMISSORA DE ENERGI,0,AV,1.0,Ocasionais,86313.1
1876597,ENCOPAV ENGENHARIA LTDA,0,Outras,1.0,Ocasionais,8164.98
1876594,AXIA ENERGIA NORTE S.A.,0,Outras,1.0,Ocasionais,89809.11
1681454,SC TRANSPORTES LTDA,0,TOP TURBO,2.0,Regulares,19370.88
1875571,MASTER PERFURACOES E DESMONTES LTDA,0,Outras,1.0,Ocasionais,22912.56
1873910,EDP SAO PAULO DISTRIBUICAO DE ENERG,0,AV,1.0,Ocasionais,51996.29
1873898,MINERADORA VARGEAO LTDA,0,HYDRA,1.0,Ocasionais,11822.35
1873786,EDP SAO PAULO DISTRIBUICAO DE ENERG,0,AV,1.0,Ocasionais,150964.47
1675591,ENERGIAS DO ACRE SPE LTDA,0,TOP TURBO,1.0,Ocasionais,2711.62
1873727,FX MINAS CONSTRUCOES E EMPREENDIMEN,0,HYDRA XP,1.0,Ocasionais,3933.72
1873718,AGROALANO ALIMENTOS LTDA,0,TOP TURBO,1.0,Ocasionais,8184.83
8419,CONPEL COMPANHIA NORDESTINA DE PAPE,0,GEAR,3.7777777777777777,Frequentes,40033.14
1592750,CNN - CIA. NORTE DE NAVEGACAO,0,Outras,1.3333333333333333,Ocasionais,37061.86
9193,VIACAO AGUIA AZUL LTDA,0,Outras,1.0,Ocasionais,1036.4
9180,BRASQUIMICA TRANSPORTES RODOVIARIOS,0,TOP TURBO PRO,1.5,Ocasionais,14199.14
9171,TRANSAMERICA DE HOTEIS NORDESTE LTD,0,AV,1.0,Ocasionais,12984.32
9110,COMPANHIA SUL SERGIPANA DE ELETRICI,0,AV,1.0,Ocasionais,184532.65
9038,"ALVES, BARRETO COMERCIO E CONSTRUCO",0,AV,1.0,Ocasionais,27966.9
9029,TRANSBARROS TRANSPORTADORA BARROS L,0,HYDRA,2.5,Regulares,3205.2699999999995
1592250,ILHAS TRANSPORTE E TURISMO LTDA,0,TOP TURBO,1.4444444444444444,Ocasionais,36630.82
8969,ENGEPETROL LTDA,0,Outras,1.7272727272727273,Regulares,24537.86
1591930,CONSORCIO MINA FABRICA,0,Outras,1.0,Ocasionais,6892.22
8802,CONSTRUTORA SAM LTDA,0,TOP TURBO,1.9,Regulares,23604.58
8792,INDUSTRIAS REUNIDAS RENDA S/A,0,Outras,1.0,Ocasionais,1625.11
1594439,CASSIO DOUGLAS DA SILVA SALES,0,TOP TURBO,2.0,Regulares,158151.34
1675171,FAZENDA SANTANA PRODUCAO AGRICOLA L,0,Outras,2.3333333333333335,Regulares,44303.55
8627,ALVOAR LACTEOS NORDESTE S/A,0,Outras,1.0,Ocasionais,46046.88
1671450,GOLD FRUIT IMPORTACAO E EXPORTACAO,0,Outras,2.4285714285714284,Regulares,38864.55
8595,BARRO FORTE INDUSTRIA DE CERAMICA L,0,GEAR,2.5,Regulares,26711.58
9882,COLETIVOS SAO LUCAS LIMITADA,0,Outras,1.0,Ocasionais,2700.79
9807,TRANSBAHIA TRANSPORTES LTDA,0,GL 5,2.413793103448276,Regulares,104465.46
9800,COPENOR COMPANHIA PETROQUIMICA DO N,0,GEAR,1.3333333333333333,Ocasionais,33809.03
9760,EMTRAM EMPRESA DE TRANSPORTES MACAU,0,Outras,2.0,Regulares,2793.38
9611,PETROL INDUSTRIAL SOCIEDADE ANONIMA,0,HYDRA XP,2.9047619047619047,Regulares,36390.78
1670774,FERNANDES MANUTENCAO E LOCACAO DE M,0,TOP TURBO,1.375,Ocasionais,67181.78
9542,MUCAMBO S/A,0,Outras,1.25,Ocasionais,16024.02
9537,ORGANIZACAO LEAO DO NORTE LIMITADA,0,HYDRA,1.5,Ocasionais,3665.92
9535,COMPANHIA VALENCA INDUSTRIAL,0,GEAR,1.6129032258064515,Regulares,134904.53
9509,MULTIFRIO BAHIA MANUTENCAO E REPARO,0,Outras,1.0,Ocasionais,486.27
9450,VIACAO JEQUIE CIDADE SOL LTDA,0,Outras,2.0,Regulares,8427.6
1670691,ACBB - ASSOCIACAO CLUBE DE BENEFICI,0,TOP TURBO,2.0,Regulares,11485.67
9430,ROTA TRANSPORTES RODOVIARIOS LTDA,0,Outras,1.5263157894736843,Regulares,96915.21
1670257,BRASIMAR SERVICOS MARITIMOS LTDA,0,TOP TURBO,1.0,Ocasionais,4561.53
9414,CETREL S.A.,0,AV,2.2,Regulares,51742.29
1670053,VIACAO PIRACICABANA S.A.,0,TOP TURBO,1.5,Ocasionais,4486.72
10287,RIMA INDUSTRIAL S/A,0,Outras,1.3125,Ocasionais,26767.2
10283,RIMA INDUSTRIAL S/A,0,Outras,1.125,Ocasionais,10202.38
1669968,VIACAO PIRACICABANA S.A.,0,Outras,1.625,Regulares,19983.95
10070,EXPRESSO ALVORADA LTDA,0,TOP TURBO,2.5,Regulares,56884.18
10065,COLETIVOS SAO CRISTOVAO LTDA,0,TOP TURBO,2.8333333333333335,Regulares,10567.19
10057,INCOMFRAL - INDUSTRIA E COMERCIO DE,0,GEAR,1.9333333333333333,Regulares,23361.45
1873664,VPR TRANSFORMADORES E INSTALACOES E,0,AV,1.0,Ocasionais,10291.05
1873517,LEOFRAN TRANSPORTES LTDA,0,TOP TURBO,2.0,Regulares,12657.24
1873452,OLIMPIO FRANCISCO DE SOUSA,0,Outras,2.0,Regulares,7779.71
1873373,ANTONIO MIGUEL SERAFIM,0,TOP TURBO,4.0,Frequentes,56578.33
1873272,SINAL SERVICOS DE INTEGRACAO INDUST,0,Outras,1.0,Ocasionais,2982.48
1873249,IMPERIO DO GAS LTDA,0,TOP TURBO,1.6666666666666667,Regulares,2513.87
1873246,CONSORCIO CONSTRUTOR ARCO VIARIO ME,0,Outras,2.6666666666666665,Regulares,60500.86
1873211,DMLA HIDRAULICA LTDA,0,HYDRA,1.0,Ocasionais,5701.32
1873145,REI MINAS TRANSPORTES LTDA,0,TOP TURBO,2.0,Regulares,25429.08
1873012,IPEPAM INDUSTRIA DE PEDRAS PADUA MI,0,GEAR,1.0,Ocasionais,483.48
10396,VIACAO SANTA EDWIGES LTDA,0,Outras,1.0,Ocasionais,3048.66
10377,BRASMIX ENGENHARIA DE CONCRETO LTDA,0,TOP TURBO,2.7,Regulares,61965.85
10374,BRASMIX ENGENHARIA DE CONCRETO LTDA,0,TOP TURBO,2.0,Regulares,18428.2
10335,ROTAS DE VIACAO DO TRIANGULO LTDA -,0,TOP TURBO,1.0,Ocasionais,3449.14
1873001,COMPORTA MINERACAO LTDA,0,GEAR,4.0,Frequentes,14982.31
1872997,"ARMAC LOCACAO, LOGISTICA E SERVICOS",0,HYDRA,1.5,Ocasionais,6764.7
1872992,"LE MIX BRASIL PREPARACAO DE MASSA,",0,TOP TURBO,1.0,Ocasionais,1830.0
1872976,"LE MIX BRASIL PREPARACAO DE MASSA,",0,TOP TURBO,2.0,Regulares,932.05
1872955,"LE MIX BRASIL PREPARACAO DE MASSA,",0,TOP TURBO,1.0,Ocasionais,853.34
1872257,ENCRUZO NOVO TRANSMISSORA DE ENERGI,0,AV,1.0,Ocasionais,32059.16
1871913,PEDRA BRANCA TRANSPORTES LTDA,0,TOP TURBO PRO,2.5,Regulares,16650.66
1871782,MATISA DO BRASIL PROJETOS DE VIA FE,0,Outras,1.0,Ocasionais,5557.77
1871467,MECANICA ACESSORIOS VAIRES LTDA,0,GL 5,2.0,Regulares,12325.94
1871281,JOAO LUIZ DE ANDRADE,0,GL 5,1.0,Ocasionais,5790.47
1870947,ERNESTO LEO PREDEBON,0,TOP TURBO,3.0,Regulares,33449.99
10324,CIDADE DAS ROSAS TRANSPORTE COLETIV,0,Outras,1.4090909090909092,Ocasionais,83856.09
10829,COMPANHIA TECIDOS SANTANENSE,0,GEAR,1.4285714285714286,Ocasionais,45665.72
10828,COMPANHIA TECIDOS SANTANENSE,0,Outras,3.0,Regulares,12725.71
10814,EMBRAURB EMPRESA BRASILEIRA DE URBA,0,Outras,1.0,Ocasionais,21710.74
10805,CONSTRUTORA VALE VERDE S/A,0,Outras,2.75,Regulares,35029.66
10792,CIA ITABIRITO INDUSTRIAL FIACAO E T,0,HYDRA XP,1.0,Ocasionais,4037.56
1669586,IJS TRANSPORTES E LOGISTICA LTDA,0,Outras,1.9333333333333333,Regulares,109511.73
10717,MOBI TRANSPORTE URBANO LTDA,0,Outras,1.1428571428571428,Ocasionais,18887.08
10577,VIACAO RIODOCE LTDA,0,TOP TURBO,1.1111111111111112,Ocasionais,27911.1
10570,VIACAO RIODOCE LTDA,0,TOP TURBO,1.1081081081081081,Ocasionais,123704.13
1669582,F M L - TRANSPORTES LTDA,0,TOP TURBO,2.0,Regulares,8918.18
10538,ORGANIZACOES FRANCAP S/A,0,Outras,1.0,Ocasionais,30381.06
10524,FRIGOBET FRIGORIFICO INDUSTRIAL BET,0,Outras,2.0952380952380953,Regulares,72368.02
10513,EXPRESSO UNIAO LTDA,0,Outras,1.6666666666666667,Regulares,6036.49
10456,SADA TRANSP.ARMAZENAGENS LTDA,0,Outras,1.0,Ocasionais,4495.030000000001
10452,URCA AUTO ONIBUS LTDA,0,Outras,1.3333333333333333,Ocasionais,128375.18
10450,BRASFRIGO S/A,0,Outras,1.0,Ocasionais,225769.06
1593670,FRANCISCO RICARDO ANDRASCHKO LTDA,0,AV,1.0,Ocasionais,30642.54
11130,EXPRESSO UNIR LTDA,0,TOP TURBO,1.1428571428571428,Ocasionais,29803.97
11019,SOMAI NORDESTE S/A,0,TOP TURBO,2.5,Regulares,30149.52
10945,ALVOAR LACTEOS S/A,0,Outras,1.3333333333333333,Ocasionais,25768.98
10869,EMPRESA UNIDA MANSUR & FILHOS LTDA,0,Outras,1.0,Ocasionais,4844.9
1870918,F. E. BRITAGEM LTDA,0,Outras,1.0,Ocasionais,2543.45
1870813,POTIGUAR CONSTRUTORA LTDA,0,HYDRA XP,5.0,Frequentes,11340.53
1870087,SERRALUB COMERCIO E SERVICO LTDA,0,HYDRA XP,1.6666666666666667,Regulares,10758.37
1869995,ZOPONE ENGENHARIA E COMERCIO LTDA,0,HYDRA,2.25,Regulares,23324.9
1869848,CENTRAIS ELETRICAS DO NORTE DO BRAS,0,Outras,4.0,Frequentes,17384.68
1869535,TWM MANUTENCAO E REPARACAO DE EQUIP,0,TOP TURBO,3.5,Regulares,10292.89
1869319,PROGRESSO ENGENHARIA K M LTDA,0,TOP TURBO,2.6666666666666665,Regulares,41781.88
1868737,AMBIPAR RESPONSE DRACARES APOIO MAR,0,TOP TURBO,1.0,Ocasionais,9837.12
1868165,BRAGO FACILITIES LTDA,0,Outras,1.5,Ocasionais,3549.9
10864,COOP TRANSPORTADORA DE PETROLEO E D,0,TOP TURBO,1.8181818181818181,Regulares,196565.82
10852,COOPERATIVA DOS GRANJEIROS DO OESTE,0,Outras,1.9166666666666667,Regulares,48441.41
11505,REAL EXPRESSO LIMITADA,0,TOP TURBO,1.0,Ocasionais,36771.990000000005
11485,EMPRESA DE TRANSPORTES LIDER LTDA,0,TOP TURBO,1.8,Regulares,75517.3
1867818,NOVA TRANSPORTADORA DO SUDESTE S/A,0,Outras,1.6666666666666667,Regulares,78088.15
1867405,CONCESSIONARIA DA RODOVIA MS 306 S.,0,Outras,1.0,Ocasionais,6498.98
1866429,OTIMA TRANSPORTES DE SALVADOR SPE S,0,TOP TURBO,1.0,Ocasionais,2258.8
1866275,SALTO SOLUCOES AMBIENTAIS LTDA,0,Outras,2.25,Regulares,15470.72
1865928,PARAMINENSE TURISMO E TRANSPORTE LT,0,TOP TURBO PRO,2.8,Regulares,18033.22
1865915,CALMISA MINERACAO DE CAL LTDA,0,TOP TURBO,1.0,Ocasionais,22992.42
1865914,COOPITRANS - COOPERATIVA DE INSUMOS,0,TOP TURBO,2.5,Regulares,21939.68
1865850,AMBIPAR RESPONSE DRACARES APOIO MAR,0,TOP TURBO,1.0,Ocasionais,1058.24
1865678,A.F COMERCIAL PACAEMBU LTDA,0,Outras,3.5,Regulares,24951.11
1865345,VIA NORTE LTDA,0,Outras,1.0,Ocasionais,5057.83
1865254,AMBIPAR RESPONSE DRACARES APOIO MAR,0,TOP TURBO,1.0,Ocasionais,1333.21
11478,CONSTRUTORA MARINS LTDA,0,TOP TURBO,1.0,Ocasionais,4639.76
11297,WHITE MARTINS GASES INDUSTRIAIS DO,0,AV,1.0,Ocasionais,6690.55
11291,SERVEL ENGENHARIA - SERVICOS E COME,0,AV,1.0,Ocasionais,38386.69
1593403,COMBIO ENERGIA S.A.,0,Outras,1.625,Regulares,14658.78
11969,TRANSPORTADORA BARRENSE LTDA,0,TOP TURBO PRO,1.75,Regulares,17166.16
11967,VIACAO BARRA DO PIRAI TURISMO LTDA,0,TOP TURBO,1.0,Ocasionais,2236.58
11924,PETROVERA DERIVADOS DE PETROLEO LTD,0,Outras,2.25,Regulares,47222.57
11903,EDP ESPIRITO SANTO DISTRIBUICAO DE,0,AV,1.0,Ocasionais,87258.22
1593156,ANA ROCHELLE SOUSA ROCHA LTDA,0,Outras,1.5,Ocasionais,1608.49
1598014,D.C.B TRANSPORTES E MATERIAL DE CON,0,TOP TURBO,2.0,Regulares,1807.7
11805,VIACAO JOANA D'ARC S/A,0,Outras,1.7727272727272727,Regulares,121001.1
11799,VIACAO AGUIA BRANCA S A,0,TOP TURBO,1.5,Ocasionais,9116.04
11794,VIACAO AGUIA BRANCA S A,0,TOP TURBO PRO,1.0666666666666667,Ocasionais,252402.15
11793,VIACAO AGUIA BRANCA S A,0,Outras,1.2222222222222223,Ocasionais,35967.2
1597003,MAN ENERGY SOLUTIONS BRASIL EQUIPAM,0,Outras,1.0,Ocasionais,150453.25999999998
1596815,RESIDENCIAL JARDIM EUROPA TUCURUI L,0,TOP TURBO,2.0,Regulares,10425.04
1596240,TUPY MINAS GERAIS LTDA.,0,Outras,1.0,Ocasionais,2510.88
11516,RAPIDO FEDERAL VIACAO LIMITADA,0,Outras,1.0,Ocasionais,2074.39
11515,RAPIDO FEDERAL VIACAO LIMITADA,0,TOP TURBO PRO,1.0,Ocasionais,5590.360000000001
12142,ARLANXEO BRASIL S.A.,0,AV,1.3333333333333333,Ocasionais,100006.67
1596071,LUXOR USINA DE ASFALTO LTDA,0,Outras,1.2727272727272727,Ocasionais,53990.86
12105,VIACAO UNIAO LTDA,0,Outras,1.5,Ocasionais,9827.54
1863889,TERRAM ENGENHARIA DE INFRAESTRUTURA,0,TOP TURBO,3.0,Regulares,56324.8
1863720,MBC TRANSPORTES LTDA,0,TOP TURBO,2.5,Regulares,12234.38
1863708,ANTONIO MANOEL F. VERAS FILHO LTDA,0,TOP TURBO,1.0,Ocasionais,6904.26
1863514,SEALI FOOD INDUSTRIA E COMERCIO DE,0,Outras,1.3333333333333333,Ocasionais,3674.63
1863208,MINASFALTO INDUSTRIA E COMERCIO LTD,0,Outras,2.8333333333333335,Regulares,58687.91
1862682,SULBRAS TRANSPORTADORA LTDA,0,TOP TURBO,1.1428571428571428,Ocasionais,60079.05
1862497,F E ROCHA LTDA,0,GEAR,2.0,Regulares,6470.13
1862303,GEOTESTE - TESTES GEOTECNICOS LTDA.,0,HYDRA XP,2.0,Regulares,6383.76
1862148,ADAILTON SAWARIS,0,TOP TURBO,2.6666666666666665,Regulares,34032.07
1595998,COMANDO DIESEL TRANSPORTE E LOGISTI,0,HYDRA,1.3333333333333333,Ocasionais,24200.94
12059,FRIMORITE FRIGORIFICO LTDA,0,Outras,2.0,Regulares,4035.9
12034,CONSTRUSAN SERVICOS INDUSTRIAIS LTD,0,TOP TURBO,1.3333333333333333,Ocasionais,13183.86
11990,COLITUR TRANSPORTES RODOVIARIOS LTD,0,TRM 5,1.3,Ocasionais,38939.63
12488,EMPRESA SANTA TEREZINHA LTDA,0,TOP TURBO,1.44,Ocasionais,143789.38
12448,VIACAO ESTRELA S/A,0,TOP TURBO,1.0588235294117647,Ocasionais,37594.94
12362,FACIL TRANSPORTES E TURISMO LTDA,0,TOP TURBO PRO,1.0,Ocasionais,41480.01
12361,TRANSPORTES UNICA PETROPOLIS LTDA,0,TOP TURBO PRO,1.0,Ocasionais,43071.33
1595671,VOLUMAX LOGISTICA E TRANSPORTES LTD,0,TOP TURBO,1.3846153846153846,Ocasionais,64268.45
1595439,COMBIO ENERGIA S.A.,0,Outras,1.8888888888888888,Regulares,19951.71
1595239,A S CONSTRUCOES E LOCACOES LTDA,0,TOP TURBO,1.0,Ocasionais,2582.04
12296,ZILLI ARMAZENS GERAIS S.A.,0,Outras,2.3,Regulares,59860.09
12288,TRANSILVA TRANSPORTES E LOGISTICA L,0,HYDRA,1.0,Ocasionais,3540.15
1595228,PLUMATEX COLCHOES INDUSTRIAL LIMITA,0,TOP TURBO,1.2857142857142858,Ocasionais,50638.59
1594879,GRANTERRA TRANSPORTES E LOCACOES LT,0,TOP TURBO,2.0,Regulares,57561.27
1594693,VIACAO PIRACICABANA S.A.,0,GL 5,1.0,Ocasionais,8450.0
12208,AUTO VIACAO 1001 LTDA,0,TOP TURBO PRO,1.4230769230769231,Ocasionais,151201.97
12171,CAVALCANTI CIA LTDA,0,TOP TURBO,1.0,Ocasionais,2112.77
12170,VIACAO TREZE DE JUNHO LTDA,0,Outras,1.1818181818181819,Ocasionais,15732.65
12143,ARLANXEO BRASIL S.A.,0,GEAR,1.0,Ocasionais,30191.73
13490,NAVEGACAO NOBREGA LTDA,0,TOP TURBO,1.0,Ocasionais,46943.44
1594668,CIA METROPOLITANA DE TRANSPORTES PU,0,TOP TURBO,1.5454545454545454,Regulares,81471.77
1594662,COMBIO ENERGIA S.A.,0,HYDRA XP,1.7,Regulares,34243.3
12960,EMPRESA CARIOCA DE PRODUTOS QUIMICO,0,Outras,1.0,Ocasionais,26418.51
12593,BRASFRUT-FRUTOS DO BRASIL LTDA,0,Outras,1.0,Ocasionais,11169.34
1594658,J M OLIVEIRA SANTOS LOCACAO DE EQUI,0,TOP TURBO,2.1666666666666665,Regulares,27233.69
12540,VIACAO SALUTARIS E TURISMO SA,0,Outras,1.0,Ocasionais,8774.45
12538,VIACAO SALUTARIS E TURISMO SA,0,TOP TURBO PRO,1.0,Ocasionais,33161.46
12518,VIACAO PRIMEIRO DE MARCO LTDA,0,Outras,1.25,Ocasionais,12265.0
1861610,AGRO-PECUARIA FUGA LTDA,0,HYDRA XP,1.0,Ocasionais,1809.47
1861608,COSTA RICA ENERGETICA LTDA,0,HYDRA XP,1.0,Ocasionais,8032.05
1861581,GERADIESEL COMERCIO E ASSISTENCIA T,0,TOP TURBO,1.0,Ocasionais,3571.92
1860858,LATICINIOS PORTO ALEGRE INDUSTRIA E,0,Outras,1.0,Ocasionais,976.84
1860647,TERRAM ENGENHARIA DE INFRAESTRUTURA,0,TOP TURBO,2.0,Regulares,19752.73
1860639,UNISOL PNEUS LTDA,0,HYDRA XP,1.0,Ocasionais,49678.63
1860634,TERRAM ENGENHARIA DE INFRAESTRUTURA,0,TOP TURBO,2.0,Regulares,6806.41
1855786,AUTOPORT TRANSPORTES E LOGISTICA LT,0,Outras,1.0,Ocasionais,4404.86
1855351,COSAMPA CONSTRUCOES LTDA,0,TOP TURBO,2.0,Regulares,7640.45
14441,COMPANHIA BRASILEIRA DE TRENS URBAN,0,Outras,1.0,Ocasionais,21707.87
14411,CENTRO DE PESQUISAS DE ENERGIA ELET,0,Outras,2.0,Regulares,4290.6
1664292,LIQUID TRANS LTDA,0,TOP TURBO,3.0,Regulares,2159.31
14160,TRANSP - TRANSPORTES DE PETROLEO LT,0,TOP TURBO,1.0,Ocasionais,16953.04
13934,AGROP.NOVA ERA LTDA,0,Outras,2.0,Regulares,21991.42
13883,LOCAMAQUINAS LOCADORA DE MAQUINAS L,0,TOP TURBO,2.28,Regulares,113230.67
1664280,VIACAO ITAPETINGA LTDA.,0,TOP TURBO,1.5833333333333333,Regulares,38711.39
13552,CIA METROPOLITANA DE TRANSPORTES PU,0,TOP TURBO,4.0,Frequentes,11054.74
1859860,TRANSPORTES RODOWAY LTDA,0,TOP TURBO,3.5,Regulares,20325.7
1859671,CASA DA SEMENTE MM LTDA,0,TOP TURBO,1.6666666666666667,Regulares,13998.75
1858435,SAMUEL SANTOS DE OLIVEIRA TRANSPORT,0,HYDRA,1.0,Ocasionais,853.95
1858250,BONATA INDUSTRIA E COMERCIO DE LATI,0,HYDRA XP,1.0,Ocasionais,1934.71
1858234,PB TRACTOR LTDA,0,TOP TURBO,2.0,Regulares,3529.49
1858231,J N REPRESENTACOES E COMERCIO LTDA,0,Outras,2.0,Regulares,1593.98
14626,TRANSPORTADORA CONTATTO LTDA,0,TOP TURBO PRO,1.0,Ocasionais,5165.29
1602938,CAMPO AGROPECUARIA LTDA,0,TOP TURBO,1.75,Regulares,13647.31
14604,ANR TRANSPORTES RODOVIARIOS LTDA,0,TOP TURBO,1.5833333333333333,Regulares,87150.66
14597,UNIPEL INDUSTRIA E COMERCIO LTDA,0,Outras,2.4482758620689653,Regulares,123851.91
14589,HOMY INDUSTRIA E COMERCIO DE PRODUT,0,Outras,1.0,Ocasionais,10507.41
14517,ELETRONUCLEAR S.A.,0,AV,1.0,Ocasionais,222251.4
1857745,BSM SERVICOS TECNICOS DE ENGENHARIA,0,HYDRA XP,2.0,Regulares,26288.48
1857547,R M KLOCKNER CONSTRUTORA LTDA,0,Outras,2.5,Regulares,8979.53
1857392,INTERNAV NAVEGACAO LTDA.,0,HYDRA XP,3.0,Regulares,13588.72
1857385,UNA LOGÍSTICA LTDA,0,TOP TURBO,2.3333333333333335,Regulares,10016.48
1857052,JM TERRAPLANAGEM E CONSTRUCOES LTDA,0,TOP TURBO,1.0,Ocasionais,2205.84
1856848,TROIS CENTS CARTS SERVICOS LTDA,0,TOP TURBO,1.0,Ocasionais,4084.26
1856767,COPARROZ - COOPERATIVA AGROINDUSTRI,0,HYDRA XP,1.0,Ocasionais,10804.81
1856343,"LINEMAR MANUTENCAO, COMPRA, VENDA E",0,AV,1.0,Ocasionais,3694.37
1856313,INKPLAS INDUSTRIA DE UTENSILIOS DOM,0,HYDRA XP,1.0,Ocasionais,6010.0
1855997,BENEL TRANSPORTES E LOGISTICA LTDA,0,Outras,2.5,Regulares,12455.11
15642,HIPER TRANSPORTES LTDA,0,TOP TURBO PRO,1.375,Ocasionais,53179.56
15614,EXPRESSO AMARELINHO LTDA,0,TOP TURBO PRO,1.0,Ocasionais,5409.59
1602934,EXPRESSO PLANALTO TRANSPORTE E LOGI,0,TOP TURBO PRO,1.25,Ocasionais,10615.89
1602849,MEGAIPE EMPREENDIMENTOS AGRICOLAS S,0,Outras,1.0,Ocasionais,9267.29
15288,EDISONDA POCOS ARTESIANOS LTDA,0,HYDRA XP,2.1666666666666665,Regulares,32474.18
1602381,M DA V C M NETO SERVICOS DE LOCACAO,0,TOP TURBO,3.3333333333333335,Regulares,62486.28
15283,ROBERT BOSCH LIMITADA,0,Outras,1.0,Ocasionais,51987.4
15277,3M DO BRASIL LTDA,0,HYDRA XP,1.0,Ocasionais,7792.66
15116,SIDERURGICA SAO JOAQUIM SOCIEDADE A,0,AV,2.0,Regulares,8582.5
15013,EMPRESAS REUNIDAS PAULISTA DE TRANS,0,TOP TURBO PRO,1.0,Ocasionais,9599.77
1602285,PEROLA TRANSPORTES E SERVICOS S/A,0,HYDRA,3.3333333333333335,Regulares,13874.54
14799,LIEBHERR BRASIL LTDA.,0,Outras,1.0,Ocasionais,8884.21
1602104,IPE QUIMICA INDUSTRIA E COMERCIO E,0,TOP TURBO,1.5,Ocasionais,8773.06
14780,EMPRESA CRUZ DE TRANSPORTES LTDA,0,Outras,1.0,Ocasionais,7031.15
14758,JUMBO TURISMO LTDA,0,TOP TURBO,1.3333333333333333,Ocasionais,44963.33
14647,JANDAIA TRANSPORTES E TURISMO LIMIT,0,TOP TURBO,2.0,Regulares,112408.29
16105,IC TRANSPORTES LTDA.,0,Outras,1.5333333333333334,Regulares,35006.4
1602101,FAZENDAO INDUSTRIA E COMERCIO DE PR,0,TOP TURBO,2.0,Regulares,73059.95
15935,BB TRANSPORTE E TURISMO LIMITADA,0,TOP TURBO,1.4736842105263157,Ocasionais,153520.85
15820,GATTI TRANSPORTADORA TURISTICA LIMI,0,TOP TURBO,1.0,Ocasionais,11691.1
1855301,CNA S.A.,0,TOP TURBO,2.6666666666666665,Regulares,30971.17
1855232,FARO CAPITAL COMERCIAL AGRICOLA LTD,0,Outras,3.6666666666666665,Frequentes,19769.78
1854895,FERNANDO PIRES TEODORO NEVES,0,TOP TURBO,3.0,Regulares,32478.1
1854681,OURO SAFRA S/A,0,HYDRA XP,1.0,Ocasionais,9167.36
1854542,SETEP CONSTRUCOES S.A,0,Outras,1.0,Ocasionais,3652.27
1854341,CONSORCIO CONSTRUTOR SAO FRANCISCO,0,HYDRA XP,1.5,Ocasionais,22040.73
1854340,CAJABRITA MINERADORA LTDA,0,GEAR,1.0,Ocasionais,4461.85
1853932,YNOVA FERRAGENS LTDA,0,TOP TURBO,1.0,Ocasionais,2404.34
1853795,NG LOGISTICA EM COMERCIO EXTERIOR L,0,HYDRA XP,4.0,Frequentes,8844.81
1853618,PROQUIGEL QUIMICA S/A,0,Outras,1.0,Ocasionais,7899.049999999999
1853534,COAMO AGROINDUSTRIAL COOPERATIVA,0,GEAR,1.0,Ocasionais,2643.13
15765,TERRACOM CONSTRUCOES LTDA,0,Outras,1.0,Ocasionais,2081.55
16436,VIACAO SANTA CRUZ LTDA.,0,TOP TURBO,1.3333333333333333,Ocasionais,39658.81
16388,JSL S.A.,0,Outras,1.0,Ocasionais,6721.6
1853411,HANATTEC - COMERCIO DE TECNOLOGIA A,0,TOP TURBO,3.5,Regulares,9265.33
1853247,K-MAC LOCACOES S.A.,0,TOP TURBO,1.0,Ocasionais,3437.14
1853246,BRASMILA SERVIÇOS LTDA,0,HYDRA XP,3.0,Regulares,2683.21
1853245,CONSORCIO MELGACO,0,HYDRA XP,1.0,Ocasionais,2035.22
1853244,"ARMAC LOCACAO, LOGISTICA E SERVICOS",0,TOP TURBO PRO,1.0,Ocasionais,5142.4
1853242,LUQUE & FILHO COMERCIO DE MATERIAIS,0,HYDRA,2.0,Regulares,907.85
1853241,C R CONCRETO USINADO LTDA,0,HYDRA,2.0,Regulares,4991.24
1853239,EMPRESA BRASILEIRA DE SERVICOS E PE,0,Outras,1.0,Ocasionais,1348.4
1853237,EXTRAMINER COMERCIO E INDUSTRIA DE,0,GEAR,1.0,Ocasionais,6026.99
1853148,M. DA SILVA DELLA MONICA - SUCATAS,0,TOP TURBO,1.0,Ocasionais,961.74
1853137,EXE MINERAL - ENGENHARIA E MINERACA,0,GL 5,1.3333333333333333,Ocasionais,9958.61
1853125,J P M VEICULOS DIESEL LTDA,0,TOP TURBO,2.0,Regulares,18511.36
16175,BOMBRIL S/A,0,GEAR,1.1,Ocasionais,49681.32
16173,BOMBRIL S/A,0,HYDRA XP,1.1666666666666667,Ocasionais,28197.21
16780,FAM LOCACAO COMERCIO E TRANSPORTES,0,TRM 5,2.0,Regulares,5310.639999999999
16772,SIMISA SIMIONI METALURGICA LTDA EM,0,Outras,3.0,Regulares,8683.51
1601046,ALVOAR LACTEOS NORDESTE S/A,0,GL 5,2.0,Regulares,3424.4700000000003
1853117,CONCRELUZ CONCRETO LTDA,0,HYDRA,2.0,Regulares,31840.27
1853113,CONCRELUZ CONCRETO LTDA,0,HYDRA,2.25,Regulares,34667.11
1853005,FX MINAS CONSTRUCOES E EMPREENDIMEN,0,TOP TURBO,1.0,Ocasionais,4371.32
1853002,M.M. DISTRIBUIDORA DE BEBIDAS LTDA,0,TOP TURBO,1.5,Ocasionais,13808.6
1852991,TECNOPEDRAS MINERACAO LTDA,0,HYDRA,1.25,Ocasionais,12687.53
1852624,EPENG - EMPRESA PROJETOS DE ENGENHA,0,TOP TURBO,2.5,Regulares,15096.87
1852344,RJ BLOCOS INDUSTRIA E COMERCIO DE A,0,TOP TURBO,2.8333333333333335,Regulares,16955.43
1852329,ECO PRIMOS SOLUCOES AMBIENTAIS LTDA,0,TOP TURBO,1.0,Ocasionais,2189.66
1852323,MOINHO GERACAO E COMERCIO DE ENERGI,0,AV,1.0,Ocasionais,6473.7
1851596,TECNOSONDA S A,0,TOP TURBO,5.0,Frequentes,4434.83
1851477,FX MINAS CONSTRUCOES E EMPREENDIMEN,0,TOP TURBO,1.75,Regulares,29981.15
16524,CONSTRUTORA TRIPOLONI LTDA,0,TOP TURBO,1.5,Ocasionais,10353.29
1600691,ALPHA DRUCK IND.C. PROD.GRAFICOS EI,0,Outras,1.0,Ocasionais,4167.24
1600334,TERRA AUTO VIACAO TRANSPORTES LTDA,0,TOP TURBO,1.3333333333333333,Ocasionais,28905.57
17615,HITACHI ENERGY BRASIL LTDA.,0,Outras,1.5714285714285714,Regulares,85532.66
17613,HITACHI ENERGY BRASIL LTDA.,0,AV,1.0,Ocasionais,160239.72
17481,VERALLIA BRASIL S.A.,0,Outras,1.53125,Regulares,260652.41
1600099,FRANCISCO LEANDRO COUTO DA SILVA,0,Outras,1.5,Ocasionais,54772.31
17404,BRASILMINAS INDUSTRIA E COMERCIO LT,0,GEAR,1.4230769230769231,Ocasionais,174857.80000000002
17402,ZILMER INELTEC CONSTRUCOES ELETRICA,0,AV,1.0,Ocasionais,125565.6
17382,BETUNEL INDUSTRIA E COMERCIO S/A,0,Outras,1.0,Ocasionais,249365.59
17332,COCAM CIA DE CAFE SOLUVEL E DERIVAD,0,Outras,2.4,Regulares,42194.92
17300,PURILUB TRANSPORTE E PURIFICACAO LT,0,AV,1.0,Ocasionais,25393.53
1600083,EXPLOFORT - EXPLOSIVOS FORTALEZA LT,0,GEAR,4.0,Frequentes,18117.15
17213,ENGENHARIA E COMERCIO BANDEIRANTES,0,Outras,1.0909090909090908,Ocasionais,194362.89
17056,TRANSPORTES BORELLI LTDA,0,TOP TURBO,2.1,Regulares,66357.5
17022,SANTOS BRASIL LOGISTICA S.A.,0,Outras,1.1666666666666667,Ocasionais,29020.74
16965,VIACAO CURUCA LTDA,0,TOP TURBO,1.75,Regulares,38150.44
16848,EUCLIDES RENATO GARBUIO TRANSPORTES,0,TOP TURBO,1.5,Ocasionais,84508.31
17875,INDUSTRIAS BRASILEIRAS DE ARTIGOS R,0,HYDRA XP,1.4444444444444444,Ocasionais,148998.19
17806,GONCALVES SALLES S A INDUSTRIA E CO,0,TOP TURBO,1.4285714285714286,Ocasionais,46759.03
17665,EPCCO ENGENHARIA DE PROJETOS CONSUL,0,TOP TURBO,3.0,Regulares,59568.47
1598332,CONSORCIO MINA FABRICA,0,TOP TURBO,3.5,Regulares,36794.14
1851464,TERRAPLANAGEM PEREIRA E CUNHA LTDA,0,HYDRA,1.5,Ocasionais,12242.91
1851463,IPIRANGA MAQUINAS REDUTORAS E EQUIP,0,GEAR,1.3333333333333333,Ocasionais,10507.32
1851449,COSAMPA CONSTRUCOES LTDA,0,TOP TURBO,3.0,Regulares,7194.4400000000005
1850928,VDA LOGISTICA MARABA LTDA,0,GL 5,3.0,Regulares,14437.42
1850907,NOVA TRANSPORTADORA DO SUDESTE S/A,0,Outras,1.0,Ocasionais,67853.34
1850895,COOPERATIVA DOS ACOUGUEIROS DE UNAI,0,Outras,1.0,Ocasionais,7637.360000000001
1603820,YARA BRASIL FERTILIZANTES S/A,0,GEAR,1.0,Ocasionais,1825.78
1850604,SAO FRANCISCO DE AVARE EMPREENDIMEN,0,TOP TURBO,2.0,Regulares,10284.71
1850500,TRONCUS WOOD TRANSPORTES E REFLORES,0,TOP TURBO,2.375,Regulares,66426.0
1850418,EMBRAPAV - EMPRESA BRASILEIRA DE PA,0,Outras,3.0,Regulares,11269.46
1850248,VALLE SUL SERVICOS E MINERACAO LTDA,0,Outras,1.0,Ocasionais,894.72
1850224,M1 TRANSPORTES LTDA,0,TOP TURBO,1.0,Ocasionais,14168.05
18941,CIDADE VERDE TRANSPORTE RODOVIARIO,0,TRM 5,1.0,Ocasionais,8012.790000000001
18814,GESSO TREVO LTDA,0,HYDRA XP,2.75,Regulares,10685.58
1603471,FERTZ FERTILIZANTES S/A,0,HYDRA,2.0,Regulares,2011.46
18592,NOSSA SENHORA DA GUIA-EXPORTADORA D,0,TOP TURBO,1.8333333333333333,Regulares,23213.18
18353,C.S.V. FRETAMENTO E SERVICOS LTDA,0,Outras,2.0,Regulares,2508.19
18310,DECIO TRANSPORTADORA RETALHISTA DE,0,Outras,1.0,Ocasionais,1518.11
1603360,CONTEK ENGENHARIA S/A,0,TOP TURBO,2.0,Regulares,11904.02
1603187,MS BRASIL COMERCIO E SERVICOS - LTD,0,TOP TURBO,1.5,Ocasionais,15006.89
18114,DBC TAXI LTDA,0,Outras,1.0,Ocasionais,24722.66
18095,OXITENO S A INDUSTRIA E COMERCIO,0,HYDRA XP,1.1428571428571428,Ocasionais,4821.6
18016,TURISMO PAVAO LIMITADA,0,TOP TURBO,1.0,Ocasionais,32177.7
1603185,COMERCIAL FERRONORTE LTDA,0,TOP TURBO,1.0,Ocasionais,2756.91
17912,NUNES TRANSPORTES LTDA,0,TOP TURBO,1.5,Ocasionais,5169.66
1603184,TOTAL FRIO REFRIGERACAO E AR CONDIC,0,Outras,1.6,Regulares,14821.63
17892,UNIPAR INDUPA DO BRASIL S.A.,0,Outras,1.0,Ocasionais,71567.43
1603183,EMPRESA DE ONIBUS NOSSA SENHORA DA,0,TRM 5,1.5,Ocasionais,7381.370000000001
19913,EXPRESSO NOSSA SENHORA DA PENHA LTD,0,TRM 5,1.0,Ocasionais,7207.82
19726,DE AMORIM CONSTRUTORA DE OBRAS LTDA,0,Outras,2.2,Regulares,41455.130000000005
19722,VIACAO TAMANDARE LTDA,0,TOP TURBO,1.125,Ocasionais,26819.33
19670,VIACAO ROCIO LTDA,0,Outras,1.0625,Ocasionais,36309.47
19580,INCEPA REVESTIMENTOS CERAMICOS LTDA,0,GEAR,1.6842105263157894,Regulares,80777.18
19579,INCEPA REVESTIMENTOS CERAMICOS LTDA,0,GEAR,1.4210526315789473,Ocasionais,92952.43
19568,SAFRA DIESEL LTDA,0,TOP TURBO,1.0,Ocasionais,9376.29
1603179,RODOCON CONSTRUCOES RODOVIARIAS LTD,0,GEAR,1.8571428571428572,Regulares,40308.29
19401,EMPRESA DE ONIBUS CAMPO LARGO LTDA,0,TOP TURBO,1.4285714285714286,Ocasionais,36280.71
19326,VIACAO CAPITAL DO OESTE LTDA,0,Outras,1.0,Ocasionais,28491.13
19278,AUTO VIACAO ANTONINA LIMITADA,0,TOP TURBO,1.1111111111111112,Ocasionais,28433.76
19109,LH INDUSTRIA E COMERCIO DE ESCOVAS,0,Outras,1.0,Ocasionais,32965.39
18975,EXPRESSO REDENCAO TRANSPORTES E TUR,0,TOP TURBO PRO,2.0,Regulares,13107.69
18973,EXPRESSO REDENCAO TRANSPORTES E TUR,0,TOP TURBO PRO,1.9230769230769231,Regulares,108386.21
18943,ITAIQUARA ALIMENTOS S.A. EM RECUPER,0,Outras,2.0,Regulares,27516.59
18942,MICROMAZZA INDUSTRIA DE VALVULAS LT,0,AV,1.0,Ocasionais,2101.03
20172,EMPRESA PRINCESA DO NORTE S.A.,0,Outras,1.0,Ocasionais,2037.28
20072,FILTROIL TRATAMENTO DE RESIDUOS IND,0,HYDRA XP,1.0,Ocasionais,729.81
1602939,VIACAO ITAPETINGA LTDA.,0,TOP TURBO PRO,1.6666666666666667,Regulares,21583.87
20010,MAINTENANCE SERVICE ENGENHARIA DE M,0,AV,1.2,Ocasionais,94297.18
19923,TRANSPORTE COLETIVO CIDADE CANCAO L,0,TRM 5,1.3333333333333333,Ocasionais,23700.47
19921,COCAMAR COOPERATIVA AGROINDUSTRIAL,0,GEAR,1.2777777777777777,Ocasionais,146825.17
19918,EXPRESSO NOSSA SENHORA DA PENHA LTD,0,Outras,1.0,Ocasionais,1925.76
1850073,NEURITUR TRANSPORTES LTDA,0,TOP TURBO PRO,1.3333333333333333,Ocasionais,22137.6
1850069,CALHEIROS E VELASQUEZ LTDA,0,TOP TURBO,1.6,Regulares,19531.7
1850066,MR PARNAIBA LOTEAMENTO E EMPREENDIM,0,TOP TURBO,1.5,Ocasionais,28619.13
1850061,BRAGO FLORESTAL LTDA,0,Outras,2.0,Regulares,3543.08
1849777,UTM JABOATAO DOS GUARARAPES LTDA,0,HYDRA XP,2.0,Regulares,16380.34
1849596,TUCANO SERVICOS DE APOIO A OLEO E G,0,TOP TURBO,2.25,Regulares,20025.75
1849310,JANE APARECIDA LETKI RUDNICKLTDA,0,TOP TURBO,2.5,Regulares,22743.71
1849304,"ARMAC LOCACAO, LOGISTICA E SERVICOS",0,HYDRA,1.5,Ocasionais,20566.26
1669573,EXPRESSO PLANALTO TRANSPORTE E LOGI,0,Outras,1.631578947368421,Regulares,76511.48999999999
21184,EXPRESSO SB TRANSPORTES E TURISMO L,0,TOP TURBO,1.88,Regulares,105798.51
20843,ELIANE REVESTIMENTOS CERAMICOS LTDA,0,AV,1.2857142857142858,Ocasionais,66420.79000000001
20842,ELIANE S/A REVESTIMENTOS CERAMICOS,0,GEAR,1.2,Ocasionais,11231.36
20841,ELIANE REVESTIMENTOS CERAMICOS LTDA,0,AV,1.0,Ocasionais,24916.23
1669207,BR MARINAS JL BRACUHY S.A.,0,TOP TURBO,1.375,Ocasionais,35368.74
20709,GIDION TRANSPORTE E TURISMO LTDA,0,Outras,1.45,Ocasionais,107593.65
1669055,VIACAO PIRACICABANA S.A.,0,TOP TURBO,1.25,Ocasionais,6503.9
20701,DOHLER S.A.,0,AV,1.0,Ocasionais,3878.99
20611,NS IMPORTACAO E COMERCIO LTDA,0,HYDRA XP,1.0,Ocasionais,48774.76
20563,LARROYD TRANSFORMADORES ELETRICOS L,0,AV,1.0,Ocasionais,46927.33
1668950,NNT LOGISTICA E TRANSPORTES LTDA,0,TOP TURBO,1.0,Ocasionais,5193.87
20558,COMPANHIA REFINADORA DA AMAZONIA,0,Outras,1.1818181818181819,Ocasionais,4112.18
1665361,P M SOUSA FREITAS TRANSPORTE LTDA,0,TOP TURBO,2.125,Regulares,45575.3
20238,QUIMILAUS INDUSTRIA E COMERCIO DE P,0,Outras,1.0,Ocasionais,2162.89
20188,AUTO VIACAO SAO JOSE DOS PINHAIS LT,0,GL 5,1.25,Ocasionais,116814.94
20173,EMPRESA PRINCESA DO NORTE S.A.,0,Outras,1.0,Ocasionais,2037.28
1664296,TRANSPORTES CALIMAN LTDA,0,TOP TURBO,1.5217391304347827,Regulares,143167.26
21501,COMPANHIA DE DESENVOLVIMENTO DE PAS,0,HYDRA XP,1.7,Regulares,55952.89
1849292,MINERADORA CONCRELUZ INOCENCIA LTDA,0,Outras,2.3333333333333335,Regulares,31007.87
1849291,BR TRACTOR LOCACAO DE MAQUINAS PECA,0,TOP TURBO,1.4,Ocasionais,65680.87
1849186,CDL MAGARIO LTDA,0,TOP TURBO,1.0,Ocasionais,7213.04
1849181,TERRA MOGI TERRAPLENAGEM E PAVIMENT,0,HYDRA,2.0,Regulares,1962.11
1849168,CONCEBRA - CONCESSIONARIA DAS RODOV,0,Outras,1.0,Ocasionais,2473.68
1849085,GELO CRISTAL FABRICACAO E COMERCIO,0,Outras,1.0,Ocasionais,5496.06
1849069,M.AXE'S INDUSTRIA E TRANSFORMACAO D,0,HYDRA XP,1.3333333333333333,Ocasionais,12974.21
1849068,JUST CONSTRUTORA LTDA,0,Outras,2.75,Regulares,13065.26
1848974,MINOR - MINERACAO DO NORDESTE LTDA,0,GEAR,2.2222222222222223,Regulares,75168.33
1848970,TECNOSONDA S A,0,HYDRA XP,2.0,Regulares,33321.0
1848796,FORGE BRASIL ESTRUTURAS PARA EVENTO,0,Outras,1.5,Ocasionais,1442.52
21278,OLEOPLAN S.A. OLEOS VEGETAIS PLANAL,0,TRM 5,1.5294117647058822,Regulares,94614.35
1606144,ASSOCIACAO DO CONSELHO DE BUGGY TUR,0,Outras,2.5833333333333335,Regulares,48925.48
21192,TRANSLIQUIDOS LTDA,0,TOP TURBO,2.8333333333333335,Regulares,107568.35
22904,MARINA VEROLME S/A,0,HYDRA,1.68,Regulares,100359.37
22846,RECOFARMA INDUSTRIA DO AMAZONAS LTD,0,Outras,1.0,Ocasionais,13536.21
22838,LMC TRANSPORTES ESPECIAIS LTDA,0,TOP TURBO,1.0,Ocasionais,39513.8
22806,OZIEL MUSTAFA DOS SANTOS & CIA LTDA,0,TOP TURBO,1.5,Ocasionais,100581.18
22774,NOVO HORIZONTE TRANSPORTES LTDA,0,Outras,1.0,Ocasionais,5900.75
22747,COMPANHIA DE NAVEGACAO DA AMAZONIA,0,Outras,2.3333333333333335,Regulares,65381.27
22719,EMAM - EMULSOES E TRANSPORTES LTDA,0,Outras,1.0,Ocasionais,89182.34
22706,TERMOTECNICA DA AMAZONIA LTDA,0,HYDRA XP,1.1,Ocasionais,41737.84
22653,COLORTECH DA AMAZONIA LTDA,0,AV,1.0,Ocasionais,4656.73
22306,CENTRAL SA TRANSPORTES RODOVIARIOS,0,TOP TURBO,1.5,Ocasionais,61107.79
22145,COOP REGIONAL SANANDUVA DE CARNES E,0,Outras,1.0,Ocasionais,84539.47
22143,CONSTRUBRAS CONSTRUTORA LTDA,0,HYDRA,2.0,Regulares,13764.23
22042,MARJEL COMERCIAL ELETRICA LTDA.,0,AV,1.368421052631579,Ocasionais,79897.65
21658,AGROPECUARIA SCHIO S.A.,0,Outras,1.1428571428571428,Ocasionais,26721.85
21629,TANAC SA,0,HYDRA,1.8,Regulares,102795.49
21628,TANAC SA,0,HYDRA,1.25,Ocasionais,109252.59
29904,CONSTRUTORA METROPOLITANA S A,0,HYDRA XP,1.0,Ocasionais,3607.24
29575,CONSTRUTORA MARINS LTDA,0,Outras,1.0,Ocasionais,2169.2
29541,EMBRAURB EMPRESA BRASILEIRA DE URBA,0,Outras,1.0,Ocasionais,26655.32
1606138,DISTRIBUIDORA VITORIA COMERCIO E RE,0,TOP TURBO,1.0,Ocasionais,4313.84
1848709,BVLOG TRANSPORTES LTDA,0,TOP TURBO,1.0,Ocasionais,16524.89
1848706,RICARDO BUZATTO LTDA,0,Outras,1.0,Ocasionais,1718.45
1848519,GUINCHOS ORIMOM LTDA,0,TOP TURBO,2.0,Regulares,8392.529999999999
1848242,DESA MORRO DOS VENTOS I LTDA.,0,AV,1.0,Ocasionais,20739.65
1848240,COSAMPA CONSTRUCOES LTDA,0,Outras,2.75,Regulares,22800.16
1848018,GUAIBE ENGENHARIA LTDA,0,Outras,1.5,Ocasionais,2798.97
1847932,WTC LOCACAO DE EQUIPAMENTOS DE TRAN,0,HYDRA XP,2.25,Regulares,23029.97
1847632,ADRIELLY TRANSPORTES LTDA,0,TOP TURBO,1.6666666666666667,Regulares,36756.05
1847544,"ARMAC LOCACAO, LOGISTICA E SERVICOS",0,TOP TURBO,2.0,Regulares,3898.18
1847293,PHOENIX GERACAO DE ENERGIA S.A.,0,Outras,1.0,Ocasionais,9855.43
1606128,COMBIO ENERGIA S.A.,0,HYDRA XP,1.7916666666666667,Regulares,82020.95
1606118,COMBIO ENERGIA S.A.,0,HYDRA XP,2.6666666666666665,Regulares,106008.12
32613,COMPANHIA HIDRO ELETRICA DO SAO FRA,0,Outras,1.8571428571428572,Regulares,155502.4
32234,DISTRIBUIDORA BRASILEIRA DE ASFALTO,0,Outras,1.0,Ocasionais,15490.24
1606006,MAUARI INDUSTRIA DE COMPONENTES PLA,0,HYDRA,2.25,Regulares,15808.88
32187,TOGNI S/A MATERIAIS REFRATARIOS,0,HYDRA XP,1.0,Ocasionais,5226.44
32172,FURNAS-CENTRAIS ELETRICAS S.A.,0,Outras,1.0,Ocasionais,903.12
32041,RODOPASS TRANSPORTE COLETIVO DE PAS,0,TOP TURBO,1.3529411764705883,Ocasionais,114570.25
32028,TRANCID-TRANSPORTE COLETIVO CIDADE,0,Outras,1.5925925925925926,Regulares,146956.46
32003,COMPANHIA SETELAGOANA DE SIDERURGIA,0,TOP TURBO,1.3333333333333333,Ocasionais,35677.57
1605967,BRAVO SERVICOS LOGISTICOS LTDA,0,GL 5,1.0,Ocasionais,2161.26
31676,TERRA OESTE TERRAPLENAGEM ESCAVACOE,0,HYDRA XP,1.5,Ocasionais,1365.14
31633,EDP SAO PAULO DISTRIBUICAO DE ENERG,0,AV,1.0,Ocasionais,67673.73
31622,RECOMP COMPRESSORES & REFRIGERACAO,0,Outras,1.0666666666666667,Ocasionais,40050.1
31554,TRANSDOURADA NAVEGACAO LTDA.,0,TOP TURBO,1.8,Regulares,25131.76
31454,COMANDO DA MARINHA,0,TOP TURBO,2.6666666666666665,Regulares,78268.29000000001
31374,RIO DE JANEIRO REFRESCOS LTDA,0,TOP TURBO,1.5,Ocasionais,113837.67
1605958,VIX LOGISTICA S/A,0,Outras,1.6363636363636365,Regulares,94196.75
32616,COMPANHIA HIDRO ELETRICA DO SAO FRA,0,Outras,1.0,Ocasionais,10718.37
1847290,FARO CAPITAL COMERCIAL AGRICOLA LTD,0,Outras,2.6666666666666665,Regulares,19947.21
1847123,GUILHERME MILAZZO GUIMARAES,0,HYDRA,4.0,Frequentes,6485.39
1847113,RODOBOLL TRANSPORTES LTDA,0,TOP TURBO,1.5,Ocasionais,13312.57
1847105,CFM - TERRAPLENAGEM E ENGENHARIA LT,0,TOP TURBO,1.7777777777777777,Regulares,68351.78
1847102,TERRA MINAS TERRAPLENAGEM E TRANSPO,0,GL 5,2.0,Regulares,17823.14
1847098,OURO SAFRA S/A,0,HYDRA XP,1.0,Ocasionais,5250.72
1847075,CEREALISTA SANTO EXPEDITO LTDA,0,TOP TURBO,1.7,Regulares,144036.19
1847071,FRIGOVITTA INDUSTRIA E COMERCIO DE,0,TOP TURBO,1.0,Ocasionais,1041.43
1847068,LOCASUL LOCACAO DE EQUIPAMENTOS LTD,0,GEAR,1.1428571428571428,Ocasionais,27816.74
1846998,MANFRIM INDUSTRIAL E COMERCIAL LTDA,0,HYDRA,1.0,Ocasionais,2114.36
1846795,CBAA- ASFALTOS LTDA,0,Outras,1.0,Ocasionais,7243.2
1846775,PARATY ATACADO E DISTRIBUIDORA LTDA,0,TOP TURBO,1.0,Ocasionais,6391.28
1846755,JJP COMERCIO DE GELO LTDA,0,Outras,1.0,Ocasionais,9465.17
72554,COOPERATIVA DOS TRANSPORTADORES DE,0,GL 5,1.3333333333333333,Ocasionais,18437.54
32614,COMPANHIA HIDRO ELETRICA DO SAO FRA,0,Outras,1.2,Ocasionais,74381.33
37914,TRANSZERO TRANSPORTADORA DE VEICULO,0,TOP TURBO,1.4,Ocasionais,22865.24
37897,EUCLIDES RENATO GARBUIO TRANSPORTES,0,TOP TURBO,1.6666666666666667,Regulares,56657.9
37485,SADA TRANSPORTES E ARMAZENAGENS LTD,0,HYDRA,1.2,Ocasionais,41775.86
1605952,VILASA CONSTRUTORA S/A.,0,TOP TURBO,3.0,Regulares,13009.8
1605448,OESTE TRUCK MECANICA PESADA DIESEL,0,TOP TURBO,2.0869565217391304,Regulares,85923.76
37106,CORDIOLLI TRANSPORTES LTDA,0,Outras,1.3,Ocasionais,136564.30000000002
37080,PELICANO CONSTRUCOES S.A.,0,Outras,1.75,Regulares,55839.21
37067,CERAMICA FORTES LTDA,0,GEAR,4.0,Frequentes,13756.18
37037,RODOFAIXA TRANSPORTES LTDA,0,TOP TURBO,1.0,Ocasionais,10824.13
1605180,TOTAL FRIO REFRIGERACAO E AR CONDIC,0,Outras,1.75,Regulares,9197.8
33314,RIMA AGROFLORESTAL LTDA,0,TOP TURBO,1.1428571428571428,Ocasionais,5200.75
1604494,CONSORCIO PRICE LIST,0,TOP TURBO,1.4166666666666667,Ocasionais,72203.21
1604479,COOCANORPI - COOPERATIVA DOS CAMINH,0,TOP TURBO,1.0,Ocasionais,3287.42
1604229,TRANSPORTE COLETIVO DE ROLANDIA LTD,0,TOP TURBO,1.0,Ocasionais,10497.8
32965,TRES CORACOES ALIMENTOS S.A.,0,HYDRA XP,1.0,Ocasionais,5493.34
1604099,RIMA INDL.S/A,0,HYDRA XP,1.4285714285714286,Ocasionais,39243.66
1603821,TRANSPORTADORA GAUCHINHO LTDA,0,TOP TURBO,1.75,Regulares,13570.79
1846662,OTIMA TRANSPORTES DE SALVADOR SPE S,0,TOP TURBO,2.3636363636363638,Regulares,162054.61
1846657,JOSE ROBERTO RODRIGUES MASCARENHAS,0,Outras,1.5,Ocasionais,21362.23
1846564,OTIMA TRANSPORTES DE SALVADOR SPE S,0,TOP TURBO,2.2857142857142856,Regulares,62901.66
1846561,BRITAGEM PRIMAVERA LTDA,0,HYDRA XP,1.0,Ocasionais,11311.31
1846551,GE ENERGIAS RENOVAVEIS LTDA.,0,HYDRA XP,1.0,Ocasionais,29663.51
1846550,JEFERSON ALBERTO NUNES LTDA,0,GEAR,2.0,Regulares,2285.44
1846519,TRANSFORMADORES E SERVICOS DE ENERG,0,Outras,1.0,Ocasionais,852.9
1846494,BASE EMPREENDIMENTOS IMOBILIARIOS L,0,Outras,1.0,Ocasionais,2891.1
1846489,ANTONIO AMERICO E OUTRA,0,TOP TURBO,1.0,Ocasionais,2404.34
1846480,LUIS CARLOS CUNHA E OUTRO,0,TOP TURBO,4.5,Frequentes,8766.11
1846479,INDIANAPOLIS TRANSPORTES LTDA,0,TOP TURBO,4.0,Frequentes,34401.53
38952,BRASFRIGO S/A,0,Outras,1.1363636363636365,Ocasionais,100717.04
38784,RALIP TRANSPORTES RODOVIARIOS LTDA.,0,TOP TURBO,1.8666666666666667,Regulares,133461.21
38579,JOSE R DIOGO CIA LTDA,0,TOP TURBO,1.0476190476190477,Ocasionais,53276.52
1607393,DANBEL TRANSPORTES LTDA,0,TOP TURBO,1.588235294117647,Regulares,74394.87
40793,JSL S/A.,0,Outras,1.0909090909090908,Ocasionais,70688.38
40662,JM TERRAPLANAGEM E CONSTRUCOES LTDA,0,GL 5,2.0,Regulares,4349.120000000001
40612,CIA ELETROQUIMICA JARAGUA,0,AV,1.0,Ocasionais,7110.58
40593,REAL DISTRIBUIDORA E LOGISTICA LTDA,0,HYDRA,1.0,Ocasionais,3891.45
1607238,COMBIO ENERGIA S.A.,0,Outras,3.0,Regulares,3674.69
40381,MILDO ALVES ADMINISTRACAO COMERCIO,0,TOP TURBO,1.0,Ocasionais,476.24
40274,CENTRAIS ELETRICAS DO NORTE DO BRAS,0,Outras,1.0,Ocasionais,2450.07
39752,OXITENO S A INDUSTRIA E COMERCIO,0,Outras,1.25,Ocasionais,40161.52
39618,ASSOCIACAO DAS PIONEIRAS SOCIAIS,0,HYDRA,1.0,Ocasionais,654.22
39556,SLIM LOG SERVICOS LOGISTICOS LTDA,0,TOP TURBO,1.0,Ocasionais,1139.15
39476,SERVPAV IND. DE MATS. P/ PAVIMENTOS,0,Outras,1.0,Ocasionais,28840.63
39463,ENGIE BRASIL ENERGIA S.A.,0,AV,1.0,Ocasionais,30504.34
39451,ASFALTOS NORDESTE LTDA,0,Outras,1.3333333333333333,Ocasionais,13472.93
39064,TRANSPORTES RODOVIARIOS VALE DO PIQ,0,TOP TURBO PRO,1.25,Ocasionais,29815.73
1607215,USINA CENTRAL MATA SUL IND.C.AC.ALC,0,Outras,1.7142857142857142,Regulares,50673.55
1607045,CIPLAN CIMENTO PLANALTO SA,0,TOP TURBO,2.2,Regulares,81717.74
1845762,MINERACAO SANTA EDWIGES EXTRACAO E,0,TOP TURBO,1.0,Ocasionais,6073.14
41487,ALMEIDA CONSTRUCOES E INCORPORACOES,0,HYDRA XP,2.2,Regulares,85223.41
41462,POLAR TRANSPORTES RODOVIARIOS LTDA,0,TOP TURBO,2.0,Regulares,123201.09
41455,ITT ITATIBA TRANSPORTES LTDA,0,Outras,1.4,Ocasionais,27938.01
41444,TCI TRANSPORTE COLETIVO DE ITATIBA,0,GL 5,1.5833333333333333,Regulares,52540.53
1607044,FLAPA - ENGENHARIA E MINERACAO LTDA,0,GL 5,2.0,Regulares,6293.26
41393,PENHA PAPEIS E EMBALAGENS LTDA,0,Outras,1.16,Ocasionais,252221.32
41179,RADIAL TRANSPORTE COLETIVO LTDA,0,TOP TURBO,1.0,Ocasionais,19898.59
41142,MASTERBOI LTDA.,0,Outras,1.25,Ocasionais,45124.17
1606840,SERRA GRANDE EMPREENDIMENTOS IMOBIL,0,TOP TURBO,1.3333333333333333,Ocasionais,17868.02
41028,TAC TRANSP. ARMAZ. E LOGISTICA LTDA,0,Outras,1.0,Ocasionais,27081.08
40852,GRUPO SAO GABRIEL,0,Outras,2.0,Regulares,44785.76
40849,LUFT LOGISTICS LTDA,0,Outras,1.9285714285714286,Regulares,81238.99
40846,MULTILIXO REMOCOES DE LIXO LTDA,0,Outras,2.25,Regulares,82435.47
40831,TRANSPORTADORA NOVA STA ROSA LTDA,0,GL 5,1.5,Ocasionais,34319.18
1663902,SUPERMIX CONCRETO S/A,0,Outras,1.0,Ocasionais,2402.63
41956,TRANSCARDOSO LTDA,0,TOP TURBO,1.6666666666666667,Regulares,23432.49
41855,CHIBATAO NAVEGACAO E COMERCIO LTDA,0,Outras,2.0,Regulares,168969.61000000002
1663901,GAFOR S.A,0,Outras,1.5,Ocasionais,12810.72
41617,"SINALTA PROPISTA SINALIZACAO, SEGUR",0,Outras,3.5,Regulares,27229.85
41570,EMPRESA DE TRANSPORTES TURISMO CARA,0,GL 5,1.375,Ocasionais,31369.94
1663896,CAPIVARA DE MINAS PARTICIPAÇÕES,0,TOP TURBO,3.0,Regulares,5172.36
1846468,ESX TRANSPORTE E TURISMO LTDA,0,TOP TURBO,2.0,Regulares,15783.4
1846282,TOME EQUIPAMENTOS E TRANSPORTES LTD,0,HYDRA XP,5.0,Frequentes,4665.87
1846190,CASSOL PRE-FABRICADOS LTDA,0,TOP TURBO,2.5,Regulares,41729.61
1846004,OURO SAFRA S/A,0,HYDRA XP,1.0,Ocasionais,963.04
1845999,OURO SAFRA S/A,0,HYDRA XP,1.0,Ocasionais,937.77
1845879,BRAGO SERVICOS LTDA,0,Outras,4.0,Frequentes,6054.61
1845780,VIX TRANSPORTES DEDICADOS LTDA,0,Outras,1.0,Ocasionais,4411.18
1845778,LUMATER TERRAPLENAGEM E TRANSPORTE,0,HYDRA XP,2.0,Regulares,13785.43
1845768,BRAGO FLORESTAL LTDA,0,Outras,2.5555555555555554,Regulares,75006.41
1845764,"ARMAC LOCACAO, LOGISTICA E SERVICOS",0,TOP TURBO,3.25,Regulares,36620.34
43188,CINPAL COMPANHIA INDUSTRIAL DE PECA,0,HYDRA XP,1.0,Ocasionais,1968.91
43053,BEMIL - BENEFICIAMENTO DE MINERIOS,0,HYDRA,1.0,Ocasionais,1970.5
43005,ANDRITZ HYDRO LTDA.,0,Outras,1.0,Ocasionais,177949.44
42691,SUPERMERCADO SUPERPAO S/A,0,TOP TURBO,1.0,Ocasionais,22092.73
1845747,TRANSDIANA EMPRESA DE TRANSPORTES L,0,TOP TURBO,1.0,Ocasionais,6719.06
1845745,REWAN COLETA DE RESIDUOS LTDA,0,Outras,2.5714285714285716,Regulares,18346.18
1845722,NOTARO ALIMENTOS LTDA,0,GL 5,3.0,Regulares,871.01
1845564,PLANAR EQUIPAMENTOS E LOGISTICA LTD,0,HYDRA,2.5,Regulares,36923.24
1845421,"UNIMETAL SAO VICENTE INDUSTRIA, COM",0,TOP TURBO,1.25,Ocasionais,1283.47
1845413,"ARMAC LOCACAO, LOGISTICA E SERVICOS",0,TOP TURBO,3.0,Regulares,3478.69
1845153,LE MIX PREPARACAO DE MASSA DE CONCR,0,TOP TURBO,1.0,Ocasionais,5175.42
1845115,VALENTE ESPECIALIDADES QUIMICAS LTD,0,TOP TURBO,1.0,Ocasionais,1615.76
1845107,RODOCON CONSTRUCOES RODOVIARIAS LTD,0,Outras,1.0,Ocasionais,3974.05
1845021,CARBOLOG LTDA,0,HYDRA XP,3.5,Regulares,21047.08
42421,TROPICAL PESCA LTDA,0,Outras,2.0,Regulares,120402.11
42252,"VULCABRAS - CE, CALCADOS E ARTIGOS",0,AV,1.0,Ocasionais,40766.38
1845008,VALDINEI DE CARVALHO (FAZENDA NASCE,0,TOP TURBO,1.5,Ocasionais,8869.7
1844990,TRANSRESIDUOS AMBIENTAL S/A,0,HYDRA,1.0,Ocasionais,9413.52
1844984,INCORPORADORA A R LTDA,0,AV,1.0,Ocasionais,2175.54
1844704,AUTO LOCADORA IRIGARAY LTDA,0,Outras,1.0,Ocasionais,1245.87
1844611,LT TRIANGULO S A,0,AV,1.0,Ocasionais,6921.82
1844607,LT TRIANGULO S A,0,AV,1.0,Ocasionais,7281.69
1844594,ECO LAGOS INDUSTRIA DE METAIS LTDA,0,TOP TURBO PRO,1.0,Ocasionais,527.35
1844088,CONCRESERV SUDESTE S/A.,0,TOP TURBO,1.0,Ocasionais,4052.63
1844003,CALCARIO INTEGRAL LTDA,0,TOP TURBO,3.5,Regulares,24208.93
1843998,CIA. DE GER. E TRANSM. DE EN. ELET.,0,Outras,1.0,Ocasionais,3047.18
1843982,SATEL SAFAR TERRAPLENAGEM LTDA,0,TOP TURBO PRO,1.0,Ocasionais,42211.16
1843975,R. AXES PLASTICOS LTDA,0,HYDRA XP,1.5,Ocasionais,24450.2
43659,VIACAO RIOGRANDENSE LTDA,0,TOP TURBO,2.1818181818181817,Regulares,34175.14
1663798,EQUIP NEXT COMERCIO E SERVICOS LTDA,0,HYDRA XP,1.0,Ocasionais,18769.5
43397,J M LOCACAO E LOGISTICA DE JUIZ DE,0,TOP TURBO,4.0,Frequentes,19545.05
1663712,SALUM CONSTRUCOES LTDA,0,TOP TURBO,1.0,Ocasionais,36315.14
45374,GUERINO SEISCENTO TRANSPORTES S.A.,0,Outras,1.0,Ocasionais,2309.58
45370,TRANSPORTADORA  BLZ LTDA EM RECUPER,0,TOP TURBO,2.8,Regulares,20635.42
45343,REFRIGERANTES COROA LTDA,0,Outras,1.3333333333333333,Ocasionais,4851.299999999999
45039,EXCELENTE COMERCIO DE BEBIDAS LTDA,0,TOP TURBO,1.0,Ocasionais,2407.32
45024,FORJASUL CANOAS SA INDUSTRIA METALU,0,HYDRA XP,2.0,Regulares,68457.03
1663704,SUPERMIX CONCRETO S/A,0,HYDRA,1.5,Ocasionais,14176.74
44959,BRASCOELMA CONSTRUCAO BRASILEIRA DE,0,AV,1.0,Ocasionais,34351.07
1663703,PLASTICOS NOVEL SAO PAULO LTDA.,0,HYDRA XP,1.4615384615384615,Ocasionais,129408.25
44810,ARANAO TRANSPORTES RODOVIARIOS LTDA,0,GL 5,1.0,Ocasionais,12691.29
44674,VERONICA SALETE TRANSPORTE LTDA,0,TOP TURBO,1.8,Regulares,14585.6
44646,INSTTALE ENGENHARIA LTDA,0,TOP TURBO,1.4545454545454546,Ocasionais,79690.48
1663698,SUPERMIX CONCRETO S/A,0,GL 5,1.0,Ocasionais,2438.98
44281,EBB - EMPRESA BRASILEIRA DE BEBIDAS,0,GEAR,2.5,Regulares,6721.13
1610325,REI MINAS TRANSPORTES LTDA,0,TOP TURBO,1.9,Regulares,63344.64
44031,TRANSPORT.ROLIM LTDA.,0,TOP TURBO PRO,2.2,Regulares,14172.41
43909,DALBA ENGENHARIA E EMPREENDIMENTOS,0,Outras,2.5,Regulares,18952.83
46951,CONCRECON CONCRETO E CONSTRUCOES LT,0,Outras,1.7333333333333334,Regulares,43883.92
1609722,PEDREIRA UM S.A.,0,GEAR,1.2,Ocasionais,25084.19
46691,BIKE DO NORDESTE S/A,0,AV,1.0,Ocasionais,2172.63
46675,EXPRESSO GUANABARA LTDA,0,TOP TURBO,1.0,Ocasionais,18395.15
46552,CORDEBRAS LTDA,0,GEAR,2.1875,Regulares,171792.81
1609394,DINAMO INTER-AGRICOLA LTDA,0,GL 5,3.25,Regulares,6274.82
46476,ELEJOR - CENTRAIS ELETRICAS DO RIO,0,Outras,1.0,Ocasionais,2679.1
46431,RODOMAX TRANSPORTES LTDA,0,TOP TURBO,1.2916666666666667,Ocasionais,152770.35
1608940,METALURGICA FERRONORTE LTDA,0,HYDRA XP,1.0,Ocasionais,2548.95
46162,COMPANHIA PAULISTA DE FORCA E LUZ,0,Outras,1.0,Ocasionais,412.12
45935,MILENIO TRANSPORTES LTDA,0,Outras,1.0,Ocasionais,12645.59
45904,OLIVEIRA ENERGIA S.A,0,TOP TURBO,1.0,Ocasionais,9011.1
1608934,COOPERATIVA DOS GRANJEIROS DO OESTE,0,TOP TURBO,1.0,Ocasionais,4663.4400000000005
45647,RIO PARANAPANEMA ENERGIA S.A.,0,Outras,1.0,Ocasionais,152584.6
45642,RIO PARANAPANEMA ENERGIA S.A.,0,AV,1.0,Ocasionais,12704.57
45592,RIO PARANAPANEMA ENERGIA S.A.,0,Outras,1.6666666666666667,Regulares,92389.92
47288,AZEVEDO TRANSPORTES LTDA,0,HYDRA XP,1.0,Ocasionais,3207.8500000000004
47132,VIACAO TRANSPASSOS LTDA,0,Outras,1.75,Regulares,14888.13
1608701,VILASA CONSTRUTORA S/A.,0,TOP TURBO,1.0,Ocasionais,2288.65
46969,DISTRIBUIDORA DE BEBIDAS ACB LTDA,0,TOP TURBO,1.2857142857142858,Ocasionais,24760.49
1843719,CONSTRUTORA ENGEUDI COMERCIO E SERV,0,Outras,1.0,Ocasionais,15934.28
1843242,UTILOG TRANSPORTES RODOVIARIOS DE C,0,TOP TURBO,2.0,Regulares,13153.26
1843241,VIACAO ITAPETINGA LTDA.,0,TOP TURBO PRO,1.5,Ocasionais,8459.2
1842978,ZIGURATE CONSTRUCAO LTDA,0,Outras,1.0,Ocasionais,707.55
1842894,VILASA CONSTRUTORA S/A.,0,TOP TURBO,2.25,Regulares,51968.79
1842869,ECO MUNDI SOLUCOES AMBIENTAIS LTDA,0,TOP TURBO,2.0,Regulares,10494.38
1842867,WTC LOCACAO DE EQUIPAMENTOS DE TRAN,0,TOP TURBO,3.3333333333333335,Regulares,35032.79
1842834,NOVATEC CONSTRUCOES E EMPREENDIMENT,0,Outras,1.0,Ocasionais,17445.14
1842810,SADY JOSE ACADROLI,0,TOP TURBO PRO,1.1666666666666667,Ocasionais,66928.64
1842808,BRASIL ASFALTOS LTDA,0,Outras,1.5,Ocasionais,121655.9
1842789,HJ ENGENHARIA DE FUNDACOES LTDA,0,TOP TURBO,3.5,Regulares,3046.81
46961,INCOBEL DISTRIBUIDORA DE BEBIDAS LT,0,TOP TURBO,1.375,Ocasionais,120283.67
49491,NORSA REFRIGERANTES S.A,0,Outras,1.0833333333333333,Ocasionais,84510.48
1608534,"VAMOS LOCACAO DE CAMINHOES, MAQUINA",0,Outras,1.4285714285714286,Ocasionais,32443.11
49217,JOSE NILTON BARRETO,0,TOP TURBO,1.0,Ocasionais,817.47
49199,JOAO CLAUDIO MATIAS RODRIGUES,0,Outras,1.0,Ocasionais,50607.29
48966,RIBE TRANSPORTE LTDA,0,Outras,1.0,Ocasionais,8213.73
48870,DISTRIBUIDORA DE BEBIDAS ACB LTDA,0,TOP TURBO,2.888888888888889,Regulares,71444.85
48848,COMERCIO E TRANSPORTES CANGO LTDA,0,TOP TURBO,1.3333333333333333,Ocasionais,74042.94
48727,FAZENDA REAL LTDA,0,Outras,2.75,Regulares,38182.26
48500,COLITUR TRANSPORTES RODOVIARIOS LTD,0,GL 5,1.0,Ocasionais,4671.43
48477,COLITUR TRANSPORTES RODOVIARIOS LTD,0,GL 5,1.3333333333333333,Ocasionais,20349.96
48278,RAPIDO ARAGUAIA LTDA.,0,TOP TURBO,1.0,Ocasionais,43487.98
1608175,EXPRESSO GRAPIUNA LTDA,0,TOP TURBO,3.0,Regulares,86511.01999999999
1608070,CERAMICA FORTE LTDA,0,GEAR,3.3333333333333335,Regulares,31405.82
47681,RODOJUNIOR TRANSPORTES LTDA,0,TOP TURBO,2.7142857142857144,Regulares,104339.52
47579,DIATOM MINERACAO LTDA,0,GEAR,1.0,Ocasionais,22596.77
1608067,CARBOLOG  LTDA,0,TOP TURBO PRO,1.0,Ocasionais,7215.26
1840813,TRANSGRAOS LTDA,0,HYDRA,2.2,Regulares,101913.86
50365,NORSA REFRIGERANTES S.A,0,Outras,1.0,Ocasionais,6947.71
1607954,MGL SOLUCOES EM ENGENHARIA LTDA,0,TOP TURBO,1.875,Regulares,47797.21
50257,LUNA L NUNES AVICOLA LTDA,0,TOP TURBO,1.875,Regulares,28357.5
1607876,ADALBERTO MONIZ E OUTROS,0,Outras,2.5,Regulares,4617.3
50172,BRASITALIA - AGREGADOS PARA CONSTRU,0,HYDRA XP,3.0,Regulares,66640.89
50154,DEL MONTE FRESH PRODUCE BRASIL LTDA,0,TOP TURBO,2.0,Regulares,13549.88
50063,CONCREMAX CONCRETO ENG E SANEAMENTO,0,TOP TURBO,2.0,Regulares,25218.87
1607874,BRAVO SERVICOS LOGISTICOS LTDA,0,GL 5,1.0,Ocasionais,7159.82
49703,"FUNDACAO COORDENACAO DE PROJETOS,PE",0,Outras,1.0,Ocasionais,35892.0
49680,TRANSRIVER TRANSPORTES LTDA,0,TOP TURBO PRO,1.4166666666666667,Ocasionais,111557.26
49658,ANTONIO MARIA MARINHO COSTA,0,Outras,1.0,Ocasionais,1889.83
49650,BRAPIRA COMERCIO DE BEBIDAS LTDA,0,Outras,1.0,Ocasionais,835.45
49642,IPOJUCATUR TRANSPORTES E TURISMO LI,0,GL 5,1.7142857142857142,Regulares,30218.18
1607873,JOAO REGIS DALLA MAESTRI,0,Outras,1.0,Ocasionais,15036.15
49595,FRANCISCO GILVANDO DE FREITAS SANTO,0,Outras,1.0909090909090908,Ocasionais,55892.86
51608,IC TRANSPORTES LTDA.,0,Outras,1.0,Ocasionais,3118.87
51254,BARRETO NOMAN DISTRIBUIDORA DE BEBI,0,Outras,2.0,Regulares,9015.69
51186,TRANSPORTES BERTOLINI LTDA,0,TOP TURBO,1.1111111111111112,Ocasionais,29876.3
51126,TRANSPORTADORA MACABU LTDA,0,TOP TURBO,1.2105263157894737,Ocasionais,36481.87
50904,NORSA REFRIGERANTES S.A,0,Outras,1.0,Ocasionais,19484.58
1607839,CEMIG GERACAO LESTE S.A.,0,Outras,1.0,Ocasionais,14910.02
1607400,FARICON AGRICOLA LTDA,0,TOP TURBO,3.0,Regulares,5215.79
1842367,K-MAC LOCACOES S.A.,0,TOP TURBO,1.0,Ocasionais,2337.72
1842356,CONSORCIO RODOVIA PR 317 IGUARACU M,0,HYDRA XP,1.0,Ocasionais,3757.91
1842238,RAFAEL BRASILEIRO CAMINHA,0,Outras,1.0,Ocasionais,2891.85
1842212,RIMA INDUSTRIAL S/A,0,Outras,1.0,Ocasionais,4032.15
1842047,ECO LAGOS INDÚSTRIA DE METAIS LTDA,0,TOP TURBO PRO,1.0,Ocasionais,2633.2
1841906,TPF TRANSPORTE LTDA,0,HYDRA XP,1.1666666666666667,Ocasionais,7672.110000000001
1841502,SOLOBRASIL SONDAGENS E FUNDACOES LT,0,HYDRA XP,1.0,Ocasionais,3568.84
1841467,SOCER RB INDUSTRIA E COMERCIO LTDA,0,HYDRA XP,3.0,Regulares,1351.02
1841376,"ARMAC LOCACAO, LOGISTICA E SERVICOS",0,TOP TURBO,3.0,Regulares,15811.15
1840801,DURO NA QUEDA CONSTRUCOES LTDA,0,HYDRA XP,2.25,Regulares,53930.6
1840779,LOGIN TRANSPORTES E LOCACOES LTDA,0,TOP TURBO,1.625,Regulares,28391.97
1840756,ELETRO HIDRO LTDA,0,TOP TURBO,1.0,Ocasionais,2150.35
1840752,ECOPARQUE JUAZEIRO DO NORTE S.A,0,HYDRA XP,2.0,Regulares,4039.31
1840745,GP AUTOCENTER COMERCIO DE PECAS E S,0,TOP TURBO,1.0,Ocasionais,26026.11
1840743,"THERMO BRASIL COMERCIO, SERV E REPR",0,TOP TURBO,1.0,Ocasionais,7559.33
1840742,PADRAO MAQUINAS LTDA,0,TOP TURBO,1.25,Ocasionais,18871.86
1840741,VIX LOGISTICA S/A,0,Outras,1.5,Ocasionais,7778.54
1840736,CONSORCIO CURRAIS II,0,TOP TURBO,3.0,Regulares,16929.45
1840302,CONCRETO SANTA LUZIA LTDA,0,HYDRA XP,1.0,Ocasionais,3659.63
1840295,TRANSPORTES MAF LTDA,0,TOP TURBO PRO,2.0,Regulares,37177.240000000005
1840289,TRANSDOURADA NAVEGACAO LTDA.,0,HYDRA XP,1.0,Ocasionais,46138.12
1840286,BELAPAN INDUSTRIA E COMERCIO DE ALI,0,TOP TURBO,2.0,Regulares,14287.64
1840131,ALEXANDRE MAIA NODA,0,Outras,2.0,Regulares,31733.19
1840117,KM LOG TRANSPORTES E LOGISTICA LTDA,0,TOP TURBO,2.5555555555555554,Regulares,35953.03
51617,RAPIDO LUXO CAMPINAS LTDA,0,TOP TURBO PRO,2.0,Regulares,53636.85
53450,VELOZ QUIMICA DERIVADOS DE PETROLEO,0,HYDRA,1.6923076923076923,Regulares,26616.76
1612541,GUEBERSON SANDERS,0,HYDRA XP,1.0,Ocasionais,508.36
53193,MENEGAZZO & CIA LTDA,0,TOP TURBO,2.076923076923077,Regulares,59903.96
52924,WEILLER CONSTRUCAO CIVIL LTDA,0,Outras,1.3333333333333333,Ocasionais,10379.99
52915,SALINOR - SALINAS DO NORDESTE S.A.,0,GEAR,1.0,Ocasionais,1183.75
52901,SALINOR - SALINAS DO NORDESTE S.A.,0,Outras,3.3333333333333335,Regulares,21497.26
52712,COMERCIO E TRANSPORTES BOA ESPERANC,0,TOP TURBO PRO,1.625,Regulares,92720.13
52708,CADORE TRANSPORTES E COMERCIO LTDA,0,TOP TURBO,1.8181818181818181,Regulares,25242.7
52460,REFRIGERACAO NEVES LTDA,0,Outras,1.0,Ocasionais,1400.96
52184,TRANSRESIDUOS AMBIENTAL S/A,0,HYDRA,1.0,Ocasionais,25408.52
52140,TRANSRESIDUOS AMBIENTAL S/A,0,HYDRA,1.0,Ocasionais,1973.21
1612169,TRANS ABC - TRANSPORTES RODOVIARIOS,0,HYDRA,1.0,Ocasionais,2897.97
1611333,TRANS INA TRANSPORTES LTDA,0,Outras,2.272727272727273,Regulares,18841.63
51688,INDUSTRIAS ALIMENTICIAS MARATA LTDA,0,TRM 5,2.1052631578947367,Regulares,53606.38
1663592,CEDRO TRANSPORTES LTDA,0,TOP TURBO PRO,1.0,Ocasionais,17696.86
1663332,NOTARO ALIMENTOS LTDA,0,GEAR,1.3846153846153846,Ocasionais,6204.1
55427,TRANSPORTADORA DE SA LTDA,0,Outras,3.0,Regulares,6373.01
55411,LIBORIO MANOEL JOAQUIM FREITAS E OU,0,Outras,2.3333333333333335,Regulares,75377.2
55310,VIACAO SANTO IGNACIO LTDA,0,TOP TURBO,1.7222222222222223,Regulares,117238.2
55137,VP TRANSPORTES E LOGISTICA LTDA,0,TOP TURBO,1.0,Ocasionais,2591.87
1663230,REJANE SILVA CORDEIRO PEIXARIA,0,Outras,1.0,Ocasionais,13101.85
54728,G.T.F. COMERCIO DE PAPEIS PARA RECI,0,HYDRA XP,2.3,Regulares,36877.92
54511,CONCRECON CONCRETO E CONSTRUCOES LT,0,HYDRA XP,2.6666666666666665,Regulares,60823.07
54495,SALINOR - SALINAS DO NORDESTE S.A.,0,HYDRA XP,3.0,Regulares,5131.950000000001
54476,INDUSTRIAS REUNIDAS CORINGA LTDA,0,TOP TURBO,1.6666666666666667,Regulares,9634.1
54403,A L TEIXEIRA PINHEIRO LTDA,0,TOP TURBO,3.0,Regulares,50314.64
1662970,BARRA BONITA OLEO E GAS LTDA,0,Outras,1.0,Ocasionais,9787.36
54339,LAGES BIOENERGETICA LTDA,0,GEAR,3.0,Regulares,20535.54
53691,LIRIO DOS VALES TRANSPORTES E FRETA,0,TOP TURBO,1.7272727272727273,Regulares,42911.96
1662644,INCO EMPREENDIMENTOS IMOBILIARIOS S,0,HYDRA XP,1.5,Ocasionais,7106.48
53588,RODOVIARIO SARTRA LTDA,0,TOP TURBO,2.6666666666666665,Regulares,13883.52
53516,TRANSPORTADORA NOVA UNIAO LTDA,0,TOP TURBO,1.0,Ocasionais,69349.83
55783,VIX LOGISTICA S/A,0,Outras,1.5217391304347827,Regulares,102054.22
1662643,GSN TRANSPORTES E LOGISTICA LTDA,0,TOP TURBO,3.0,Regulares,16874.57
1840081,CS BRASIL FROTAS S.A.,0,Outras,2.0,Regulares,10261.36
1840076,ELETRO HIDRO LTDA,0,TOP TURBO,4.0,Frequentes,26805.68
1839664,VILASA CONSTRUTORA S/A.,0,TOP TURBO,2.8,Regulares,74638.72
1839129,EMPRESA DE TRANSPORTES SANTAFE LTDA,0,TOP TURBO,1.3636363636363635,Ocasionais,44797.81
1838634,MDN MANUTENCAO INDUSTRIAL LTDA,0,AV,1.0,Ocasionais,14158.65
1838588,TERRA JUNIOR TERRAPLENAGEM LTDA,0,Outras,1.0,Ocasionais,5085.69
1838577,EXPRESSO BARROS LTDA,0,TOP TURBO,1.625,Regulares,49570.94
1838470,COLORADO POCOS ARTESIANOS LTDA,0,Outras,1.0,Ocasionais,476.24
1838463,"VAMOS LOCACAO DE CAMINHOES, MAQUINA",0,Outras,1.0,Ocasionais,536.97
1838456,EXTRAFRUTI S/A - COMERCIO DE HORTIF,0,TOP TURBO PRO,1.0,Ocasionais,1325.23
55619,OCTACILIO DE FREITAS JUNQUEIRA,0,TOP TURBO,1.8333333333333333,Regulares,27459.39
55581,TOCANTINENSE TRANSPORTES E TURISMO,0,TOP TURBO,2.3333333333333335,Regulares,39505.38
55552,NARDINI PISOS E REVESTIMENTOS LTDA.,0,Outras,1.25,Ocasionais,32672.42000000001
55524,MINAS SUL TRANSPORTES LTDA,0,TOP TURBO,1.6666666666666667,Regulares,47769.880000000005
56923,TRANSPORTADORA NOVA BRASILIA LTDA,0,TOP TURBO,2.4,Regulares,17903.02
1662638,BARRA BONITA OLEO E GAS LTDA,0,Outras,1.0,Ocasionais,4833.67
56817,NOVORUMO TRANSPORTES LTDA,0,TOP TURBO,1.0,Ocasionais,9778.14
1662402,VIX TRANSPORTES DEDICADOS LTDA,0,Outras,2.090909090909091,Regulares,128539.36
56749,SANTOS TURISMO SANTUR LTDA,0,Outras,3.0,Regulares,716.79
56738,EMPRESA PRINCESA DO NORTE S.A.,0,TOP TURBO,1.0,Ocasionais,4304.89
56722,COOPERATIVA CENTRAL MINEIRA DE LATI,0,Outras,1.6774193548387097,Regulares,184133.41
56692,PRIMAX TRANSPORTES PESADOS LTDA,0,HYDRA XP,2.272727272727273,Regulares,99309.86
56509,ANDREETTA & CIA LTDA,0,GEAR,1.25,Ocasionais,17592.449999999997
1662321,EVASOFT INDUSTRIA E COMERCIO LTDA,0,HYDRA XP,1.0,Ocasionais,104851.03
1661885,CONSTRUTORA NOBREGA PIMENTA LTDA,0,TOP TURBO,2.3333333333333335,Regulares,22593.26
56146,A M GESSO LTDA,0,HYDRA XP,4.0,Frequentes,6972.5
56087,CEREAL COMERCIO EXPORTACAO E REPRES,0,HYDRA,1.3333333333333333,Ocasionais,16721.34
1613733,NOTARO ALIMENTOS LTDA,0,Outras,1.2352941176470589,Ocasionais,78562.32
55920,UNIAO EQUIPAMENTOS MECANICOS LTDA,0,HYDRA,1.2666666666666666,Ocasionais,42317.55
55915,TRANSPORTADORA REINAMI LTDA,0,TOP TURBO,1.0,Ocasionais,6618.72
58803,TRANSPORTADORA MANOEL DE OLIVEIRA L,0,TOP TURBO,1.8888888888888888,Regulares,23299.19
1613726,JOAO MAX P SILVEIRA TRANSPORTES,0,TOP TURBO,1.0,Ocasionais,13863.16
58430,EMAM - EMULSOES E TRANSPORTES LTDA,0,Outras,1.25,Ocasionais,85139.83
1613468,TANAGRO SA,0,TOP TURBO,3.0,Regulares,29717.51
58126,FAZENDA AMWAY NUTRILITE DO BRASIL L,0,Outras,1.0,Ocasionais,2816.57
58104,COOPERATIVA DE TRANSPORTE DE LIMEIR,0,TOP TURBO,1.0,Ocasionais,34608.85
58079,EDILSON ARAUJO SANTOS JUNIOR,0,TOP TURBO,1.5454545454545454,Regulares,114467.76
57948,BOSCH REXROTH LTDA,0,Outras,1.0,Ocasionais,21408.96
57915,AC COELHO MATERIAIS PARA CONSTRUCAO,0,TOP TURBO,1.0,Ocasionais,14369.14
57902,EXPRESSO RODOVIARIO REGE LTDA.,0,TOP TURBO PRO,1.0,Ocasionais,20187.15
57878,ELETROMOTORES LTDA,0,Outras,1.0,Ocasionais,86601.72
57572,VIACAO RIODOCE LTDA,0,TOP TURBO,1.206896551724138,Ocasionais,202495.6
57220,TRANSFOPPA TRANSPORTES RODOVIARIOS,0,TOP TURBO PRO,1.4545454545454546,Ocasionais,46454.18
1613467,TANAGRO SA,0,TOP TURBO,2.0,Regulares,9870.8
1613361,DASS NORDESTE CALCADOS E ARTIGOS ES,0,HYDRA XP,1.0,Ocasionais,4166.98
56933,VIACAO JOANA D'ARC S/A,0,TOP TURBO,1.375,Ocasionais,70755.5
59293,GUARULHOS TRANSPORTES S.A.,0,Outras,1.75,Regulares,20089.8
59039,JOSE HILTOMAR COSTA MARTINS,0,Outras,1.2222222222222223,Ocasionais,98870.38
59006,SILVESTRE HENRIQUE FILHO,0,TOP TURBO,1.25,Ocasionais,9891.86
58986,AUTO VIACAO CATARINENSE LTDA,0,Outras,1.2,Ocasionais,19894.31
58885,ANDRE BRAGA DE COUTO,0,Outras,1.0,Ocasionais,4577.87
58804,NORDECE - NORDESTE REPRESENTACAO E,0,Outras,1.0,Ocasionais,1408.89
1838232,JOTA ELE CONSTRUCOES CIVIS S/A,0,TOP TURBO,1.8,Regulares,23016.64
1837974,CENTRAL DE GERENCIAMENTO AMBIENTAL,0,Outras,3.0,Regulares,4397.6900000000005
1613356,JSL S/A.,0,Outras,1.1666666666666667,Ocasionais,23301.78
1837858,JSL S.A.,0,TOP TURBO PRO,1.0,Ocasionais,2858.53
1837849,SANCAR PONTUAL LTDA,0,TOP TURBO PRO,2.0,Regulares,5809.18
1837808,VEIGA & SANTOS IMPORT. EXPORT. DE H,0,TOP TURBO,2.142857142857143,Regulares,96137.97
1837792,TRANSRADAR LTDA,0,Outras,2.6666666666666665,Regulares,10659.1
1613352,TRR NIPOBRAS CHAPADAO GAUCHO LTDA,0,Outras,2.25,Regulares,36738.92
1837277,SISA SALVACAO EMPREENDIMENTOS IMOBI,0,TOP TURBO,2.0,Regulares,11077.12
1837274,DIARIOS DO PARA LTDA,0,GEAR,2.0,Regulares,2542.53
59520,CIPLAN CIMENTO PLANALTO SA,0,TOP TURBO,1.6,Regulares,41417.07
1837246,VANGUARDA CONSTRUCOES E SERVICOS DE,0,TOP TURBO,4.0,Frequentes,13595.08
1837239,BRASIL WEB TRANSPORTES E LOGISTICA,0,TOP TURBO,1.0,Ocasionais,849.64
1836866,PEDREIRA VARGEM GRANDE LTDA,0,HYDRA,3.0,Regulares,5395.69
1836798,MACRO CONCRETEIRA ITUIUTABA LTDA,0,HYDRA,1.125,Ocasionais,15783.95
1836786,VILA DO CONDE TRANSMISSORA DE ENERG,0,AV,1.0,Ocasionais,13192.97
1836783,JOSIMIX USINAGEM DE CONCRETO LTDA,0,GL 5,1.3333333333333333,Ocasionais,1740.82
1836530,BRASIL LOGISTICA TRANSPORTE INTEGRA,0,TOP TURBO,3.0,Regulares,6147.27
1836502,MASSA FORT CONCRETOS ESPECIAIS LTDA,0,GL 5,2.6666666666666665,Regulares,7644.16
1836498,MASSA FORT CONCRETOS ESPECIAIS LTDA,0,GL 5,3.0,Regulares,3492.59
1836410,MASSA FORT CONCRETOS ESPECIAIS LTDA,0,TOP TURBO,3.0,Regulares,1629.2
1836403,MASSA FORT CONCRETOS ESPECIAIS LTDA,0,TOP TURBO,3.0,Regulares,3798.99
1836402,MASSA FORT CONCRETOS ESPECIAIS LTDA,0,HYDRA XP,2.0,Regulares,3610.2
1836320,CONSORCIO MONTE ALEGRE,0,TOP TURBO,3.6666666666666665,Frequentes,33276.68
59418,TRANSPORTADORA AJATO VALE LTDA,0,TOP TURBO,1.25,Ocasionais,7569.16
59362,VIA BH COLETIVOS LTDA,0,Outras,1.5714285714285714,Regulares,122718.11
60658,TRANSPORTADORA TRANSLIQUIDO BROTENS,0,Outras,1.5454545454545454,Regulares,71878.29
1613344,EUCLIDES RENATO GARBUIO TRANSPORTES,0,Outras,2.25,Regulares,30950.47
60564,VIACAO PLANETA LTDA,0,Outras,2.0,Regulares,9046.22
60530,BEMA TINTAS LTDA,0,Outras,1.0,Ocasionais,18931.8
60442,TRANSPORTES CIDADE DE UBATUBA LTDA.,0,TOP TURBO,2.5,Regulares,47963.04
60302,R M TRANSPORTES LTDA.,0,TOP TURBO,2.25,Regulares,83404.29
1613050,CMP ENGENHARIA E CONSTRUCAO LTDA,0,TOP TURBO,2.5555555555555554,Regulares,45829.45
1612903,AVOCADO JAGUACY AGROINDUSTRIA LTDA,0,Outras,2.5454545454545454,Regulares,120593.87
60212,BRASILUX TINTAS TECNICAS LTDA,0,Outras,1.0,Ocasionais,59205.58
60122,LUCIANE INDUSTRIA MOVELEIRA LTDA,0,Outras,2.0,Regulares,1208.89
60099,COESA TRANSPORTES LTDA,0,TOP TURBO,1.0,Ocasionais,45908.71
59932,COLETA INDUSTRIAL FIMAVAN LTDA,0,HYDRA,2.0,Regulares,55465.75
59819,JOAO CEZAR COSTA,0,Outras,1.0,Ocasionais,2690.53
59805,FERLIG FERRO LIGA LTDA,0,HYDRA,1.2,Ocasionais,23384.79
1612849,BENTO CARLOS LIEBL,0,TOP TURBO,2.2,Regulares,46436.42
59610,CONSTRUTORA FRANGELLI LTDA,0,HYDRA XP,1.875,Regulares,14847.62
1836228,COMERCIAL AREIA PRETA LTDA,0,TOP TURBO,2.0,Regulares,5239.139999999999
1836222,MASSA FORT CONCRETOS ESPECIAIS LTDA,0,HYDRA,2.0,Regulares,4211.57
1836218,MASSA FORT CONCRETOS ESPECIAIS LTDA,0,HYDRA,2.0,Regulares,5344.0
1836217,CELEO SAO JOAO DO PIAUI FV III S.A.,0,AV,1.0,Ocasionais,14631.41
1836129,MASSA FORT CONCRETOS ESPECIAIS LTDA,0,TOP TURBO PRO,1.0,Ocasionais,2571.78
1836117,SAMID TRANSPORTES E LOGISTICA LTDA.,0,Outras,1.8,Regulares,20107.99
1612846,MINERACAO SAO VICENTE LTDA,0,Outras,1.0,Ocasionais,2370.78
1836013,HERALDO MENEZES DE SA,0,TOP TURBO,1.0,Ocasionais,9793.61
1836002,SERGIO V DO NASCIMENTO FILHO LTDA,0,TOP TURBO,1.0,Ocasionais,956.73
1836000,TRANSCHERRER TRANSPORTADORA LTDA,0,Outras,1.0,Ocasionais,985.84
1835911,RS EMPREENDIMENTOS E TRANSPORTES LT,0,TOP TURBO,1.0,Ocasionais,3328.93
1612843,DWS EQUIPAMENTOS DE SEGURANCA E ACE,0,Outras,2.0,Regulares,2799.67
1835878,GAIA RODOVIAS LTDA,0,HYDRA XP,1.7142857142857142,Regulares,60502.87
60694,CARAJAS MATERIAL DE CONSTRUCAO LTDA,0,TOP TURBO,1.0,Ocasionais,514.79
1612760,INDUSTRIA DE PLASTICOS VALENCA LTDA,0,GEAR,1.2,Ocasionais,48381.96
60667,CONSTRUTORA LORENZONI LTDA,0,TOP TURBO,1.2,Ocasionais,45010.74
61934,RODONAVES TRANSPORTES E ENCOMENDAS,0,Outras,1.4375,Ocasionais,57459.26
61657,CENTRAIS ELETRICAS DO NORTE DO BRAS,0,Outras,1.0,Ocasionais,4852.59
61609,GREGORY SANDERS,0,Outras,3.0,Regulares,43668.57
61595,DIGNANI TRANSPORTES LTDA,0,Outras,2.3076923076923075,Regulares,36478.08
61538,HT NUTRI INDUSTRIA DE ALIMENTOS LTD,0,TOP TURBO,1.2222222222222223,Ocasionais,26306.48
61527,AUTO OMNIBUS CIRCULLARE BOM DESPACH,0,TOP TURBO PRO,1.6428571428571428,Regulares,47877.26
1612724,WJF TRANSPORTES LTDA,0,TOP TURBO,2.6,Regulares,25748.54
61487,UBERLANDIA REFRESCOS LTDA.,0,Outras,1.2857142857142858,Ocasionais,31559.47
61226,SUZAN SERVICE TRANSPORTES LTDA,0,TOP TURBO,1.0,Ocasionais,76646.7
1623050,LOCAMIX LTDA,0,HYDRA XP,1.75,Regulares,13306.12
61037,MINERASUL INDUSTRIA E COMERCIO DE A,0,GEAR,2.5,Regulares,34213.99
1622461,NEXUS MANGANES S.A.,0,HYDRA XP,1.6428571428571428,Regulares,87011.78
1622458,NEXUS MANGANES S.A.,0,TOP TURBO,1.588235294117647,Regulares,134769.03
60858,AGAE TRANSPORTES E COMERCIO S/A,0,TOP TURBO,2.0,Regulares,6562.36
60838,ANTONIO VERAS DA SILVA,0,Outras,1.0,Ocasionais,95472.01
1836229,MASSA FORT CONCRETOS ESPECIAIS LTDA,0,HYDRA,1.0,Ocasionais,1996.15
62443,CONTEK ENGENHARIA S/A,0,Outras,2.0,Regulares,18659.01
62379,GRECA DISTRIBUIDORA DE ASFALTOS LTD,0,Outras,1.0,Ocasionais,91060.8
62329,VIX LOGISTICA S/A,0,Outras,1.4444444444444444,Ocasionais,40467.45
62317,FURNAS - CENTRAIS ELETRICAS S.A.,0,Outras,1.0,Ocasionais,50185.48
62272,FRANCISCO MAIA DE LIMA,0,Outras,1.0,Ocasionais,4088.34
62223,AUTO VIACAO CRITUR LTDA,0,TOP TURBO,2.6666666666666665,Regulares,26211.9
62207,TRANSPORTES TRANSLOVATO LTDA,0,TOP TURBO,1.0,Ocasionais,29654.26
62164,VIACAO FALCAO LTDA,0,TOP TURBO,2.5,Regulares,74607.3
1621540,VIACAO MARLIM LTDA,0,TOP TURBO PRO,1.3333333333333333,Ocasionais,34185.64
62142,BOM LEITE INDUSTRIAL LTDA,0,TOP TURBO,2.3636363636363638,Regulares,39041.5
1617743,L.T.M. INDUSTRIA LTDA,0,HYDRA XP,2.0,Regulares,22392.32
62012,LUIZ ROGERIO DE SOUSA,0,Outras,1.1666666666666667,Ocasionais,44413.4
61997,MELQUIZEDEQUE SOUSA PIRES,0,Outras,1.5,Ocasionais,2850.6000000000004
61995,FRANCISCO VALDIKS LOPES,0,Outras,1.0,Ocasionais,3254.65
61993,LUIZ ROGERIO DE SOUSA FILHO,0,Outras,1.0,Ocasionais,1981.71
61942,TRANSPORTADORA ARSENAL LTDA,0,TOP TURBO,3.0,Regulares,10042.55
62608,TRANSPORTADORA PORTO FERREIRA LTDA,0,HYDRA,1.8,Regulares,97517.91
1617555,PETROJOIA COMBUSTIVEIS LTDA,0,TOP TURBO,1.0,Ocasionais,49856.56
1835864,ASFAVALLE CONSTRUCOES E SERVICOS LT,0,Outras,1.0,Ocasionais,11763.28
1835860,"ARMAC LOCACAO, LOGISTICA E SERVICOS",0,TOP TURBO,4.0,Frequentes,30811.38
1835857,VIACAO CALVIPE LTDA,0,TOP TURBO,4.0,Frequentes,11300.4
1835850,ATU 12 ARRENDATARIA PORTUARIA SPE S,0,Outras,1.0,Ocasionais,814.67
1835837,AURABRASIL - TRANSPORTES MAQUINAS E,0,HYDRA,1.0,Ocasionais,1824.64
1835752,V S R LOCACOES E TRANSPORTES LTDA,0,TOP TURBO,2.3333333333333335,Regulares,8725.05
1835668,VIACAO JACAREI LIMITADA,0,TOP TURBO,1.0,Ocasionais,4608.47
1835665,SOLETETO SAO CARLOS EMPREENDIMENTOS,0,TOP TURBO,3.0,Regulares,7507.66
1835578,BRE TRANSPORTES LTDA,0,TOP TURBO,2.0,Regulares,28015.75
1835391,JOSE ADALBERTO GUIMARAES CARDOSO,0,Outras,2.0,Regulares,5107.13
1835388,CONSTRUTORA TRIPOLONI LTDA,0,HYDRA XP,1.0,Ocasionais,4251.96
1835274,WALTER BAYLAO JUNIOR,0,Outras,1.5,Ocasionais,7063.35
1835084,FRUTAL INDUSTRIA E COMERCIO LTDA,0,Outras,1.1428571428571428,Ocasionais,10626.11
62506,PRODELOG TRANSPORTES LTDA,0,Outras,1.2857142857142858,Ocasionais,84747.23
64248,EXPRESSO NORDESTE LINHAS RODOVIARIA,0,Outras,2.0,Regulares,29844.17
64215,RAYTAK INDUSTRIA E COMERCIO DE ARTE,0,HYDRA,1.0,Ocasionais,7376.05
64196,EMPRESA SAO JOSE LTDA,0,TOP TURBO,1.4666666666666666,Ocasionais,45482.34
64102,VIX LOGISTICA S/A,0,Outras,1.1666666666666667,Ocasionais,15993.36
1616553,PORA SISTEMA DE REMOCOES LTDA,0,Outras,1.0,Ocasionais,4895.62
1616546,JOEL PEREIRA DA SILVA JUNIOR,0,AV,1.0,Ocasionais,3897.07
1616453,UNIMETAIS INDUSTRIA E TRANSFORMACAO,0,HYDRA XP,1.25,Ocasionais,30295.29
1616085,CIPLAN CIMENTO PLANALTO SA,0,HYDRA,1.25,Ocasionais,52951.3
63134,EXPRESSO CAXIENSE SA,0,TOP TURBO,1.0,Ocasionais,2356.11
1615723,CONCRETO BRITAKI LTDA,0,Outras,1.0,Ocasionais,5618.57
1615721,GTM ENGENHARIA LTDA,0,Outras,1.0,Ocasionais,10332.86
62989,DEL MONTE FRESH PRODUCE BRASIL LTDA,0,Outras,1.6666666666666667,Regulares,17900.56
62913,TRANSPORTES REAL LTDA,0,TOP TURBO,1.0,Ocasionais,7459.19
62775,GRELUK E MENEZES TRANSPORTES RODOVI,0,TOP TURBO,1.0,Ocasionais,72155.72
62669,MAURILIO IVAN AMARANTE DE SANTIAGO,0,Outras,1.6666666666666667,Regulares,93172.28
62668,ALYSSON MARTINS DE LIMA,0,Outras,2.0,Regulares,23238.13
64504,TRANSGUACUANO TRANSPORTES LTDA,0,Outras,2.6,Regulares,75554.23999999999
64447,TRANSPORTES GRAL LTDA,0,TOP TURBO,1.4166666666666667,Ocasionais,142810.62
64428,FROHLICH S/A INDUSTRIA E COMERCIO D,0,TOP TURBO,2.3333333333333335,Regulares,21025.88
1615633,FABRITECH INDUSTRIA E COMERCIO DE C,0,HYDRA XP,1.0,Ocasionais,15707.88
1834413,ITURRI COIMPAR INDUSTRIA E COMERCIO,0,TOP TURBO,2.6666666666666665,Regulares,34483.84
1834387,55.625.739 FABIANNE DA SILVA OLIVEI,0,Outras,1.1111111111111112,Ocasionais,10858.34
1834365,"ARMAC LOCACAO, LOGISTICA E SERVICOS",0,TOP TURBO,1.0,Ocasionais,4328.72
1834238,"VAMOS LOCACAO DE CAMINHOES, MAQUINA",0,TOP TURBO PRO,1.4,Ocasionais,57669.61
1834221,MINERAMIX SERVICOS LTDA,0,HYDRA,1.8571428571428572,Regulares,59852.19
1833759,LIMERLOC LOCACOES E TRANSPORTES LTD,0,TOP TURBO,3.3333333333333335,Regulares,64874.8
1833736,CONSTRUTORA TRIPOLONI LTDA,0,HYDRA XP,2.0,Regulares,2965.54
1833221,IMPERADOR DO FRIO REFRIGERACAO LTDA,0,AV,1.0,Ocasionais,7927.92
64323,EMPRESA DE TRANSPORTES TRANS AGUIAR,0,TOP TURBO,1.1,Ocasionais,67364.62
64259,EXPRESSO NORDESTE LINHAS RODOVIARIA,0,Outras,4.0,Frequentes,12770.46
64256,EXPRESSO NORDESTE LINHAS RODOVIARIA,0,TOP TURBO PRO,1.0,Ocasionais,4958.64
64251,NORDESTE TRANSPORTES LTDA,0,TOP TURBO PRO,1.1111111111111112,Ocasionais,63340.86
1831929,DOMINAS INDUSTRIA DE METAIS LTDA,0,TOP TURBO PRO,1.0,Ocasionais,2864.98
67310,VIACAO GARCIA LTDA,0,TOP TURBO,1.0,Ocasionais,10876.12
67242,INTERMARITIMA PORTOS E LOGISTICA S/,0,HYDRA XP,1.588235294117647,Regulares,165380.23
67241,EMPRESA DE TRANSPORTES E LOGISTICA,0,TOP TURBO,1.5416666666666667,Regulares,129654.02
1614463,ABC DO VALE TRANSPORTES LTDA,0,TOP TURBO,1.4166666666666667,Ocasionais,72163.68
1614159,COMIL COVER SAND INDUSTRIA E COMERC,0,TOP TURBO,1.0,Ocasionais,36335.84
65908,EMPRESA DE TRANSPORTES COSTA VERDE,0,TOP TURBO,2.066666666666667,Regulares,102106.42
65421,A ALVES DE SOUSA IND.E COM.DE MOTOS,0,Outras,1.0,Ocasionais,31056.11
1613753,CONSTRUTORA SANCHES TRIPOLONI LTDA,0,Outras,1.0,Ocasionais,2679.07
65208,F.D.M TRANSPORTES LTDA,0,TOP TURBO,1.0,Ocasionais,4293.74
65185,PEDRO MUFFATO & CIA LTDA,0,TOP TURBO,1.5454545454545454,Regulares,57185.53
64979,TRANSJC LOGISTICA E TRANSPORTE LTDA,0,TOP TURBO,1.6875,Regulares,93120.92
64910,LOMACON LOCACAO E CONSTRUCAO LTDA,0,Outras,3.8333333333333335,Frequentes,57927.43
1623825,INACE IATES LTDA,0,HYDRA XP,2.0,Regulares,4571.43
64620,ALTO JAURU ENERGETICA S/A,0,Outras,1.2,Ocasionais,24210.92
64520,VIACAO GATO PRETO LTDA,0,TOP TURBO,1.3529411764705883,Ocasionais,109537.98
67447,TRANSPORTE COLETIVO JUATUBA LTDA,0,Outras,1.0769230769230769,Ocasionais,87787.78
67431,NOTARO ALIMENTOS LTDA,0,GL 5,1.0,Ocasionais,1450.58
67314,VIACAO GARCIA LTDA,0,TOP TURBO,1.0,Ocasionais,38480.6
1833217,EXE MINERAL - ENGENHARIA E MINERACA,0,GEAR,1.0,Ocasionais,2241.66
1833208,BR MARINAS BOA VISTA LTDA.,0,HYDRA,1.0,Ocasionais,1292.73
1833195,CONSORCIO RODOVIA PR-170 - PITANGA,0,Outras,2.5,Regulares,11547.48
1833189,ATUAL TRANSPORTES RODOVIARIOS E LOG,0,HYDRA,2.0,Regulares,1466.0099999999998
1833003,PEDRA AZUL TRANSPORTE LTDA,0,Outras,1.0,Ocasionais,1920.72
1832995,EXE MINERAL - ENGENHARIA E MINERACA,0,Outras,2.0,Regulares,28769.26
1832987,"ARMAC LOCACAO, LOGISTICA E SERVICOS",0,HYDRA,3.0,Regulares,9204.78
1832982,"ARMAC LOCACAO, LOGISTICA E SERVICOS",0,Outras,1.0,Ocasionais,2210.5
1832886,M CONSTRUCOES & SERVICOS LTDA,0,HYDRA,1.0,Ocasionais,1402.59
1832796,PIMENTEL ASSISTENCIA TECNICA LTDA,0,Outras,2.0,Regulares,531.44
1832785,CIA DE FERRO LIGAS DA BAHIA FERBASA,0,TRM 5,1.0,Ocasionais,565.68
1832753,HG - TRANSPORTES LTDA,0,TOP TURBO,1.0,Ocasionais,2761.3100000000004
1832587,TRUST DRILLING SOLUTIONS LTDA,0,HYDRA,1.0,Ocasionais,5776.81
69997,EMFLORA SERVICOS E EMPREENDIMENTOS,0,HYDRA XP,3.0,Regulares,1656.5
69909,LUIZINHO TRANSPORTES E LOGISTICA LT,0,TOP TURBO PRO,1.0,Ocasionais,2681.25
69865,IMPACTO SUSPENSOES ESPECIAIS LTDA,0,HYDRA XP,3.6666666666666665,Frequentes,17315.41
69856,METALFAMA INDUSTRIA E COMERCIO DE M,0,GEAR,1.096774193548387,Ocasionais,179015.07
69850,CELESTE TRANSPORTES COLETIVOS LTDA,0,TOP TURBO,2.5,Regulares,105401.8
69805,FRIGORIFICO NORDESTE ALIMENTOS LTDA,0,Outras,2.1666666666666665,Regulares,34884.82
69789,GUIDONI BRASIL S/A,0,Outras,1.0,Ocasionais,85333.4
69694,VITAPELLI LTDA,0,HYDRA,1.0,Ocasionais,10034.13
69683,RTK LAMINACAO DE METAIS LTDA,0,HYDRA XP,1.7777777777777777,Regulares,90509.95
69682,M. S. AMBROGIO DO BRASIL LTDA.,0,HYDRA XP,1.8888888888888888,Regulares,65403.48
1623500,AES BRASIL OPERACOES S.A.,0,Outras,1.4444444444444444,Ocasionais,119352.0
69616,SUPERMIX CONCRETO S/A,0,GL 5,1.0,Ocasionais,2303.36
69601,TRANSPORTADORA RODOMEU LTDA,0,TOP TURBO,1.6428571428571428,Regulares,124322.47
67511,GENERAL WEST COMERCIO E MANUTENCAO,0,AV,1.0,Ocasionais,70132.32
67498,EXPRESSO TRANSAMAZONICA LTDA,0,Outras,2.5,Regulares,31388.980000000003
1661882,COMERCIAL DE GELO CINCO ESTRELAS LT,0,Outras,1.024390243902439,Ocasionais,72564.02
1661878,OLM IND. E COM. DE CONEXOES E MANGU,0,HYDRA,1.0,Ocasionais,32271.620000000003
1831913,TERRAM ENGENHARIA DE INFRAESTRUTURA,0,TOP TURBO,2.0,Regulares,27133.18
1831912,TRUST DRILLING SOLUTIONS LTDA,0,HYDRA,2.2857142857142856,Regulares,72262.36
1831731,CONLINE MONITORAMENTO DE CARGAS E T,0,Outras,2.4,Regulares,19199.94
1831722,SENDA SOLUCOES EM TERRAPLENAGEM LTD,0,TOP TURBO,3.3333333333333335,Regulares,25212.46
1831721,TRANSPIEDADE - TRANSPORTES COLETIVO,0,TOP TURBO,1.8,Regulares,33332.64
1831715,EXPRESSO PRESIDENTE GETULIO LTDA,0,TOP TURBO,1.0,Ocasionais,5956.63
1831710,VISAC NH SPE S.A,0,TOP TURBO,1.8333333333333333,Regulares,49165.62
1831700,SPE VIA MOBILIDADE S.A.,0,TOP TURBO,1.2,Ocasionais,71231.64
1831691,SEBASTIANA ARAUJO OLIVEIRA,0,Outras,3.0,Regulares,21772.12
1831685,"ARMAC LOCACAO, LOGISTICA E SERVICOS",0,Outras,2.3333333333333335,Regulares,13262.25
1831680,BRT CURITIBA TRANSPORTES COLETIVOS,0,TOP TURBO,2.25,Regulares,12431.5
1831660,SCAVARE MINERACAO E EXTRACAO DE MIN,0,Outras,3.0,Regulares,5298.25
70249,VALETUR TRANSPORTES E TURISMO LTDA,0,TOP TURBO,1.9565217391304348,Regulares,65674.93000000001
70185,QUIMITRANS LOGISTICA & TRANSPORTES,0,TOP TURBO,1.2142857142857142,Ocasionais,34991.08
70142,ENGARRAFAMENTO PITU LTDA,0,Outras,1.0256410256410255,Ocasionais,161440.49
1661772,STV AGRO LTDA,0,HYDRA,4.0,Frequentes,5566.65
71269,RODOVIARIO CAMILO DOS SANTOS FILHO,0,TOP TURBO,1.0,Ocasionais,2223.95
1661767,REFRAMAQUINAS SERVICOS EM REFRATARI,0,TOP TURBO,2.5294117647058822,Regulares,90271.51
71103,LIDERMAC CONSTRUCOES E EQUIPAMENTOS,0,Outras,2.3333333333333335,Regulares,23496.48
1661601,BRAVO ARMAZENS GERAIS LTDA,0,HYDRA,1.4,Ocasionais,8134.349999999999
71037,INTERMARITIMA PORTOS E LOGISTICA S/,0,HYDRA XP,1.0,Ocasionais,727.59
1661597,SB GELO PURO E CRISTALINO EIRELI,0,Outras,1.0,Ocasionais,32514.08
71003,TQUIM TRANSPORTES LTDA.,0,GL 5,1.8333333333333333,Regulares,108520.74
70960,ANTONIO CESAR BRAGA DE COUTO,0,Outras,1.0,Ocasionais,4035.81
70898,COMERCIO LUBRIFICANTES PECAS LTDA,0,TOP TURBO,2.5,Regulares,24401.29
70742,EMPRESA GAZOMETRO DE TRANSPORTES LT,0,TRM 5,1.0,Ocasionais,591.47
1661595,REFRAMAQUINAS SERVICOS EM REFRATARI,0,Outras,1.75,Regulares,29667.59
1661520,CONSORCIO SUSTENTARE-VALOR II,0,TOP TURBO,1.0,Ocasionais,1911.5
70696,MARIA LIDIANE COUTO DA SILVA,0,Outras,1.0,Ocasionais,16127.01
70689,MANUEL MESSIAS MOURA,0,Outras,1.0,Ocasionais,1836.25
1661517,BRAVO ARMAZENS GERAIS LTDA,0,HYDRA,2.0,Regulares,3220.2300000000005
1831623,A MADEIRA INDUSTRIA E COMERCIO LTDA,0,Outras,1.0,Ocasionais,6360.15
1831618,GUAIBA EMPREENDIMENTOS LTDA,0,TOP TURBO,4.0,Frequentes,14046.19
1831597,SANTA EDWIGES TRANSPORTES LTDA,0,Outras,1.0,Ocasionais,669.99
1831596,ATALAIA TRANSPORTES COLETIVOS SPE L,0,TOP TURBO,1.5,Ocasionais,15697.01
1831589,TRANSNACIONAL FRETAMENTO E LOCACOES,0,TOP TURBO,2.7777777777777777,Regulares,75640.61
1831586,RESIDENCIAL JARDIM AMERICA TAUA SPE,0,TOP TURBO,2.0,Regulares,9992.96
1831581,G.L.T.A TRANSPORTES LTDA,0,GL 5,1.0,Ocasionais,5134.83
1831573,COMERCIAL AMAZONIA DE DESCARTAVEIS,0,TOP TURBO,1.0,Ocasionais,3969.41
1831572,CRISYAGO TRANSPORTES LTDA,0,TOP TURBO,1.5,Ocasionais,8271.99
1661128,AGENCIA ADVENTURE VIAGENS E TURISMO,0,TOP TURBO,1.5,Ocasionais,1974.22
1831554,MINERA SERVICOS E CONSULTORIA LTDA,0,TOP TURBO,2.3,Regulares,18403.47
1831525,KBG CONSTRUTORA LTDA,0,Outras,1.0,Ocasionais,8452.05
1831524,POROS CONSTRUTORA LTDA,0,TOP TURBO,3.0,Regulares,5204.65
71535,M S TRANSPORTES E TURISMO LTDA,0,TOP TURBO,1.0,Ocasionais,72222.28
71522,AMBIPAR ENVIRONMENTAL SOLUTIONS - S,0,TOP TURBO,3.25,Regulares,60094.46
71295,VITOR BALDASSO,0,TOP TURBO PRO,1.3793103448275863,Ocasionais,107041.43
72099,EXPRESSO FLOR DE MINAS LTDA,0,TOP TURBO,3.0,Regulares,5599.91
72081,LENARGE TRANSPORTES E SERVICOS LTDA,0,Outras,1.8333333333333333,Regulares,71426.08
72041,CIDADE BH TRANSPORTES LTDA.,0,Outras,1.8695652173913044,Regulares,125931.26
72035,SAO DIMAS TRANSPORTES LTDA,0,Outras,1.8181818181818181,Regulares,39897.41
72003,"HYTEC CONSTRUCOES, TERRAPLENAGEM E",0,TOP TURBO,1.8333333333333333,Regulares,43524.62
1661036,POLIMIX CONCRETO LTDA,0,GEAR,2.2,Regulares,109111.17
1661032,CLAUDIO PINHEIRO CAVALCANTI LTDA,0,Outras,1.4166666666666667,Ocasionais,17562.010000000002
1623136,SAFRA LOGISTICA LTDA,0,TOP TURBO PRO,1.25,Ocasionais,50727.02
71778,TCS TERRAPLENAGEM LTDA,0,HYDRA,1.75,Regulares,48480.67
1623129,VIACAO MINAS GERAIS LTDA,0,TOP TURBO PRO,1.0,Ocasionais,3164.15
71640,TB TRANSPORTES BLANCO - EM RECUPERA,0,TOP TURBO,2.0,Regulares,12337.21
1626585,MB DISTRIBUICAO DE PECAS E SERVICOS,0,GEAR,3.0,Regulares,17850.78
1626556,GEOVANNA THAIS DE OLIVEIRA CARVALHO,0,TOP TURBO,1.0,Ocasionais,3433.67
1626549,TRANSWOLFF TRANSPORTES E TURISMO LT,0,TOP TURBO,1.0,Ocasionais,99020.33
71571,EXPRESSO PALMARES TURISMO LTDA,0,Outras,1.6666666666666667,Regulares,33591.88
1831659,CONSORCIO - NOVA MARACANA,0,Outras,3.0,Regulares,8115.959999999999
72481,SANTA BRANCA TRANSPORTES LTDA,0,Outras,2.5,Regulares,7245.46
72461,AUTO LOTACAO PRINCESA DO NORTE LTDA,0,Outras,1.7857142857142858,Regulares,56536.16
1831513,ROSAMARES TRANSPORTES LTDA,0,TOP TURBO PRO,1.3333333333333333,Ocasionais,1927.36
1831508,PAVICAN PAVIMENTACAO E TERRAPLENAGE,0,HYDRA XP,3.6666666666666665,Frequentes,24544.83
1831497,OURO SAFRA S/A,0,HYDRA XP,1.0,Ocasionais,4732.67
1831470,MASTER INDUSTRIA E COMERCIO LTDA,0,Outras,1.0,Ocasionais,31158.93
1831459,SERVICO DE CONCRETAGEM ALTO DA SERR,0,HYDRA XP,3.0,Regulares,9504.79
1831453,SERVICO DE CONCRETAGEM ALTO DA SERR,0,HYDRA XP,1.0,Ocasionais,1831.96
1831357,SETEP CONSTRUCOES S.A,0,TOP TURBO,1.0,Ocasionais,4504.28
1831246,GUAPI MINERACAO E COMERCIO LTDA,0,HYDRA,5.0,Frequentes,15395.0
1831244,EXE MINERAL - ENGENHARIA E MINERACA,0,GEAR,2.4285714285714284,Regulares,83804.82
1831197,TRANSMARGOO TURISMO E FRETAMENTO LT,0,Outras,4.0,Frequentes,1075.66
72362,VIACAO BASSAMAR LTDA,0,TOP TURBO PRO,2.142857142857143,Regulares,143058.27
1626538,CONCRETO BRASILIA REPRESENTACAO DE,0,HYDRA XP,1.0,Ocasionais,21473.86
72247,COOPERATIVA DOS TRANSPORTADORES DE,0,TOP TURBO,1.75,Regulares,27386.92
72181,VIACAO GETULIO VARGAS LTDA,0,TOP TURBO,1.8181818181818181,Regulares,89525.01
1626511,TRANSPORTES E LOGISTICA SAO LUIS LT,0,TRM 5,1.0,Ocasionais,10352.32
73142,VIACAO GATO PRETO LTDA,0,TOP TURBO,1.8,Regulares,76245.28
73108,LAGUNA AUTO ONIBUS LTDA,0,TOP TURBO,1.619047619047619,Regulares,116133.81
73077,CIPLAN CIMENTO PLANALTO SA,0,HYDRA,1.0,Ocasionais,3955.35
73055,LOK EQUIPAMENTOS E SERVICOS LTDA,0,AV,1.0,Ocasionais,26100.11
73036,CIPLAN CIMENTO PLANALTO SA,0,HYDRA XP,2.0,Regulares,87373.72
73022,BAESA-ENERGETICA BARRA GRANDE S/A,0,AV,1.25,Ocasionais,39946.24
72987,JANIO PESSOA DO NASCIMENTO,0,TOP TURBO,1.0,Ocasionais,23180.74
72948,EXPRESSO SAO GERALDO LTDA,0,TOP TURBO,1.6,Regulares,14206.99
72822,SOLOTEST APARELHOS PARA MECANICA DO,0,Outras,2.6,Regulares,9923.8
72776,TOMBINI & CIA. LTDA.,0,TRM 5,1.0,Ocasionais,39676.14
1626506,BELUQUI LOCACOES LTDA,0,TOP TURBO,1.9090909090909092,Regulares,28799.93
1626493,EMPA S/A SERVICOS DE ENGENHARIA,0,TOP TURBO,1.0,Ocasionais,4907.1
72530,ASTRA S A INDUSTRIA E COMERCIO,0,HYDRA XP,1.5833333333333333,Regulares,122366.0
72529,ARFRIO S/A ARMAZENS GERAIS FRIGORIF,0,Outras,1.0,Ocasionais,14882.75
72525,GRECA DISTRIBUIDORA DE ASFALTOS LTD,0,Outras,1.0,Ocasionais,61475.38
74308,EMPRESA RODOVIARIA PIRACICABANA LTD,0,GL 5,3.0,Regulares,7809.16
74304,EXPRESSO FENIX VIACAO LTDA,0,Outras,1.0,Ocasionais,2609.54
74302,EXPRESSO FENIX VIACAO LTDA,0,TOP TURBO,1.5,Ocasionais,31601.61
74271,ALDORO INDUSTRIA DE POS E PIGMENTOS,0,Outras,1.8571428571428572,Regulares,31470.03
74231,TRANSPORTADORA ELOS DE OURO LTDA,0,TOP TURBO,2.1666666666666665,Regulares,130302.6
74124,"COMERCIO, INDUSTRIA E TRANSPORTE LO",0,HYDRA,2.2222222222222223,Regulares,33838.68
74080,STN - SISTEMA DE TRANSMISSAO NORDES,0,Outras,1.0,Ocasionais,2515.59
1626377,SL TRANSPORTES EIRELI,0,TOP TURBO PRO,1.0,Ocasionais,4492.9400000000005
73793,J.L.I TRANSPORTES LTDA,0,TOP TURBO,2.45,Regulares,128712.87
73753,MASTROTTO BRASIL S/A,0,Outras,2.0,Regulares,1264.7
73654,PAVSANTOS CONSTRUTORA LTDA,0,HYDRA,1.0,Ocasionais,4069.15
73533,RIMA AGROFLORESTAL LTDA,0,Outras,1.2,Ocasionais,2243.71
1625357,VS CASSANO LOGISTICA LTDA.,0,TOP TURBO,1.0,Ocasionais,5455.67
73400,TRANSPORTADORA TRANSBABI LTDA,0,TOP TURBO,2.0,Regulares,3584.0
1624972,CARBOLOG  LTDA,0,TOP TURBO PRO,1.8571428571428572,Regulares,114312.06
1624615,EXPRESSO PRESIDENTE GETULIO LTDA,0,TOP TURBO,1.25,Ocasionais,12274.29
1624020,RIO DO COBRE ENERGIA LTDA,0,TOP TURBO,3.0,Regulares,6998.0
1624012,A. B. OPERADORA DE TERMINAIS LTDA,0,Outras,1.5,Ocasionais,3477.26
74713,VIACAO TINDIQUERA LTDA,0,Outras,1.0,Ocasionais,1877.14
74542,LOURENCO TRANSPORTE E COMERCIO LTDA,0,TOP TURBO,2.0,Regulares,2193.4
1831115,CSV COMERCIO E SERVICOS LTDA,0,AV,1.0,Ocasionais,36931.26
1830914,TRANSPORTADORA RODOVIARIA DE CARGAS,0,TOP TURBO,3.6,Frequentes,10932.04
1623859,CRISTINA EXTRACAO E COMERCIO DE ARE,0,HYDRA,3.0,Regulares,5091.05
1830449,CL MASCHINEN PECAS E SERVICOS ESPEC,0,TOP TURBO,2.0,Regulares,5555.05
1830416,BOM JESUS LOCACAO DE CACAMBAS LTDA,0,HYDRA,2.5,Regulares,28862.620000000003
1830404,"ARMAC LOCACAO, LOGISTICA E SERVICOS",0,TOP TURBO,3.0,Regulares,8982.9
1830393,WM ENGENHARIA E COMERCIO DE MATERIA,0,AV,1.0,Ocasionais,5040.59
1829935,QUIMASSA INFRAESTRUTURA LTDA,0,TOP TURBO,3.0,Regulares,13436.920000000002
1829854,A&N TRANSPORTES ESPECIAIS LTDA,0,TOP TURBO,1.2,Ocasionais,4944.1
1829840,CASCAR BRASIL MINERACAO LTDA,0,AV,1.0,Ocasionais,2246.48
1829765,CONSTRUTORA CORTE LTDA,0,HYDRA XP,3.0,Regulares,8858.58
74310,LINAVE TRANSPORTES LTDA,0,TRM 5,1.5,Ocasionais,19319.34
1623841,THOR GRANITOS E MARMORES LTDA,0,HYDRA XP,1.0,Ocasionais,6006.17
76003,ELO'S - TRANSPORTES RODOVIARIOS DE,0,TOP TURBO,2.0,Regulares,98782.07
75957,HISAMITSU FARMACEUTICA DO BRASIL LT,0,Outras,1.0,Ocasionais,566.77
75822,PEDREIRA SANTA ISABEL LTDA.,0,Outras,1.1666666666666667,Ocasionais,12655.96
1629038,MARCEL HENRIQUE GARDINI,0,TOP TURBO,2.0,Regulares,2648.4
75773,VIACAO GUAJARA LTDA,0,Outras,1.6666666666666667,Regulares,44574.86
1629029,CONSORCIO EMPA/ TEIXEIRA DUARTE/ TE,0,HYDRA XP,2.5,Regulares,23134.47
75756,2 BATALHAO DE ENGENHARIA DE CONSTRU,0,Outras,3.0,Regulares,62617.77
75673,SANTINI TRANSPORTES E CENTRO DE DES,0,Outras,1.0,Ocasionais,8278.87
75637,REV.DE PROD.AVIACAO ITAIPU LTDA,0,TOP TURBO,1.0,Ocasionais,1029.08
75493,TRANSPORTES COLETIVOS PEROLA DO OES,0,TOP TURBO,1.0,Ocasionais,24828.04
75284,CIVIL INDUSTRIAL E COMERCIAL LTDA.,0,GEAR,1.0,Ocasionais,8715.26
1628716,PCH SENHORA DO PORTO S.A.,0,Outras,1.0,Ocasionais,9554.96
75185,VIACAO RESENDENSE INTERMUNICIPAL LT,0,TOP TURBO,3.25,Regulares,6726.27
1628712,CS BRASIL FROTAS S.A.,0,Outras,1.2,Ocasionais,136333.95
74935,MILDO ALVES ADMINISTRACAO COMERCIO,0,TOP TURBO,1.5,Ocasionais,1480.92
76531,METROL EQUIPAMENTOS DE SINALIZACAO,0,AV,1.0,Ocasionais,29424.13
1628710,ETC EMPREENDIMENTOS E TECNOLOGIA EM,0,TOP TURBO,3.0,Regulares,5525.05
1628336,SP 2 PIRAMIDE EMPREENDIMENTOS IMOBI,0,TOP TURBO,1.5,Ocasionais,16458.11
1829619,FARO CAPITAL COMERCIAL AGRICOLA LTD,0,TOP TURBO,4.0,Frequentes,15203.76
1829526,OURO SAFRA S/A,0,HYDRA XP,1.5,Ocasionais,9069.58
1829498,SETEP CONSTRUCOES S.A,0,TOP TURBO,1.0,Ocasionais,4504.28
1829392,CONSTRUTORA TRIPOLONI LTDA,0,HYDRA XP,1.0,Ocasionais,3732.99
1627903,TRUST DRILLING SOLUTIONS LTDA,0,HYDRA,2.0,Regulares,18765.2
1829360,BRITASERVICE SERVICO E COMERCIO LTD,0,TOP TURBO,2.2222222222222223,Regulares,61064.9
1829102,PROPOSTA ENGENHARIA AMBIENTAL LTDA,0,TOP TURBO PRO,4.0,Frequentes,6378.05
1829090,AGROPECUARIA MARATA LTDA.,0,Outras,3.0,Regulares,60208.48
1828902,MAX TOUR FRETAMENTOS E TURISMO LTDA,0,TOP TURBO,1.0,Ocasionais,11236.27
1828864,RIO GRANDE MARITIMA LTDA,0,TOP TURBO,1.0,Ocasionais,8406.18
1828611,CHIBATAO NAVEGACAO E COMERCIO LTDA,0,Outras,1.6666666666666667,Regulares,22954.31
1828581,EDM ADMINISTRACAO E NAVEGACAO LTDA,0,Outras,2.0,Regulares,84430.73999999999
1627453,SALITRE FERTILIZANTES LTDA.,0,AV,1.3,Ocasionais,96968.9
78373,TRANSWINTER TRANSPORTE E LOGISTICA,0,TOP TURBO,1.12,Ocasionais,104314.96
1660531,EXPRESSO PLANALTO TRANSP. E LOGISTI,0,TOP TURBO PRO,1.2857142857142858,Ocasionais,18141.07
78315,VIALOC TRANSPORTE DE PASSAGEIROS LT,0,TOP TURBO PRO,2.0,Regulares,123157.54
78182,FRANCISCO XAVIER DE HOLANDA NETO,0,Outras,1.0,Ocasionais,3388.97
77963,CONSTRUTORA ESCUDO INDUSTRIA E COME,0,HYDRA XP,1.7,Regulares,33562.86
77776,UNIBASE CONSTRUCAO E PAVIMENTACAO L,0,Outras,1.0,Ocasionais,2173.39
77774,ABC ARTEFATOS DE BORRACHA COELHO LT,0,HYDRA XP,1.5,Ocasionais,34963.44
77767,ACERT - INDUSTRIA DE ACABAMENTOS CE,0,Outras,4.0,Frequentes,28407.97
1660363,CONSORCIO SOLAR BELMONTE,0,HYDRA XP,1.0,Ocasionais,404.29
77269,EXPRESSO SERRANO LTDA,0,HYDRA,2.0,Regulares,11599.66
1659708,BRITAPLAN MINERACAO LTDA,0,Outras,1.2941176470588236,Ocasionais,64825.87
76980,VIACAO PENHA RIO LTDA,0,TOP TURBO,1.6666666666666667,Regulares,75140.78
76950,AVINE COMERCIAL E AVICOLA DO NORDES,0,Outras,1.0,Ocasionais,11974.42
76925,TRANS NEW ABC TRANSPORTADORA LTDA,0,TOP TURBO,1.2,Ocasionais,14070.57
1657809,CONSORCIO INTERMUNICIPAL MAMPITUBA,0,GEAR,3.0,Regulares,13482.64
76904,A PAULA DA SILVA TRANSPORTES,0,TOP TURBO,1.0,Ocasionais,2055.59
79031,PRODUMAR - EXPORTADORA DE PRODUTOS,0,TOP TURBO,1.8148148148148149,Regulares,192888.49
79005,JOSE AUGUSTO VIEIRA,0,Outras,2.3333333333333335,Regulares,141136.12
78973,JOSE AUGUSTO VIEIRA,0,TOP TURBO,3.0,Regulares,3360.11
78803,ONIX GERACAO DE ENERGIA SA.,0,Outras,1.0,Ocasionais,25956.42
78641,JOSE AUGUSTO VIEIRA,0,TOP TURBO,1.8,Regulares,32127.27
1626928,CENTRAL DIESEL MECANICA DE CAMINHOE,0,TOP TURBO,2.0714285714285716,Regulares,113505.04
1626666,BR MARINAS ITACURUCA LTDA.,0,TOP TURBO,1.3529411764705883,Ocasionais,57079.82
78473,VIX LOGISTICA S/A,0,Outras,1.1,Ocasionais,21503.72
1828564,COMFERRO J ACACIO COMERCIO DE FERRO,0,HYDRA XP,1.0,Ocasionais,644.1
1828546,REC TRANSPORTES LTDA,0,TOP TURBO,1.0,Ocasionais,4482.76
1828376,GERA CENTER AMAZONIA SERVICOS E LOC,0,TOP TURBO,1.0,Ocasionais,13330.08
1828261,SUSTENTARE SANEAMENTO S/A,0,HYDRA XP,1.3333333333333333,Ocasionais,10530.73
1827641,S.MAGALHAES S.A. LOGISTICA EM COMER,0,HYDRA XP,1.0,Ocasionais,3946.97
1827614,DINEX ENGENHARIA MINERAL LTDA,0,Outras,2.25,Regulares,97290.85
78442,AMAFIBRA - FIBRAS E SUBSTRATOS AGRI,0,Outras,1.1176470588235294,Ocasionais,67516.12
78427,STARGESSO INDUSTRIAL LTDA,0,HYDRA XP,2.8461538461538463,Regulares,32560.55
79434,SALVADOR LOGISTICA E TRANSPORTES LT,0,Outras,3.0,Regulares,23610.2
1629669,EXPRESSO PLANALTO TRANSPORTE E LOGI,0,TOP TURBO,1.0,Ocasionais,2723.51
79282,ALSCO TOALHEIRO BRASIL LTDA.,0,TOP TURBO,1.5454545454545454,Regulares,20801.83
1827594,PERFILADOS RIO DOCE LTDA,0,HYDRA,2.0,Regulares,86119.0
1827286,CHP BRASIL INDUSTRIA E COMERCIO DE,0,Outras,1.0,Ocasionais,10880.59
1827284,VIDEOLAR-INNOVA S/A,0,HYDRA XP,1.0,Ocasionais,8320.67
1827275,ENCOPAV ENGENHARIA LTDA,0,HYDRA,1.5,Ocasionais,7687.389999999999
1827267,JSL S.A.,0,TOP TURBO PRO,1.3333333333333333,Ocasionais,3880.06
1827180,CHP BRASIL INDUSTRIA E COMERCIO DE,0,Outras,1.0,Ocasionais,10664.27
1826713,CARLOS DONIZETE DE OLIVEIRA REZENDE,0,Outras,2.0,Regulares,1037.16
1826590,CONSORCIO SANCHES TRIPOLONI - JARDI,0,Outras,3.0,Regulares,6918.67
1826578,"ARMAC LOCACAO, LOGISTICA E SERVICOS",0,TOP TURBO,1.0,Ocasionais,687.93
1826484,EXE MINERAL - ENGENHARIA E MINERACA,0,GEAR,1.5,Ocasionais,24329.56
79104,TRANSPORTADORA CORDEIRO DE CAJATI L,0,TOP TURBO,2.5,Regulares,13489.11
79076,TELHAMAR LTDA,0,GEAR,1.3333333333333333,Ocasionais,39161.87
79073,TELHAS MAFRENSE LTDA,0,GEAR,1.6666666666666667,Regulares,27551.42
79909,ROMPTEC LTDA,0,TOP TURBO,1.9090909090909092,Regulares,137283.22
79831,DI-ON AMBIENTAL INDUSTRIA E COMERCI,0,HYDRA XP,1.9230769230769231,Regulares,91454.97
1629662,INDUSTRIA COMERCIO DE ALIMENTOS C&E,0,Outras,1.0,Ocasionais,25216.98
79724,OSWALDO BRAMBILLA TRANSPORTE COLETI,0,Outras,1.1428571428571428,Ocasionais,57933.51
79704,ENERGY ASSETS DO BRASIL LTDA,0,TOP TURBO,1.0,Ocasionais,271504.06
79702,ENERGY ASSETS DO BRASIL LTDA,0,TOP TURBO,1.0,Ocasionais,211705.32
79700,ENERGY ASSETS DO BRASIL LTDA,0,TOP TURBO,1.0,Ocasionais,24298.72
79699,ENERGY ASSETS DO BRASIL LTDA,0,TOP TURBO,1.0,Ocasionais,167856.07
79684,ENERGY ASSETS DO BRASIL LTDA,0,TOP TURBO,1.0,Ocasionais,206755.76
79671,ENERGY ASSETS DO BRASIL LTDA,0,TOP TURBO,1.0,Ocasionais,214475.64
79670,ENERGY ASSETS DO BRASIL LTDA,0,TOP TURBO,1.0,Ocasionais,75120.28
79616,JOCLAU TRANSPORTES LTDA,0,TOP TURBO,1.8,Regulares,27750.6
1657792,BAU MINERACAO S/A,0,Outras,1.0,Ocasionais,5371.85
1657788,F L TRANSPORTES E SERVICOS LTDA,0,TOP TURBO,2.8181818181818183,Regulares,60771.14
79525,SAO JORGE AUTO ONIBUS LTDA,0,TOP TURBO,2.1666666666666665,Regulares,52666.85
79500,EMAM - EMULSOES E TRANSPORTES LTDA,0,Outras,1.0,Ocasionais,29960.01
80978,AMF INDUSTRIA DE FILTROS - EIRELI,0,AV,1.0,Ocasionais,6139.24
80867,HERCULANO MINERACAO LTDA,0,AV,1.0,Ocasionais,129481.94
80782,TRANSPORTADORA RC LTDA,0,Outras,1.0,Ocasionais,3795.17
80673,SOUFER INDUSTRIAL LTDA.,0,HYDRA,1.5,Ocasionais,7446.6
80628,AUTO VIACAO CATARINENSE LTDA,0,Outras,1.0,Ocasionais,3008.72
80590,DISTRIBUIDORA DE BEBIDAS ACB LTDA,0,TOP TURBO,2.0,Regulares,5217.0
80556,AUTO VIACAO CATARINENSE LTDA,0,Outras,1.5714285714285714,Regulares,30759.0
80508,C. A. DE SOUZA SERVICOS AUTOMOTIVOS,0,Outras,1.0,Ocasionais,4126.27
80489,VIACAO ANCHIETA LTDA,0,Outras,1.25,Ocasionais,107940.38
80488,BRUNO HOFFMANN,0,TOP TURBO,3.5,Regulares,80509.14
80369,GAFOR S.A.,0,HYDRA XP,1.0,Ocasionais,1182.82
1657776,RIZZA TRANSPORTES LTDA,0,Outras,1.8333333333333333,Regulares,22598.51
80154,CONSORCIO DA USINA HIDRELETRICA DE,0,Outras,1.5555555555555556,Regulares,101778.08
80013,M. COLARITES CARVALHO & CIA. LTDA.,0,TOP TURBO,1.6521739130434783,Regulares,160796.76
79975,CENTRAIS ELETRICAS DO NORTE DO BRAS,0,AV,1.0,Ocasionais,199055.83
79970,AUTO VIACAO SAO LUIZ MG LTDA,0,Outras,1.5,Ocasionais,6440.32
81905,FRIGORIFICO VALE DO SAPUCAI LTDA -,0,Outras,1.6666666666666667,Regulares,38984.67
81859,GLASSER PISOS E PRE MOLDADOS LTDA,0,HYDRA XP,1.0,Ocasionais,174443.44
81789,GEES S/A,0,Outras,1.0,Ocasionais,1955.8
81341,RODO CARGO ENCOMENDAS URGENTES LTDA,0,TOP TURBO,2.260869565217391,Regulares,65977.79
81020,COOPERATIVA DE TRABALHO DOS PROFISS,0,TOP TURBO,2.111111111111111,Regulares,72740.97
1826480,TOP MINAS TRANSPORTE E LOGISTICA LT,0,TOP TURBO,1.5714285714285714,Regulares,17028.61
1826464,D'ANGELOS AREAL LTDA,0,TOP TURBO,1.3333333333333333,Ocasionais,6750.25
1826068,CONSTRUTORA TRIPOLONI LTDA,0,Outras,1.0,Ocasionais,15029.84
1826052,NUTEC IBAR FIBRAS CERAMICAS LTDA,0,HYDRA XP,1.0,Ocasionais,2465.17
1826047,JVP SERVICOS E LOCACOES LTDA,0,TOP TURBO,2.0,Regulares,3192.93
1825880,CARLOS MAURICIO VASCONCELOS GONZAGA,0,TOP TURBO,1.9090909090909092,Regulares,72579.23999999999
1825855,ABILIO PEDRO INDUSTRIA E COMERCIO L,0,TOP TURBO,3.25,Regulares,25079.480000000003
1825846,LUCANO INFRAESTRUTURA LTDA,0,Outras,1.0,Ocasionais,17148.9
1825556,EMPRESA DE TRANSPORTES MARTINS LTDA,0,GEAR,1.0,Ocasionais,2160.14
1825445,MRS SOLUCAO TRANSPORTES E TURISMO L,0,TOP TURBO PRO,1.0,Ocasionais,3140.53
1825421,ALIA TRANSPORTES LTDA,0,TOP TURBO,1.0,Ocasionais,2670.89
83084,GALVANI MINERACAO E PARTICIPACOES L,0,Outras,1.0,Ocasionais,3115.82
83015,VB TRANSPORTES E TURISMO LTDA.,0,TOP TURBO PRO,1.3333333333333333,Ocasionais,167536.86000000002
82933,PERFILADOS RIO DOCE LTDA,0,HYDRA XP,1.5555555555555556,Regulares,112895.16
82757,PERFILADOS RIO DOCE LTDA,0,HYDRA XP,1.5714285714285714,Regulares,57605.72
1657653,R&D MINERACAO E CONSTRUCAO LTDA,0,Outras,2.1666666666666665,Regulares,23761.82
1657245,TRANSWOOD TRANSPORTE E LOGISTICA LT,0,Outras,2.25,Regulares,43932.31
82569,GRECA DISTRIBUIDORA DE ASFALTOS LTD,0,Outras,1.0,Ocasionais,65329.65
1657040,VIX LOGISTICA S/A,0,Outras,1.7142857142857142,Regulares,158970.37
82428,SHAULLIN TRANSPORTADOR REVENDEDOR R,0,Outras,1.0,Ocasionais,26773.52
1657027,MINERACAO ALVORADA LTDA,0,Outras,1.9090909090909092,Regulares,20093.39
1629234,MAQTERRA TRANSPORTES E TERRAPLENAGE,0,Outras,1.5714285714285714,Regulares,36946.68
82104,COOPERNORTE - COOPERATIVA DE TRANSP,0,GL 5,1.9666666666666666,Regulares,138560.91999999998
1629221,BRAZUL TRANSPORTE DE VEICULOS LTDA,0,HYDRA XP,1.0,Ocasionais,4659.87
82056,MILDO ALVES ADMINISTRACAO COMERCIO,0,TOP TURBO,2.0,Regulares,31989.75
82047,DISTRIBUIDORA DE BEBIDAS ACB LTDA,0,TOP TURBO,1.0,Ocasionais,2112.84
81929,AVIGRO AVICOLA AGROINDUSTRIAL LTDA,0,Outras,1.75,Regulares,101644.29
1629049,"VAMOS LOCACAO DE CAMINHOES, MAQUINA",0,HYDRA XP,1.5,Ocasionais,70930.62999999999
83429,SANTA LUZIA ENGENHARIA E CONSTRUCOE,0,TOP TURBO,2.5,Regulares,20353.88
83418,CONTIL INDUSTRIA E COMERCIO LTDA,0,TOP TURBO,1.0,Ocasionais,7261.639999999999
1632553,ARISMILDO GONZAGA DE OLIVEIRA FILHO,0,Outras,1.0454545454545454,Ocasionais,150722.85
1825323,PEMA BENEFICIAMENTO DE MINERIOS LTD,0,Outras,1.6666666666666667,Regulares,35484.71
1825099,MINERACAO MARIA ROSA LTDA,0,TOP TURBO,1.0,Ocasionais,4567.08
1825085,MINERACAO QUATRO SIMOES LTDA,0,TOP TURBO,1.6,Regulares,10674.37
1825048,DINEX ENGENHARIA MINERAL LTDA,0,HYDRA,2.5555555555555554,Regulares,45715.0
1824946,UNIMETAL INDUSTRIA COMERCIO E EMPRE,0,GL 5,2.5833333333333335,Regulares,39476.39
1824823,MAGE MINERACAO LTDA,0,Outras,2.0,Regulares,24070.33
1824819,TRANSAUTO TRANSPORTES ESPECIALIZADO,0,TOP TURBO,3.5,Regulares,44234.28
1824733,"T S SERVICOS, TRANSPORTE E LOGISTIC",0,TOP TURBO,1.6,Regulares,15798.68
1824707,LUMER INDUSTRIA E COMERCIO DE PECAS,0,TOP TURBO,1.0,Ocasionais,2817.4
1824683,CEREALISTA RIGON LTDA,0,HYDRA XP,2.25,Regulares,20515.36
1824662,TERRAM ENGENHARIA DE INFRAESTRUTURA,0,TOP TURBO,2.3333333333333335,Regulares,28668.39
1824656,FUNDACAO DE APOIO AO INSTITUTO DE P,0,HYDRA XP,1.0,Ocasionais,1889.12
84703,NAVEGACAO RIO NEGRO S.A.,0,TOP TURBO,1.4651162790697674,Ocasionais,218796.73
84659,SHALOM ENGENHARIA LTDA,0,Outras,2.6,Regulares,33082.87
84644,TORA RECINTOS ALFANDEGADOS S/A,0,HYDRA XP,1.5,Ocasionais,3215.54
84513,"ALVES, BARRETO COMERCIO E CONSTRUCO",0,AV,2.1904761904761907,Regulares,71934.35
84451,OLIVIAL INDUSTRIA E COMERCIO LTDA,0,HYDRA,1.3333333333333333,Ocasionais,46180.11
1632358,TEST SERVICE MATERIAIS E SERVICOS E,0,AV,1.0,Ocasionais,33824.7
84420,BRASIL NORTE BEBIDAS S/A,0,Outras,1.0,Ocasionais,10343.14
84418,COOPERATIVA DE TRANSPORTE DE PETROL,0,TOP TURBO,1.0909090909090908,Ocasionais,69986.87
84396,VIACAO UNIAO SANTA CRUZ LTDA,0,TRM 5,1.5555555555555556,Regulares,136083.32
84378,TRANSPORTADORA IRMAOS VIEIRA LTDA.,0,Outras,2.0,Regulares,4863.62
84375,TRANSCON TRANSPORTES DE CARGAS LTDA,0,HYDRA XP,1.3333333333333333,Ocasionais,13126.65
84337,JAGUAR TRANSPORTES URBANOS LTDA,0,TOP TURBO,2.0,Regulares,130398.98
84269,VIACAO SAO FRANCISCO LTDA,0,Outras,3.0,Regulares,7660.24
83938,AGRODANIELI INDUSTRIA E COMERCIO LT,0,HYDRA XP,2.25,Regulares,79201.67
83721,REVENDEDORA DE PRODUTOS DE AVIACAO,0,TOP TURBO,1.0,Ocasionais,529.26
83686,LANZA TERRAPLENAGEM E COMERCIO LTDA,0,Outras,2.4285714285714284,Regulares,28594.33
1824481,MINERACAO DE CALCARIO MONTIVIDIU LT,0,HYDRA XP,1.0,Ocasionais,10116.44
1824473,AURABRASIL - TRANSPORTES MAQUINAS E,0,HYDRA,1.0,Ocasionais,7020.4
1824308,GEIL FREITAS NOGUEIRA,0,HYDRA XP,2.5,Regulares,12718.16
1824306,AURABRASIL - TRANSPORTES MAQUINAS E,0,HYDRA,2.0,Regulares,5806.43
1824303,AURABRASIL - TRANSPORTES MAQUINAS E,0,HYDRA,1.3333333333333333,Ocasionais,7869.38
1824302,AURABRASIL - TRANSPORTES MAQUINAS E,0,HYDRA,2.0,Regulares,3936.34
1824062,AURABRASIL - TRANSPORTES MAQUINAS E,0,HYDRA,1.0,Ocasionais,4580.29
1824040,AURABRASIL - TRANSPORTES MAQUINAS E,0,HYDRA,1.3333333333333333,Ocasionais,7543.53
1824039,AURABRASIL - TRANSPORTES MAQUINAS E,0,TOP TURBO,2.0,Regulares,3918.95
1824026,AURABRASIL - TRANSPORTES MAQUINAS E,0,HYDRA,1.3333333333333333,Ocasionais,13326.02
1824025,PLANTA SUL INSUMOS AGRICOLAS LTDA,0,GL 5,1.0,Ocasionais,2501.99
1824019,A MADEIRA INDUSTRIA E COMERCIO LTDA,0,Outras,1.8,Regulares,18698.59
85192,LDB TRANSPORTES DE CARGAS LTDA,0,TRM 5,3.0,Regulares,811.9
84974,CECOTRAL COMERCIO TRANSPORTES E SER,0,Outras,1.8,Regulares,58736.95
84723,TRANSMOB TRANSPORTES LTDA,0,HYDRA XP,1.0,Ocasionais,172531.58000000002
84722,VAMSERVICE LOGISTICA DE TRANSPORTE,0,TOP TURBO,1.1666666666666667,Ocasionais,16850.51
87370,TOSANA AGROPECUARIA LTDA,0,Outras,2.5,Regulares,15029.48
87368,BETUMES ITABIRA CONCRETO E ASFALTO,0,Outras,2.6666666666666665,Regulares,36329.79
87358,COMPANHIA HIDRO ELETRICA DO SAO FRA,0,HYDRA XP,3.0,Regulares,15811.48
87027,MARATA SUCOS DO NORDESTE LTDA.,0,HYDRA XP,1.5769230769230769,Regulares,57551.18
86989,OTD BRASIL LOGISTICA S/A,0,TOP TURBO,1.0,Ocasionais,1960.48
86932,TRANSPORTES ATM LTDA,0,TOP TURBO,3.0,Regulares,6782.2
1631880,C I CONSTRUTORA LTDA,0,TOP TURBO,1.0,Ocasionais,4574.46
86556,SANTA FE ENERGETICA S/A,0,HYDRA XP,1.1428571428571428,Ocasionais,47227.97
86450,KEPLER INDUSTRIAL E COMERCIAL LTDA,0,HYDRA XP,3.0,Regulares,2695.07
1631685,BERC ETANOL E AGRICULTURA LTDA,0,Outras,1.0,Ocasionais,2087.19
86074,JOSE AUGUSTO VIEIRA,0,TOP TURBO,2.0,Regulares,14776.91
85929,PLANATERRA-TERRAPLENAGEM E PAVIMENT,0,GEAR,1.3333333333333333,Ocasionais,8331.45
1631684,MELISSA TRANSPORTES E TURISMO LTDA,0,TOP TURBO PRO,1.0,Ocasionais,2637.24
85819,RUTIANE COUTO DA SILVA,0,TOP TURBO,1.3333333333333333,Ocasionais,33287.34
1631681,TRACADO CONSTRUCOES E SERVICOS LTDA,0,Outras,1.0,Ocasionais,3844.2
85613,OXITENO S A INDUSTRIA E COMERCIO,0,HYDRA XP,1.0,Ocasionais,448.63
1822692,EMBALEPACK * INDUSTRIALIZACAO E DIS,0,Outras,1.0,Ocasionais,11070.23
1822677,VIACAO MINAS GERAIS S.A,0,TOP TURBO,1.5,Ocasionais,11855.63
1822676,LUCENA INFRAESTRUTURA LTDA,0,Outras,1.0,Ocasionais,22250.43
1822673,SEMPRE EDITORA LTDA,0,Outras,1.0,Ocasionais,1026.93
1822658,FORNECEDORA ASFALTOS E PAVIMENTACAO,0,HYDRA XP,1.0,Ocasionais,8250.08
1631241,TRANSBOCHNIA TRANSPORTES LTDA,0,TOP TURBO,1.75,Regulares,27679.52
87878,TRANSPORTES JORGETO LTDA,0,GL 5,1.9090909090909092,Regulares,108791.05
87803,ASSOCIACAO DAS PIONEIRAS SOCIAIS,0,Outras,1.0,Ocasionais,4877.59
87768,UNIBASE CONSTRUCAO E PAVIMENTACAO L,0,TOP TURBO,1.8,Regulares,23666.13
1631158,COOPERATIVA DOS GRANJEIROS DO OESTE,0,TOP TURBO,1.5454545454545454,Regulares,35028.950000000004
87726,MB5 - COMERCIO IMPORTACAO E EXPORTA,0,TOP TURBO,1.25,Ocasionais,52497.7
1631150,ALTO TIETE TRANSPORTES LTDA,0,TOP TURBO,1.0,Ocasionais,20972.96
1630240,TECNOCON SOLUCOES PARA MISCELANEAS,0,Outras,1.0,Ocasionais,51281.630000000005
87459,VIACAO TRANSMARSICO LTDA,0,TOP TURBO,1.0,Ocasionais,15372.24
87451,RD SERVICOS E LOCACAO DE EQUIPAMENT,0,TOP TURBO,1.0,Ocasionais,9857.56
87382,O C S - MINERACAO E EMPREENDIMENTOS,0,HYDRA XP,1.457142857142857,Ocasionais,103368.84
1822059,LEAO DE FERRO LTDA,0,HYDRA XP,4.0,Frequentes,35417.42
1822044,GREIF EMBALAGENS INDUSTRIAIS DO BRA,0,HYDRA XP,1.6,Regulares,43738.36
1822017,38.214.783 FABIO AMARAL DA SILVA,0,Outras,1.0,Ocasionais,1160.1
90295,COOP. DOS EMPRESARIOS RURAIS DE CON,0,GL 5,1.0,Ocasionais,10612.76
90249,DIESEL MAIS TRANSPORTE E EQUIPAMENT,0,Outras,1.6666666666666667,Regulares,7087.85
1630236,ALIANCA E PENAPOLIS PARTICIPACOES S,0,GEAR,1.0,Ocasionais,7410.39
89504,TRANS ABC - TRANSPORTES RODOVIARIOS,0,TOP TURBO,2.0,Regulares,9795.2
89467,TRANSPORTADORA PECAL LTDA,0,TOP TURBO,1.1764705882352942,Ocasionais,83676.79
89420,JOSE QUINTAO DE OLIVEIRA,0,TOP TURBO,2.1538461538461537,Regulares,72902.15
88728,CONSIGAZ-DISTRIBUIDORA DE GAS LTDA,0,TOP TURBO,1.0,Ocasionais,9569.81
1630229,HYDRA ENGENHARIA E SANEAMENTO LTDA,0,Outras,2.3333333333333335,Regulares,9030.31
1823800,RODOVIAS DO SUL PAVIMENTADORA LTDA,0,HYDRA XP,2.0,Regulares,11770.16
1823795,CONCRESERV SUDESTE S/A.,0,HYDRA XP,5.0,Frequentes,23594.32
1823586,CAJABRITA MINERADORA LTDA,0,TOP TURBO,2.1,Regulares,58182.19
1823339,ISMAIL JOSE FERREIRA,0,TOP TURBO,5.0,Frequentes,33271.74
1822786,TEJUCANA MINERACAO SA,0,HYDRA XP,1.0,Ocasionais,3567.74
1630029,ACO VERDE DO BRASIL S/A,0,HYDRA XP,2.0,Regulares,9762.98
90970,SUPERMIX CONCRETO S/A,0,TOP TURBO,1.0,Ocasionais,6144.63
1629832,EXPRESSO NEPOMUCENO S/A,0,Outras,2.8,Regulares,65385.810000000005
90885,AR TURISMO AGENCIA DE VIAGENS E TUR,0,TOP TURBO,1.75,Regulares,34319.41
90724,EXPRESSO MINAS FRIOS LTDA.,0,TOP TURBO,1.88,Regulares,102921.43
90646,AUTO VIACAO CIRCULARE POCOS DE CALD,0,Outras,1.0,Ocasionais,2450.53
90633,ENERGY ASSETS DO BRASIL LTDA.,0,TOP TURBO,1.0,Ocasionais,119687.98
90588,EMPRESA AUTO VIACAO JUREMA SA,0,Outras,1.6428571428571428,Regulares,60237.54
1822393,JOSE HENRIQUE GUIMARAES,0,HYDRA,2.7142857142857144,Regulares,31816.33
1822388,GRANDE SERTAO III TRANSMISSORA DE E,0,Outras,1.6666666666666667,Regulares,33173.06
1822378,GRAN MAXIMUS COOPERATIVA DE TRANSPO,0,TOP TURBO,1.0,Ocasionais,637.22
1822355,ANTONIO DIOGO RIBEIRO BARBOSA,0,TOP TURBO,1.5,Ocasionais,5690.19
1822352,CONSTRUTORA LUIZ COSTA LTDA,0,Outras,1.0,Ocasionais,2168.28
1822336,GREIF EMBALAGENS INDUSTRIAIS DO BRA,0,HYDRA XP,1.0,Ocasionais,35227.76
1822254,GREIF EMBALAGENS INDUSTRIAIS DO BRA,0,HYDRA XP,2.0,Regulares,59601.64
1822252,GREIF EMBALAGENS INDUSTRIAIS DO BRA,0,HYDRA XP,1.4285714285714286,Ocasionais,61407.39
91289,SUPERMIX CONCRETO S/A,0,GL 5,1.0,Ocasionais,959.63
91288,SUPERMIX CONCRETO S/A,0,GL 5,1.0,Ocasionais,718.85
91287,SUPERMIX CONCRETO S/A,0,Outras,1.8,Regulares,22687.64
1822015,SUPERTEX CONCRETO LTDA EM RECUPERAC,0,HYDRA,3.75,Frequentes,20328.82
1821838,SUPERTEX CONCRETO LTDA EM RECUPERAC,0,HYDRA,2.0,Regulares,8360.3
1821789,ANTONIO CELSO BERNARDES DE OLIVEIRA,0,GL 5,2.0,Regulares,5257.16
1821683,JOSE AUGUSTO VIEIRA,0,TOP TURBO,1.5,Ocasionais,4457.82
1821678,JOSE AUGUSTO VIEIRA,0,GL 5,2.0,Regulares,5100.91
1629830,"PONTE ALTA - LOCADORA DE VEICULOS,",0,TOP TURBO,1.0,Ocasionais,2090.55
1820975,BETMASSA LTDA,0,Outras,2.0,Regulares,3492.23
1820778,LIME STONE LTDA,0,GEAR,2.0,Regulares,7372.639999999999
1820777,VILASA CONSTRUTORA S/A.,0,TOP TURBO,5.0,Frequentes,15241.22
1820431,MAE RAINHA URBANISMO LTDA,0,Outras,1.8571428571428572,Regulares,68600.8
91130,LONDRINA SUL TRANSPORTE COLETIVO LT,0,Outras,1.3333333333333333,Ocasionais,23152.1
91030,SUPERMIX CONCRETO S/A,0,GL 5,1.0,Ocasionais,482.97
91006,DUQUE COMERCIO DE GAS E OXIGENIO LT,0,TOP TURBO,1.1818181818181819,Ocasionais,33609.69
1819445,R&D MINERACAO E CONSTRUCAO LTDA,0,GEAR,1.5,Ocasionais,7285.67
1633451,ANALOG TRANSPORTES LTDA,0,TOP TURBO,1.0,Ocasionais,14499.9
1819231,BETEL TRANSPORTES DE CONTAINERS LTD,0,TOP TURBO,1.5714285714285714,Regulares,66074.66
92827,ARMANI TRANSPORTES S/A,0,TOP TURBO PRO,1.4545454545454546,Ocasionais,124182.89
92748,VULCAFLEX INDUSTRIA E COMERCIO LTDA,0,GEAR,1.2222222222222223,Ocasionais,44886.93
92616,BERNARDI SERVICOS DE TERRAPLENAGEM,0,TOP TURBO,1.3333333333333333,Ocasionais,8110.85
92590,RODOFAMA - TRANSPORTES RODOVIARIOS,0,TOP TURBO,1.28,Ocasionais,198466.13
92271,SUPERMIX CONCRETO S/A,0,HYDRA,1.0,Ocasionais,5163.95
92173,PLAST'BEL LTDA,0,HYDRA XP,1.2222222222222223,Ocasionais,90557.4
92004,TRANSMASUT TRANSPORTES LTDA,0,Outras,1.0,Ocasionais,1925.82
91807,SUPERMIX CONCRETO S/A,0,GL 5,1.0,Ocasionais,2303.36
91748,VIACAO ITUPEVA LTDA,0,TOP TURBO,1.6666666666666667,Regulares,115829.05
91474,SUPERMIX CONCRETO S/A,0,HYDRA XP,1.5,Ocasionais,19556.16
91406,SUPERMIX CONCRETO S/A,0,GL 5,1.9230769230769231,Regulares,56011.09
91349,CESAR TRANSPORTES LTDA,0,Outras,4.0,Frequentes,3951.98
91291,SUPERMIX CONCRETO S/A,0,GL 5,1.0,Ocasionais,2409.57
1633433,TUKA RENTAL - LOCACAO DE EQUIPAMENT,0,Outras,1.0,Ocasionais,19173.91
1656770,EXE MINERAL - ENG. E MINERACAO LTDA,0,TOP TURBO,1.0,Ocasionais,3814.61
92887,AUTO VIACAO VENANCIO AIRES LTDA,0,TOP TURBO,3.5,Regulares,19902.61
1655069,AGROINDUSTRIA BOTAO DE SOLA EIRELI,0,TOP TURBO,2.0,Regulares,4838.27
1820338,MARIA ELBA RODRIGUES CHAVES,0,Outras,1.0,Ocasionais,15441.0
1654931,NATAL TUG APOIO PORTUARIO LTDA,0,TOP TURBO,1.3333333333333333,Ocasionais,61902.16
1820291,EMFLORA SERVICOS E EMPREENDIMENTOS,0,HYDRA,2.3333333333333335,Regulares,6010.27
1820265,MARQUESPAN INDUSTRIA DE ALIMENTOS L,0,TOP TURBO,1.0,Ocasionais,17593.84
1820099,CONSTRUTORA VIEIRA LTDA.,0,HYDRA XP,2.0,Regulares,11391.65
1819837,LECHMAN TERMINAIS LTDA,0,Outras,1.0,Ocasionais,4882.86
1819813,LITORAL PESCADOS LTDA,0,Outras,1.0,Ocasionais,28036.0
1819659,LEAL & TRANSPORTE AGENCIA DE VIAGEM,0,TOP TURBO,1.0,Ocasionais,4607.93
1819571,VIVO EMPREENDIMENTOS E LOCACOES LTD,0,TOP TURBO PRO,2.1,Regulares,22707.56
1654905,BRAVO ARMAZENS GERAIS LTDA,0,HYDRA XP,1.6666666666666667,Regulares,26711.17
1819469,"ARMAC LOCACAO, LOGISTICA E SERVICOS",0,Outras,1.0,Ocasionais,760.55
1819447,MARDEN ARAUJO OLIVEIRA,0,TOP TURBO,3.0,Regulares,41296.29
1654904,"TONIOLO, BUSNELLO S/A - TUNEIS, TER",0,Outras,2.0,Regulares,27041.85
94500,SUPERMIX CONCRETO S/A,0,GL 5,2.0,Regulares,4836.29
94456,EXPRESSO NORDESTE LINHAS RODOVIARIA,0,TOP TURBO PRO,1.0,Ocasionais,5314.200000000001
94408,RODONAVES TRANSPORTES E ENCOMENDAS,0,Outras,1.0,Ocasionais,1151.71
94309,TRANSPORTADORA PLANALTO LTDA,0,TOP TURBO,2.0,Regulares,15612.13
1654898,"TONIOLO, BUSNELLO S/A - TUNEIS, TER",0,HYDRA XP,2.0,Regulares,21286.86
94082,COPRAL COMERCIO E NAVEGACAO LTDA.,0,TOP TURBO,1.5555555555555556,Regulares,37441.03
93907,IRMAOS GONCALVES COMERCIO E INDUSTR,0,HYDRA,1.875,Regulares,99910.48
93843,REAL COMERCIO DE ALUMINIO LTDA,0,TOP TURBO,5.0,Frequentes,5429.71
93838,GINO CACCIARI TEXTEIS TECNICOS LTDA,0,Outras,1.5,Ocasionais,5545.21
93461,"MORAIS, MARQUES & CIA LTDA",0,Outras,2.176470588235294,Regulares,39238.19
93458,CADROS ENGENHARIA E CONSTRUCOES LTD,0,HYDRA XP,1.0,Ocasionais,1964.08
1654704,VALOREM AGRONEGOCIOS PTM LTDA,0,Outras,3.5,Regulares,24909.75
93205,ELETROMEDICA MANUTENCAO DE APARELHO,0,AV,1.0,Ocasionais,8134.09
93191,E C NASCIMENTO E CIA LTDA,0,TOP TURBO,2.0,Regulares,5185.47
1654210,ELETRICA VOLT COM. E IMPORTACAO LTD,0,AV,1.0,Ocasionais,4671.5
95452,VIACAO ARACATUBA LTDA,0,Outras,1.2857142857142858,Ocasionais,34887.82
95196,VIANEL TRANSPORTES LTDA,0,Outras,2.8,Regulares,9485.71
95142,PROQUIGEL QUIMICA S/A,0,HYDRA XP,1.75,Regulares,151503.87
94639,UBYRATAN DE ALMEIDA SANTOS,0,TOP TURBO,2.8,Regulares,35260.1
94554,CCL - CONCRETO LTDA,0,HYDRA XP,1.3333333333333333,Ocasionais,82145.48
94551,D A COIMBRA PESCADOS INDUSTRIA E CO,0,Outras,1.0,Ocasionais,22180.51
1818166,PRIMOTECH LOGISTICA E SERVICOS LTDA,0,TOP TURBO PRO,1.0,Ocasionais,5912.01
1818157,CAMERA GREEN LTDA,0,HYDRA XP,1.0,Ocasionais,27913.02
1818050,CALTINS CALCARIO TOCANTINS LTDA,0,Outras,1.0,Ocasionais,5649.0
1818042,DEZ DE ABRIL LEV CARGA SPE LTDA,0,GL 5,3.0,Regulares,24259.69
1653976,3R MACAU S.A.,0,GEAR,1.5,Ocasionais,75360.25
1817941,HIBRIA RENTAL LTDA,0,GL 5,2.0,Regulares,93978.17
1817930,MINERACAO GESSOTINS DO MARANHAO LTD,0,Outras,1.8571428571428572,Regulares,24019.77
1816910,TRANSPORTE SERGIPE I S.A.,0,TOP TURBO,2.090909090909091,Regulares,105436.77
1816905,ZETTABRAS ENERGIA LTDA,0,AV,1.0,Ocasionais,14686.26
1816888,BARRETO NOMAN DISTRIBUIDORA DE BEBI,0,TOP TURBO PRO,2.6666666666666665,Regulares,6701.75
96347,HELGA FRANCA DE PAIVA E OUTROS,0,Outras,2.1666666666666665,Regulares,32949.15
96221,LENOBETAO LTDA,0,HYDRA XP,1.5,Ocasionais,8907.33
96187,RIZZA TRANSPORTES LTDA,0,TOP TURBO,1.7,Regulares,34299.47
96116,NORDESTE TRANSPORTES LTDA,0,TOP TURBO PRO,1.0,Ocasionais,37732.96
95968,EXPRESSO FLORIANO LTDA,0,TOP TURBO,1.88,Regulares,39515.33
95850,PRLOG LOGISTICA E TRANSPORTE LTDA,0,Outras,1.0,Ocasionais,474.27
1816709,MAURICIO TOLEDO JACOB,0,TOP TURBO,2.0,Regulares,6511.849999999999
1816644,BUDEL TRANSPORTES LTDA,0,Outras,1.0,Ocasionais,14413.78
1816218,"ARMAC LOCACAO, LOGISTICA E SERVICOS",0,TOP TURBO,3.3333333333333335,Regulares,35255.46
1816209,LEMOS ENERGIA LTDA,0,AV,1.0,Ocasionais,18398.18
1815532,DOMART ALIMENTOS LTDA,0,HYDRA,1.0,Ocasionais,7374.34
1815328,PAULA SOUZA TRANSPORTES LTDA,0,TOP TURBO,1.0,Ocasionais,2284.54
1815011,JEFFERSON BATISTA AMARAL,0,TOP TURBO,2.0,Regulares,5306.43
95602,CENTRALFER - CENTRAL DE FERRO LTDA,0,HYDRA XP,2.0,Regulares,22603.96
95500,INDIAVAI ENERGETICA S.A.,0,Outras,1.25,Ocasionais,21398.52
95459,FAUSTINO TRANSPORTES LTDA,0,TOP TURBO,2.125,Regulares,84282.92
96958,MARGARIDA DAS GRACAS SILVA,0,TOP TURBO,3.0,Regulares,6908.24
96854,INTEC INTEGRACAO NACIONAL DE TRANSP,0,TOP TURBO,1.0,Ocasionais,9889.76
96851,COOTRAPS - COOPERATIVA DOS TRANSPOR,0,TOP TURBO PRO,1.9090909090909092,Regulares,24836.19
96807,ANTONIO MARCOS SANTOS,0,Outras,1.0,Ocasionais,20818.31
1814840,MULTIMIX COMERCIO DE CONCRETO DE TE,0,HYDRA XP,1.0,Ocasionais,52475.27
1814817,ROSARIO DO CATETE AMBIENTAL SOCIEDA,0,Outras,1.75,Regulares,15442.84
1814816,SPE MACEIO AMBIENTAL S/A,0,Outras,1.0,Ocasionais,8476.09
1814813,ORIZON SOROCABA BLENDAGEM S.A.,0,HYDRA XP,2.0,Regulares,3961.94
1814655,COMBER LOGISTICA LTDA,0,HYDRA,1.25,Ocasionais,49242.11
1814559,ECO LAGOS INDUSTRIA DE METAIS LTDA,0,TOP TURBO PRO,1.0,Ocasionais,2633.2
1814320,MCN MINERACAO CENTRO NORTE LTDA,0,GEAR,1.0,Ocasionais,5357.58
1814317,ECO LAGOS INDUSTRIA DE METAIS LTDA,0,TOP TURBO PRO,1.0,Ocasionais,2644.52
1814286,AMBIPAR ENVIRONMENTAL SOLUTIONS - S,0,TOP TURBO PRO,2.5,Regulares,5745.89
1653969,HORTI-REI COMERCIO DE ALIMENTOS LTD,0,TOP TURBO PRO,1.0,Ocasionais,10630.73
96805,ALISANDRA PATRICIA DE OLIVEIRA CARV,0,Outras,1.0,Ocasionais,2238.84
96804,TRIGO MINAS TRANSPORTES E COMERCIO,0,TOP TURBO,2.2,Regulares,37349.02
98117,NOVA ROCHA INDUSTRIA DE TINTAS LTDA,0,HYDRA,3.0,Regulares,6355.28
98091,ROSEIRA EXTRACAO E COMERCIO DE AREI,0,Outras,2.0,Regulares,35025.1
98075,EUROMODAL TRANSP.LTDA ME,0,TOP TURBO,1.0,Ocasionais,2245.1
97986,TOPVAN TRANSPORTE RODOVIARIO DE CAR,0,TOP TURBO,1.3333333333333333,Ocasionais,7761.849999999999
97898,CASA DI CONTI LTDA,0,Outras,1.793103448275862,Regulares,108216.11
97844,GUANABARA EXPRESS TRANSPORTE DE CAR,0,TOP TURBO,1.5,Ocasionais,4951.700000000001
1653762,MAQTERRA TRANSPS. E TERRAP. LTDA,0,Outras,1.0,Ocasionais,6459.97
97693,AURICCHIO BARROS EXTRACAO COM AREIA,0,Outras,1.7777777777777777,Regulares,28456.36
1633421,COMPANHIA BRASILEIRA DE ESTIRENO,0,AV,1.3333333333333333,Ocasionais,44785.41
97425,VIACAO MINAS GERAIS LTDA,0,GL 5,1.5555555555555556,Regulares,61485.74
97407,VIACAO MOTTA LIMITADA,0,Outras,1.0,Ocasionais,5244.92
97388,TRANSRESIDUOS AMBIENTAL S/A,0,HYDRA,1.0,Ocasionais,50416.74
97371,ARAPETRO DISTRIBUIDORA DE PETROLEO,0,Outras,1.0,Ocasionais,4368.55
97340,VIA VERDE TRANSPORTES COLETIVOS LTD,0,Outras,1.75,Regulares,109499.33
97287,OLEOQUIMICA INDUSTRIA E COMERCIO DE,0,Outras,1.1428571428571428,Ocasionais,17255.91
97234,PEDREIRA IMBOASSICA LTDA,0,GEAR,3.0,Regulares,22725.33
99115,PEDRIX PAVIMENTACAO LTDA.,0,Outras,1.0,Ocasionais,30758.3
99073,FASI TRANSPORTES LTDA,0,TOP TURBO,2.5,Regulares,23963.9
99060,TUBOLAR INDUSTRIA E COMERCIO DE PLA,0,TOP TURBO,2.0,Regulares,4444.42
99044,PROVIA PAVIMENTADORA LTDA,0,HYDRA XP,4.0,Frequentes,23879.16
1632861,RICCO TRANSPORTES E TURISMO LTDA,0,TOP TURBO,1.0,Ocasionais,53731.18
1637911,ENGIE SOLUCOES DE OPERACAO E MANUTE,0,Outras,1.0,Ocasionais,944.53
1637904,CBC - CONSTRUTORA BATISTA CAVALCANT,0,Outras,1.0,Ocasionais,2933.19
1637897,ENGIE SOLUCOES DE OPERACAO E MANUTE,0,HYDRA XP,1.0,Ocasionais,654.76
98671,3Z MOVIMENTACAO INTELIGENTE LTDA.,0,Outras,1.75,Regulares,77890.04
98670,MINERACAO VERA CRUZ LTDA,0,Outras,1.0,Ocasionais,3257.57
98649,ANTONIO CLOVIS MAZZOCHI,0,TOP TURBO,2.5384615384615383,Regulares,44703.93
98541,THAIRO BARROSO BASTOS DE SANTIAGO,0,Outras,1.6666666666666667,Regulares,87155.29000000001
98394,STME MANUTENCAO E MONTAGENS LTDA,0,AV,1.0,Ocasionais,14523.25
98330,EXPRESSO NOSSA SENHORA DA PENHA LTD,0,Outras,1.0,Ocasionais,2037.28
98200,MAF - LOCACAO COMERCIO E TRANSPORTE,0,TOP TURBO,1.2222222222222223,Ocasionais,45632.86
98164,TRANSPORTADORA PORTO FERREIRA LTDA,0,TOP TURBO PRO,3.3333333333333335,Regulares,31349.58
1637253,RECICLAGEM INDUSTRIA E COMERCIO DE,0,HYDRA XP,1.0,Ocasionais,2632.12
1814116,COLOMBO BIOENERGIA S.A. UTE 4,0,Outras,1.0,Ocasionais,196455.6
1813959,CONDOMINIO EDIFICIO WELLINGTON,0,AV,1.0,Ocasionais,1983.73
1813953,VIACAO AGUIA BRANCA S A,0,TOP TURBO PRO,1.1111111111111112,Ocasionais,276663.61
1813939,ENEVA S.A.,0,TOP TURBO,1.0,Ocasionais,2165.53
1813624,VERDE VALE TRANSPORTES URBANOS E RO,0,TOP TURBO,4.0,Frequentes,16435.57
1813610,VIACAO PARAIBA DO SUL LTDA,0,TOP TURBO PRO,1.6666666666666667,Regulares,9277.28
1813592,VERDE VALE TRANSPORTES URBANOS E RO,0,TOP TURBO,2.8333333333333335,Regulares,29317.45
1813580,AF MINERACAO LTDA,0,TOP TURBO,2.272727272727273,Regulares,56803.2
1813571,GOLD CONTAINERS LTDA,0,Outras,1.0,Ocasionais,10393.49
1813531,CONSTRUTORA SANCHES TRIPOLONI LTDA,0,HYDRA XP,1.0,Ocasionais,2093.61
1813530,ADAILTON SAWARIS,0,TOP TURBO,3.0,Regulares,13392.82
1813455,PS GUAIRA SISTEMAS DE IRRIGACAO LTD,0,GL 5,1.5,Ocasionais,5465.08
1813443,LEAO LOGISTICA E TRANSPORTES LTDA,0,TOP TURBO,1.0,Ocasionais,4330.81
99153,P & W IGARAPE TRANSPORTES LTDA,0,GL 5,1.3846153846153846,Ocasionais,81670.06999999999
99135,TRANSPORTADORA FREZZARIN LTDA,0,TOP TURBO,1.4761904761904763,Ocasionais,172896.0
101006,BETTANIA ONIBUS LTDA,0,TOP TURBO,1.0,Ocasionais,9897.2
100834,TRANSBRASILIANA - CONCESSIONARIA DE,0,HYDRA,1.6666666666666667,Regulares,52293.380000000005
100587,RODE TRANSPORTES E SERVICOS DE REBO,0,TOP TURBO,2.0555555555555554,Regulares,28261.69
100536,WHITE MARTINS GASES INDUSTRIAIS DO,0,HYDRA XP,1.125,Ocasionais,42287.03
100515,EMPRESA DE TRANSPORTE URBANO E RODO,0,TOP TURBO,1.4666666666666666,Ocasionais,74362.19
100475,GRECA DISTRIBUIDORA DE ASFALTOS LTD,0,Outras,1.0,Ocasionais,51583.22
100443,TRANSFERNATA LTDA,0,TOP TURBO PRO,1.7142857142857142,Regulares,72736.8
100338,TRANSPORTES VILA ISA LTDA,0,TOP TURBO,1.5,Ocasionais,13480.760000000002
100328,LIPPAUS LOGISTICA LTDA,0,TOP TURBO,1.5,Ocasionais,12289.56
100310,FRIJEL DISTRIBUIDOR DE ALIMENTOS LT,0,GL 5,3.0,Regulares,2532.08
100267,REAME - TRANSPORTES LIMITADA,0,TOP TURBO,3.0,Regulares,6324.5
100011,TOC TERMINAIS DE OPERACAO DE CARGAS,0,TOP TURBO,1.0,Ocasionais,7705.16
99771,ENGIE BRASIL ENERGIA S.A.,0,AV,1.0,Ocasionais,10349.24
99733,MINERACAO AOKI TAUBATE LTDA,0,TOP TURBO,1.4,Ocasionais,67157.53
99715,PORTO DE AREIA TUBARAO LTDA,0,TOP TURBO,1.3333333333333333,Ocasionais,10701.02
99522,PANTALEAO ARTEFATOS DE CIMENTO LTDA,0,HYDRA,1.3333333333333333,Ocasionais,40794.52
1637247,ABRASIL COMERCIO DE PREMOLDADOS LTD,0,TOP TURBO,2.2,Regulares,22411.75
101155,VIACAO CAMPO GRANDE LTDA,0,TOP TURBO,2.1,Regulares,113079.17
101143,AUTO LOCADORA IRIGARAY LTDA,0,TOP TURBO,2.0,Regulares,22371.550000000003
1813432,PRONTO PLAN RENTAL LTDA,0,TOP TURBO,2.0,Regulares,48857.53
1813430,J.M. BERGAMINI - TRANSPORTES LTDA,0,Outras,2.25,Regulares,123955.43
1813329,J DANTAS S/A ENGENHARIA E CONSTRUCO,0,TOP TURBO,3.0,Regulares,90456.91
1812861,GUIMAX SERVICOS E LOCACOES DE EQUIP,0,TOP TURBO,2.0,Regulares,9599.52
1812857,PROCEL PROJETOS E CONSTRUCOES ELETR,0,HYDRA XP,1.5,Ocasionais,17254.96
1812779,EVOLUCAO TRANSPORTES E LOGISTICA LT,0,TOP TURBO,1.0,Ocasionais,2468.32
1812776,AJM BLOCOS INDUSTRIA E COMERCIO LTD,0,HYDRA XP,1.2,Ocasionais,17238.43
1812772,JOSE AUGUSTO VIEIRA,0,GL 5,4.0,Frequentes,3004.19
1812688,PRONTO PLAN RENTAL LTDA,0,TOP TURBO,2.0833333333333335,Regulares,62424.57
1812682,GLOBAL S/A TRANSPORTES URBANO,0,Outras,3.0,Regulares,55594.11
1812666,MJ CONSULTORIA E ENGENHARIA LTDA,0,TOP TURBO,1.2857142857142858,Ocasionais,88424.74
101139,SUPERMIX CONCRETO S/A,0,HYDRA XP,1.3333333333333333,Ocasionais,39084.34
101021,CASCATINHA TRANSPORTES COLETIVO DE,0,TOP TURBO PRO,1.0,Ocasionais,2848.1
103062,RODOVIARIO 3 IRMAOS PIRACICABA LTDA,0,TOP TURBO,1.6875,Regulares,87839.01
102953,JURANDI VIEIRA DE SOUSA & CIA LTDA,0,TOP TURBO,1.911764705882353,Regulares,68919.01
1637244,TRANSPORTADORA CORTESIA LTDA,0,TOP TURBO,3.0,Regulares,7820.24
1637240,ENGIE SOLUCOES DE OPERACAO E MANUTE,0,HYDRA XP,3.0,Regulares,3827.9
102356,GHELERE TRANSPORTES LTDA,0,TOP TURBO PRO,1.8,Regulares,15591.99
1636523,T. GUSMAO IND. E COM. LTDA,0,Outras,1.1612903225806452,Ocasionais,112289.0
102031,CDK INDUSTRIA E COMERCIO DE EQUIPAM,0,AV,1.0,Ocasionais,4115.62
102029,AGROPECUARIA VISTA ALEGRE LTDA,0,HYDRA XP,1.4,Ocasionais,32689.44
101792,ANDALUZ LOGISTICA E TRANSPORTES LTD,0,TOP TURBO,1.5,Ocasionais,4477.19
101791,TOP STONE MINERACAO LTDA,0,Outras,2.75,Regulares,38422.92
101774,COOPERATIVA DOS TRANSPORTADORES AUT,0,TOP TURBO,1.0,Ocasionais,150872.35
101662,FRANCISCO MOREIRA DA SILVA,0,Outras,1.0,Ocasionais,8399.89
101623,VIACAO BRASILIA S/A,0,TOP TURBO,1.2,Ocasionais,23318.4
1636377,EXPRESSO BARAO E SANTA LUZIA LTDA,0,Outras,1.0,Ocasionais,2101.22
101551,TRANSPPASS TRANSPORTE DE PASSAGEIRO,0,TOP TURBO,1.0,Ocasionais,10609.49
1635888,MELISSA TRANSPORTES E TURISMO LTDA,0,TOP TURBO,1.5,Ocasionais,9259.49
103560,AGL EQUIPAMENTOS E SERVICOS LTDA,0,Outras,1.875,Regulares,15459.34
103470,MARCIO ANTONIO BORGES MAZETO,0,Outras,1.3,Ocasionais,61338.57
1812571,AUTOPORT TRANSPORTES E LOGISTICA LT,0,Outras,1.0,Ocasionais,4560.13
1812553,LUSOMAR SHIP SUPPLY LTDA,0,Outras,1.0,Ocasionais,7090.0
1812326,TRANSCHIOZINI LTDA,0,HYDRA,1.0,Ocasionais,519.07
1812235,CRISLUCIO TRANSPORTES LTDA,0,TOP TURBO,1.0,Ocasionais,3736.26
1812229,POLICAL INDUSTRIAL DE CAL LTDA,0,TOP TURBO,2.0,Regulares,6078.31
1812220,M M ALUMINIO INDUSTRIA E COMERCIO L,0,Outras,1.0,Ocasionais,461.36
1811702,R&D MINERACAO E CONSTRUCAO LTDA,0,TOP TURBO,3.0,Regulares,8635.63
1811531,"ARMAC LOCACAO, LOGISTICA E SERVICOS",0,Outras,3.0,Regulares,1725.74
1811520,"ARMAC LOCACAO, LOGISTICA E SERVICOS",0,TOP TURBO,2.75,Regulares,13820.71
1811504,JOSE MARCOS TREVISO,0,Outras,1.0,Ocasionais,12337.15
1635069,EMPA S/A SERVICOS DE ENGENHARIA,0,TOP TURBO,5.0,Frequentes,14323.95
103215,LUFETEC INDUSTRIA COMERCIO E SERVIC,0,TOP TURBO,1.56,Regulares,136479.79
103201,TORA TRANSPORTES LTDA,0,TOP TURBO PRO,1.8333333333333333,Regulares,91028.61
103193,MAURILO RODRIGUES,0,TOP TURBO,1.0,Ocasionais,8502.91
1810203,MOVIDA PARTICIPACOES S.A.,0,Outras,1.0,Ocasionais,24719.21
1634810,TRANSMENTO LOGISTICA LTDA,0,TOP TURBO,1.75,Regulares,27637.13
105319,MODAL TRANSPORTES LTDA,0,GL 5,1.4545454545454546,Ocasionais,33107.97
105233,SOCIEDADE EMPRESARIAL DE COLETA E T,0,HYDRA,2.0,Regulares,4075.31
105172,ICEPORT TERMINAL FRIGORIFICO DE NAV,0,Outras,1.2,Ocasionais,68147.07
104937,SAO MIGUEL INCORPORACOES E PARTICIP,0,TOP TURBO,2.5,Regulares,52251.380000000005
104840,TECNO DESIGN INDUSTRIA E COMERCIO L,0,AV,1.0,Ocasionais,20097.34
104827,TRANS-M TRANSPORTES LTDA,0,TOP TURBO,2.5,Regulares,44335.96
104648,JORGE ELIAS FERREIRA,0,Outras,2.75,Regulares,58791.66
104623,F. RODRIGUES & CIA LTDA,0,Outras,1.0,Ocasionais,7582.99
104504,VIACAO SAO GERALDO LTDA,0,TOP TURBO PRO,1.2857142857142858,Ocasionais,81326.69
104389,VITRAN VIACAO TRANSPORTE E TURISMO,0,TOP TURBO,2.5714285714285716,Regulares,13452.95
103703,TAXI LOTACAO HUMAITA LTDA,0,TOP TURBO,1.3636363636363635,Ocasionais,33598.21
103701,TAXI LOTACAO IAPI LTDA,0,TOP TURBO,1.0,Ocasionais,10401.35
1634250,ENGIE SOLUCOES DE OPERACAO E MANUTE,0,Outras,1.1111111111111112,Ocasionais,145005.05
103685,TAXI LOTACAO MORRO SANTANA LTDA,0,TOP TURBO,1.5,Ocasionais,7522.96
105798,CONSTRUTORA CARNEIRO AZEVEDO LTDA,0,TOP TURBO,1.380952380952381,Ocasionais,98261.7
105759,BLOCOMAR LTDA,0,GEAR,1.5,Ocasionais,10724.34
105737,VIACAO CIDADE PARAISO LTDA,0,Outras,1.2058823529411764,Ocasionais,82653.11
105666,TEIXEIRA E TEIXEIRA TRANSPORTADORA,0,TOP TURBO,1.0,Ocasionais,21488.99
105602,SILA CAR LOCADORA LTDA,0,Outras,2.0,Regulares,16501.19
105412,TRANSPORTADORA MARQUES ROBERTO LTDA,0,TOP TURBO,1.0,Ocasionais,20243.9
1811503,T E M CAMPOS,0,HYDRA XP,1.0,Ocasionais,3302.3
1811203,EXPRESSO PLANALTO TRANSPORTE E LOGI,0,TOP TURBO,1.0,Ocasionais,2851.01
1811110,CONSORCIO PRICE LIST,0,TOP TURBO,1.6666666666666667,Regulares,18123.65
1810589,JOSE DIEGO COUTO DA SILVA,0,Outras,1.0,Ocasionais,24914.88
1810586,LEAO BRASIL TRANSPORTES E EQUIPAMEN,0,Outras,2.7142857142857144,Regulares,33579.49
1810584,AMBIPAR ENVIRONMENT CIRCULAR ECONOM,0,HYDRA XP,2.3333333333333335,Regulares,62018.24
1810567,PLATAFORMA TRANSPORTES SPE S/A,0,Outras,2.076923076923077,Regulares,88329.28
1810392,EOLICA ITAREMA I S.A.,0,AV,1.0,Ocasionais,22186.94
1810299,AVR CONSTRUCOES LTDA,0,Outras,2.6,Regulares,97684.65
1810204,AVR CONSTRUCOES LTDA,0,TOP TURBO,1.5,Ocasionais,25179.06
1808862,CREDICAR LOCADORA DE VEICULOS LTDA,0,Outras,1.4,Ocasionais,9520.83
106526,EXPRESSO TRES FRONTEIRAS LTDA,0,TOP TURBO,1.0,Ocasionais,59923.91
106522,VIACAO VICOSA LTDA,0,TOP TURBO,1.0,Ocasionais,2174.41
106521,VIACAO ITAPETINGA LTDA.,0,TOP TURBO,1.35,Ocasionais,126869.41
106520,COLETIVOS RIO BRANCO LTDA,0,TOP TURBO,1.1666666666666667,Ocasionais,40263.54
106517,VIACAO UBA TRANSPORTES LTDA,0,TOP TURBO,2.6,Regulares,37420.85
1633965,ENGIE SOLUCOES DE OPERACAO E MANUTE,0,Outras,1.125,Ocasionais,130248.89
106178,D. CENTER DISTRIBUIDORA LTDA.,0,TOP TURBO,1.2727272727272727,Ocasionais,44259.32
106164,PFIFFNER DO BRASIL INDUSTRIA E COME,0,Outras,1.0,Ocasionais,71652.58
1633959,COMPANHIA DE ALIMENTOS DO NORDESTE,0,GEAR,1.5,Ocasionais,7531.28
1633917,PIRECAL PIRENOPOLIS CALCARIO LTDA,0,HYDRA,1.5,Ocasionais,50532.33
106031,CONTEK ENGENHARIA S/A,0,Outras,3.0,Regulares,22421.62
1638117,A J INDUSTRIA E COMERCIO DE PESCADO,0,Outras,1.0,Ocasionais,3595.31
105860,BRANCOTEX IND.QUIM.LTDA,0,TOP TURBO,1.0,Ocasionais,2267.89
105821,CDGN LOGISTICA SA,0,Outras,1.0,Ocasionais,6116.17
105808,ATEX EUROINJET INDUSTRIA E COMERCIO,0,HYDRA,1.1,Ocasionais,25237.34
108023,TRANSPORTE RODOVIARIO NORDESTINO LT,0,TOP TURBO,1.6923076923076923,Regulares,74946.82
107072,BRASIL SUL LINHAS RODOVIARIAS LTDA.,0,Outras,1.0,Ocasionais,32829.15
107025,AMALFI - QUIMICA LTDA,0,Outras,1.0,Ocasionais,1888.57
1653331,CONTEK ENGENHARIA S/A,0,TOP TURBO,4.0,Frequentes,15149.16
106582,M.R.A BORGES TRANSPORTES LTDA,0,TOP TURBO,1.6363636363636365,Regulares,72614.47
1810120,JOSE APOLIMAR BRAGA MONTEIRO,0,Outras,2.0,Regulares,13946.09
1810096,ORIZON MEIO AMBIENTE S.A.,0,Outras,1.5,Ocasionais,48866.63
1810081,MARCELO SANTANA MOURA,0,TOP TURBO,1.0,Ocasionais,4611.71
1810079,E.E.D. FERNANDES AREAL LTDA,0,TOP TURBO,1.0,Ocasionais,1197.68
1809990,BUDEL TRANSPORTES LTDA,0,Outras,1.0,Ocasionais,3352.31
1809978,JEFER PRODUTOS SIDERURGICOS LTDA,0,TOP TURBO,2.090909090909091,Regulares,123384.41
1809967,VIX TRANSPORTES DEDICADOS LTDA,0,Outras,2.1,Regulares,48353.46
1809243,MAKRO TRANSPORTES LTDA,0,TOP TURBO,2.25,Regulares,48660.06
1808975,EXE MINERAL - ENGENHARIA E MINERACA,0,GEAR,1.5,Ocasionais,13928.96
1808974,"ARMAC LOCACAO, LOGISTICA E SERVICOS",0,HYDRA,2.0,Regulares,15221.94
1808866,ZANINI FLORESTAL LIMITADA,0,Outras,3.0,Regulares,1554.19
1653255,EMPRESA  DE TRANSPORTES ITATIBENSE,0,TOP TURBO,1.0,Ocasionais,9255.09
108147,LOQUIPE LOCACAO DE EQUIPAMENTOS E M,0,TOP TURBO,4.0,Frequentes,11661.18
108146,ARIEDAM AGROPECUARIA LTDA,0,Outras,1.5,Ocasionais,42629.6
108142,TRANSPORTADORA KAIOKA LTDA,0,GL 5,4.0,Frequentes,2490.17
1652585,CARLOS MAURICIO VASCONCELOS GONZAGA,0,Outras,2.176470588235294,Regulares,88749.26
108125,PLUMATEX COLCHOES INDUSTRIAL LIMITA,0,Outras,1.4444444444444444,Ocasionais,132194.8
1652412,MCAMPOS COM. DE REFRIGERACAO LTDA,0,Outras,1.0,Ocasionais,4768.22
108105,BRITEX MINERACOES LTDA,0,GEAR,1.0,Ocasionais,2358.74
108102,J A DISTRIBUIDORA LTDA,0,TOP TURBO,1.0,Ocasionais,4857.28
108083,IBPC PRE-MOLDADOS DE CONCRETO LTDA,0,TOP TURBO,1.8333333333333333,Regulares,6806.46
108070,SANTA VERGINIA - AGROPECUARIA E FLO,0,HYDRA XP,1.6923076923076923,Regulares,60584.83
108059,EXPRESSO SAO MATHEUS LTDA,0,Outras,1.0,Ocasionais,2902.11
108053,VIACAO MIRIM LTDA,0,TOP TURBO,1.25,Ocasionais,72908.17
108052,CORPVS - CORPO DE VIGILANTES PARTIC,0,Outras,1.0,Ocasionais,70454.05
108051,AUTOVIARIA MATOS LTDA,0,TOP TURBO PRO,1.25,Ocasionais,13962.98
108042,EXPRESSO SAO JOSE DO TOCANTINS LTDA,0,Outras,1.0,Ocasionais,6165.82
108229,TRANSPORTADORA SAO JOSE DO TOCANTIN,0,Outras,1.0,Ocasionais,4589.42
108216,VARZEA DO JUBA ENERGETICA S/A,0,Outras,1.0,Ocasionais,20691.16
108214,PAMPEANA ENERGETICA S/A,0,Outras,1.0,Ocasionais,21348.95
108210,CURUA ENERGIA S/A,0,AV,1.0,Ocasionais,3620.51
1652236,TRANSCRETO TRANSPORTES E LOGISTICA,0,TOP TURBO,2.0,Regulares,57984.43
1808846,VIACAO SANTA CLARA LTDA,0,Outras,1.0,Ocasionais,2889.05
1808842,ITU TRANSPORTES E TURISMO LTDA,0,Outras,2.0,Regulares,15097.13
1808824,BELAPAN INDUSTRIA E COMERCIO DE ALI,0,TOP TURBO,1.625,Regulares,65466.31
1808494,M4 CONSTRUCOES LTDA,0,HYDRA XP,1.3333333333333333,Ocasionais,17067.06
1808331,AMBIPAR ENVIRONMENTAL SOLUTIONS - S,0,TOP TURBO,1.0,Ocasionais,955.61
1808230,COMBIO ENERGIA S.A.,0,Outras,1.5,Ocasionais,4082.56
1808145,JOSE ALVES FILHO CONSTRUCAO,0,TOP TURBO,1.7142857142857142,Regulares,15195.81
1808132,ROCELL TRANSPORTES LTDA,0,TOP TURBO,1.25,Ocasionais,17207.59
1808113,SEROBRITA MINERACAO LTDA,0,Outras,2.5555555555555554,Regulares,79663.63
1807856,CS BRASIL FROTAS S.A.,0,Outras,1.1111111111111112,Ocasionais,66868.97
1807847,JM EXPRESS LTDA,0,TOP TURBO,1.5,Ocasionais,9920.14
109085,VIX LOGISTICA S/A,0,TRM 5,1.3333333333333333,Ocasionais,13931.58
108640,F . P . CONSTRUTORA  LTDA,0,HYDRA XP,2.5,Regulares,52020.52
1652233,ESGO-JET AMBIENTAL LTDA,0,HYDRA XP,1.0,Ocasionais,5777.75
1807225,MBB ENERGIA RENOVAVEL LTDA,0,HYDRA XP,2.75,Regulares,32848.05
1807218,RAFAEL DIB MACHADO E OUTROS,0,Outras,3.5,Regulares,23936.82
1807208,UNIMAR TRANSPORTES LTDA,0,Outras,2.4444444444444446,Regulares,37544.73
1806736,AMBIPAR ENVIRONMENT ECONOMIA CIRCUL,0,HYDRA XP,1.5,Ocasionais,11361.17
1806123,SUPERMERCADO BRJ LTDA,0,TOP TURBO,1.0,Ocasionais,463.78
1806122,SUPERMERCADO BRJ LTDA,0,TOP TURBO,1.0,Ocasionais,463.78
1806119,RIO VERMELHO SUPERMERCADOS LTDA,0,TOP TURBO,1.0,Ocasionais,469.89
1806097,CAVA- COMERCIAL ATACADISTA E VAREJI,0,TOP TURBO,1.0,Ocasionais,469.89
1805714,RBXE MINERACAO LTDA,0,GEAR,3.25,Regulares,16322.23
1652229,CAMPO AGROPECUARIA LTDA,0,Outras,1.0,Ocasionais,1201.17
108478,CARLOS AUGUSTO PIMENTA DA SILVA,0,TOP TURBO,1.0,Ocasionais,291315.73
108264,VALOR AMBIENTAL LTDA,0,GEAR,1.0,Ocasionais,3524.9800000000005
108237,BRANCA TRANSPORTES LTDA,0,TOP TURBO,4.0,Frequentes,13617.56
110380,EXPRESSO RIO MAINA LTDA,0,TOP TURBO,2.3333333333333335,Regulares,17553.89
110220,PONTUAL CONSTRUTORA LTDA,0,Outras,1.25,Ocasionais,27548.46
110169,VIACAO COMETA S A,0,Outras,1.1111111111111112,Ocasionais,30703.7
110107,ITAVEL SERVICOS RODOVIARIOS LTDA,0,Outras,1.0,Ocasionais,10441.74
109980,ATMOSFERA GESTAO E HIGIENIZACAO DE,0,TOP TURBO,2.0,Regulares,5166.429999999999
1652224,TRANSPORTE PREMIUM LTDA,0,TOP TURBO,1.1,Ocasionais,107845.23
1652221,AMBIPAR ENVIRONMENTAL NORDESTE LTDA,0,HYDRA XP,1.6842105263157894,Regulares,70383.29
109884,VIACAO COMETA S A,0,TRM 5,1.1666666666666667,Ocasionais,21481.92
109880,VIACAO COMETA S A,0,Outras,1.2222222222222223,Ocasionais,39570.43
109877,VIACAO COMETA S A,0,TRM 5,1.3333333333333333,Ocasionais,77299.33
109867,LEV CARGA TRANSPORTE E LOGISTICA LT,0,TOP TURBO PRO,1.5,Ocasionais,26639.5
109834,TOTAL FRIO REFRIGERACAO E AR CONDIC,0,Outras,1.5714285714285714,Regulares,21874.56
109570,DASS NORDESTE CALCADOS E ARTIGOS ES,0,HYDRA XP,1.6428571428571428,Regulares,93541.4
109520,KRM TRANSPORTES LTDA,0,GL 5,1.0,Ocasionais,3193.76
1651726,COMGELO EMPREENDS. E SERVICOS EIREL,0,Outras,1.0,Ocasionais,37160.74
109145,VIVA TRANSPORTE COLETIVO LTDA,0,TOP TURBO,1.7391304347826086,Regulares,88865.86
110799,SETEP CONSTRUCOES S.A,0,GL 5,1.0,Ocasionais,4553.99
110765,INDUSTRIA MARILIA DE AUTO PECAS S/A,0,HYDRA XP,1.0,Ocasionais,6072.14
110714,VAREJAO DA SUCATA LTDA,0,HYDRA XP,1.6285714285714286,Regulares,191233.34
110658,SETEP CONSTRUCOES S.A,0,Outras,1.0,Ocasionais,3641.09
110602,FRIGOMIL FRIGORIFICO MIL LTDA,0,Outras,1.0625,Ocasionais,30778.79
110555,DASS NORDESTE CALCADOS E ARTIGOS ES,0,HYDRA XP,1.8,Regulares,171997.57
1805518,CS BRASIL FROTAS S.A.,0,Outras,1.25,Ocasionais,23489.52
1805233,ANTONIO MARCOS DO NASCIMENTO,0,Outras,1.0,Ocasionais,2917.38
1805185,IMPERADOR DO FRIO REFRIGERACAO LTDA,0,AV,1.0,Ocasionais,14091.55
1805155,PLENA TRANSPORTES LTDA,0,TOP TURBO,1.8571428571428572,Regulares,44759.99
1805146,COMPRE FACIL COMERCIO DE PRODUTOS A,0,TOP TURBO PRO,1.0,Ocasionais,4926.42
1804631,MERCOPAMPA TRANSPORTES LTDA EM RECU,0,TOP TURBO,2.2222222222222223,Regulares,78044.94
1804628,MERCOPAMPA TRANSPORTES LTDA EM RECU,0,TOP TURBO,1.5555555555555556,Regulares,35859.36
1804609,C2 TRANSPORTE E LOCADORA LTDA,0,TOP TURBO,2.4545454545454546,Regulares,34566.98
1804586,ERA-TECNICA ENGENHARIA CONSTRUCOES,0,Outras,1.0,Ocasionais,47376.08
1804565,SINAL SERVICOS DE INTEGRACAO INDUST,0,Outras,1.0,Ocasionais,42226.18
111934,CONPREM CONCRETO PREMOLDADO LTDA,0,Outras,1.0,Ocasionais,55154.92
111763,BETUNEL INDUSTRIA E COMERCIO S/A,0,Outras,1.0,Ocasionais,155689.32
111732,NELSON RICARDO FERREIRA COSME,0,Outras,1.25,Ocasionais,2597.36
111551,JI EMPREENDIMENTOS COMERCIO E EDIFI,0,TOP TURBO,3.3333333333333335,Regulares,30503.55
1804302,"ARMAC LOCACAO, LOGISTICA E SERVICOS",0,TOP TURBO,5.0,Frequentes,3552.26
1651634,DANIELLE TRANSPORTE DE CARGAS LTDA,0,TOP TURBO,1.8,Regulares,19065.34
1804294,A GERADORA ALUGUEL DE MAQUINAS S.A.,0,TOP TURBO,1.0,Ocasionais,50612.28
1804288,JSL S.A.,0,TOP TURBO,1.4285714285714286,Ocasionais,58748.12
1804174,PLASTICOS NOVEL SAO PAULO LTDA,0,HYDRA XP,1.0,Ocasionais,38316.73
1803851,COMPANHIA BRASILEIRA DE ENERGIA REN,0,TOP TURBO,2.0,Regulares,33502.89
1803816,CHP BRASIL INDUSTRIA E COMERCIO DE,0,Outras,1.0,Ocasionais,37990.03
1803406,SINAL SERVICOS DE INTEGRACAO INDUST,0,Outras,1.0,Ocasionais,16046.59
1803405,J MURILO EMPREENDIMENTO IMOBILIARIO,0,TOP TURBO,1.5,Ocasionais,14782.6
1651605,ANCORA SIDERURGICA NORTE LTDA,0,HYDRA,1.8,Regulares,104346.02
1651599,LOJAO DUFERRO LTDA,0,Outras,1.0,Ocasionais,2267.92
110807,TRANSPANORAMA TRANSPORTES S.A.,0,GL 5,1.0,Ocasionais,12791.88
1803368,Igarape Reciclagens LTDA,0,Outras,1.0,Ocasionais,4323.51
1803366,CAMILA REZENDE PEREIRA MAGALHAES,0,AV,1.4,Ocasionais,80793.66
1803359,S O S SERVICE COMERCIO E ENGENHARIA,0,AV,1.0,Ocasionais,40145.36
1802930,MERCOPAMPA TRANSPORTES LTDA EM RECU,0,TOP TURBO,1.0769230769230769,Ocasionais,128335.85
1802754,CONSORCIO GASODUTO AZULAO,0,TOP TURBO,3.0,Regulares,16924.04
1802723,REWAN COLETA DE RESIDUOS LTDA,0,HYDRA,1.6666666666666667,Regulares,8540.71
1802220,REAL PISOS LTDA,0,TOP TURBO,1.0,Ocasionais,2306.79
1801721,VASQUES MECANIZACAO LTDA,0,Outras,1.6666666666666667,Regulares,31068.49
1801712,EPENGE MINERADORA LTDA,0,TOP TURBO,1.8333333333333333,Regulares,61098.28
1801705,"ARMAC LOCACAO, LOGISTICA E SERVICOS",0,TOP TURBO PRO,1.0,Ocasionais,5554.18
1801622,CONTINENTAL STONES EXPORT LTDA,0,HYDRA XP,1.6666666666666667,Regulares,13212.45
1800988,JSL S.A.,0,TOP TURBO PRO,1.3333333333333333,Ocasionais,21838.0
112150,VIACAO FORTALEZA LTDA,0,TOP TURBO PRO,1.7333333333333334,Regulares,54515.32
112099,CONTINENTAL EMBALAGENS E INDUSTRIA,0,HYDRA,2.0,Regulares,7451.79
112097,EXPRESSO NORDESTE LINHAS RODOVIARIA,0,TOP TURBO PRO,1.1666666666666667,Ocasionais,43452.08
111973,EMPRESA DE TRANSPORTE SANTA MARIA L,0,TOP TURBO PRO,1.0,Ocasionais,2757.74
112904,AILSON GANZER & CIA LTDA,0,TOP TURBO,2.3846153846153846,Regulares,98292.87
112726,BRAULIO COMERCIAL DE FRUTAS E LEGUM,0,TOP TURBO,1.0,Ocasionais,14974.04
112709,AUTO COLETIVO CACADOR LTDA,0,GL 5,2.75,Regulares,33572.43
112668,VIACAO  GUAXUPE  LTDA,0,TOP TURBO,4.0,Frequentes,3281.69
112583,CONSTRUTORA CASSI LTDA,0,HYDRA XP,1.5,Ocasionais,18364.61
112577,ALANO TERRAPLENAGEM E LOCADORA DE M,0,HYDRA,1.5,Ocasionais,29903.49
112545,BREDA TRANSPORTES E TURISMO RIO LTD,0,TOP TURBO,2.142857142857143,Regulares,46635.79
112463,RETIRO VELHO ENERGETICA S/A,0,HYDRA,1.1666666666666667,Ocasionais,25572.28
112452,ALANO TERRAPLENAGEM E LOCADORA DE M,0,HYDRA,1.2666666666666666,Ocasionais,103556.22
112428,JATAI ENERGETICA S/A,0,HYDRA XP,1.4,Ocasionais,31392.58
112426,IRARA ENERGETICA S/A,0,HYDRA XP,1.1666666666666667,Ocasionais,27368.11
112394,BUDEL TRANSPORTES LTDA,0,Outras,1.0869565217391304,Ocasionais,166270.41999999998
112343,CERAMICA ELIZABETH SUL LTDA,0,AV,1.2,Ocasionais,30752.92
112294,ENGIE BRASIL ENERGIA S.A.,0,AV,1.0,Ocasionais,8803.08
1803402,CONSORCIO SANCHES TRIPOLONI - CONSO,0,Outras,3.0,Regulares,38315.63
1803382,FS COMERCIAL INDUSTRIAL E SERVICO L,0,HYDRA XP,4.0,Frequentes,22995.57
113718,SAO SIMAO ENERGIA S/A,0,HYDRA XP,1.75,Regulares,22032.23
113716,CARANGOLA ENERGIA S/A,0,HYDRA XP,1.1666666666666667,Ocasionais,45045.25
113715,CALHEIROS ENERGIA S/A,0,AV,1.3333333333333333,Ocasionais,2849.92
113682,SAO PEDRO ENERGIA S/A,0,HYDRA XP,2.0,Regulares,35444.23
113667,CAPARAO ENERGIA S/A,0,HYDRA XP,1.0,Ocasionais,26261.41
113666,SAO JOAQUIM ENERGIA S/A,0,HYDRA XP,1.3333333333333333,Ocasionais,21351.67
113604,GRAMADUS LTDA,0,TOP TURBO,1.5,Ocasionais,10600.929999999998
113520,NORDESTE TRANSPORTES LTDA,0,Outras,1.2142857142857142,Ocasionais,105138.49
1638014,VS EMPREENDIMENTOS LTDA,0,TOP TURBO,1.0,Ocasionais,22636.13
113467,TRANSCBEL TRANSPORTE COLETIVO BELO,0,TOP TURBO,1.6363636363636365,Regulares,143768.68
113450,TRANSPORTES BERTOLINI LTDA,0,HYDRA XP,1.0,Ocasionais,17557.12
113266,ADASEBO-INDUSTRIA E COMERCIO DE PRO,0,TOP TURBO,3.0,Regulares,45163.15
113129,PEDREIRA DO PARDO LTDA,0,GEAR,2.2857142857142856,Regulares,56215.3
113128,PEDREIRA DIABASIO LTDA,0,GEAR,2.090909090909091,Regulares,43810.65
113112,ALDEBARAN DE SANTOS TRANSP.LTDA,0,TOP TURBO,1.0,Ocasionais,2933.72
112915,J ANSELMO DA SILVA & CIA LTDA,0,HYDRA XP,1.1666666666666667,Ocasionais,120823.75
115059,IVOGLO TRANSPORTES DE COMBUSTIVEIS,0,TOP TURBO,1.3333333333333333,Ocasionais,231941.87
115015,CAJU - COMERCIAL DE AREIA E BRITA L,0,TOP TURBO,3.5555555555555554,Frequentes,35300.32
1638007,ENGIE SOLUCOES DE OPERACAO E MANUTE,0,HYDRA XP,1.0,Ocasionais,2584.4300000000003
1640097,SOLUCAO TRANSPORTES E SERVICOS LTDA,0,TOP TURBO PRO,1.2857142857142858,Ocasionais,22320.49
1640012,LUARA MEL VIEIRA TRANSPORTES LTDA,0,TOP TURBO,1.5,Ocasionais,59019.51
114473,TRANSPORTE COLETIVO GRANDE BAURU LT,0,TRM 5,1.0,Ocasionais,21432.76
114436,FIAGRIL LTDA,0,HYDRA,2.0,Regulares,5770.16
1639837,COOPERTRAFO W M EQUIPAMENTOS ELETRI,0,AV,1.0,Ocasionais,37279.15
114313,DISTRIBOI CARNES E DERIVADOS LTDA,0,TOP TURBO,1.1428571428571428,Ocasionais,21421.38
114287,VIACAO SIDON S.A.,0,HYDRA XP,2.0,Regulares,1414.58
113992,"ICCILA-INDUSTRIA , COMERCIO E CONST",0,Outras,1.0,Ocasionais,3204.99
113955,CIRCULAR SANTA LUZIA LTDA,0,Outras,1.0,Ocasionais,6303.780000000001
113883,FUNIL ENERGIA S/A,0,HYDRA XP,1.0,Ocasionais,27948.68
113882,BONFANTE ENERGETICA S/A,0,HYDRA XP,1.2,Ocasionais,71311.83
113881,MONTE SERRAT ENERGETICA S/A,0,HYDRA XP,1.5,Ocasionais,56997.17
113783,INDUSTRIA FARMACEUTICA E PERFUMARIA,0,Outras,1.0,Ocasionais,2438.7
115829,TRANSCOL TRANSPORTE E TURISMO LTDA,0,TOP TURBO,1.3333333333333333,Ocasionais,1783.36
1800937,IDEAL MINERACAO LTDA,0,Outras,1.0,Ocasionais,12636.64
1800772,LATICINIOS PORTO ALEGRE INDUSTRIA E,0,Outras,1.0,Ocasionais,992.49
1800580,SEVEN NAVEGACAO LTDA,0,TOP TURBO,1.0,Ocasionais,17636.15
1800575,VIACAO MARLIM LTDA,0,TOP TURBO,2.5,Regulares,13189.69
1800301,A MADEIRA INDUSTRIA E COMERCIO LTDA,0,GL 5,1.0,Ocasionais,10837.13
1800213,INDUSTRIA E COMERCIO DE METAIS CAIC,0,TOP TURBO,2.4444444444444446,Regulares,34932.47
1799948,CONSTRUTORA SANCHES TRIPOLONI LTDA,0,Outras,1.0,Ocasionais,15417.69
1799844,MARCIA GIMENEZ CARVALHO,0,TOP TURBO,2.0,Regulares,13769.34
1639811,COMERCIO E INDUSTRIA DE PESCADOS CA,0,Outras,1.0,Ocasionais,17627.559999999998
1799420,BRASIL TRANSPORTES ESPECIAIS E TURI,0,TOP TURBO,1.0,Ocasionais,2871.44
1799078,GLOBAL TRANSPORTES RODOVIARIO LTDA,0,Outras,2.5,Regulares,88329.43
115585,CORAL CONSTRUTORA RODOVALHO ALENCAR,0,HYDRA XP,1.3333333333333333,Ocasionais,48678.75
115570,ZONER & ZONER LTDA,0,Outras,2.0,Regulares,26947.02
115461,IBRATA MINERACAO LTDA,0,Outras,1.0,Ocasionais,469.87
115309,GUERRA TRANSPORTES DE EQUIPAMENTOS,0,TOP TURBO,3.25,Regulares,33042.67
116931,EXPRESSO ITAMARATI S.A.,0,Outras,1.1666666666666667,Ocasionais,31420.97
116875,ENERGEST S.A.,0,HYDRA,1.1428571428571428,Ocasionais,126137.06
1639734,CIA DE FERRO LIGAS DA BAHIA FERBASA,0,Outras,1.0,Ocasionais,10616.58
116743,GELO MANAUS FABRICACAO DE GELO LTDA,0,Outras,1.0,Ocasionais,2987.92
116449,BEZERRA & SOBRAL TRANSPORTES LTDA.,0,TOP TURBO,1.4516129032258065,Ocasionais,167867.31
116441,LOGIBRAS OPERACOES LOGISTICAS LTDA,0,TOP TURBO,3.75,Frequentes,14823.42
116438,COMPAC - MAQUINAS E EQUIPAMENTOS LT,0,Outras,1.6666666666666667,Regulares,9145.98
116305,TORA LOGISTICA ARMAZENS E TERMINAIS,0,Outras,3.0,Regulares,1160.48
116182,LILIAN TRANSPORTES LTDA,0,TOP TURBO,1.6666666666666667,Regulares,35014.770000000004
1639377,AUTO OMNIBUS FLORAMAR TRANSPORTES S,0,Outras,1.625,Regulares,72656.06
1638564,JZAGO MATERIAIS DE CONSTRUCAO LTDA.,0,TOP TURBO,2.6,Regulares,44087.26
116101,TRANSPORTES THEREZINA LTDA.,0,TOP TURBO,1.7058823529411764,Regulares,76358.56
116019,LOGISPAR OPERACOES LOGISTICAS LTDA,0,TOP TURBO,2.0,Regulares,7192.2
115959,LARADIN TRANSPORTES LTDA,0,TOP TURBO,4.0,Frequentes,10983.76
115860,RODOVIARIO CAMILO DOS SANTOS FILHO,0,TOP TURBO,1.2,Ocasionais,17662.02
115858,MILDO ALVES ADMINISTRACAO COMERCIO,0,TOP TURBO,1.0,Ocasionais,2316.4
117288,PARANAPANEMA S.A - EM RECUPERACAO J,0,AV,1.5,Ocasionais,11672.5
117248,TRANSPORTES GABARDO LTDA,0,GL 5,2.0,Regulares,23847.29
1638382,SANTA LUZIA ENGENHARIA E CONSTRUCOE,0,TOP TURBO,2.4,Regulares,41355.4
117237,TRANSCCEMA TRANSPORTES RODOVIARIOS,0,TOP TURBO,2.0,Regulares,9325.03
1798983,TRANSPORTADORA DE CARGAS MERIDA LTD,0,TOP TURBO,1.4545454545454546,Ocasionais,30514.9
1798891,UNIMETAIS CALDEIRARIA INDUSTRIAL LT,0,HYDRA XP,1.0,Ocasionais,18708.19
1638309,JOAREZ BAIDA,0,Outras,1.3333333333333333,Ocasionais,1869.11
1798881,CHIBATAO NAVEGACAO E COMERCIO LTDA,0,Outras,1.6666666666666667,Regulares,20722.68
1798858,A MADEIRA INDUSTRIA E COMERCIO LTDA,0,Outras,1.0,Ocasionais,4750.12
1798852,LOG ROAD TRANSPORTE RODOVIARIO DE C,0,TOP TURBO,1.0,Ocasionais,8463.46
1798389,ALEX CORREIA DA SILVA,0,TOP TURBO,2.5,Regulares,20412.19
1798163,KELF EQUIPAMENTOS OFFSHORE LTDA,0,Outras,1.0,Ocasionais,768.72
1798068,ADUBOS REAL S.A.,0,HYDRA,2.0,Regulares,3777.32
117059,MARINGA FERRO-LIGA S.A,0,AV,1.1764705882352942,Ocasionais,201803.11
116989,SETEP CONSTRUCOES S.A,0,Outras,1.5,Ocasionais,21129.91
116966,TRANSGLOBAL SERVICOS LTDA,0,HYDRA XP,2.0,Regulares,8072.309999999999
1638307,CBC - CONSTRUTORA BATISTA CAVALCANT,0,TOP TURBO,2.0,Regulares,67469.69
1638148,ARLANXEO BRASIL S.A.,0,Outras,1.5,Ocasionais,14179.98
118687,DBL INDUSTRIA DE BEBIDAS E COMERCIO,0,Outras,1.55,Regulares,22227.04
1797984,NOTARO ALIMENTOS LTDA,0,GL 5,1.0,Ocasionais,5644.4400000000005
1797981,ATUAL TERMINAIS LTDA,0,GL 5,2.5,Regulares,13309.53
1797966,CONSORCIO CINTURAO DAS AGUAS DO CEA,0,TOP TURBO,1.8333333333333333,Regulares,80655.8
1797883,CS BRASIL FROTAS S.A.,0,Outras,1.0,Ocasionais,11405.33
1797881,CS BRASIL FROTAS S.A.,0,Outras,1.4,Ocasionais,197945.66
1797873,"ARMAC LOCACAO, LOGISTICA E SERVICOS",0,HYDRA XP,1.0,Ocasionais,573.94
1797847,"ARMAC LOCACAO, LOGISTICA E SERVICOS",0,TOP TURBO,3.5,Regulares,88473.84
1796576,MINAS RIO TRANSPORTE LTDA,0,Outras,2.0,Regulares,4779.02
1796196,A MADEIRA INDUSTRIA E COMERCIO LTDA,0,Outras,2.5,Regulares,25465.79
1796124,MILTON RODRIGUES QUEIROZ JUNIOR,0,Outras,3.0,Regulares,23543.51
118497,MAX STAR INDUSTRIA DE PLASTICOS LTD,0,HYDRA XP,1.7142857142857142,Regulares,46925.87
117989,SILVESTRIN FRUTAS LTDA.,0,Outras,1.9230769230769231,Regulares,65428.66
1638133,PEDRATER INDUSTRIA E COMERCIO LTDA,0,HYDRA,1.0,Ocasionais,6666.08
1793495,JVA RJ TRANSPORTES LTDA - EM RECUPE,0,GL 5,3.0,Regulares,2072.38
120184,TRANSWOLFF TRANSPORTES E TURISMO LT,0,TOP TURBO,1.5,Ocasionais,125153.96
120164,TRANSPORTADORA MASSA COSTA LTDA,0,TOP TURBO,1.0,Ocasionais,17860.67
1638122,COMERCIAL FERRONORTE LTDA,0,TOP TURBO,1.0,Ocasionais,2650.41
120087,MR DISTRIBUIDORA DE EQUIPAMENTOS E,0,Outras,1.1111111111111112,Ocasionais,27087.78
119933,META SERVICOS E PROJETOS LTDA,0,TOP TURBO,1.0,Ocasionais,8221.08
119798,KONKREX ENGENHARIA DE CONCRETO LIMI,0,Outras,1.0769230769230769,Ocasionais,37721.69
1638119,COMBIO ENERGIA S.A.,0,GEAR,1.0,Ocasionais,2683.73
119583,VIACAP - VIACAO CAPITAL LTDA,0,Outras,2.3333333333333335,Regulares,29997.85
119548,AGROPALMA S/A,0,GEAR,1.2,Ocasionais,18309.56
119244,"PERFIL REFRIGERACAO INDUSTRIA ,COME",0,Outras,1.0,Ocasionais,58868.22
119160,LIDER MINAS INDUSTRIA E COMERCIO DE,0,TOP TURBO,2.1666666666666665,Regulares,48450.56
119052,LIBORIO MANOEL JOAQUIM FREITAS E OU,0,Outras,3.5,Regulares,56356.43
119047,ESPACIAL METAL METALURGICA LTDA,0,HYDRA XP,1.0,Ocasionais,36191.52
1648961,EXE MINERAL - ENGENHARIA E MINERACA,0,Outras,2.0,Regulares,6926.12
118864,RAPIDO CARDOSO TRANSPORTES LTDA,0,TOP TURBO,1.625,Regulares,30088.92
120574,IBEROS TRANSPORTES LTDA EM RECUPERA,0,TOP TURBO,1.0,Ocasionais,17413.059999999998
1642776,J V R SERVICOS COMBINADOS LTDA,0,Outras,1.0,Ocasionais,712.76
120519,ANTONIO NELES RODRIGUES,0,Outras,2.0,Regulares,5250.08
120457,FRANCISCO JOSE FERREIRA,0,Outras,1.5,Ocasionais,10806.63
1795930,NULOG LOGISTICA E SOLUCOES EM TRANS,0,HYDRA XP,1.0,Ocasionais,22827.43
1795886,"GOMES FABRICACAO, MANUTENCAO E SERV",0,GL 5,2.0,Regulares,4171.77
1795882,AUTO VIACAO SAO LUIZ MG LTDA.,0,Outras,1.5,Ocasionais,11189.63
1795526,FRAGA CONSTRUCOES E ENGENHARIA LTDA,0,HYDRA XP,2.0,Regulares,3190.58
1795520,COMBER LOGISTICA LTDA,0,HYDRA,1.4444444444444444,Ocasionais,46239.57
1795469,ESTOCACO INDUSTRIA E COMERCIO DE FE,0,HYDRA XP,2.0,Regulares,14503.4
1642761,SINAL SERVICOS DE INTEGRACAO INDUST,0,TOP TURBO,1.2,Ocasionais,41871.64
1794591,"ARMAC LOCACAO, LOGISTICA E SERVICOS",0,Outras,5.0,Frequentes,8217.36
1794547,BRASMEG TRANSPORTES LTDA,0,TOP TURBO,1.8,Regulares,18381.11
1794542,BRASMEG TRANSPORTES LTDA,0,TOP TURBO,2.0,Regulares,20682.56
1794536,M4 CONSTRUCOES LTDA.,0,HYDRA XP,1.0,Ocasionais,414.85
1793672,RIO DE JANEIRO REFRESCOS LTDA,0,Outras,1.0,Ocasionais,8466.03
121950,EMPRESA PRINCESA DO NORTE S.A.,0,TOP TURBO,1.0,Ocasionais,7069.299999999999
1642297,RESIDENCIAL JARDIM TROPICAL LTDA,0,TOP TURBO,1.5,Ocasionais,47537.34
121544,TRANSPORTES SANTA CRUZ LTDA.,0,Outras,1.0,Ocasionais,8852.71
1642283,RESIDENCIAL JARDIM UNIVERSITARIO LT,0,TOP TURBO,1.6666666666666667,Regulares,19867.26
121502,3 BATALHAO DE SUPRIMENTO,0,GL 5,1.5,Ocasionais,5988.17
121410,TRANSPORTADORA SEMPRE VOLTA LTDA,0,Outras,1.8333333333333333,Regulares,52799.240000000005
121222,SANTA CLARA INDUSTRIA DE PAPEL E EM,0,HYDRA XP,2.8333333333333335,Regulares,27523.65
1641999,J DANTAS S/A ENGENHARIA E CONSTRUCO,0,HYDRA XP,2.75,Regulares,82386.90000000001
1641306,DESBRAVA S.A,0,HYDRA,2.0,Regulares,6607.05
121136,COMERCIAL ARCOS LTDA,0,TOP TURBO,1.9285714285714286,Regulares,198745.21
121135,RAPIDO LUXO CAMPINAS LTDA,0,Outras,2.0,Regulares,5499.27
121056,DIVISA ENERGIA LTDA,0,AV,1.0,Ocasionais,2342.81
120951,SEITEC GERADORES COMERCIO INDUSTRIA,0,TOP TURBO,1.0,Ocasionais,80375.32
1641300,DESBRAVA S.A,0,TOP TURBO,1.0,Ocasionais,2396.98
120582,TRANSPORTES BOTUVERA LTDA,0,TOP TURBO,1.0,Ocasionais,107548.82
120580,IBERTRANS TRANSPORTES RODOVIARIOS L,0,TOP TURBO,1.0,Ocasionais,54802.75
122771,IBITIUVA BIOENERGETICA S.A.,0,Outras,1.0,Ocasionais,25210.2
1641297,DOMUS - ENG. E PARTICIPACAO EIRELI,0,TOP TURBO,3.0,Regulares,16777.47
122418,ARS TRANSPORTES E LOGISTICA LTDA,0,TOP TURBO PRO,1.1111111111111112,Ocasionais,88371.70999999999
122384,PARQUE REGIONAL DE MANUTENCAO DA 5,0,Outras,1.0,Ocasionais,57376.38
122300,INDUSTRIA DE EQUIPAMENTOS MECANICOS,0,GEAR,1.9230769230769231,Regulares,207434.13
122175,TRANSMARIANO TRANSPORTES E LOGISTIC,0,TOP TURBO,2.2,Regulares,36389.98
1641140,F C LOCACOES DE MAQUINAS E VEICULOS,0,TOP TURBO,2.3,Regulares,12116.11
1793305,"ARMAC LOCACAO, LOGISTICA E SERVICOS",0,TOP TURBO,3.5,Regulares,14634.23
1793295,"ARMAC LOCACAO, LOGISTICA E SERVICOS",0,TOP TURBO,2.0,Regulares,28782.7
1793005,MG TERRAPLENAGEM LTDA,0,HYDRA,2.75,Regulares,15727.09
1792998,TERMACO TERMINAIS RETROPORTUARIOS S,0,Outras,1.0,Ocasionais,1328.49
1792868,CHB MAQUINAS LTDA,0,HYDRA XP,1.0,Ocasionais,3593.36
1792808,CENTRAIS ELETRICAS BRASILEIRAS SA E,0,Outras,1.0,Ocasionais,732.39
1792806,"ARMAC LOCACAO, LOGISTICA E SERVICOS",0,HYDRA,4.5,Frequentes,29362.45
1792390,"ARMAC LOCACAO, LOGISTICA E SERVICOS",0,TOP TURBO,3.0,Regulares,5636.5
1641139,IRB LOGISTICA S.A.,0,HYDRA XP,2.5,Regulares,89323.4
1640820,CONSORCIO GURUPI,0,TOP TURBO,3.1666666666666665,Regulares,117886.2
123541,TRANSDOURADA NAVEGACAO LTDA,0,TOP TURBO,1.4545454545454546,Ocasionais,57598.17
123315,ESQUADROS INDUSTRIA E COMERCIO LTDA,0,Outras,1.0,Ocasionais,10079.17
1640720,FUSAO LIGAS COM. E IND. LTDA,0,HYDRA XP,2.0,Regulares,4607.34
123200,CESTARI INDUSTRIAL E COMERCIAL SA,0,HYDRA XP,1.0,Ocasionais,15376.010000000002
123090,COR DOB - INDUSTRIA E COMERCIO DE M,0,HYDRA,1.0,Ocasionais,22415.78
123049,EBARA BOMBAS AMERICA DO SUL LTDA,0,HYDRA XP,1.3846153846153846,Ocasionais,57322.45
123036,TRANSP.MASSA COSTA LTDA,0,TOP TURBO,1.0,Ocasionais,6508.04
1640692,METALVAREZ COMERCIO DE FERROS E MET,0,HYDRA XP,1.4444444444444444,Ocasionais,109201.08
122970,ALLI LOGISTICA INTEGRADA LTDA,0,TOP TURBO,2.0,Regulares,4979.89
122950,VALLE MATERIAIS ELETRICOS LTDA,0,AV,1.0,Ocasionais,20965.74
122938,JAGUAFRANGOS INDUSTRIA E COMERCIO D,0,TOP TURBO,1.0714285714285714,Ocasionais,82468.83
1640127,GEO AMBIENTAL EMPREENDIMENTOS LTDA,0,TOP TURBO,1.0,Ocasionais,6349.4
122889,CENTRAIS ELETRICAS NORTE BRASIL S/A,0,Outras,1.0,Ocasionais,229478.45
122877,CONTEK ENGENHARIA S/A,0,HYDRA XP,3.0,Regulares,38555.29
122789,CONFIANZA TRANSPORTES LTDA,0,TOP TURBO,1.25,Ocasionais,60792.83
123834,INDUSTRIAS MACHINA ZACCARIA S A,0,HYDRA XP,1.6666666666666667,Regulares,16672.94
123777,INDUSTRIA DE MAQUINAS CHINELATTO LT,0,HYDRA,1.4736842105263157,Ocasionais,50630.9
1792360,BONOMAQ MAQUINAS E EQUIPAMENTOS LTD,0,TOP TURBO,1.8888888888888888,Regulares,21945.94
1792274,OURO SAFRA S/A,0,HYDRA XP,1.0,Ocasionais,17075.36
1792265,CONTEPA - CONSTRUCOES TERRAPLANAGEM,0,Outras,3.3333333333333335,Regulares,8157.07
1792258,OURO SAFRA S/A,0,HYDRA XP,1.0,Ocasionais,14563.79
1792173,CENTRAIS ELETRICAS BRASILEIRAS SA E,0,Outras,1.0,Ocasionais,1008.3
1792072,AMBIPAR ENVIRONMENTAL SOLUTIONS - S,0,TOP TURBO,4.0,Frequentes,11382.48
1791532,ESTAF EQUIPAMENTOS S/A,0,TOP TURBO,1.2857142857142858,Ocasionais,6150.63
1791527,BRASERV PETROLEO LTDA,0,HYDRA XP,1.0,Ocasionais,4326.97
1791518,GS EXTRACAO E COMERCIO DE AREIA LTD,0,HYDRA,2.888888888888889,Regulares,25890.11
1791517,"ARMAC LOCACAO, LOGISTICA E SERVICOS",0,Outras,3.4,Regulares,11650.42
1791511,EXPRESSOLIMA TRANSPORTES LTDA,0,HYDRA XP,2.0,Regulares,17871.260000000002
1640126,ROSILENE FORTES DE OLIVEIRA ARIOZI,0,TOP TURBO,1.7647058823529411,Regulares,77675.47
123717,HELLER MAQUINAS OPERATRIZES INDUSTR,0,HYDRA XP,1.7619047619047619,Regulares,68982.45
123709,FRANHO MAQUINAS E EQUIPAMENTOS SA,0,HYDRA XP,1.7777777777777777,Regulares,88506.56
125377,ZELOSO INDUSTRIA E COMERCIO LTDA,0,HYDRA XP,1.125,Ocasionais,21206.35
125353,CONSORCIO UHE BAGUARI,0,HYDRA XP,1.25,Ocasionais,56170.09
125288,MAJONAV LOGISTICA MULTIMODAL LTDA,0,Outras,1.3333333333333333,Ocasionais,11236.45
125201,RIMA INDUSTRIAL S/A,0,Outras,1.3333333333333333,Ocasionais,3675.42
125130,DELTA P ELETROMECANICA LTDA,0,AV,1.0909090909090908,Ocasionais,128844.26
125048,VOITH TURBO LTDA,0,Outras,1.0,Ocasionais,38784.72
125046,VOITH PAPER MAQUINAS E EQUIPAMENTOS,0,AV,1.0,Ocasionais,4750.56
124972,COPARI EXTRACAO E COMERCIO DE MINER,0,Outras,1.8888888888888888,Regulares,42061.77
124842,UNAI BAIXO ENERGETICA S/A,0,Outras,1.0,Ocasionais,18454.86
1644432,NEW R&D TRANSPORTES RODOVIARIOS LTD,0,TOP TURBO PRO,3.0,Regulares,3342.9100000000003
124670,DISTRIBUIDORA DE BEBIDAS VIRGINIA L,0,TOP TURBO,2.0,Regulares,8884.33
124327,5 BATALHAO LOGISTICO,0,Outras,1.6666666666666667,Regulares,67728.98000000001
124238,TECITEC FILTRACAO E TRATAMENTO DE E,0,HYDRA XP,1.0,Ocasionais,15972.54
1644431,LOG PRIMOS TRANSPORTES LTDA,0,HYDRA XP,1.625,Regulares,40087.56
123873,FESTO BRASIL LTDA,0,HYDRA XP,2.5454545454545454,Regulares,34823.53
123857,COFORJA CORRENTES E ACESSORIOS BRAS,0,GEAR,2.142857142857143,Regulares,21331.87
127062,VIACAO APUCARANA LTDA,0,TRM 5,1.0,Ocasionais,11450.59
127044,DEMAS CONSTRUCOES LTDA,0,HYDRA XP,2.0,Regulares,6819.1900000000005
127035,FIAT LUX DA AMAZONIA S.A,0,HYDRA XP,1.1666666666666667,Ocasionais,39886.57
126833,P C FERNANDES DA SILVA,0,TOP TURBO,1.0,Ocasionais,4353.26
126746,SUPERMIX CONCRETO S/A,0,GL 5,1.0,Ocasionais,2393.96
126531,PETROENGE ENGENHARIA S/A,0,Outras,1.0,Ocasionais,22764.8
126510,TRANSPORTADORA MASSA COSTA LTDA,0,TOP TURBO,1.0,Ocasionais,40206.98
126498,POTIGUAR CONSTRUTORA LTDA,0,GEAR,5.0,Frequentes,7785.12
126352,A.G.C CONSTRUCOES & EMPREENDIMENTOS,0,Outras,2.0,Regulares,11736.42
126316,CTRP - COOPERATIVA DE TRANSPORTES R,0,TOP TURBO,2.0,Regulares,23743.37
126264,BARRA DO TIETE COMERCIAL E SERVICOS,0,TOP TURBO,1.2,Ocasionais,90081.77
126255,NEWELL BRANDS BRASIL LTDA,0,HYDRA XP,2.75,Regulares,95075.52
125994,INDUSTRIA DE CALCADOS VIA BEACH LTD,0,Outras,1.0,Ocasionais,1781.91
125978,BEST PULP BRASIL LTDA,0,TOP TURBO,2.75,Regulares,12489.11
125650,BELOSANTA TRANSPORTES E SERVICOS LT,0,TOP TURBO,1.0,Ocasionais,9086.38
125396,SS&B CONSTRUTORA LTDA EM RECUPERACA,0,TOP TURBO,1.4166666666666667,Ocasionais,33735.14
127371,MMC METAL MECANICA CARAJAS LTDA,0,HYDRA XP,1.105263157894737,Ocasionais,80138.20999999999
1791508,"ARMAC LOCACAO, LOGISTICA E SERVICOS",0,TOP TURBO,1.75,Regulares,8193.44
1791178,VIVIANE DE SA SOUSA GOMES,0,HYDRA XP,4.0,Frequentes,5523.97
1791173,"ARMAC LOCACAO, LOGISTICA E SERVICOS",0,TOP TURBO,2.0,Regulares,742.05
1790928,HLA TRANSPORTES LTDA,0,TOP TURBO,3.25,Regulares,18541.42
1790915,CENTRAIS ELETRICAS BRASILEIRAS SA E,0,Outras,1.0,Ocasionais,143044.01
1790888,CENTRAIS ELETRICAS BRASILEIRAS SA E,0,Outras,1.2,Ocasionais,172500.6
1790887,MINERAJIL LOCACOES E COMERCIO LTDA,0,Outras,1.0,Ocasionais,452.8
1790547,RESIDENCIAL PARK DOS BURITIS IV RED,0,TOP TURBO,1.1666666666666667,Ocasionais,58937.97
1790543,CENTRAIS ELETRICAS BRASILEIRAS SA E,0,HYDRA XP,1.0,Ocasionais,6193.8
1790527,CONSORCIO PONTE RIO TOCANTINS,0,Outras,1.0,Ocasionais,2867.7
1790508,TRANSPORTADORA CARGOBLUE LTDA,0,TOP TURBO,1.0,Ocasionais,23440.52
1790501,R E D MINERACAO E CONSTRUCAO LTDA,0,TOP TURBO,5.0,Frequentes,4072.75
1790409,TOLEDO AGROPECUARIA LTDA,0,TOP TURBO,2.0,Regulares,6511.849999999999
127348,VIACAO CUIABA LTDA,0,TOP TURBO,1.3,Ocasionais,49751.84
1643713,MIRO TRANSPORTES LTDA,0,TOP TURBO,1.0,Ocasionais,4795.66
128922,RODOGARCIA TRANSPORTES RODOVIARIOS,0,TOP TURBO,1.0,Ocasionais,28512.96
128889,CONSTRUTORA LUIZ COSTA LTDA,0,GEAR,1.0,Ocasionais,4535.25
128839,MINASVOLT - INDUSTRIA E COMERCIO DE,0,AV,1.0,Ocasionais,24341.9
128784,FK TRANSPORTES E SERVICOS LTDA,0,TOP TURBO,1.5,Ocasionais,14235.95
128729,CRAGEA - COMPANHIA REGIONAL DE ARMA,0,HYDRA XP,2.6666666666666665,Regulares,29638.37
128721,AUTO VIACAO SAO JOSE DOS PINHAIS LT,0,Outras,1.3333333333333333,Ocasionais,60611.97
128720,PORTAL DO OESTE AGR.LTDA,0,TOP TURBO,4.5,Frequentes,19001.78
128650,VIACAO TAMANDARE LTDA,0,TOP TURBO,1.3,Ocasionais,75250.55
128205,ASSOCIACAO CATALANA DE TRANSPORTES,0,TOP TURBO,1.6,Regulares,14098.2
127920,VERTGESSO MINERACAO LTDA,0,TOP TURBO,1.0,Ocasionais,2688.21
127870,LATITUDE 3 LOGISTICA E CONSTRUCOES,0,Outras,1.0,Ocasionais,2657.81
1643593,HOK TRANSPORTES LTDA,0,TOP TURBO,1.1481481481481481,Ocasionais,157315.55
127683,CIPATEX IMPREGNADORA DE PAPEIS E TE,0,HYDRA,2.75,Regulares,5995.08
127515,RENTAL MAX LOCACAO DE MAQUINAS LTDA,0,TOP TURBO,2.5625,Regulares,98506.62
127458,CENTROACO INDUSTRIA E COMERCIO DE A,0,HYDRA XP,1.0,Ocasionais,4753.59
127404,MARIA LUIZA CONSTRUCOES E EMPREENDI,0,HYDRA,1.0,Ocasionais,17079.79
130602,VIACAO CAMPO DOS OUROS LTDA.,0,TRM 5,1.5,Ocasionais,11724.84
1643490,COBREMAX INDUSTRIA E COMERCIO LTDA,0,Outras,3.0,Regulares,1213.26
130167,SILVEIRA E CAIXETA LTDA,0,TOP TURBO,1.6666666666666667,Regulares,25498.6
1643249,COOPERATIVA DE TRANSPORTES DA SERRA,0,TOP TURBO,1.0,Ocasionais,7027.05
130117,INARMEG - INDUSTRIA DE ARTEFATOS DE,0,GEAR,2.0,Regulares,7953.39
130108,ITALFLOR INDUSTRIA E COMERCIO DE MA,0,Outras,1.0,Ocasionais,175559.73
130082,BENECKE IRMAOS & CIA LTDA,0,HYDRA XP,1.0,Ocasionais,16782.48
130037,DISPAN TRANSPORTE RODOVIARIO LTDA,0,TOP TURBO,1.0,Ocasionais,494.95
129997,IBEL INDUSTRIA DE BORRACHA EVA LTDA,0,HYDRA XP,1.8571428571428572,Regulares,74455.9
129799,ENGINEERING COMERCIO REPRESENTACAO,0,Outras,1.0909090909090908,Ocasionais,65659.29
1643246,TRANSPORTADORA SBH LTDA,0,TRM 5,2.1818181818181817,Regulares,66566.93000000001
129543,NOVATEC CONSTRUCOES E EMPREENDIMENT,0,Outras,2.3333333333333335,Regulares,15213.38
129412,ISOARES USINAGEM LTDA,0,Outras,1.0,Ocasionais,5303.1
129339,CIGEL INDUSTRIAL LTDA,0,HYDRA XP,1.25,Ocasionais,5411.46
129131,"ZAZ BRASIL ASSESSORIA EMPRESARIAL,",0,TOP TURBO PRO,1.8333333333333333,Regulares,100927.07
128993,CAMPO RACOES LTDA,0,Outras,1.0,Ocasionais,524.38
1650826,SADA TRANSPS. E ARMAZENAGENS LTDA,0,TOP TURBO,1.25,Ocasionais,7990.29
130811,TELETUSA TELEFONIA E CONSTRUCOES LT,0,Outras,1.4444444444444444,Ocasionais,32833.48
130777,WM TRANSPORTE DE GASES LTDA.,0,HYDRA XP,1.1538461538461537,Ocasionais,40050.02
1650574,VIX TRANSPORTES DEDICADOS LTDA,0,Outras,1.4,Ocasionais,39077.35
1790210,PANUCCI LOGISTICA LTDA,0,TOP TURBO,2.5,Regulares,6585.2300000000005
1790209,CONSTRUTORA LUIZ COSTA LTDA,0,Outras,1.0,Ocasionais,10865.74
1789875,CONPOSTES PRE-MOLDADOS INDUSTRIA E,0,HYDRA XP,1.25,Ocasionais,2760.95
1789868,OURO SAFRA S/A,0,HYDRA XP,1.0,Ocasionais,14120.59
1789850,ARMAZEM TOP ALTO LTDA,0,TOP TURBO PRO,1.0,Ocasionais,13032.73
1789719,RODA BRASIL LTDA,0,TOP TURBO PRO,1.75,Regulares,41662.47
1789671,PONTUAL ACOS INDUSTRIA LTDA,0,HYDRA XP,1.3333333333333333,Ocasionais,6556.95
1789648,VIACAO GUAXUPE LTDA,0,TOP TURBO,1.0,Ocasionais,4531.950000000001
1789636,ADEMIR COMERCIO DE VEICULOS E TRANS,0,TOP TURBO PRO,2.0,Regulares,16633.28
1789630,VIX LOGISTICA S/A,0,Outras,1.0,Ocasionais,1192.56
1789624,FBBV EMPREENDIMENTOS SPE LTDA,0,TOP TURBO,1.6666666666666667,Regulares,25237.27
1789615,CENTRAIS ELETRICAS BRASILEIRAS SA E,0,Outras,1.0,Ocasionais,30064.41
1650196,AES BRASIL OPERACOES S.A.,0,AV,1.0,Ocasionais,58119.97
1650194,MINERACAO AOKI TAUBATE LTDA,0,TOP TURBO,1.9090909090909092,Regulares,80281.9
1650100,MARIA LUIZA CONSTRUCOES E EMPREENDI,0,TOP TURBO,1.6666666666666667,Regulares,11167.1
132277,COLAMID DO BRASIL LTDA,0,Outras,1.0,Ocasionais,18558.04
131764,WEB NORDESTE LTDA,0,Outras,1.0,Ocasionais,52798.74
131744,MOTECH DO BRASIL INDUSTRIA DE PLAST,0,GEAR,1.84,Regulares,70272.37
131560,TRANSGATAO TRANSPORTES E COMERCIO D,0,TRM 5,2.0,Regulares,3287.99
1650097,NOTARO ALIMENTOS LTDA,0,Outras,1.0,Ocasionais,26407.31
1649524,SPM PARTICIPACOES E TRANSPORTES LTD,0,Outras,1.75,Regulares,16067.41
131294,COOPERATIVA AGROPECUARIA SAO GABRIE,0,TOP TURBO,4.0,Frequentes,11634.48
131259,COMERCIAL IBIAPINA LTDA,0,TOP TURBO,2.0,Regulares,36573.39
131245,LHG MINING CORUMBA S.A,0,GEAR,1.0,Ocasionais,2150.29
131200,LOCALIX SERVICOS AMBIENTAIS S.A.,0,Outras,1.0,Ocasionais,4754.66
1649514,COOPPELL - COOPERATIVA DOS PRODUTOR,0,Outras,1.5625,Regulares,190523.66
131099,MORACA LTDA,0,AV,1.0,Ocasionais,4622.4
131084,AGRONELLI - INDUSTRIA E COMERCIO DE,0,GEAR,1.0,Ocasionais,474.37
135185,GENILSON BIRIBA DA COSTA,0,Outras,1.0,Ocasionais,7304.6
134951,SILVA TRANSPORTES LOGISTICA LTDA,0,TOP TURBO,1.5,Ocasionais,15286.22
134772,BOCAIUVA MECANICA LTDA,0,Outras,1.0,Ocasionais,7987.99
1649332,F & S COMERCIAL LTDA,0,Outras,2.0,Regulares,9811.23
1647213,VILASA CONSTRUTORA S/A.,0,HYDRA,3.3333333333333335,Regulares,31450.61
134234,VIACAO COMETA S A,0,TRM 5,1.1111111111111112,Ocasionais,40642.130000000005
1646930,FLEXS TRANSPORTES LTDA,0,TOP TURBO,1.3333333333333333,Ocasionais,16415.309999999998
133644,TRANSPORTE EXCELSIOR LTDA,0,TOP TURBO,1.0,Ocasionais,9857.95
133540,BERTOLINI DA AMAZONIA INDUSTRIA E C,0,HYDRA XP,1.0,Ocasionais,5818.05
133152,FRIGORIFICO KINKA REGIS LTDA,0,Outras,1.2,Ocasionais,19472.58
1646759,"TONIOLO, BUSNELLO S/A TUNEIS, TERRA",0,Outras,2.0,Regulares,6714.4
132939,RAIMUNDO JOSE PEREIRA BEZERRA,0,Outras,1.0,Ocasionais,2911.49
132625,EMPRESA PRINCESA DO NORTE S.A.,0,Outras,1.0,Ocasionais,2422.65
132466,PLUMATEX COLCHOES INDUSTRIAL LIMITA,0,TOP TURBO,1.2222222222222223,Ocasionais,31875.0
1646748,TRANSPORTES JAIDAM LTDA,0,TOP TURBO,1.1333333333333333,Ocasionais,36724.86
132433,TRANSPORTES RODOVIARIO LUCESI LTDA,0,TOP TURBO,1.0,Ocasionais,11449.02
135577,VENETUR TURISMO LTDA,0,TOP TURBO,2.0476190476190474,Regulares,57400.76
135423,SUCAMAR - PRESTADORA DE SERVICOS LT,0,TOP TURBO,2.2222222222222223,Regulares,45869.47
135399,SOFIA HELLEN ALEXANDRE PIRES,0,Outras,1.0,Ocasionais,44060.78
135291,ELETROSOM LTDA. - EM RECUPERACAO JU,0,TOP TURBO,1.0,Ocasionais,2350.92
1789482,CENTRAIS ELETRICAS BRASILEIRAS SA E,0,Outras,1.0,Ocasionais,5198.76
1789295,EXPRESSO JA LTDA,0,TOP TURBO,1.0,Ocasionais,57973.4
1646741,ABC SISTEMA DE TRANSPORTE SPE S.A.,0,TOP TURBO,1.0,Ocasionais,11393.05
1788849,RODOCELL TRANSPORTE E LOGISTICA LTD,0,TOP TURBO PRO,1.5,Ocasionais,5106.9
1788754,COMAZI TRATORES E MAQUINAS LTDA,0,Outras,2.0,Regulares,36593.07
1788750,CENTRAIS ELETRICAS BRASILEIRAS SA E,0,Outras,1.0,Ocasionais,2854.84
1788745,CENTRAIS ELETRICAS BRASILEIRAS SA E,0,Outras,1.0,Ocasionais,193384.69
1788652,TRANSMARGOO TURISMO E FRETAMENTO LT,0,TOP TURBO PRO,1.7,Regulares,43445.87
1788649,CONCRETEK TECNOLOGIA EM CONCRETO LT,0,Outras,1.7142857142857142,Regulares,19105.01
1788635,"ARMAC LOCACAO, LOGISTICA E SERVICOS",0,Outras,1.0,Ocasionais,2474.11
1788631,EMPRESA BRASILEIRA DE SERVICOS E PE,0,HYDRA XP,1.2222222222222223,Ocasionais,54982.57
135287,CENTRAIS ELETRICAS DO NORTE DO BRAS,0,AV,1.0,Ocasionais,97709.39
137153,TERRA SUL TERRAPLENAGEM E ESCAVACAO,0,TOP TURBO,2.4,Regulares,9918.8
137096,RAPIDO LUXO CAMPINAS LTDA,0,Outras,2.0,Regulares,4557.469999999999
136795,MARCIO EDUARDO SIMONETI,0,TOP TURBO,5.0,Frequentes,15319.57
136789,CIDADE VERDE TRANSPORTE RODOVIARIO,0,TRM 5,1.25,Ocasionais,11363.66
1646728,CONSTRUTORA TRIPOLONI LTDA,0,TOP TURBO,1.6,Regulares,26907.7
136651,GALVAO OPERADOR LOGISTICO LTDA,0,Outras,1.2,Ocasionais,4196.21
136554,VESA LOCACAO LTDA,0,TOP TURBO,1.5714285714285714,Regulares,38583.71
136411,RIMA AGROFLORESTAL LTDA,0,HYDRA XP,1.1666666666666667,Ocasionais,7287.820000000001
1646726,BRASILIENSE CARGO LTDA.,0,TOP TURBO,1.0,Ocasionais,2100.18
136144,IRMAOS DALACORTE LTDA,0,GL 5,3.0,Regulares,7183.49
136012,PEDRA BRITADA INDUSTRIA E COMERCIO,0,GEAR,1.3333333333333333,Ocasionais,67211.96
1646376,AES BRASIL OPERACOES S.A.,0,Outras,1.4,Ocasionais,105700.23
135871,BERTOLINI CONSTRUCAO NAVAL DA AMAZO,0,HYDRA XP,1.0,Ocasionais,30977.92
135794,VIACAO SORRISO DE MINAS LTDA,0,Outras,1.75,Regulares,73376.88
1646374,CONSTRUTORA E INCORPORADORA SOMA LT,0,HYDRA XP,1.5263157894736843,Regulares,147812.32
135705,"POWERTECH ENG.S.L.G.EN,MAQ EQ. S.A.",0,TOP TURBO,1.0,Ocasionais,3065.84
1786705,CIA. DE GER. E TRANSM. DE EN. ELET.,0,Outras,1.0,Ocasionais,2534.97
1646191,AGUIAR LOCACAO LTDA,0,TOP TURBO PRO,1.3333333333333333,Ocasionais,22757.85
137816,MAGNA LOCACOES LTDA,0,TOP TURBO,1.1,Ocasionais,10798.4
1646188,KMBRAS TRANSPORTES LTDA,0,TOP TURBO,1.0,Ocasionais,14574.74
137749,KERRY DO BRASIL LTDA,0,Outras,1.5,Ocasionais,20793.45
137748,BELECO AGROINDUSTRIA COMERCIO E TRA,0,Outras,1.375,Ocasionais,149860.99
1788363,P. S. AVI E CIA LTDA,0,GL 5,1.0,Ocasionais,2343.32
1788361,TECPET TRANSPORTES E SERVICOS LTDA,0,TOP TURBO,2.0,Regulares,694.7
1788225,MINERADORA POXOREU LTDA,0,HYDRA,1.0,Ocasionais,522.3
1788085,SIDERCAM SIDERURGICA LTDA,0,HYDRA,3.0,Regulares,4001.22
1788073,WV TRANSPORTES E LOGISTICA LTDA,0,TOP TURBO,3.1666666666666665,Regulares,21838.59
1788064,CENTRAIS ELETRICAS BRASILEIRAS SA E,0,Outras,1.5,Ocasionais,2338.99
1787636,CIA. DE GER. E TRANSM. DE EN. ELET.,0,Outras,1.0,Ocasionais,4190.3
1787535,CADVAL VALVULAS INDUSTRIAIS LTDA,0,HYDRA XP,1.0,Ocasionais,4154.68
1787452,OURO ENERGETICA S/A.,0,Outras,1.0,Ocasionais,17939.68
1645178,ZARP TRANSPORTES DE CARGAS LTDA,0,TOP TURBO,2.272727272727273,Regulares,18399.1
1645105,AVANCO TRANSPORTES E TURISMO EIRELI,0,TOP TURBO,1.8666666666666667,Regulares,156466.16999999998
138505,VEGA MANAUS TRANSPORTE DE PASSAGEIR,0,Outras,1.1111111111111112,Ocasionais,49072.76
138362,COPRAL COMERCIO E NAVEGACAO LTDA.,0,TOP TURBO,1.3333333333333333,Ocasionais,25670.51
138249,CANAVARRO TRANSPORTE DE MAQUINAS E,0,TOP TURBO,2.0,Regulares,5114.03
138088,A M QUIMICA IND.COM.PROD.QUIM.IMP.E,0,TOP TURBO,1.0,Ocasionais,15252.6
1644782,ELETROGOES S/A,0,HYDRA,1.0,Ocasionais,18515.120000000003
1787442,SPRINT RENTAL LTDA,0,Outras,1.0,Ocasionais,177040.72
1787370,A MADEIRA INDUSTRIA E COMERCIO LTDA,0,Outras,1.0,Ocasionais,5080.66
1787183,JULIO EDUARDO SIMOES,0,GL 5,3.5,Regulares,14661.05
1787176,SACS CONSTRUCAO E MONTAGEM LTDA,0,TOP TURBO,2.25,Regulares,102341.9
1787009,AXIA ENERGIA S.A.,0,Outras,1.0,Ocasionais,39781.34
1786918,KATHARINA TRANSPORTES E LOCACAO DE,0,Outras,1.0,Ocasionais,11826.39
1786726,CENTRAIS ELETRICAS BRASILEIRAS SA E,0,Outras,1.0,Ocasionais,7403.08
1786724,"ARMAC LOCACAO, LOGISTICA E SERVICOS",0,TOP TURBO PRO,3.3333333333333335,Regulares,19477.21
1786722,"ARMAC LOCACAO, LOGISTICA E SERVICOS",0,Outras,2.0,Regulares,894.89
1786715,CENTRAIS ELETRICAS BRASILEIRAS SA E,0,Outras,1.0,Ocasionais,26268.02
1785372,CENTRAIS ELETRICAS BRASILEIRAS SA E,0,TOP TURBO,1.0,Ocasionais,1095.14
1785371,CENTRAIS ELETRICAS BRASILEIRAS SA E,0,Outras,1.25,Ocasionais,75736.05
1644441,MAIS CONSTRUTORA LTDA,0,HYDRA XP,2.25,Regulares,34391.73
140132,TEJUCANA MINERACAO SA,0,GEAR,1.75,Regulares,59870.51
1644436,AMBIPAR WASTE TO ENERGY S.A.,0,HYDRA XP,1.875,Regulares,17410.87
3026,CONSIGAZ-DISTRIBUIDORA DE GAS LTDA,0,TOP TURBO,1.3333333333333333,Ocasionais,30066.550000000003
1905324,ELETRO KVA LTDA,0,AV,1.0,Ocasionais,5668.7
2345,EXPRESSO MARLY LTDA,0,Outras,2.142857142857143,Regulares,48742.38
2252,BRAVO SERVICOS LOGISTICOS LTDA,0,GL 5,1.75,Regulares,19628.93
2228,REALSI SERVICOS E TRANSPORTES LITOR,0,TOP TURBO,1.8,Regulares,108491.04
139366,REGINAVES INDUSTRIA E COMERCIO DE A,0,GEAR,1.0,Ocasionais,4513.02
1775,GW CONSTRUCOES E INCORPORACOES LTDA,0,TOP TURBO,2.2,Regulares,66958.65
1711,CONSTRUTORA ENGETRAN LTDA,0,Outras,1.3333333333333333,Ocasionais,34324.32
139109,FERRO + MINERACAO S.A.,0,AV,1.125,Ocasionais,75386.55
139072,PARATY ATACADO E DISTRIBUIDORA LTDA,0,TOP TURBO,4.0,Frequentes,1796.9
139001,FRIBON TRANSPORTES LTDA,0,TOP TURBO,1.3333333333333333,Ocasionais,28656.57
140586,TRANSTURISMO TRANSPORTADORA ORIENTA,0,TOP TURBO,1.0,Ocasionais,31496.29
140212,W M JUNIOR LOCACAO DE MAQUINAS AGRI,0,TOP TURBO,2.3,Regulares,48595.8
140162,RUMO MALHA OESTE S.A.,0,Outras,1.0,Ocasionais,185093.63
1786701,MAKRO ENGENHARIA LTDA,0,Outras,2.0,Regulares,5600.25
1786360,CONCRECITY PRESTACAO DE SERVICOS EM,0,TOP TURBO,2.3076923076923075,Regulares,67638.64
1786346,E M SANTOS AGROINDUSTRIA COMERCIO L,0,TOP TURBO,1.7142857142857142,Regulares,14140.71
1786257,K.M.SILVA TRANSPORTES LTDA,0,TOP TURBO,1.0,Ocasionais,2299.35
1786179,VILASA CONSTRUTORA S/A.,0,GL 5,3.6666666666666665,Frequentes,33345.98
1786072,RODOLOMAS TRANSPORTES LTDA,0,TOP TURBO,2.75,Regulares,14078.59
1786062,RODOAGRO MOTORES GERADORES E REPRES,0,TOP TURBO,1.0,Ocasionais,10269.26
1786053,"EMPOL PAVIMENTACOES, OBRAS E CONCRE",0,TOP TURBO,2.0,Regulares,44800.54
1785934,BURITI INDUSTRIA E COMERCIO DE AGUA,0,Outras,2.0,Regulares,8475.71
1785933,LINCE TRANSPORTES E LOGISTICA LTDA,0,TOP TURBO,1.0,Ocasionais,1339.47
1785932,CENTRAIS ELETRICAS BRASILEIRAS SA E,0,Outras,1.2,Ocasionais,147425.72
1785925,CENTRAIS ELETRICAS BRASILEIRAS SA E,0,Outras,1.0,Ocasionais,173846.04
1785921,REVAL TRANSPORTES LTDA,0,TOP TURBO,1.6666666666666667,Regulares,50113.83
143463,INTEGRAL TRANSPORTES LTDA,0,Outras,1.125,Ocasionais,16472.29
143402,SERMAVIL LOCACAO DE GUINDASTE E TRA,0,HYDRA XP,1.3333333333333333,Ocasionais,32806.13
143391,"COMINPA - COMERCIO, MINERACAO E PAV",0,TOP TURBO,2.8333333333333335,Regulares,44288.81
143204,CRISTIANO SILVA DE LIMA,0,Outras,1.0,Ocasionais,3454.93
1622,RS INSTALACOES E COMERCIO LTDA,0,AV,1.0,Ocasionais,8918.63
142612,PORTO REAL TRANSPORTE COLETIVO LTDA,0,TOP TURBO,2.0,Regulares,3029.59
142413,EXPRESSO UNIAO LTDA,0,TRM 5,1.0,Ocasionais,2647.88
142385,PEDRA AZUL TURISMO LTDA,0,Outras,1.0,Ocasionais,625.17
141949,FER-ALVAREZ PRODUTOS SIDERURGICOS I,0,HYDRA,1.0625,Ocasionais,68805.78
571,CIPLAN CIMENTO PLANALTO SA,0,HYDRA,1.5185185185185186,Regulares,138260.14
141788,TRANSPORTADORA CONHA LTDA,0,TOP TURBO,1.0,Ocasionais,3820.5
255,SERGIPE JET SERVICE COMERCIAL LTDA,0,Outras,2.0,Regulares,3811.42
141534,BENTONIT UNIAO NORDESTE INDUSTRIA E,0,GEAR,1.75,Regulares,47859.52
141446,SLP INDUSTRIA E COMERCIO DE RECICLA,0,HYDRA XP,1.0,Ocasionais,2843.71
141403,COOPERATIVA DOS TRANSPORTADORES AUT,0,TOP TURBO,1.6,Regulares,45394.0
141398,ARIEDAM AGROPECUARIA LTDA,0,TOP TURBO,2.1,Regulares,61034.93
143595,VICSUL CARGO E LOGISTICA LTDA,0,TOP TURBO,1.0,Ocasionais,19987.01
143549,VIACAO LUWASA LTDA,0,Outras,2.0,Regulares,2165.1
1785367,CENTRAIS ELETRICAS BRASILEIRAS SA E,0,Outras,1.0,Ocasionais,1826.42
1785287,CENTRAIS ELETRICAS BRASILEIRAS SA E,0,TOP TURBO,1.0,Ocasionais,6297.4400000000005
233,ARCOM S/A,0,Outras,2.5,Regulares,60783.53
1785264,CENTRAIS ELETRICAS BRASILEIRAS SA E,0,Outras,1.0,Ocasionais,1409.5800000000002
1785263,CENTRAIS ELETRICAS BRASILEIRAS SA E,0,Outras,1.6666666666666667,Regulares,23283.0
1785224,CONSORCIO ARIPUANA,0,HYDRA,4.0,Frequentes,20962.63
1785210,YAKULT S/A. INDUSTRIA E COMERCIO,0,HYDRA XP,1.75,Regulares,4085.85
1785193,RODOJUNIOR TRANSPORTES LTDA,0,TOP TURBO PRO,1.7692307692307692,Regulares,139582.5
1785181,CONSTRUTORA UNICA DO BRASIL LTDA,0,TOP TURBO,2.75,Regulares,16726.56
1785002,M.M. E N. TERMINAIS DE CARGAS LTDA.,0,Outras,1.8461538461538463,Regulares,62670.130000000005
1784993,RODOVIARIO SHALLOON DE GUARULHOS LO,0,TOP TURBO PRO,1.0,Ocasionais,12638.5
1784992,JOTASOL COMERCIO E SERVICOS LTDA,0,TOP TURBO,1.0,Ocasionais,1238.74
1784965,CONCREMINAS CONCRETOS LTDA,0,Outras,1.0,Ocasionais,5804.37
1784963,CA LOCACAO E TRANSPORTES LTDA,0,HYDRA XP,3.6666666666666665,Frequentes,12889.94
1784385,RAPIDO FEDERAL VIACAO LIMITADA,0,TOP TURBO PRO,1.2857142857142858,Ocasionais,19263.62
1784379,DUBAXO SERVICOS DE INSTALACAO E MAN,0,AV,1.0,Ocasionais,55160.02
146745,KATIA MARIA RISUENHO ABDON,0,Outras,1.0,Ocasionais,1348.17
146744,JOAO WALDEMAR R ABDON,0,Outras,1.8235294117647058,Regulares,81315.42
1914915,SOLUCAO AMBIENTAL E SERVICOS LTDA,0,HYDRA,1.0,Ocasionais,4388.65
1905856,JAURU TRANSMISSORA DE ENERGIA S A,0,AV,1.0,Ocasionais,10800.36
146328,OLEOPLAN NORDESTE INDUSTRIA DE BIOC,0,HYDRA XP,2.0,Regulares,91069.57
145592,SBM - SUL BRASILEIRA DE MINERACAO L,0,GEAR,1.5,Ocasionais,22701.05
145589,SBM - SUL BRASILEIRA DE MINERACAO L,0,Outras,1.9090909090909092,Regulares,81459.54000000001
145552,JR COMERCIO DE CIMENTO E CONCRETO L,0,TOP TURBO,2.0,Regulares,8192.84
145355,GOLDENCOR INDUSTRIA CATARINENSE DE,0,Outras,1.0,Ocasionais,13021.13
145118,SOLLUS MECANIZACAO AGRICOLA LTDA.,0,HYDRA XP,3.0,Regulares,28072.92
144779,NOTARO ALIMENTOS LTDA,0,Outras,1.3333333333333333,Ocasionais,24192.54
144401,HP TERRAPLENAGENS E PAVIMENTACOES L,0,GEAR,1.2857142857142858,Ocasionais,55701.26
1912219,M.G. CINDIO MANUTENCAO DE BOMBAS LT,0,HYDRA XP,2.0,Regulares,9421.24
143714,CONSTRUTORA LUIZ COSTA LTDA,0,Outras,1.0,Ocasionais,24844.42
1914210,CENTRAL FISH COMERCIO DE PESCADOS L,0,Outras,1.0,Ocasionais,2637.58
147793,RAPIDO LUXO CAMPINAS LTDA,0,Outras,1.0,Ocasionais,2205.66
147409,TRANS MRA LIMA TRANSPORTES DE PRODU,0,TOP TURBO,1.0714285714285714,Ocasionais,126195.1
147321,9 GRUPAMENTO LOGISTICO,0,GL 5,3.0,Regulares,34402.96
147276,BASTON INDUSTRIA DE AEROSSOIS LTDA,0,TOP TURBO,2.3333333333333335,Regulares,85418.98
147172,BRAZUL TRANSPORTE DE VEICULOS LTDA,0,TOP TURBO,1.4615384615384615,Ocasionais,63886.27
211,MILDO ALVES ADMINISTRACAO COMERCIO,0,TOP TURBO,1.25,Ocasionais,15322.6
146809,SBM - SUL BRASILEIRA DE MINERACAO L,0,Outras,1.9375,Regulares,140738.7
1784959,E C P DA SILVALTDA,0,Outras,1.8,Regulares,12239.11
1784862,CICLUS AMAZONIA S.A.,0,Outras,1.8888888888888888,Regulares,99857.55
1784773,RODOVIARIO SHALLOON DE GUARULHOS LO,0,TOP TURBO,1.0,Ocasionais,76098.35
1784770,JORDAO TRANSPORTES RODOVIARIOS LTDA,0,TOP TURBO,2.0,Regulares,6281.46
1784672,LOG20 LOGISTICA S/A,0,TOP TURBO,1.2727272727272727,Ocasionais,18631.73
1784660,TERRAM ENGENHARIA DE INFRAESTRUTURA,0,TOP TURBO,2.25,Regulares,53698.37
1784653,INTERMARITIMA PORTOS E LOGISTICA S/,0,HYDRA XP,1.8333333333333333,Regulares,16141.29
148491,LOCJA - MAQUINAS E FERRAMENTAS ELET,0,TOP TURBO,1.75,Regulares,34826.200000000004
148283,EMBRAPORT EMPRESA BRASILEIRA DE TER,0,HYDRA XP,1.0,Ocasionais,15866.28
148067,CORTEZ ENGENHARIA LTDA.,0,Outras,3.0,Regulares,12909.58
148001,ELBA CALCARIO LTDA,0,Outras,1.6875,Regulares,77516.05
1784011,NEWELL BRANDS BRASIL LTDA,0,Outras,1.2857142857142858,Ocasionais,11012.95
1783992,ENGIE SOLUCOES DE OPERACAO E MANUTE,0,HYDRA XP,2.0,Regulares,5304.6900000000005
1783970,53.571.243 VINICIUS OLIVEIRA LEAL,0,HYDRA,2.0,Regulares,8358.0
1783964,CONCRETO DE TERESOPOLIS LTDA,0,HYDRA XP,1.0,Ocasionais,1892.09
1783961,COMPANHIA HIDRO ELETRICA DO SAO FRA,0,Outras,1.0,Ocasionais,6304.91
1783936,TECVIA ENGENHARIA E PAVIMENTACAO LT,0,Outras,1.0,Ocasionais,26549.71
1783847,"ARMAC LOCACAO, LOGISTICA E SERVICOS",0,TOP TURBO,2.857142857142857,Regulares,81934.07
1783757,SEMENTES TRES PINHEIROS SEEDS LTDA,0,TOP TURBO,3.5,Regulares,16851.86
1783405,MUNICIPIO DE NOVA FRIBURGO,0,TOP TURBO,1.0,Ocasionais,9379.01
148000,MINERACAO DE CALCARIO MONTIVIDIU LT,0,HYDRA XP,2.0714285714285716,Regulares,80907.23
147947,FRIGORIFICO RIOMAR LTDA,0,Outras,1.0,Ocasionais,44927.58
147867,FIVE STAR OFFSHORE SERVICOS E LOCAC,0,HYDRA XP,1.0,Ocasionais,5802.2
150123,VALDAMERI TRANSPORTES LTDA,0,TOP TURBO,1.0,Ocasionais,34421.2
150052,G. SILVA TRANSPORTES E LOGISTICA LT,0,TOP TURBO,1.375,Ocasionais,60806.73
149941,SLEA - SAO LUIS ENGENHARIA AMBIENTA,0,TOP TURBO,2.0,Regulares,92725.85
149886,TRANSPORTES EMECE LTDA,0,TOP TURBO PRO,1.0,Ocasionais,3787.23
149635,COPLAST  INDUSTRIA QUIMICA LTDA,0,Outras,1.6666666666666667,Regulares,14124.33
149483,CONCRELINE LOCACAO DE EQUIPAMENTOS,0,HYDRA XP,2.090909090909091,Regulares,92631.35
149474,USEMIX CONCRETO LTDA,0,TOP TURBO,2.0,Regulares,1085.75
149446,R & S AUTO LOCADORA LTDA,0,Outras,1.4,Ocasionais,15739.14
149364,SETORIAL IRRIGACAO COMERCIAL LTDA,0,GL 5,1.6129032258064515,Regulares,95524.81
148624,ACO VERDE DO BRASIL S/A,0,Outras,1.75,Regulares,12456.06
148588,CLARA ELETRICA PROJETOS E INSTALACO,0,AV,1.0,Ocasionais,9384.8
150763,LEGAL INDUSTRIA E COMERCIO DE EMBAL,0,HYDRA XP,1.6875,Regulares,80697.25
150716,THOR GRANITOS E MARMORES LTDA,0,GEAR,1.3478260869565217,Ocasionais,75027.7
150395,SIDERTEC ESTRUTURAS METALICAS LTDA,0,HYDRA XP,1.3333333333333333,Ocasionais,7399.219999999999
150394,SIDERTEC ESTRUTURAS METALICAS LTDA,0,HYDRA XP,3.3333333333333335,Regulares,8335.39
1783323,WS LOCACOES LTDA,0,HYDRA XP,1.0,Ocasionais,568.11
1783206,"ARMAC LOCACAO, LOGISTICA E SERVICOS",0,GL 5,1.0,Ocasionais,827.2
1782832,INDY LOG LOGISTICA LTDA,0,HYDRA,2.0,Regulares,29596.86
1782827,CRISTAULAT INDUSTRIA E COMERCIO DE,0,TOP TURBO,2.0,Regulares,8450.67
1782817,B D B MACHADO ENGENHARIA LTDA,0,AV,1.0,Ocasionais,2112.63
1782811,AGRO SERINGUEIRA TOCANTINS LTDA.,0,TOP TURBO,2.3333333333333335,Regulares,37980.47
1782803,"ARMAC LOCACAO, LOGISTICA E SERVICOS",0,HYDRA,2.3333333333333335,Regulares,7771.23
1782793,M B C MATERIAIS BASICOS PARA CONSTR,0,GEAR,1.125,Ocasionais,28466.06
150336,CENTRAL DE GERENCIAMENTO AMBIENTAL,0,Outras,1.7142857142857142,Regulares,37974.73
150317,FLAPA - ENGENHARIA E MINERACAO LTDA,0,Outras,1.0,Ocasionais,2448.88
1782157,RAPIDO SUMARE LTDA.,0,TOP TURBO,1.8,Regulares,163729.56
1781967,EMPREENDIMENTOS RODEIRO S/A,0,TOP TURBO PRO,1.1818181818181819,Ocasionais,80928.7
1781947,MAKRO ENGENHARIA LTDA,0,HYDRA XP,1.0,Ocasionais,11800.17
1781847,"ARMAC LOCACAO, LOGISTICA E SERVICOS",0,TOP TURBO,1.0,Ocasionais,1094.97
1781765,"ARMAC LOCACAO, LOGISTICA E SERVICOS",0,TOP TURBO,2.5,Regulares,5639.79
1781763,FRAGA CONSTRUCOES E ENGENHARIA LTDA,0,HYDRA XP,2.5,Regulares,8478.130000000001
1781682,FRANCISCO ZULEUDO MAIA,0,Outras,1.0,Ocasionais,4979.780000000001
1781670,ACAUA SMARTLOG LTDA.,0,Outras,1.25,Ocasionais,12954.15
1781477,DELTA PLATAFORMAS LTDA,0,HYDRA XP,2.2,Regulares,26997.81
1781468,J DANTAS S/A ENGENHARIA E CONSTRUCO,0,HYDRA XP,2.5,Regulares,8720.869999999999
1781231,TLK - TRANSPORTES E LOGISTICA LTDA.,0,GL 5,1.0,Ocasionais,476.26
1781215,"ARMAC LOCACAO, LOGISTICA E SERVICOS",0,HYDRA,2.4,Regulares,6775.45
150914,"PETRUZ FRUITY INDUSTRIA, COMERCIO E",0,Outras,1.0833333333333333,Ocasionais,78474.18
150817,RADIAL TRANSPORTE COLETIVO LTDA,0,TOP TURBO,1.0,Ocasionais,51760.95
152995,COMPENSADOS FUCK LTDA.,0,HYDRA,1.0,Ocasionais,174695.37
152454,FIACAO E TECELAGEM SAO GERALDO LTDA,0,GEAR,1.3333333333333333,Ocasionais,33937.53999999999
152311,J L C TRANSPORTES E CONSULTORIA LTD,0,TOP TURBO,2.0,Regulares,6549.53
152288,SANTO ALEIXO MG EMPREENDIMENTOS AGR,0,Outras,2.0,Regulares,71186.66
152203,MEGA GELOTIMO MINAS LTDA,0,Outras,1.25,Ocasionais,23241.59
152055,OGR SISTEMAS MEDICOS LTDA,0,AV,1.0,Ocasionais,4214.66
151520,CONCRECON CONCRETO E CONSTRUCOES LT,0,Outras,1.1,Ocasionais,22017.23
151446,TAMOIO MINERACAO S/A,0,HYDRA XP,2.3,Regulares,67229.11
151347,FRANCISCO MENDES RIBEIRO,0,Outras,1.6666666666666667,Regulares,26968.91
151254,ASSOCIACAO COMUNITARIA DE PRODUCAO,0,GEAR,3.5,Regulares,49375.06
151169,AMSS INDUSTRIA MECANICA LTDA,0,HYDRA XP,1.2,Ocasionais,23754.86
154190,COMPANHIA DE NAVEGACAO DA AMAZONIA,0,Outras,2.0,Regulares,51303.46
154188,DISTRIBUIDORA DE GELO E BEBIDAS ITA,0,Outras,1.0,Ocasionais,70009.41
154000,TRANSPARENCY LOG. E TRANSP. LTDA.,0,Outras,2.0,Regulares,43671.11
153711,VIACAO PASSARO BRANCO LTDA,0,Outras,1.0,Ocasionais,2871.15
153696,RODOVIARIA GRAVATAENSE LTDA,0,TOP TURBO,2.0,Regulares,3627.49
153470,OCEANO PESCA IMP E EXP LTDA,0,TRM 5,1.5,Ocasionais,15177.03
153452,ELASTOMEROS BRASIL LTDA,0,HYDRA XP,4.5,Frequentes,5290.06
153438,EXPRESSO MARINGA DO VALE S.A.,0,Outras,1.375,Ocasionais,39955.21
153130,LOCENG LOCACAO DE TRATORES E MAQUIN,0,TOP TURBO,2.526315789473684,Regulares,115093.29
153035,CHAMONIX MIX LTDA,0,Outras,1.1818181818181819,Ocasionais,50681.67
153033,ACO VERDE DO BRASIL S/A,0,TRM 5,2.0,Regulares,22284.83
155024,BVC TRANSPORTES LTDA,0,TOP TURBO PRO,2.0,Regulares,14491.19
155023,IDIL - IPUCABA DISTRIBUIDORA DE BEB,0,TOP TURBO,1.0,Ocasionais,17469.56
154935,HIDROCROMO HIDRAULICA E PNEUMATICA,0,HYDRA XP,1.0,Ocasionais,49512.630000000005
1781007,CENTRO DE EMBARCACOES DO COMANDO MI,0,TOP TURBO PRO,2.0,Regulares,4010.35
1780969,MINERA SERVICE LTDA,0,Outras,1.0,Ocasionais,2234.23
1780282,PRIMAX TRANSPORTES PESADOS LTDA,0,TOP TURBO,2.0,Regulares,10363.12
1780275,SISTEMMA ASSESSORIA E CONSTRUCOES S,0,HYDRA,2.0,Regulares,4386.04
1780274,AMBIPAR WASTE TO ENERGY S.A.,0,Outras,2.3333333333333335,Regulares,3478.44
1780230,D F C TRANSPORTADORA LTDA,0,TOP TURBO,1.0,Ocasionais,955.6
1779611,MARINGA FERRO-LIGA S.A,0,AV,1.0,Ocasionais,30700.43
1779527,MARINGA FERRO-LIGA S.A,0,AV,1.0,Ocasionais,127891.88
154746,PEDREIRA SAO JORGE LTDA,0,GEAR,1.8,Regulares,54504.99
154719,EPENG - EMPRESA PROJETOS DE ENGENHA,0,TOP TURBO,2.0,Regulares,44888.87
154676,UEG ARAUCARIA S.A.,0,AV,1.8333333333333333,Regulares,70512.85
156586,LEVANTINA NATURAL STONE BRASIL LTDA,0,HYDRA,1.95,Regulares,95942.0
156429,EMA CONSTRUCOES LTDA,0,TOP TURBO,1.3333333333333333,Ocasionais,7207.8
156360,BUSSOLA COMERCIO E SERVICOS LTDA,0,TOP TURBO,1.0,Ocasionais,43429.54
156356,BSB LOCACAO DE MAQUINAS LTDA,0,Outras,2.0,Regulares,2735.02
156238,3 X PRODUTOS QUIMICOS LTDA,0,GL 5,1.5,Ocasionais,17531.85
156226,SUPER TERMINAIS COMERCIO E INDUSTRI,0,Outras,4.0,Frequentes,29026.03
156201,JOANINI TRANSPORTE RODOVIARIO DE CA,0,TOP TURBO,2.25,Regulares,32616.73
156126,TONIOLO BUSNELLO S/A TUNEIS TERRAP.,0,HYDRA XP,1.6666666666666667,Regulares,42192.35
156122,TRANSPORTADORA TREVO DA SORTE LTDA,0,TOP TURBO,1.6666666666666667,Regulares,48903.39
155945,AUTO VIACAO REGINAS LTDA,0,Outras,1.5,Ocasionais,151891.03
155890,MARCANTI INDUSTRIA E COMERCIO DE PL,0,GEAR,1.0,Ocasionais,1088.58
155820,METALSO LIMEIRA INDUSTRIA E COMERCI,0,HYDRA,1.0,Ocasionais,43433.83
155292,A J RORATO & CIA LTDA,0,HYDRA,1.0,Ocasionais,18161.16
155257,ALONSO RIBEIRO DE PAIVA,0,Outras,1.0,Ocasionais,1536.2
155165,PROSEGUR BRASIL S/A TRANSPORTADORA,0,TOP TURBO,3.0,Regulares,2616.0
157023,BETUNEL INDUSTRIA E COMERCIO S/A,0,Outras,1.0,Ocasionais,43443.84
157016,MINERADORA VALE DO PAJEU LTDA - EM,0,Outras,3.0,Regulares,8852.76
156834,FURNAS - CENTRAIS ELETRICAS S.A.,0,GEAR,3.0,Regulares,940.9
156786,AURORA DA AMAZONIA TERMINAIS E SERV,0,HYDRA,4.0,Frequentes,3008.52
1779277,RODOCON CONSTRUCOES RODOVIARIAS LTD,0,Outras,3.5,Regulares,23959.98
1778864,MUSKEL HYDRAULIK BRAZIL LTDA,0,HYDRA,1.0,Ocasionais,4271.84
1778592,MARCOLAJE LOCACOES DE MAQUINAS E CO,0,HYDRA,3.0,Regulares,9023.65
1778590,BRITABAL INDUSTRIA E COMERCIO LTDA,0,Outras,2.3333333333333335,Regulares,20935.67
1778574,FRAGA CONSTRUCOES E ENGENHARIA LTDA,0,GEAR,2.0,Regulares,22366.65
1778506,INTERMARITIMA PORTOS E LOGISTICA S/,0,HYDRA XP,1.0,Ocasionais,2033.01
1778328,GS EXTRACAO E COMERCIO DE AREIA LTD,0,HYDRA,2.25,Regulares,103192.19
1778325,"ARMAC LOCACAO, LOGISTICA E SERVICOS",0,Outras,4.0,Frequentes,824.48
156686,DEMAQ CONSTRUTORA DE OBRAS LTDA,0,HYDRA,2.2,Regulares,19194.18
158324,TRANSPORTES RODOWAY LTDA,0,TOP TURBO,2.8,Regulares,15514.51
158171,SHIOKAWA TRANSPORTES LTDA,0,TOP TURBO,2.0,Regulares,63809.28
157721,COMBER LOGISTICA LTDA,0,HYDRA,1.6666666666666667,Regulares,68052.87
157684,BETUNEL INDUSTRIA E COMERCIO S/A,0,Outras,1.0,Ocasionais,20396.03
157662,VICENTE FRANCISCO DA SILVA,0,Outras,1.0,Ocasionais,1236.19
157624,BREDA LOGISTICA LTDA,0,Outras,2.25,Regulares,41701.61
157607,FRANCISCO EDGLEY SILVA DE COUTO,0,Outras,1.0,Ocasionais,1262.06
157488,VIACAO TRES CORACOES LTDA,0,TOP TURBO,1.0,Ocasionais,75435.34
157393,CONSTRUTORA E PEDREIRA BEIRA RIO LT,0,GEAR,2.272727272727273,Regulares,63395.92
157355,J MURILO EMPREENDIMENTO IMOBILIARIO,0,HYDRA,2.4,Regulares,33114.82
157235,JSL S.A.,0,Outras,1.0,Ocasionais,21898.19
157222,JSL S.A.,0,GL 5,1.0,Ocasionais,2415.45
157073,TECNOPAV ENGENHARIA LTDA.,0,HYDRA,1.0,Ocasionais,5574.41
159004,EVANDRO FERREIRA FACUNDES,0,Outras,1.0,Ocasionais,11900.55
158926,LEAO LOCADORA DE VEICULOS LTDA,0,TOP TURBO,1.25,Ocasionais,13762.990000000002
1778199,"ARMAC LOCACAO, LOGISTICA E SERVICOS",0,TOP TURBO,1.4444444444444444,Ocasionais,19825.82
1777855,THORA CONSTRUCAO E PREMOLDADOS LTDA,0,HYDRA,1.25,Ocasionais,47504.55
1777549,PROGRESSO AGRICOLA LTDA,0,HYDRA XP,1.0,Ocasionais,21863.58
1777526,EOLICA ITAREMA I S.A.,0,AV,1.0,Ocasionais,20063.66
1777525,PROGRESSO AGRICOLA LTDA,0,Outras,2.0,Regulares,48373.33
1777523,CONSTRUTORA LINDOIA LTDA,0,Outras,1.0,Ocasionais,2714.28
1777519,PONTA GROSSA AMBIENTAL - CONCESSION,0,Outras,1.0,Ocasionais,13893.92
1777476,"ARMAC LOCACAO, LOGISTICA E SERVICOS",0,TOP TURBO,2.0,Regulares,1910.96
1777286,MARATA INDUSTRIA DE EMBALAGENS LTDA,0,Outras,1.4285714285714286,Ocasionais,4015.78
1777107,A. G. CONSTRUTORA LTDA,0,Outras,1.0,Ocasionais,4410.47
158834,TECUSI INDUSTRIA E COMERCIO,0,Outras,1.0,Ocasionais,39518.44
158824,TRANSPORTES HORIZONTE FRIOS LTDA,0,Outras,2.5,Regulares,12369.68
158458,CALSIMEC INDUSTRIA E COMERCIO LTDA,0,HYDRA XP,1.8,Regulares,23179.84
160057,"POOL ENGENHARIA, SERVICO, INDUSTRIA",0,AV,1.5,Ocasionais,21798.93
160035,TMT LOGISTICA LTDA,0,TOP TURBO,1.0,Ocasionais,128082.11
159970,CROS MINERACAO LTDA,0,GEAR,1.6666666666666667,Regulares,18331.85
159786,CRISTAL MAQUINAS E TRANSPORTE LTDA,0,TOP TURBO,1.2,Ocasionais,38438.01
159589,CARLOS ROESEL TRANSPORTES LTDA,0,TOP TURBO,1.1666666666666667,Ocasionais,20831.22
159565,VILA BOA CONSTRUCOES E SERVICOS LIM,0,Outras,1.375,Ocasionais,28439.870000000003
159438,ALVOAR LACTEOS NORDESTE S/A,0,Outras,1.1,Ocasionais,74055.56
159348,AUTOMADE TRANSPORTE E TURISMO LTDA,0,TOP TURBO,2.4375,Regulares,71617.55
159244,DONATO TRANSPORTES LTDA,0,TOP TURBO,1.5,Ocasionais,4596.11
159237,RCM LOCACAO DE MAQUINAS LTDA,0,HYDRA,2.625,Regulares,51371.41
159230,LINE TRANSPORTES SERVICOS E EMBALAG,0,TOP TURBO,2.6,Regulares,20888.35
159106,IPIRANGA RECICLAGEM DE METAIS LTDA,0,HYDRA,1.0,Ocasionais,1937.78
159021,EMPRESA DE MINERACAO ESPERANCA S A,0,GEAR,1.5,Ocasionais,67915.20999999999
161714,TERRACOM CONSTRUCOES LTDA,0,Outras,1.0,Ocasionais,17135.739999999998
161634,EXPRESSO FENIX VIACAO LTDA,0,TOP TURBO,1.0,Ocasionais,2176.63
161014,MARLOG - MARAJO LOGISTICA E SERVICO,0,TOP TURBO,1.0,Ocasionais,15904.13
160927,SOCOCO S/A - AGROINDUSTRIAS DA AMAZ,0,Outras,1.0,Ocasionais,1055.72
160732,RODOCON CONSTRUCOES RODOVIARIAS LTD,0,Outras,1.0,Ocasionais,33875.51
160726,SANTA CRUZ TRANSPORTES LTDA.,0,Outras,2.0,Regulares,31676.96
160628,CIDAL-INDUSTRIA E COMERCIO DE INSUM,0,HYDRA XP,1.0,Ocasionais,26620.65
160587,VILA BOA CONSTRUCOES E SERVICOS LIM,0,Outras,1.68,Regulares,104266.33
160458,EXPRESSO SEM FRONTEIRAS LTDA,0,Outras,2.4285714285714284,Regulares,24899.62
160369,PAVIBRAS PAVIMENTADORA BRASILEIRA L,0,TOP TURBO,1.6666666666666667,Regulares,16338.36
160337,JSL S.A.,0,GL 5,1.0,Ocasionais,2415.45
160234,DISTRIBUIDORA DE AGUA CAMACARI S/A,0,AV,1.6666666666666667,Regulares,56233.53
160119,PORTO DE AREIA TUBARAO LTDA,0,TOP TURBO,1.5454545454545454,Regulares,41220.8
162860,AMBAR ENERGIA RORAIMA S.A.,0,TOP TURBO,1.0,Ocasionais,37468.86
162170,DEL REY TRANSPORTES LTDA,0,GL 5,1.0,Ocasionais,2310.16
162023,PROJEART INDUSTRIA DE ESTRUTURAS ME,0,HYDRA XP,2.5,Regulares,4842.29
1777100,D R B TRANSPORTES LTDA,0,TOP TURBO,1.0,Ocasionais,3487.76
1776797,DURAMETAL LTDA,0,AV,1.0,Ocasionais,141177.82
1776794,DHS PARTICIPACOES LTDA,0,TOP TURBO,1.0,Ocasionais,2183.73
1776786,FORSHIP ENGENHARIA S/A,0,HYDRA XP,2.75,Regulares,52953.11
1776578,GUJAO ALIMENTOS S/A,0,TOP TURBO,1.0,Ocasionais,5212.09
1776565,JOSE AUGUSTO VIEIRA,0,TOP TURBO,1.6,Regulares,14867.61
1776559,TRANSP - TRANSPORTES DE PETROLEO LT,0,TOP TURBO,1.375,Ocasionais,27477.72
1776558,"TONIOLO, BUSNELLO S/A - TUNEIS, TER",0,HYDRA XP,2.6666666666666665,Regulares,45973.38
1776545,"ARMAC LOCACAO, LOGISTICA E SERVICOS",0,GL 5,3.6666666666666665,Frequentes,11104.66
1776538,COLPAR PARTICIPACOES S/A,0,HYDRA,2.0,Regulares,4652.78
1776533,EUGENIO WOLLE NETTO TRANSPORTES E T,0,TOP TURBO,1.9166666666666667,Regulares,67361.72
163979,EMPREENDIMENTOS RODEIRO S/A,0,TOP TURBO PRO,1.5714285714285714,Regulares,69990.81
1776454,I.V.L. INDUSTRIAS VIEIRA LTDA,0,HYDRA XP,1.2727272727272727,Ocasionais,5739.54
1776447,HIDRAULICA JET COMERCIO E SERVICOS,0,GL 5,1.5,Ocasionais,6274.52
1776277,ES AGENCIA DE VIAGENS E TURISMO LTD,0,TOP TURBO,1.3333333333333333,Ocasionais,118056.9
1776180,PARQUE REGIONAL DE MANUTENCAO DA 12,0,TOP TURBO,1.0,Ocasionais,4414.08
1775892,DORIAN LESSA PINHEIRO DO VALE,0,TOP TURBO,1.5,Ocasionais,34364.31
1775876,COLPAR PARTICIPACOES S/A,0,TOP TURBO,2.5,Regulares,7529.48
1775871,TSE S/A,0,Outras,3.0,Regulares,110016.88
1775781,"ARMAC LOCACAO, LOGISTICA E SERVICOS",0,HYDRA,3.0,Regulares,26583.17
1775778,CONSTRUTORA J VICENTE LTDA,0,Outras,1.0,Ocasionais,676.54
1775662,MAINTENANCE SERVICE ENGENHARIA DE M,0,AV,1.0,Ocasionais,31765.01
163506,ERB ARATINGA S.A (EM RECUPERACAO JU,0,GEAR,3.0,Regulares,12350.71
163305,PROBITEC - PRODUTOS BETUMINOSOS E T,0,Outras,1.0,Ocasionais,8203.8
163241,MINERACAO MORRO ESCURO LTDA,0,HYDRA XP,1.875,Regulares,111982.45
166762,COLETIVOS BOA VISTA LTDA,0,Outras,1.2857142857142858,Ocasionais,96285.72
165969,LOURENA LOCACAO & TRANSPORTES LTDA,0,TOP TURBO,1.2,Ocasionais,13474.14
165603,COOPERATIVA DE TRABALHO TEXTIL GALO,0,Outras,1.0,Ocasionais,4922.049999999999
165438,PROSEGUR BRASIL S/A TRANSPORTADORA,0,TOP TURBO,1.0,Ocasionais,2535.09
165077,TRANS-ZOIAO TERRAPLANAGEM E TRANSPO,0,Outras,1.0,Ocasionais,7601.17
165029,VIX LOGISTICA S/A,0,Outras,3.0,Regulares,4029.16
165027,AQUANAUTA EQUIPAMENTOS SUBMARINOS L,0,HYDRA XP,1.0,Ocasionais,1851.3
164925,JAF TRANSPORTES LTDA,0,TOP TURBO,2.6666666666666665,Regulares,43223.74
164638,TRES TENTOS AGROINDUSTRIAL S/A,0,Outras,1.3333333333333333,Ocasionais,120778.44
164604,"UNIMETAL COSMOPOLIS INDUSTRIA, COME",0,Outras,2.1818181818181817,Regulares,32163.14
164430,SAMID TRANSPORTES E LOGISTICA LTDA.,0,TOP TURBO,2.142857142857143,Regulares,38841.42
164238,JUNDSONDAS POCOS ARTESIANOS LTDA,0,Outras,1.6842105263157894,Regulares,191583.24
164137,TRANSLC TRANSPORTES LTDA,0,TOP TURBO,1.0,Ocasionais,38716.87
164097,TRANSMIMO LTDA,0,TOP TURBO PRO,1.5238095238095237,Regulares,141439.43
167766,AR TURISMO AGENCIA DE VIAGENS E TUR,0,TOP TURBO,1.0,Ocasionais,18475.27
167698,BIOPETRO PRESTACAO DE SERVICOS AMBI,0,TOP TURBO,1.375,Ocasionais,19266.38
167627,ALUVID - INDUSTRIA E COMERCIO DE AL,0,HYDRA XP,1.6,Regulares,91657.37
1775562,COOP. DOS TRANSPORTS. AUT. DE VACAR,0,TOP TURBO,1.0,Ocasionais,3470.86
1775559,"ARMAC LOCACAO, LOGISTICA E SERVICOS",0,TOP TURBO,1.0,Ocasionais,1456.44
1775548,VICTORIA LOGISTICA E TRANSPORTES LT,0,TOP TURBO,1.6666666666666667,Regulares,29267.55
1775530,MAIS CONSTRUTORA LTDA,0,Outras,1.8,Regulares,45390.86
1775521,BIOPETRO PRESTACAO DE SERVICOS AMBI,0,HYDRA,5.0,Frequentes,6177.08
1775109,VAMTEC VITORIA LTDA,0,HYDRA XP,1.0,Ocasionais,2851.01
1775101,VALLE SUL PAVIMENTACAO E MINERACAO,0,TOP TURBO,1.3333333333333333,Ocasionais,4952.21
1775090,GERVASIO SCHAEFER,0,Outras,2.4285714285714284,Regulares,30817.58
1774887,AGRIMAT ENGENHARIA E EMPREENDIMENTO,0,HYDRA,3.0,Regulares,22572.27
1774886,ALAN DAVID VASCONCELOS ARAUJO LTDA,0,TOP TURBO,3.0,Regulares,8503.73
1774694,FLAVIO MARCIO FERREIRA DA SILVA E O,0,Outras,2.3529411764705883,Regulares,48005.45
167357,GRANJA BRASILIA AGROINDUSTRIAL AVIC,0,TOP TURBO,1.0,Ocasionais,60015.71
166766,TRANSPORTADORA CILDAR LTDA,0,TOP TURBO,2.2,Regulares,24877.0
170619,COMANDO DA ARTILHARIA DIVISIONARIA,0,Outras,1.0,Ocasionais,759.26
170514,INSTTALE ENGENHARIA LTDA,0,Outras,1.0,Ocasionais,2327.44
169917,AGA LOGISTICA LTDA,0,TOP TURBO,1.0,Ocasionais,15302.2
169404,MERCOPAMPA TRANSPORTES LTDA EM RECU,0,TOP TURBO,1.4615384615384615,Ocasionais,80294.84
169395,GERALMAQ LOCADORA DE MAQUINAS E FER,0,Outras,1.25,Ocasionais,10324.07
169180,FRUCAMP INDUSTRIA E COMERCIO LTDA,0,GEAR,1.631578947368421,Regulares,90567.05
168691,TRANSPORTES REQUINTE LTDA,0,GL 5,1.0,Ocasionais,11220.08
168662,EMPREENDIMENTOS RODEIRO S/A,0,TOP TURBO PRO,1.4615384615384615,Ocasionais,99337.0
168589,INDUSTRIA ALIMENTICIA MONTE CLARO D,0,Outras,1.375,Ocasionais,54358.89
168501,PETY TRANSPORTES LTDA,0,TOP TURBO,1.1428571428571428,Ocasionais,21759.77
168296,12 BATALHAO DE SUPRIMENTO - EXERCIT,0,Outras,1.8,Regulares,87840.66
168284,CINBOR INDUSTRIA DE PNEUS LTDA,0,GEAR,1.0,Ocasionais,17235.13
168182,TRANSPORTADORA TRANSLEONE LTDA,0,TOP TURBO,1.5454545454545454,Regulares,25420.71
168000,AXON LOGISTICA S/A,0,TOP TURBO,1.0,Ocasionais,10496.94
171428,VIAMARI ENGENHARIA E CONSTRUCOES LT,0,TOP TURBO,1.4285714285714286,Ocasionais,20145.15
171148,OURENSE DO BRASIL INDUSTRIA DE ARTE,0,HYDRA XP,1.125,Ocasionais,91346.19
171108,ECOBRIX BRITAGEM E USINAGEM LTDA,0,Outras,1.0,Ocasionais,2264.6
170919,ECOBRIX BRITAGEM E USINAGEM LTDA,0,GEAR,1.84,Regulares,83449.47
170757,KONICA MINOLTA HEALTHCARE DO BRASIL,0,AV,1.0,Ocasionais,208344.32
1774687,SATUS AGER BRASIL-SERVICOS AGROPECU,0,HYDRA,2.5,Regulares,11432.51
1774682,"ARMAC LOCACAO, LOGISTICA E SERVICOS",0,Outras,3.0,Regulares,24523.93
1774384,EXE MINERAL - ENGENHARIA E MINERACA,0,GEAR,1.7142857142857142,Regulares,49431.37
1774377,SEMENTES FORTUNA S.A.,0,HYDRA,1.0,Ocasionais,4147.0
1774146,MAQTERRA TRANSPORTES E TERRAPLENAGE,0,Outras,1.0,Ocasionais,2784.51
1773851,AMBIPAR ENVIRONMENTAL ECOPARQUE S/A,0,HYDRA XP,1.625,Regulares,34287.15
1773848,INCOBIO INDUSTRIA E COMERCIO DE BIO,0,HYDRA,2.4285714285714284,Regulares,58475.19
1773840,MADEIREIRA CORDILHEIRA LTDA,0,HYDRA,1.1,Ocasionais,39067.32
1772837,ANTONIO ADEMAR ALENCAR NETO,0,Outras,2.625,Regulares,38671.76
173755,ANFROLANDA S A,0,TOP TURBO,1.1111111111111112,Ocasionais,44871.76
173312,VIX LOGISTICA S/A,0,Outras,1.588235294117647,Regulares,187199.59
173256,UNIPAR CARBOCLORO S.A.,0,Outras,1.3333333333333333,Ocasionais,48297.68
173196,EMBRAC-EMPRESA BRASILEIRA DE CARGAS,0,TOP TURBO,2.0,Regulares,5432.099999999999
172831,FMR LOGISTICA E TRANSPORTES ESPECIA,0,Outras,1.0,Ocasionais,5545.85
172730,ADEL COCO BRASIL INDUSTRIA E COMERC,0,Outras,1.0666666666666667,Ocasionais,44761.18
172728,TRANSODILON LTDA,0,GL 5,2.0,Regulares,120439.8
172640,SANTOS AGROPECUARIA LTDA,0,HYDRA,1.0,Ocasionais,6567.050000000001
172607,CMT ENGENHARIA AMBIENTAL LTDA,0,TOP TURBO,1.5,Ocasionais,18062.29
172380,CDGN LOGISTICA SA,0,Outras,1.0,Ocasionais,27260.54
172179,TRASH SERVICE LTDA,0,TOP TURBO,4.6,Frequentes,25495.18
171968,VIACAO PIRACICABANA S.A.,0,Outras,1.1538461538461537,Ocasionais,81044.9
171503,GLP GAS DISTRIBUIDORA DE GAS LTDA,0,TOP TURBO,1.0,Ocasionais,30470.13
171502,SC TRANSPORTES LTDA,0,TOP TURBO,2.0,Regulares,16005.72
171492,TERPA CONSTRUCOES S/A,0,Outras,2.75,Regulares,22918.48
174861,YARA BRASIL FERTILIZANTES S/A,0,HYDRA XP,1.0,Ocasionais,1308.98
174665,TCP - TERMINAL DE CONTEINERES DE PA,0,TOP TURBO PRO,1.0,Ocasionais,20931.59
174599,RESOLVE QUIMICA LTDA,0,Outras,1.0,Ocasionais,20869.39
174362,RIO DE JANEIRO REFRESCOS LTDA,0,HYDRA XP,1.0625,Ocasionais,35488.96
174350,15 BATALHAO LOGISTICO,0,TOP TURBO,1.0,Ocasionais,16129.68
174216,LOCOFER - COMERCIO E SERVICOS DE EQ,0,Outras,1.25,Ocasionais,20853.85
1773739,NUTRION AGRONUTRIENTES LTDA.,0,TOP TURBO,3.5,Regulares,4027.150000000001
1773738,EDP ESPIRITO SANTO DISTRIBUICAO DE,0,AV,1.0,Ocasionais,59467.02
1773553,INTERLAC COMERCIO E INDUSTRIA DE AL,0,Outras,1.5,Ocasionais,271091.25
1773549,FS SEMENTES CERTIFICADAS LTDA,0,TOP TURBO,4.5,Frequentes,33780.33
1772988,CARGOCOOPER-COOP. TRANSP. AUT. DE C,0,TOP TURBO,2.0,Regulares,92060.19
1772871,TRANSMIMO LTDA,0,TRM 5,2.5,Regulares,16080.38
1772866,"ARMAC LOCACAO, LOGISTICA E SERVICOS",0,TOP TURBO,2.5,Regulares,26727.76
1772854,SUPERMIX CONCRETO S/A,0,GL 5,2.0,Regulares,4564.54
1772852,TT TRANSPORTES LTDA,0,TOP TURBO,1.0,Ocasionais,19110.74
1772847,AMBIPAR FACILITIES LTDA,0,TOP TURBO,2.4,Regulares,32841.42
177225,CANTU ENERGETICA S/A,0,Outras,1.0,Ocasionais,4678.8
176806,TRANS N W LTDA,0,TOP TURBO PRO,2.0,Regulares,5902.08
176770,DALBA ENGENHARIA E EMPREENDIMENTOS,0,Outras,3.0,Regulares,28648.16
176641,BIANCOGRES VINILICO LTDA,0,GEAR,1.6666666666666667,Regulares,11709.01
176420,AMBEV S.A.,0,GEAR,1.0,Ocasionais,2715.05
176338,SETORIAL IRRIGACAO COMERCIAL LTDA,0,GL 5,1.0526315789473684,Ocasionais,52849.51
176100,TACT TRANSPORTES LTDA,0,TOP TURBO,1.2,Ocasionais,67733.3
175802,"LCT INDUSTRIA DE PLASTICO, AGROAVIC",0,Outras,1.1764705882352942,Ocasionais,50770.41
175774,FRIPAI DISTRIBUIDORA DE CARNES LTDA,0,TOP TURBO,1.0,Ocasionais,48174.43
175659,ACP TRANSPORTES LTDA,0,TOP TURBO,1.0,Ocasionais,13344.91
175475,RPZ TRANSPORTES LTDA,0,GL 5,1.0,Ocasionais,81571.78
175434,CONSORCIO RENOVA AMBIENTAL,0,Outras,3.0,Regulares,23022.25
175372,SV TRANSPORTES LTDA,0,TOP TURBO,1.1764705882352942,Ocasionais,31546.38
174873,ELETRA ENGENHARIA LTDA,0,AV,1.0,Ocasionais,13856.14
177748,SERGIO APARECIDO FORTES,0,Outras,1.5454545454545454,Regulares,110417.59
177551,MINERACAO MANDAGUARI LTDA,0,GEAR,2.4444444444444446,Regulares,41143.27
177487,JOSÉ EDIVA DE SOUSA,0,TOP TURBO,1.0,Ocasionais,11818.67
177468,SUPER TERMINAIS COMERCIO E INDUSTRI,0,HYDRA,2.0,Regulares,3384.69
177395,Caroline Ferreira Santos,0,Outras,1.0,Ocasionais,6143.01
1772652,FATRAN TRANSPORTE E LOGISTICA LTDA,0,TOP TURBO,1.0,Ocasionais,420.66
1772636,"ARMAC LOCACAO, LOGISTICA E SERVICOS",0,TOP TURBO,3.1666666666666665,Regulares,26391.17
1772631,BENEL TRANSPORTES E LOGISTICA LTDA,0,Outras,4.0,Frequentes,25187.29
1772522,"ARMAC LOCACAO, LOGISTICA E SERVICOS",0,TOP TURBO,1.0,Ocasionais,431.6
1772510,CREDICAR LOCADORA DE VEICULOS LTDA,0,Outras,1.0,Ocasionais,9302.97
1772391,BARRIGA VERDE TRANSPORTES E COMERCI,0,GL 5,1.5,Ocasionais,4219.88
1772206,EVM TRANSPORTES E LOGISTICA LTDA,0,HYDRA,1.0,Ocasionais,3796.76
1772121,RUBEMAR LOCACAO DE MAQUINAS E SERVI,0,TOP TURBO,2.8,Regulares,32971.41
1772105,RODOCON CONSTRUCOES RODOVIARIAS LTD,0,Outras,1.0,Ocasionais,15971.38
177393,MERCURIO ALIMENTOS S/A,0,Outras,1.4482758620689655,Ocasionais,174037.34
182038,OURO SAFRA INDUSTRIA E COMERCIO LTD,0,HYDRA,1.5,Ocasionais,108569.85
180789,CDA - CENTRAL DE DISTRIBUICAO AZEVE,0,TOP TURBO,1.6842105263157894,Regulares,98940.3
180515,PEDREIRA PIRAJU LTDA,0,GEAR,2.0,Regulares,27709.8
180179,COMPANHIA INDUSTRIAL TEXTIL,0,AV,1.0,Ocasionais,13154.1
179903,FRANCISCO CARLOS BANHOS SUDARIO,0,Outras,1.0,Ocasionais,3460.07
179774,FERTRAN TRANSPORTES LTDA,0,TOP TURBO,2.5,Regulares,75274.62
179528,PEDREIRA CONQUISTA LTDA.,0,HYDRA XP,2.0833333333333335,Regulares,36640.94
179379,NORDESTE TRANSPORTES LTDA,0,TOP TURBO PRO,1.380952380952381,Ocasionais,128536.55
179071,VIACAO SANTA RITA DE ITATIBA LTDA,0,TOP TURBO,2.0,Regulares,3905.62
178572,LUIZ ANTONIO M. VASCONCELOS,0,TOP TURBO,1.8888888888888888,Regulares,42033.98
178559,BORA SERVICOS E TRANSPORTES LTDA,0,TOP TURBO,1.5,Ocasionais,13504.43
178548,ADALBERTO DOS SANTOS FILHO,0,Outras,1.0,Ocasionais,1137.67
183582,DRUMPACK EMBALAGENS INDUSTRIAIS EIR,0,HYDRA,1.0,Ocasionais,4002.36
183368,MEI INDUSTRIAL LTDA.,0,Outras,1.0,Ocasionais,31728.51
183192,EMPRESA CONSTRUTORA BRASIL SA,0,Outras,1.0,Ocasionais,903.77
182930,SUPORTE AUTOMACAO LTDA,0,HYDRA XP,1.0,Ocasionais,8697.2
182831,RAMACON DISTRIBUIDORA DE MATERIAL P,0,TOP TURBO,1.0,Ocasionais,3322.19
182808,NELCAR TRANSPORTES RODOVIARIOS LTDA,0,Outras,1.0,Ocasionais,3923.11
182803,BOCAIUVA MECANICA LTDA,0,AV,1.0,Ocasionais,10611.58
182762,DORIVAL FORTES,0,Outras,2.0,Regulares,65954.44
182709,VIVO TRANSPORTES E FRETAMENTO LTDA,0,TOP TURBO,2.25,Regulares,11912.65
182708,ROD TRANSPORTES LTDA,0,Outras,1.0,Ocasionais,2115.23
182678,TRANSPORTE COLETIVO SANDRA LTDA.,0,TOP TURBO,1.4285714285714286,Ocasionais,53897.59
182451,M.M.M. TEIXEIRA FREITAS LOCADORA DE,0,TOP TURBO,2.3333333333333335,Regulares,34690.99
182429,SALVADORA EMPRESA DE TRANSPORTES S/,0,TOP TURBO PRO,1.25,Ocasionais,151350.76
182427,ACO CEARENSE INDUSTRIAL LTDA,0,Outras,1.0,Ocasionais,7515.94
182281,Maria Isabel dos Reis,0,Outras,2.0,Regulares,602.9300000000001
182063,TRANSPOWER TRANSPORTE RODOVIARIO LT,0,TOP TURBO PRO,1.4,Ocasionais,18417.4
185592,PAULO CESAR MARQUES DAMASCENO,0,Outras,1.0,Ocasionais,67806.41
185076,MANOEL CABRAL DE SOUSA,0,Outras,1.0,Ocasionais,2262.82
1772100,PONTES DISTRIBUIDORA DE MAQUINAS E,0,Outras,2.9545454545454546,Regulares,59306.2
1772097,"ARMAC LOCACAO, LOGISTICA E SERVICOS",0,TOP TURBO,2.0,Regulares,2340.75
1772096,"ARMAC LOCACAO, LOGISTICA E SERVICOS",0,TOP TURBO,2.25,Regulares,7911.450000000001
1772093,"ARMAC LOCACAO, LOGISTICA E SERVICOS",0,Outras,2.111111111111111,Regulares,37248.23
1771905,"ARMAC LOCACAO, LOGISTICA E SERVICOS",0,TOP TURBO,1.5,Ocasionais,1749.32
1771904,"ARMAC LOCACAO, LOGISTICA E SERVICOS",0,TOP TURBO,2.0,Regulares,7231.21
1771902,RODOMARI TRANSPORTES LTDA,0,GL 5,1.3333333333333333,Ocasionais,5396.95
1771896,SAFRA LOGISTICA LTDA,0,TOP TURBO PRO,1.0,Ocasionais,65679.61
1771458,"ARMAC LOCACAO, LOGISTICA E SERVICOS",0,TOP TURBO,1.5,Ocasionais,4243.05
1771453,FERTICEL INDUSTRIA DE FERTILIZANTES,0,TOP TURBO,1.6666666666666667,Regulares,9147.83
1771446,"ARMAC LOCACAO, LOGISTICA E SERVICOS",0,TOP TURBO,1.6,Regulares,11045.75
183680,RC PERFURACOES DE POCOS ARTESIANOS,0,HYDRA XP,1.3181818181818181,Ocasionais,80916.23
188005,SUPLEMENTO NUTRICAO ANIMAL LTDA,0,TOP TURBO,1.6363636363636365,Regulares,40552.51
188001,NUNES INDUSTRIA DE PRODUTOS CERAMIC,0,HYDRA XP,1.7692307692307692,Regulares,59644.24
187463,SUPERMIX CONCRETO S/A,0,HYDRA XP,1.0,Ocasionais,7142.42
187281,HALECSON STINGUEL,0,GL 5,2.0,Regulares,34648.340000000004
187197,GRANVILLE & BAZAN LTDA,0,TOP TURBO PRO,3.0,Regulares,5241.76
187175,RODONAVES TRANSPORTES E ENCOMENDAS,0,TRM 5,2.6666666666666665,Regulares,17385.9
187010,MINERAX - MINERACAO XAMBIOA LTDA,0,GL 5,2.0,Regulares,2067.26
186769,ANTONIO FRANCISCO DA COSTA,0,Outras,1.0,Ocasionais,14391.14
186760,PARANAPANEMA S.A - EM RECUPERACAO J,0,AV,1.75,Regulares,40261.600000000006
186522,RB SERVICOS DE CONCRETAGEM LTDA,0,TOP TURBO,1.6666666666666667,Regulares,14804.25
186513,MILENIO TRANSPORTES LTDA,0,Outras,1.1578947368421053,Ocasionais,132489.29
186015,GHISOLFI LOGISTICA E TRANSPORTE S/A,0,Outras,1.0,Ocasionais,2849.08
186006,TRANSPORTES BERTOLINI LTDA,0,Outras,1.1,Ocasionais,31604.79
185762,CELM - AQUICULTURA S/A,0,TOP TURBO,1.0,Ocasionais,20159.39
185696,SYSTHEX - SISTEMAS DE IMPLANTES OSS,0,Outras,1.4,Ocasionais,26935.35
189625,BRASPOR GRAFICA E EDITORA LTDA.,0,GEAR,1.0,Ocasionais,480.87
189613,FALK CONSTRUTORA LTDA,0,HYDRA,3.0,Regulares,17048.05
189563,TRANSPORTADORA BETIM LTDA,0,Outras,1.0,Ocasionais,21083.07
189552,KATHARINA TRANSPORTES E LOCACAO DE,0,Outras,3.0,Regulares,27119.95
189511,LUMINEX INDUSTRIA DE ARTEFATOS DE A,0,Outras,1.0,Ocasionais,6509.139999999999
189435,UTILE TRANSPORTES LTDA,0,Outras,1.2857142857142858,Ocasionais,27756.91
189226,PLASTICOS NOVEL DO PARANA LTDA.,0,HYDRA XP,1.9285714285714286,Regulares,48900.47
188651,RODO ITA TRANSPORTES LTDA,0,HYDRA XP,1.8333333333333333,Regulares,27404.78
188646,HB20 CONSTRUCOES LTDA,0,TOP TURBO,2.0,Regulares,24359.14
188125,BRAVO ARMAZENS GERAIS LTDA,0,HYDRA,1.0,Ocasionais,4681.2
188124,TCS TRANSPORTADORA DE CARGAS LTDA,0,Outras,1.1333333333333333,Ocasionais,57595.99
190901,INDUSPOL INDUSTRIA DE POLIMEROS LTD,0,Outras,1.0,Ocasionais,71433.01
190817,TRANSPORTES BERTOLINI LTDA,0,HYDRA,1.1666666666666667,Ocasionais,76416.37
190787,GE CELMA LTDA.,0,HYDRA XP,1.3333333333333333,Ocasionais,2994.73
190430,INDUSTRIA E COMERCIO DE ALIMENTOS I,0,TOP TURBO,1.0,Ocasionais,4322.68
190332,RC GERADORES LTDA,0,TOP TURBO,1.0909090909090908,Ocasionais,218651.48
190228,TRANSTASSI LTDA,0,TOP TURBO PRO,1.6206896551724137,Regulares,133902.38999999998
1771431,INOVA COMERCIAL E TRANSPORTES RODOV,0,TOP TURBO PRO,3.0,Regulares,4895.74
1771427,AVB MINERACAO LTDA.,0,GEAR,1.0,Ocasionais,198917.34000000003
1771415,CONSORCIO SQ CONTAGEM AMBIENTAL,0,Outras,1.0,Ocasionais,2572.78
1771310,BIOPETRO PRESTACAO DE SERVICOS AMBI,0,HYDRA,1.0,Ocasionais,3536.68
1771228,"ARMAC LOCACAO, LOGISTICA E SERVICOS",0,HYDRA,2.75,Regulares,51486.74
1771217,"ARMAC LOCACAO, LOGISTICA E SERVICOS",0,TOP TURBO,3.0,Regulares,7483.74
1771129,ZEG BIOGAS AROEIRA SPE LTDA.,0,Outras,1.5,Ocasionais,17276.45
1771127,SOUSA E FRANCA ENGENHARIA DE MANUTE,0,AV,1.0,Ocasionais,43860.43
189996,BELUQUI LOCACOES LTDA,0,TOP TURBO,1.5,Ocasionais,5221.5
189995,TRANSCOLORADO TRANSPORTES LTDA,0,TOP TURBO PRO,1.1111111111111112,Ocasionais,36295.18
194028,INOPLAST - INOVACAO EM SERVICOS DE,0,HYDRA XP,1.1666666666666667,Ocasionais,166379.89
193073,APK - LOGISTICA E TRANSPORTE LTDA,0,GL 5,2.0,Regulares,3872.17
192353,LABOREL SOLUCOES LABORATORIAIS LIMI,0,AV,1.0,Ocasionais,1911.86
192169,BRASIL DISTRIBUIDORA COMERCIO DE PR,0,TOP TURBO,1.1904761904761905,Ocasionais,71231.06
192045,J. A. CASTRO COMERCIO DE PESCADOS L,0,TOP TURBO,1.6,Regulares,165059.72
191694,DOCE MINEIRO LTDA,0,Outras,1.0,Ocasionais,29563.03
191692,SETEP CONSTRUCOES S.A,0,Outras,1.3333333333333333,Ocasionais,39690.16
191662,FURGOES PATENSE LTDA,0,HYDRA,1.0,Ocasionais,39028.57
191563,FELIPE FERNANDES,0,TOP TURBO PRO,2.0,Regulares,2613.58
191464,AGRICOLA FAMOSA S.A.,0,HYDRA XP,1.0,Ocasionais,8657.55
191405,ASSOCIACAO DOS CAMIONEIROS DE TABUL,0,TOP TURBO,1.0,Ocasionais,20160.29
191390,NOVO PROGRESSO TRANSPORTES LTDA,0,TOP TURBO,1.0,Ocasionais,5805.75
191104,SV TRANSPORTES LTDA,0,TOP TURBO,1.2727272727272727,Ocasionais,49523.65
191070,DETACK INDUSTRIAL E COMERCIAL DE PR,0,GEAR,1.121212121212121,Ocasionais,106435.99
191043,CBMC  EMPRESA DE MATERIAIS DE CONST,0,GEAR,1.0,Ocasionais,61985.62
195965,JOÃO MANOEL CARNEIRO,0,Outras,1.0,Ocasionais,1236.19
195637,JD TRANSPORTES & TURISMO LTDA,0,TOP TURBO,1.0,Ocasionais,2394.55
195625,CONSTRAM - CONSTRUCOES E ALUGUEL DE,0,Outras,1.0,Ocasionais,7706.39
195604,AGENCIA FILUCA DE TURISMO E TRANSPO,0,Outras,1.0,Ocasionais,2033.02
195308,MERI POBO AGROPECUARIA LTDA,0,Outras,2.1666666666666665,Regulares,33938.18
194883,E.M.B TRANSPORTES LTDA,0,TOP TURBO,1.0,Ocasionais,36418.11
1771122,"ARMAC LOCACAO, LOGISTICA E SERVICOS",0,TOP TURBO,1.6666666666666667,Regulares,12478.48
1771103,"ARMAC LOCACAO, LOGISTICA E SERVICOS",0,HYDRA,1.0,Ocasionais,862.42
1770989,BOMLOG BRASIL TRANSPORTES LTDA,0,TOP TURBO,1.0,Ocasionais,2128.34
1770876,SEMENTES FORTUNA S.A.,0,HYDRA,2.0,Regulares,3132.17
1770873,J I S TERRAPLANAGEM E PAVIMENTACAO,0,Outras,4.0,Frequentes,12524.05
1770871,EXPLOFORT - EXPLOSIVOS FORTALEZA LT,0,GEAR,2.25,Regulares,26211.18
1770225,TRACOMIX CONCRETO E ARGAMASSA LTDA,0,HYDRA XP,1.2692307692307692,Ocasionais,114757.29
194584,ANTENOR ALVES DA SILVA,0,TOP TURBO,2.0,Regulares,14471.52
194501,JSL S/A.,0,HYDRA XP,1.3333333333333333,Ocasionais,9349.96
194444,ZOO FLORA TRANSPORTES LTDA,0,Outras,1.0,Ocasionais,18679.8
197700,FERTILIZANTES TOCANTINS  S.A,0,HYDRA,1.5714285714285714,Regulares,106853.61
197694,INOVA SUL TRANSPORTE SELETIVO LTDA,0,TOP TURBO PRO,2.2666666666666666,Regulares,66552.95
197660,ALIA TRANSPORTES LTDA,0,TOP TURBO,1.0,Ocasionais,4235.46
197655,VIACAO TREZE DE JUNHO LTDA,0,Outras,2.0,Regulares,9741.03
197254,BETHANIA TRANSPORTES LTDA,0,TOP TURBO,3.0,Regulares,20228.16
197250,PORTO VALE TRANSPORTES MARITIMOS LT,0,Outras,2.0,Regulares,92794.69
197234,ADEMIR COMERCIO DE VEICULOS E TRANS,0,Outras,1.3333333333333333,Ocasionais,9516.05
197167,JSL S/A.,0,Outras,1.0,Ocasionais,66396.21
197066,JSL S/A.,0,Outras,1.3333333333333333,Ocasionais,25668.85
197063,JOAO PAULO SILVA DE SOUZA,0,TOP TURBO,1.0,Ocasionais,13910.9
197057,JSL S/A.,0,HYDRA XP,1.1428571428571428,Ocasionais,75348.08
197051,JORGE KAZUMI GOMI SOROCABA,0,TOP TURBO,1.0,Ocasionais,4549.59
196935,PLASTICOS NOVEL DO NORDESTE LTDA,0,HYDRA XP,1.0,Ocasionais,2000.27
196925,JB TRANSPORTES DE CARGAS LTDA,0,TOP TURBO,1.7096774193548387,Regulares,178347.27
196870,WEDAPEX INDUSTRIA E COMERCIO DE IMP,0,Outras,1.0,Ocasionais,24963.72
198976,PAULO ROGERIO DE SOUZA,0,Outras,1.0,Ocasionais,15361.32
198673,CERAMICA CARMELO FIOR LTDA,0,GEAR,1.4285714285714286,Ocasionais,23286.86
1769951,AB AMBIENTAL JACAREI LTDA,0,HYDRA XP,1.0,Ocasionais,599.41
1769840,CONSORCIO R3 MINERACAO E CONSTRUCAO,0,TOP TURBO,3.0,Regulares,38033.7
1769740,COTRAMOL - COOP. DOS TRANSPORTADORE,0,TOP TURBO,1.0,Ocasionais,6879.76
1769643,GLOBAL MANUTENCAO E MECANICA LTDA,0,GL 5,2.125,Regulares,11213.05
1769634,CONSORCIO RIACHO DOS MACHADOS,0,Outras,3.0,Regulares,126739.84
1769536,GRID SERVICOS EM ENERGIA LTDA,0,AV,1.0,Ocasionais,39259.630000000005
1769526,EXPRESSO PLANALTO TRANSPORTE E LOGI,0,Outras,1.2,Ocasionais,2559.2200000000003
198488,TRANS GAS E AGUA DISTRIBUIDORA LTDA,0,HYDRA XP,2.6,Regulares,13314.86
198268,COMPANHIA INDUSTRIAL DE CIMENTO APO,0,HYDRA XP,1.1818181818181819,Ocasionais,110498.69
197707,MERI POBO AGROPECUARIA LTDA,0,Outras,2.4545454545454546,Regulares,33973.51
1768470,M4 CONSTRUCOES LTDA.,0,HYDRA XP,1.0,Ocasionais,8821.73
1768462,VIACAO JEQUIE CIDADE SOL LTDA,0,Outras,1.9565217391304348,Regulares,140443.15
1001058,COOPERATIVA DOS TRANSPORTADORES AUT,0,TOP TURBO,3.5,Regulares,8128.620000000001
1000814,AGRODANIELI INDUSTRIA E COMERCIO LT,0,GEAR,1.3333333333333333,Ocasionais,11218.84
1000583,UNIPREST INDUSTRIA E COMERCIO DE MA,0,Outras,1.105263157894737,Ocasionais,76379.77
1000431,WM TRANSPORTADORA DE COMBUSTIVEL E,0,TOP TURBO,1.0,Ocasionais,7086.799999999999
1000055,GHISOLFI LOGISTICA E TRANSPORTE S/A,0,TOP TURBO,1.5,Ocasionais,40987.65
1000040,J E M SILVA TRANSPS. COM. E SERVICO,0,TOP TURBO,1.9166666666666667,Regulares,37371.12
199941,INTERSEA AMBIENTAL COMERCIO E SERVI,0,TOP TURBO,3.0,Regulares,5797.37
199817,PORTO DE AREIA RIBEIRO-FILHO LTDA,0,TOP TURBO,1.0,Ocasionais,10832.85
199811,BELMONT MINERACAO LTDA,0,HYDRA XP,1.0,Ocasionais,2120.75
199765,INVESTCO SA,0,Outras,1.0,Ocasionais,57098.22
199552,THERMO BRASIL COM. SERVS. E REPRESE,0,TOP TURBO,1.1,Ocasionais,48470.54
1002822,CS BRASIL TRANSPORTES DE PASSAGEIRO,0,Outras,2.0,Regulares,5674.700000000001
1002435,JSL S.A.,0,HYDRA XP,1.0,Ocasionais,4626.780000000001
1002409,VIACAO MIMO LTDA,0,TOP TURBO,1.0,Ocasionais,123532.94
1002405,SAFRA TRR LTDA,0,Outras,1.5,Ocasionais,6250.45
1002378,EMBRAMACO EMPRESA BRASILEIRA DE MAT,0,TOP TURBO,1.0,Ocasionais,32390.32
1002349,SITIO PARAISO VERDE FRUTICULTURA LT,0,TOP TURBO PRO,1.0,Ocasionais,2269.9300000000003
1001108,PREMOLAJE COMERCIO E INDUSTRIA DE P,0,HYDRA XP,1.6666666666666667,Regulares,8842.02
1769520,FERTICEL INDUSTRIA DE FERTILIZANTES,0,TOP TURBO,1.1666666666666667,Ocasionais,15424.52
1769338,ECO MUNDI SOLUCOES AMBIENTAIS LTDA,0,Outras,2.5,Regulares,20096.1
1769329,VILASA CONSTRUTORA S/A.,0,TOP TURBO,1.3333333333333333,Ocasionais,40128.41
1769328,VALFRIDO DA LUZ,0,Outras,3.0,Regulares,1043.58
1769242,COOPERATIVA DOS TRANSPORTADORES AUT,0,TOP TURBO,2.0,Regulares,4775.429999999999
1768957,IRMAOS DALACORTE LTDA,0,GL 5,2.25,Regulares,13352.27
1768560,VIACAO LEAO - SERVICOS DE TRANSPORT,0,TOP TURBO,2.0,Regulares,6210.68
1768483,"SO O'RINGS COMERCIO, IMPORTACAO E E",0,HYDRA XP,1.0,Ocasionais,5365.7
1767467,PRIME SEAFOOD LTDA,0,Outras,1.0,Ocasionais,2792.06
1767458,MARIA LUIZA CONSTRUCOES E EMPREENDI,0,Outras,2.0,Regulares,26507.94
1767444,CENTRAIS ELETRICAS DO NORTE DO BRAS,0,Outras,1.0,Ocasionais,39494.4
1004251,EMPRESA DE ENERGIA CACHOEIRA CALDEI,0,Outras,1.0,Ocasionais,191170.82
1003911,JM TERRAPLANAGEM E CONSTRUCOES LTDA,0,TOP TURBO,1.8333333333333333,Regulares,32182.6
1003367,JSL S.A.,0,TOP TURBO PRO,1.3333333333333333,Ocasionais,37722.49
1003002,JSL S/A.,0,Outras,1.0,Ocasionais,4522.57
1002954,RAPIDO SUMARE LTDA.,0,Outras,2.5,Regulares,15412.82
1002861,JSL S/A.,0,HYDRA XP,1.3846153846153846,Ocasionais,51370.95
1002853,JSL S.A.,0,TOP TURBO,1.5,Ocasionais,29864.69
1002844,JSL S.A.,0,Outras,1.3333333333333333,Ocasionais,44080.48
1004852,BRLOG LOGISTICA LTDA,0,Outras,1.4615384615384615,Ocasionais,231402.2
1004763,LOGISTICA TRANSPORTES LTDA,0,TOP TURBO,2.25,Regulares,22259.4
1004759,COOP.TRANSP.AUT.C.VEIC.DE ANAPOLIS,0,TOP TURBO,1.0,Ocasionais,52160.83
1766997,AUTO SOCORRO MERCES LTDA,0,TOP TURBO,4.0,Frequentes,2909.37
1766972,SUSTENTARE SANEAMENTO S/A,0,TOP TURBO PRO,3.5,Regulares,30962.51
1766950,"ARMAC LOCACAO, LOGISTICA E SERVICOS",0,TOP TURBO,1.5,Ocasionais,7014.85
1767855,M4 CONSTRUCOES LTDA.,0,TOP TURBO,1.6666666666666667,Regulares,19526.49
1767824,COCAMAR COOPERATIVA AGROINDUSTRIAL,0,GEAR,2.0,Regulares,3973.15
1767543,CONVEM MINERACAO LTDA,0,Outras,1.5,Ocasionais,14567.02
1011305,ANA PAULA VALGAS SANTOS,0,Outras,1.0,Ocasionais,3254.65
1011304,RAIMUNDO ARAUJO DA ROCHA,0,Outras,1.0,Ocasionais,1030.05
1011295,PAVIDEZ ENGENHARIA LTDA,0,Outras,1.0,Ocasionais,14415.89
1010190,BUDEL TRANSPORTES LTDA,0,Outras,1.0,Ocasionais,36918.72
1008665,ERICA CRISTINA BRAGA COUTO,0,Outras,1.0,Ocasionais,3556.69
1008059,WERLY CESAR BRAGA COUTO,0,Outras,1.0,Ocasionais,2032.51
1006457,AGRICOLA FAMOSA S.A.,0,HYDRA XP,1.0,Ocasionais,10823.93
1006236,RODOVIAS DO SUL PAVIMENTADORA LTDA,0,Outras,1.0,Ocasionais,10880.87
1005727,POLIMIX CONCRETO LTDA,0,GEAR,1.3157894736842106,Ocasionais,67007.99
1005710,BERNARDO ALIMENTOS INDUSTRIA E COME,0,TOP TURBO,1.6818181818181819,Regulares,150426.81
1005477,SADA BIO-ENERGIA E AGRICULTURA LTDA,0,HYDRA XP,2.5,Regulares,23017.39
1005217,ARIECILIO BRASIL DE FREITAS,0,Outras,1.0,Ocasionais,100381.38
1005027,TEX CARD COMERCIO DE LINHAS LTDA,0,GEAR,2.5,Regulares,27064.43
1004992,CASAS BANDEIRANTES LTDA,0,TOP TURBO,2.090909090909091,Regulares,65640.85
1014907,FRANCISCO ADONIRAN CARNEIRO ALVES,0,Outras,1.0,Ocasionais,1748.5
1014218,COMANDO DA 11A. REGIAO MILITAR,0,TOP TURBO,1.0,Ocasionais,9918.49
1014056,FRANCISCO CLAUDECI DE SOUSA,0,Outras,1.0,Ocasionais,7073.12
1014053,FRANCISCO MECENAS DE OLIVEIRA,0,Outras,1.0,Ocasionais,26722.52
1013841,CBE CONSTRUTORA E EMPREENDIMENTOS I,0,TOP TURBO,3.2,Regulares,56069.07
1766916,LUXAFIT TRANSPORTES LTDA,0,TOP TURBO,1.0,Ocasionais,14657.0
1766914,POWER MEC GERADORES LTDA,0,TOP TURBO,1.1428571428571428,Ocasionais,100907.04
1766904,RIO VERDE INDUSTRIA DE GORDURAS E P,0,HYDRA,2.2,Regulares,52625.27
1766840,SANTA RITA INDUSTRIA DE OLEOS E PRO,0,HYDRA,1.0,Ocasionais,9544.16
1766834,SAO DOMINGOS INDUSTRIA DE OLEOS E P,0,GEAR,2.5,Regulares,4469.02
1766741,"EMPOL PAVIMENTACOES, OBRAS E CONCRE",0,TOP TURBO,2.0,Regulares,17932.27
1766739,"ARMAC LOCACAO, LOGISTICA E SERVICOS",0,TOP TURBO,3.25,Regulares,22496.32
1019507,GEES S/A,0,HYDRA XP,1.3333333333333333,Ocasionais,90373.28
1766570,MIXXNOVA LTDA,0,HYDRA XP,1.0,Ocasionais,16875.91
1766565,COMPACTTA ENGENHARIA LTDA,0,TOP TURBO,2.2,Regulares,73622.25
1766377,NOVA ALTA PRESSAO COMERCIO E SERVIC,0,GL 5,2.3333333333333335,Regulares,15938.7
1766372,LOKAL LOCACAO DE EQUIPAMENTOS INDUS,0,Outras,1.0,Ocasionais,522.02
1766028,PETREVEN DO BRASIL SERVICOS DE PETR,0,GEAR,1.0,Ocasionais,28259.16
1765943,MAQUINAS AGRICOLAS JACTO S A,0,TRM 5,1.0,Ocasionais,4731.51
1765932,AMBIPAR ENVIRONMENTAL SOLUTIONS - S,0,TOP TURBO,2.5,Regulares,12192.94
1765838,ERCAL EMPRESAS REUNIDAS DE CALCARIO,0,TOP TURBO PRO,1.0,Ocasionais,8812.39
1765832,VALOREM AGRONEGOCIOS GO LTDA,0,Outras,3.2,Regulares,29694.26
1765809,UNAI INDUSTRIA DE CONCRETO LTDA,0,HYDRA,2.0,Regulares,4165.29
1765805,CEREALISTA ALANO LTDA,0,TOP TURBO,1.4,Ocasionais,25567.69
1765801,AUTO VIACAO SAO LUIZ MG LTDA.,0,Outras,1.375,Ocasionais,26151.29
1017780,ACO CEARENSE INDUSTRIAL LTDA,0,Outras,1.4,Ocasionais,53254.99
1026595,STAUMMAQ SERVICOS TECNICOS AUTOMACA,0,AV,1.0769230769230769,Ocasionais,110616.64
1026337,SULIVAN SOLUCOES AMBIENTAIS LTDA,0,HYDRA XP,1.0,Ocasionais,399.3
1025413,PEDREIRA RIO VERDE LTDA - ME,0,TOP TURBO,2.625,Regulares,63970.85
1024976,VIACAO RIO OESTE LTDA,0,TRM 5,2.3333333333333335,Regulares,18964.64
1024627,PELICANO CONSTRUCOES S.A.,0,Outras,1.5,Ocasionais,46710.95
1024174,PIRECAL PIRENOPOLIS CALCARIO LTDA,0,GEAR,1.3333333333333333,Ocasionais,5867.58
1023984,PELICANO CONSTRUCOES S.A.,0,TOP TURBO,2.0,Regulares,42002.17
1023493,XDENT EQUIPAMENTOS ODONTOLOGICOS LT,0,AV,1.0,Ocasionais,6207.700000000001
1021774,MINERACAO PIRECAL CALCARIO LTDA,0,GEAR,1.3333333333333333,Ocasionais,14931.21
1021769,BRASPRESS TRANSPORTES URGENTES LTDA,0,TOP TURBO PRO,2.0,Regulares,30790.03
1021511,PRIMEIRO CENTRO DE GEOINFORMACAO,0,TOP TURBO PRO,1.0,Ocasionais,1114.77
1021143,UNIMAR TRANSPORTES LTDA,0,Outras,1.2,Ocasionais,133650.04
1021133,MARIA DA CONCEICAO O. DA SILVA REBO,0,Outras,1.0,Ocasionais,21223.16
1020852,COOPPELL - COOPERATIVA DOS PRODUTOR,0,Outras,1.0,Ocasionais,23107.5
1020257,COMANDO DA 2 BRIGADA DE CAVALARIA M,0,TOP TURBO,1.0,Ocasionais,3105.92
1034331,BRASMIX ENGENHARIA DE CONCRETO LTDA,0,HYDRA,2.5714285714285716,Regulares,35791.82
1032951,NORMEN INDUSTRIA E COMERCIO DE CONE,0,HYDRA,1.1111111111111112,Ocasionais,48549.93
1032926,FERROLESTE LTDA,0,HYDRA XP,1.0,Ocasionais,6094.17
1032714,JOLAZ TRANSPORTES LTDA,0,Outras,4.0,Frequentes,14966.32
1031071,EXPRESSO LEOMAR LTDA,0,TOP TURBO,2.375,Regulares,36627.25
1030789,APOENA AGROPECUARIA E COMERCIO LTDA,0,HYDRA XP,3.0,Regulares,5602.04
1028098,CONSTRUTORA SIMOSO LTDA,0,GEAR,2.0,Regulares,13487.53
1028015,PELICANO CONSTRUCOES S.A.,0,TOP TURBO,2.5,Regulares,48459.05
1026808,VIX TRANSPORTES DEDICADOS LTDA,0,Outras,1.1428571428571428,Ocasionais,81901.29000000001
1026792,CENTRAL DE TRATAMENTO DE RESIDUOS A,0,TOP TURBO,1.0,Ocasionais,762.21
1026709,CENTRAL DE TRATAMENTO DE RESIDUOS D,0,TOP TURBO,1.0,Ocasionais,1974.94
1026596,PROQUIMICA LABORATORIOS LTDA,0,Outras,1.4545454545454546,Ocasionais,24008.72
1035660,CONCRECON CONCRETO E CONSTRUCOES LT,0,HYDRA XP,2.2941176470588234,Regulares,73437.76
1035527,TRANSPORTADORA CEU ROSA LTDA,0,TOP TURBO,1.25,Ocasionais,22775.48
1765706,HOLC COMERCIO DE MATERIAIS ELETRICO,0,AV,1.0,Ocasionais,208475.68
1765612,GELO ITIQUIRA INDUSTRIA E COMERCIO,0,TOP TURBO,1.5,Ocasionais,8575.61
1765078,SAO BARTOLOMEU GERADORA DE ENERGIA,0,HYDRA,1.0,Ocasionais,8053.78
1764965,REAL EXPRESSO LIMITADA,0,TOP TURBO PRO,1.4444444444444444,Ocasionais,28847.22
1764893,KNAPP E CIA LTDA,0,Outras,2.0,Regulares,4172.49
1764852,MITO-MINERACAO TOCANTINS LTDA,0,TOP TURBO,2.5,Regulares,27730.87
1764841,GRANVILLE E BAZAN LTDA,0,TOP TURBO,2.111111111111111,Regulares,38149.28
1764637,"ARMAC LOCACAO, LOGISTICA E SERVICOS",0,TOP TURBO,1.7142857142857142,Regulares,10855.58
1034706,MANTIQUEIRA ALIMENTOS LTDA.,0,GL 5,1.0,Ocasionais,1047.76
1043703,JOSE HOLANDA REBOUCAS,0,Outras,1.0,Ocasionais,2485.24
1041762,CONSIGAZ-DISTRIBUIDORA DE GAS LTDA,0,TOP TURBO,1.2,Ocasionais,13241.87
1040722,EDUARDO TOLOTO DIOGO,0,TOP TURBO,2.8,Regulares,30790.32
1039599,RODO STEEL LOGISTICA E TRANSPORTES,0,TOP TURBO,2.0,Regulares,22719.17
1039569,"IMPACTO INDUSTRIA, TERRAPLENAGEM E",0,Outras,1.0,Ocasionais,4410.45
1039395,TRANSRESIDUOS AMBIENTAL S/A,0,HYDRA,1.0952380952380953,Ocasionais,66057.73
1039372,CHP BRASIL INDUSTRIA E COMERCIO DE,0,Outras,1.0,Ocasionais,174355.06
1039270,CONSTRUTORA INDUSTRIAL E COMERCIAL,0,TOP TURBO,1.7333333333333334,Regulares,109616.11
1039090,LITOPAV CONSTRUCOES LTDA,0,TOP TURBO,2.0,Regulares,13788.7
1039060,LEONARDO MASSAMI MATSUI,0,Outras,2.0,Regulares,23847.9
1038290,RPM MANUTENCAO INDUSTRIAL LTDA,0,AV,1.0,Ocasionais,9629.06
1038288,MATADOURO E FRIGORIFICO PALADAR LTD,0,GEAR,1.0,Ocasionais,994.74
1037540,CAL TIMONEIRA LTDA,0,Outras,2.0,Regulares,2649.86
1037020,GAB TRANSPORTES LTDA,0,TOP TURBO,1.105263157894737,Ocasionais,104761.79
1052392,ESTAF EQUIPAMENTOS S/A,0,TOP TURBO,1.2333333333333334,Ocasionais,68612.33
1051051,C.A.D TRANSPORTE RODOVIARIO LTDA,0,TOP TURBO,1.75,Regulares,68268.94
1051041,ELETROMAG MANUT. E INST. IND. EIREL,0,AV,1.0,Ocasionais,55416.46
1050798,A.P CHAPECO SERVICOS DE LOGISTICA L,0,Outras,1.206896551724138,Ocasionais,163225.23
1764418,ENCOPAV ENGENHARIA LTDA,0,Outras,1.0,Ocasionais,7228.02
1764399,RIOTER - TERMINAIS RODOVIARIOS DE P,0,HYDRA XP,1.0,Ocasionais,5675.71
1763969,"PARATY FRETAMENTO, TURISMO E TRANSP",0,TOP TURBO,2.6923076923076925,Regulares,42160.62
1763698,COMERCIAL NOVAES OLIVEIRA LTDA,0,TOP TURBO,1.625,Regulares,65775.08
1763691,CAIO DE SOUSA CABRAL,0,Outras,2.0,Regulares,27371.9
1763382,JULIANA SANTOS DA SILVA GUEDES,0,Outras,1.0,Ocasionais,9489.39
1044182,TRANSQUALI TRANSPORTES DE QUALIDADE,0,TOP TURBO,1.25,Ocasionais,175308.97999999998
1044180,ESTAF EQUIPAMENTOS S/A,0,TOP TURBO,1.125,Ocasionais,90937.94
1061053,JOABE DAUZACKER MARQUES,0,TOP TURBO,2.5,Regulares,51968.3
1059525,DISTRIBUIDORA MENEGAZZO LTDA,0,TOP TURBO,1.0,Ocasionais,4899.45
1058972,A.P IRANI SERVICOS DE LOGISTICA LTD,0,Outras,1.1153846153846154,Ocasionais,150863.17
1057861,UNIAO MULTIMODAL OTM LTDA,0,TOP TURBO,2.090909090909091,Regulares,15404.67
1057501,CAJUAPARA FRUTICULTURA LTDA.,0,HYDRA XP,2.0,Regulares,1682.7199999999998
1057488,MANUEL FERREIRA DOS RAMOS,0,TOP TURBO PRO,2.0,Regulares,67445.94
1056018,NEQ LOCACOES LTDA,0,TOP TURBO,1.0,Ocasionais,7687.77
1055304,INSTTALE ENGENHARIA LTDA,0,Outras,1.5263157894736843,Regulares,131276.97
1055205,TRANSCUBE  TRANSPORTES RODOVIARIOS,0,TOP TURBO,1.0,Ocasionais,3437.31
1054818,JC DIST.L. IMP.E EXP. DE PROD. IND.,0,GL 5,1.5,Ocasionais,6065.17
1054799,TRANSPORTES TK LTDA,0,TOP TURBO,1.0,Ocasionais,4956.81
1054378,WELMIX COMERCIO E TRANSPORTE DE ARE,0,TOP TURBO,1.6875,Regulares,118988.84
1053911,A.G.C CONSTRUCOES & EMPREENDIMENTOS,0,Outras,2.0,Regulares,11046.15
1053337,O.J.M - INDUSTRIA E COMERCIO DE CON,0,HYDRA,1.25,Ocasionais,34366.6
1052540,POWERTECH LOCACOES DE MAQUINAS E EQ,0,TOP TURBO,1.0,Ocasionais,4947.85
1065241,INTERMARITIMA PORTOS E LOGISTICA S/,0,HYDRA XP,1.0,Ocasionais,4452.52
1065206,ESTAF EQUIPAMENTOS S/A,0,TOP TURBO,1.0,Ocasionais,35190.09
1763199,A MADEIRA INDUSTRIA E COMERCIO LTDA,0,Outras,3.0,Regulares,11503.97
1763104,MINERACAO UNIAO BALSA NOVA LTDA,0,TOP TURBO PRO,1.0,Ocasionais,2282.75
1762355,M.M.D TRANSPORTADORA LTDA,0,TOP TURBO,1.2,Ocasionais,67287.79
1762352,TERRAPLENAGEM GUIMARAES SERRA LTDA,0,TOP TURBO,1.0,Ocasionais,99801.27
1762253,CONSTRUTORA SANCHES TRIPOLONI LTDA,0,TOP TURBO,3.0,Regulares,30094.87
1762247,CONSORCIO CONSTRUTOR METRO LINHA 2,0,AV,1.0,Ocasionais,5706.28
1762155,ITC - INDUSTRIA E COMERCIO DE TELHA,0,GEAR,3.0,Regulares,55258.98
1762151,OURO SAFRA INDUSTRIA E COMERCIO LTD,0,HYDRA,1.0,Ocasionais,5324.93
1762132,CONSTRUTORA NOBREGA PIMENTA LTDA,0,Outras,2.2,Regulares,78910.23999999999
1761963,ANDERSON ANTONIO ZAFRA E OUTROS,0,TOP TURBO,2.6,Regulares,13160.47
1064825,ESTAF EQUIPAMENTOS S/A,0,TOP TURBO,1.0,Ocasionais,38582.22
1061581,VIACAO URBANA GUARULHOS S.A.,0,Outras,1.8181818181818181,Regulares,11095.22
1069064,SANIGRAN LTDA,0,Outras,1.0,Ocasionais,98300.35
1068833,J PATRICIO METAIS COMERCIO LTDA,0,Outras,1.2307692307692308,Ocasionais,28132.68
1068598,LUMAGI INDUSTRIA METALURGICA LTDA,0,HYDRA XP,1.5,Ocasionais,21048.22
1068344,ENGIE BRASIL ENERGIA S.A.,0,AV,1.0,Ocasionais,11443.65
1068326,VIX LOGISTICA S/A,0,HYDRA XP,2.0,Regulares,20710.02
1068250,AUTO VIACAO 1001 LTDA,0,TOP TURBO,1.0,Ocasionais,7331.809999999999
1068023,BB TRANSPORTE E TURISMO LIMITADA,0,TOP TURBO,2.75,Regulares,54409.17
1067923,ESTAF EQUIPAMENTOS S/A,0,TOP TURBO,1.0952380952380953,Ocasionais,92352.38
1067779,TRANSPORTES DEBISA LTDA,0,TOP TURBO,1.1666666666666667,Ocasionais,17009.440000000002
1067751,CONEX INDUSTRIA E COMERCIO DE CONEX,0,HYDRA,1.0,Ocasionais,182046.37
1067749,BENDERMIX CONCRETOS LTDA.,0,Outras,1.5,Ocasionais,8202.75
1067735,URBAN - MOBILIDADE URBANA DE ANAPOL,0,Outras,1.0909090909090908,Ocasionais,51901.32
1066127,INTERMARITIMA PORTOS E LOGISTICA S/,0,TOP TURBO,1.0,Ocasionais,2630.55
1065997,CESLOG - CESARI LOGISTICA LTDA,0,TOP TURBO,2.5714285714285716,Regulares,25643.39
1065996,ESTAF EQUIPAMENTOS S/A,0,TOP TURBO,1.1842105263157894,Ocasionais,95642.02
1070118,BR MARINAS GLORIA S.A.,0,Outras,1.75,Regulares,38630.55
1761962,FRIGORIFICO SERRADAO LTDA,0,TOP TURBO,1.0,Ocasionais,5264.71
1761213,BOIBRAS INDUSTRIA E COMERCIO DE CAR,0,TOP TURBO,1.5,Ocasionais,2851.98
1761212,OURO SAFRA INDUSTRIA E COMERCIO LTD,0,HYDRA,2.0,Regulares,8021.650000000001
1761205,J.R. SERVICOS DE TRANSPORTES LTDA,0,TOP TURBO,1.0,Ocasionais,1909.38
1761191,CARLOS EDUARDO PEDROSA AURICCHIO,0,Outras,1.0,Ocasionais,4968.08
1761083,PAUMA E BRASIL EMPREENDIMENTOS IMOB,0,TOP TURBO,2.8,Regulares,77977.79000000001
1761080,TROIS CARTS LTDA,0,TOP TURBO,1.3333333333333333,Ocasionais,9304.41
1761071,JOSE AUGUSTO VIEIRA,0,TOP TURBO,1.8235294117647058,Regulares,68101.22
1761031,MERCURIO ALIMENTOS S/A,0,Outras,1.4,Ocasionais,198261.72
1760626,AREAL PARANAIBA LTDA,0,TOP TURBO,2.75,Regulares,61966.45
1760466,AMBIPAR ENVIRONMENTAL SOLUTIONS - S,0,TOP TURBO,3.0,Regulares,8636.51
1070020,AUTOPORT TRANSPORTES E LOGISTICA LT,0,Outras,1.4482758620689655,Ocasionais,183811.92
1069381,CONSTRUTORA A GASPAR S/A,0,HYDRA XP,1.0,Ocasionais,9919.99
1069359,GERAL  TEC INSTALACAO E MANUTENCAO,0,AV,1.0,Ocasionais,14950.36
1069149,SOUFER INDUSTRIAL LTDA.,0,HYDRA,1.2,Ocasionais,18107.81
1071815,LCM CONSTRUCAO E COMERCIO S.A,0,HYDRA,1.5,Ocasionais,7709.75
1071795,SBM - SUL BRASILEIRA DE MINERACAO L,0,Outras,1.7777777777777777,Regulares,53025.08
1071773,HG FOODS LTDA,0,Outras,1.0606060606060606,Ocasionais,115145.55
1071613,"CARANGOLA LOG LOGISTICA, TRANSPORTE",0,Outras,1.0,Ocasionais,1279.93
1071302,TEL FRETAMENTO E TURISMO LTDA.,0,Outras,1.0,Ocasionais,19465.02
1071267,ADALTO FEITOSA ALENCAR,0,TOP TURBO,2.3333333333333335,Regulares,28517.68
1071264,EXPRESSO ITAMARATI S.A.,0,TOP TURBO,1.8,Regulares,31037.73
1071255,CIPLAN CIMENTO PLANALTO SA,0,HYDRA XP,1.0,Ocasionais,706.64
1070998,CETENCO ENGENHARIA S A,0,TOP TURBO,2.8333333333333335,Regulares,51174.66
1070997,CARAJAS MATERIAL DE CONSTRUCAO LTDA,0,TOP TURBO,1.5,Ocasionais,8629.58
1070956,ORGUEL INDUSTRIA E LOCACAO DE EQUIP,0,HYDRA XP,2.0,Regulares,112576.52
1070950,TRANSURB S/A,0,TOP TURBO PRO,1.0,Ocasionais,17843.489999999998
1070931,AUTOPORT TRANSPORTES E LOGISTICA LT,0,Outras,1.04,Ocasionais,90024.48
1070740,CCM INDUSTRIA E COMERCIO DE PRODUTO,0,Outras,1.75,Regulares,2879.98
1070517,INDUSTRIA VIDREIRA DO NORDESTE LTDA,0,AV,1.0,Ocasionais,23771.03
1073836,IPE QUIMICA DO PIAUI LTDA,0,Outras,1.0,Ocasionais,4566.99
1073470,RYCHARD NIXON MARQUES HOLANDA,0,Outras,1.0,Ocasionais,903.73
1073413,ORGUEL INDUSTRIA E LOCACAO DE EQUIP,0,TOP TURBO,3.0,Regulares,19007.610000000004
1072556,CONTEPA - CONSTRUCOES TERRAPLANAGEM,0,Outras,2.5,Regulares,43125.51
1072546,CONCRECITY PRESTACAO DE SERVICOS EM,0,Outras,1.0,Ocasionais,1238.44
1072506,CAMPOS NOVOS ENERGIA S.A.,0,Outras,1.25,Ocasionais,131828.72
1072505,VIACAO SORRISO DE MARILIA LTDA,0,GL 5,1.5,Ocasionais,5170.91
1072417,JOSE MAIRTON DA SILVA,0,TOP TURBO,1.0,Ocasionais,19204.69
1072409,DCAN TRANSPORTES LTDA,0,HYDRA,1.6666666666666667,Regulares,39482.65
1072381,FRANCISCO JOEL DOS SANTOS SILVA,0,Outras,1.0,Ocasionais,1345.26
1072361,PARNAIBA II GERACAO DE ENERGIA S.A,0,Outras,1.5714285714285714,Regulares,67738.76
1072349,ANA PATRICIA SILVA RIBEIRO,0,Outras,1.25,Ocasionais,90989.96
1072348,PEDRO HENRIQUE FERREIRA,0,Outras,1.0,Ocasionais,672.63
1072099,JMN MINERACAO S.A.,0,Outras,1.0,Ocasionais,57033.18
1071890,ECO FOREST TRANSPORTE E LOGISTICA L,0,TOP TURBO,1.3846153846153846,Ocasionais,117179.58
1074236,RCR LOCACAO LTDA,0,TOP TURBO,1.4705882352941178,Ocasionais,72741.1
1074037,HDM LOGISTICA LTDA,0,TOP TURBO,1.3571428571428572,Ocasionais,79020.37
1074001,SANTA CRUZ BOMBAS LTDA,0,AV,1.0,Ocasionais,5754.01
1073988,PME MOTO PECAS LTDA,0,Outras,2.142857142857143,Regulares,13120.5
1760213,FR DE REZENDE LTDA,0,TOP TURBO PRO,1.0,Ocasionais,13374.55
1760076,JOSE AUGUSTO VIEIRA,0,TOP TURBO,2.0,Regulares,14756.75
1760067,JOSE AUGUSTO VIEIRA,0,TOP TURBO,2.0,Regulares,3185.56
1760056,AMBIPAR COPROCESSING LTDA,0,TOP TURBO,3.0,Regulares,1495.64
1759651,AMAZONORTE CARGAS EXPRESS LTDA,0,TOP TURBO,1.0,Ocasionais,1316.78
1759646,JOSE AUGUSTO VIEIRA,0,TOP TURBO,1.625,Regulares,21242.5
1759516,BOTELHO GERADORA DE ENERGIA LTDA,0,Outras,2.0,Regulares,14875.4
1759500,JOSE AUGUSTO VIEIRA,0,Outras,2.0,Regulares,11167.51
1759473,JOSE AUGUSTO VIEIRA,0,TOP TURBO,2.0,Regulares,24028.63
1073972,CMP CONCRETO LTDA,0,TOP TURBO,2.4545454545454546,Regulares,52870.42
1073954,RAIMUNDO CRISTIANO DOS S. LEONCIO,0,Outras,1.0,Ocasionais,10015.79
1075814,PEDRINCO PEDREIRAS E INDUSTRIA DE C,0,HYDRA XP,1.0,Ocasionais,1780.84
1075811,COOPPELL-COOP.DOS PD.DE P.DO LIT.LE,0,Outras,1.0,Ocasionais,17414.66
1075632,TRANSBECKER LOGISTICA LTDA,0,HYDRA XP,1.5,Ocasionais,7439.33
1075418,BRUNO CARDILLO ANDRADE TRANSPORTES,0,TOP TURBO,2.0,Regulares,8101.05
1075412,A.P RIO SERVICOS DE LOGISTICA LTDA,0,Outras,1.1176470588235294,Ocasionais,86699.19
1075328,CONSTRUCAP CCPS ENGENHARIA E COMERC,0,HYDRA XP,3.2,Regulares,62495.96
1075295,JOSEDITE MARQUES HOLANDA,0,Outras,2.0,Regulares,22649.07
1075287,CINTREQ CINTRA EQUIPAMENTOS LTDA,0,Outras,2.0,Regulares,10131.05
1075173,HDM LOGISTICA LTDA,0,TOP TURBO,1.0,Ocasionais,12894.34
1074836,GARB LOCACOES DE VEICULOS DE CARGA,0,TOP TURBO,2.5,Regulares,118161.61
1074778,AMBIPAR ENVIRONMENTAL SOLUTIONS - S,0,Outras,1.2222222222222223,Ocasionais,24115.5
1074729,CURTUME TOINZINHO LTDA,0,HYDRA,1.3846153846153846,Ocasionais,65518.34
1074727,CONSTRUTORA LONGA LTDA,0,TOP TURBO,2.0,Regulares,5610.1
1074415,VIVER MINAS MINERACAO LTDA,0,HYDRA,2.5555555555555554,Regulares,69115.95
1759447,T.H.V.-TRANSPORTES LTDA,0,TOP TURBO PRO,1.4375,Ocasionais,94855.0
1759198,FALK CONSTRUTORA LTDA,0,Outras,1.0,Ocasionais,11450.95
1759007,AMBIPAR ENVIRONMENT WASTE MANAGEMEN,0,HYDRA XP,2.4285714285714284,Regulares,23929.9
1758522,CONSTRUTORA ATERPA S/A,0,TOP TURBO,1.0,Ocasionais,8761.7
1758512,CONSTRUTORA ATERPA S/A,0,TOP TURBO,4.0,Frequentes,12216.68
1758510,LATICINIOS PORTO ALEGRE INDUSTRIA E,0,Outras,1.0,Ocasionais,513.46
1758315,UP OFFSHORE APOIO MARITIMO LTDA,0,TOP TURBO,1.0,Ocasionais,19583.85
1758011,RODANDO TRANSPORTES LTDA,0,TOP TURBO,1.8333333333333333,Regulares,35252.64
1758010,RODANDO TRANSPORTES LTDA,0,TOP TURBO,1.5,Ocasionais,22562.93
1757443,ANTONIO ALMIR DOS SANTOS DO O,0,TOP TURBO,3.0,Regulares,2434.41
1757438,RODANDO TRANSPORTES LTDA,0,TOP TURBO,1.0,Ocasionais,4326.94
1076022,AGRIMAZA INDUSTRIAL E MINERACAO LTD,0,TOP TURBO,1.9545454545454546,Regulares,27832.63
1076008,MARIA MARQUES PEREIRA,0,Outras,1.0909090909090908,Ocasionais,154856.35
1075840,DIBLOCO IND. E COM. DE ART. LTDA,0,HYDRA XP,2.0,Regulares,4264.68
1075829,TRANSPRYME - COOPERATIVA DE TRANSPO,0,TRM 5,1.2727272727272727,Ocasionais,44350.54
1080100,MARTE TRANSPORTES LTDA,0,TOP TURBO,1.0,Ocasionais,4576.32
1079753,COMANDO DIESEL TRANSPORTE E LOGISTI,0,TOP TURBO PRO,1.2727272727272727,Ocasionais,52137.78
1079748,VIACAO SANTO ANGELO S/A,0,GL 5,1.0,Ocasionais,2447.61
1079733,CBAA- ASFALTOS LTDA,0,Outras,1.0,Ocasionais,22622.6
1079217,GELOS IDUNA LTDA,0,Outras,2.5833333333333335,Regulares,33520.77
1079185,CONSIGAZ-DISTRIBUIDORA DE GAS LTDA,0,TOP TURBO,1.0,Ocasionais,2424.77
1078764,PXA SP - INOVACAO E ECONOMIA CIRCUL,0,GEAR,2.076923076923077,Regulares,106210.9
1078268,GO SERV TRANSPORTES LTDA,0,TOP TURBO PRO,1.3333333333333333,Ocasionais,12164.59
1078227,L2 EMPREENDIMENTOS LTDA,0,Outras,1.6666666666666667,Regulares,2989.0
1077777,EXPRESSO FENIX VIACAO LTDA,0,Outras,1.2857142857142858,Ocasionais,29180.51
1077496,LIRIO DOS VALES TRANSPORTES E FRETA,0,TOP TURBO,1.6666666666666667,Regulares,32620.95
1077355,"IBIAPINA TRANSPORTES, LOCACOES E EM",0,Outras,2.5,Regulares,6504.5
1077324,SISTERMI LOCACAO DE MAQUINAS E EQUI,0,Outras,2.8333333333333335,Regulares,32932.74
1756351,THOR GRANITOS E MARMORES LTDA,0,GEAR,1.3076923076923077,Ocasionais,42206.91
1082411,TECNOMAQUINAS LTDA,0,HYDRA XP,1.0,Ocasionais,10344.39
1082266,HENVIL TRANSPORTES LTDA,0,TOP TURBO,1.0606060606060606,Ocasionais,140388.35
1082236,BRAVO ARMAZENS GERAIS LTDA,0,HYDRA,1.7857142857142858,Regulares,33085.81
1082233,LIQUIDO COMERCIO DE PECAS MEDICOES,0,HYDRA XP,1.0,Ocasionais,7863.219999999999
1082135,SACS CONSTRUCAO E MONTAGEM LTDA,0,TOP TURBO,2.0,Regulares,12845.52
1082037,TATU PREMOLDADOS LTDA,0,HYDRA XP,1.0,Ocasionais,2152.36
1080949,ECO FORTE BIOENERGIA LTDA,0,Outras,1.6,Regulares,25204.34
1080888,"AMAZONTRAFOS FABRICACAO, SERVICOS E",0,AV,1.0,Ocasionais,69533.44
1080530,ELETRO JULIFER LTDA,0,AV,1.125,Ocasionais,98456.25
1080496,A G B LOGISTICA LTDA,0,TOP TURBO,2.5806451612903225,Regulares,114605.85
1080261,GIOVANNE VICENTE DE SOUZA,0,TOP TURBO,1.5,Ocasionais,25729.31
1080232,SO ACO INDUSTRIAL LTDA,0,TOP TURBO,1.0769230769230769,Ocasionais,7681.24
1080189,VINHEDOS TRANSPORTES LTDA,0,TOP TURBO,1.75,Regulares,26461.08
1083255,LUCAS TOMAZ GOMES,0,TRM 5,1.4444444444444444,Ocasionais,58419.7
1083053,BASE ENERGIA CONSULTORIA E REPRESEN,0,AV,1.0,Ocasionais,10012.09
1082855,HIDRAULICA BRASIL LTDA,0,HYDRA,2.6923076923076925,Regulares,38999.55
1082512,RICAL TRANSPORTES LTDA,0,TOP TURBO,1.5909090909090908,Regulares,76387.86
1757432,CONSORCIO CONSTRUTOR METRO LINHA 2,0,HYDRA,1.0,Ocasionais,3137.74
1757425,ILHEUS PILOTS - SERVICOS DE PRATICA,0,TOP TURBO,2.5,Regulares,6474.91
1757111,DALBERSON CARDOSO GOMES 06557114654,0,TOP TURBO,2.0,Regulares,1943.2
1757096,"BRITAMIL - BRITA, CONCRETO E SERVIC",0,GEAR,2.6,Regulares,37146.8
1757008,GOIAS GERADORA DE ENERGIA RENOVAVEL,0,HYDRA,1.0,Ocasionais,10364.3
1756656,HCA LOG S/A,0,TOP TURBO,1.6,Regulares,217705.86
1756634,CONCESSIONARIA ECOVIAS DO ARAGUAIA,0,GEAR,5.0,Frequentes,16076.64
1756632,INDUTREL INDUSTRIA DE TEMPEROS LTDA,0,HYDRA XP,1.6,Regulares,64298.86
1756533,CS BRASIL FROTAS S.A.,0,Outras,2.0,Regulares,55130.62
1756532,INDUSTRIA METALURGICA DE CARLITO PA,0,Outras,1.0,Ocasionais,499.24
1756530,CORTEZ ENGENHARIA LTDA,0,TOP TURBO,3.2,Regulares,57002.84
1756521,SINTRA HOLDING ADMINISTRADORA DE BE,0,HYDRA XP,1.0,Ocasionais,6658.76
1085249,GRAZIELA ALVES GUIMARAES,0,Outras,2.0,Regulares,1093.28
1085237,HUGO FERREIRA DE QUEIROZ PEREIRA,0,Outras,2.0,Regulares,16433.620000000003
1084782,TRANSIT LOGISTICA E TRANSPORTES LTD,0,TOP TURBO,1.0,Ocasionais,1239.63
1084477,GPD LOCACOES LTDA,0,TOP TURBO,1.0,Ocasionais,82452.66
1083963,PEDREIRA MONGAGUA LIMITADA,0,TOP TURBO,1.3076923076923077,Ocasionais,113502.56
1083828,RESIDENCIAL CIDADE JARDIM MARABA LT,0,TOP TURBO,1.0,Ocasionais,9938.98
1083825,VAMFERTIL - VAMTEC FERTILIZANTES LT,0,HYDRA XP,1.6363636363636365,Regulares,10462.8
1083821,PICCOLOTUR TRANSPORTES TURISTICOS L,0,TOP TURBO,2.375,Regulares,83539.15000000001
1083748,MWM - TUPY DO BRASIL LTDA.,0,Outras,1.0,Ocasionais,13389.13
1083550,B.R.E - PA EMPREENDIMENTOS IMOBILIA,0,TOP TURBO,1.5555555555555556,Regulares,39553.12
1083543,TRANSVERSAL TRANSPORTES E LOGISTICA,0,TOP TURBO,1.7777777777777777,Regulares,32136.78
1083541,TB TRANSPORTES LTDA,0,TOP TURBO,4.0,Frequentes,13944.67
1083508,JSL S/A.,0,TOP TURBO PRO,1.3333333333333333,Ocasionais,8502.720000000001
1083286,CALPI EXTRACAO DE CALCARIO LTDA,0,HYDRA XP,2.0,Regulares,2222.47
1083260,COOPRECENSUL - COOPERATIVA DOS PROF,0,TOP TURBO,1.2,Ocasionais,38595.99
1087201,FOCO TRANSPORTES LTDA,0,TOP TURBO,2.3529411764705883,Regulares,52268.5
1756256,TRANSPORTES BOTUVERA LTDA,0,TOP TURBO,1.2,Ocasionais,144762.78
1756255,SPE ILHA DE SANTA MARGARIDA LTDA,0,TOP TURBO,4.0,Frequentes,6458.79
1756251,CPFL SUL CENTRAIS ELETRICAS LTDA,0,AV,1.0,Ocasionais,5679.6900000000005
1756241,JSL S.A.,0,Outras,1.0,Ocasionais,5444.2
1755955,ERIKA COSTA DA SILVA,0,Outras,2.0,Regulares,18720.49
1755954,JANIO CAMACAN DE ALBUQUERQUE JUNIOR,0,Outras,1.0,Ocasionais,1236.19
1755830,MARTINI MEAT S/A ARMAZENS GERAIS,0,TOP TURBO,1.0,Ocasionais,7803.41
1755805,CONSORCIO CONSTRUTOR METRO LINHA 2,0,HYDRA,1.0,Ocasionais,6888.27
1755559,INDUSTRIA DE RACOES PATENSE LTDA EM,0,GEAR,1.6666666666666667,Regulares,30859.14
1755556,DEUSIMAR VILAR DE MEDEIROS LTDA,0,TOP TURBO,2.25,Regulares,36702.39
1755390,TAIPASTUR TRANSPORTES TURISTICOS LT,0,Outras,4.0,Frequentes,5102.74
1086699,ORGUEL INDUSTRIA E LOCACAO DE EQUIP,0,HYDRA XP,2.066666666666667,Regulares,58486.25
1086691,RAISUL LOGISTICA - FABRICACAO E REF,0,TOP TURBO,1.0,Ocasionais,13889.05
1085987,ORGUEL INDUSTRIA E LOCACAO DE EQUIP,0,Outras,2.2666666666666666,Regulares,41991.81
1089602,REFRI ISO INDUSTRIA DE REFRIGERACAO,0,Outras,1.4444444444444444,Ocasionais,51515.21
1089583,PEDREIRA LUMAN LTDA,0,TOP TURBO,1.1666666666666667,Ocasionais,26067.74
1089370,ERAM ESTALEIRO RIO AMAZONAS LTDA,0,HYDRA,1.0,Ocasionais,4533.55
1088985,ORGUEL INDUSTRIA E LOCACAO DE EQUIP,0,HYDRA XP,2.21875,Regulares,102322.7
1088607,STA - DISTRIBUIDORA DE ALIMENTOS LT,0,GL 5,2.5,Regulares,44070.9
1088336,TRANSP - TRANSPORTES DE PETROLEO LT,0,TOP TURBO,1.4,Ocasionais,17257.38
1088208,REAL AUTO ONIBUS LTDA EM RECUPERACA,0,TOP TURBO PRO,5.0,Frequentes,16655.57
1088201,COOPERATIVA DOS TRANSPORTADORES AUT,0,TOP TURBO,1.1428571428571428,Ocasionais,83691.95
1088063,CJ EMPREENDIMENTOS E PAVIMENTACAO L,0,Outras,1.7058823529411764,Regulares,139783.81
1087944,AUTOPORT TRANSPORTES E LOGISTICA LT,0,Outras,1.2727272727272727,Ocasionais,138410.46
1087931,POLIMIX CONCRETO LTDA,0,TOP TURBO,1.6,Regulares,35146.98
1087925,RDG ACOS DO BRASIL S/A,0,HYDRA XP,1.0,Ocasionais,5377.81
1090472,ORGUEL INDUSTRIA E LOCACAO DE EQUIP,0,HYDRA XP,2.0869565217391304,Regulares,72139.89
1090253,PASS TRANSPORTES  E SERVICOS AMBIEN,0,TOP TURBO PRO,1.4666666666666666,Ocasionais,74032.79
1090250,MIB - MINERACAO IBIRITE LTDA,0,Outras,1.3333333333333333,Ocasionais,14762.54
1754512,TRANSPORTE SAO JORGE LOCADORA LTDA,0,TOP TURBO,2.0833333333333335,Regulares,73890.29
1754507,VIACAO AGUIA BRANCA S A,0,TOP TURBO PRO,1.2,Ocasionais,38018.14
1754495,CONSORCIO CONSTRUTOR METRO LINHA 2,0,Outras,2.0,Regulares,8850.66
1754240,CONSORCIO CONSTRUTOR METRO LINHA 2,0,HYDRA,2.0,Regulares,36872.86
1754059,AMBIPAR ENVIRONMENTAL SOLUTIONS - S,0,HYDRA XP,1.875,Regulares,29562.32
1754054,FALCAO TRANSPORTES LTDA,0,TOP TURBO,2.1666666666666665,Regulares,12179.74
1754045,SANTIN EMPRESA DE TRANSPORTES ESPEC,0,HYDRA,1.8,Regulares,9332.0
1754043,FAZENDAO INDUSTRIA E COMERCIO DE PR,0,HYDRA XP,1.0,Ocasionais,6139.51
1753680,PIONEIRO COMBUSTIVEIS LTDA,0,TOP TURBO,1.0,Ocasionais,1925.07
1090094,MINERACAO CARBO LTDA,0,HYDRA,2.75,Regulares,53921.89
1089812,VIVENCIA EMPREENDIMENTOS IMOBILIARI,0,TOP TURBO,2.6666666666666665,Regulares,11573.46
1091595,TRANSPORTADORA TERRAS ALTAS LTDA,0,TOP TURBO,1.4285714285714286,Ocasionais,34459.6
1091583,SUPERMIX CONCRETO S/A,0,GL 5,1.0,Ocasionais,1199.22
1091347,ASSOCIACAO DE PESCADORES DE VILA VE,0,Outras,1.0,Ocasionais,2284.34
1091333,CONCRECON CONCRETO E CONSTRUCOES LT,0,HYDRA XP,2.1,Regulares,53510.14
1091135,SUPERMIX CONCRETO S/A,0,GL 5,1.0,Ocasionais,2394.69
1091132,SUPERMIX CONCRETO S/A,0,HYDRA XP,1.2,Ocasionais,15193.87
1091123,SUPERMIX CONCRETO S/A,0,Outras,1.0,Ocasionais,2665.09
1091122,INDUSTRIA DE RACOES PATENSE LTDA EM,0,HYDRA XP,3.1666666666666665,Regulares,31541.99
1090658,"TRG TRANSPORTE, LOCACAO, CONSTRUCAO",0,Outras,1.0,Ocasionais,41163.48
1090585,MCEE MANUT CONSULT ELETRICAS ESPECI,0,AV,1.0,Ocasionais,4343.84
1090563,J M R TRANSPORTES LTDA,0,TOP TURBO,3.0,Regulares,6839.76
1090484,SUPERMIX CONCRETO S/A,0,GL 5,2.0,Regulares,4836.29
1092340,L2 CONSTRUCOES & LOCACOES LTDA,0,TOP TURBO,1.3076923076923077,Ocasionais,52156.62
1092293,MAKRO ENGENHARIA LTDA,0,TOP TURBO,2.0,Regulares,36342.83
1091896,ICM COMERCIO DE CEREAIS LTDA,0,HYDRA,1.4444444444444444,Ocasionais,43990.39
1091890,SUZANA PATRICIA BARROSO BASTOS,0,Outras,1.8,Regulares,46474.4
1091856,ADRICIO RIBEIRO COUTO,0,Outras,2.0,Regulares,3063.9300000000003
1091843,GILBERTO BORGIO,0,HYDRA,2.5,Regulares,24283.24
1091826,JOYCE MUNIZ COUTO,0,Outras,1.0,Ocasionais,11574.47
1091796,MANARIM TRANSPORTES LTDA,0,TRM 5,2.0,Regulares,2461.03
1091661,SUPERTEX CONCRETO LTDA EM RECUPERAC,0,HYDRA,1.0,Ocasionais,4424.45
1091653,SUPERTEX CONCRETO LTDA EM RECUPERAC,0,HYDRA,3.6,Frequentes,28322.13
1091623,SUPERTEX CONCRETO LTDA EM RECUPERAC,0,GL 5,1.3333333333333333,Ocasionais,4597.98
1091620,SUPERTEX CONCRETO LTDA EM RECUPERAC,0,Outras,2.0,Regulares,8481.41
1091609,CONCRESART - TECNOLOGIA EM CONCRETO,0,HYDRA,3.0,Regulares,21849.88
1091604,SUPERBLOCO CONCRETOS LTDA EM RECUPE,0,HYDRA,2.6,Regulares,23771.8
1093745,SANTOS BRASIL PARTICIPACOES S.A.,0,GEAR,1.25,Ocasionais,34592.39
1092672,Maria Eliene dos Santos,0,Outras,2.0,Regulares,812.17
1092534,J.M.F. INDUSTRIA LTDA,0,HYDRA XP,1.75,Regulares,11014.85
1092532,SC TRANSPORTES LTDA,0,TOP TURBO,2.0,Regulares,43596.05
1753669,ENERGETICA ENTRE RIOS LTDA,0,Outras,1.0,Ocasionais,112983.75
1753575,COOPERATIVA RIOBRANQUENSE DE TRANSP,0,TOP TURBO,1.8888888888888888,Regulares,15903.03
1753572,TRANSENA TRANSPORTES LTDA,0,TOP TURBO,1.5,Ocasionais,41191.78
1753563,CHIMARRAO ENERGETICA S.A,0,HYDRA XP,1.0,Ocasionais,3118.35
1753475,PL MINERACOES HIDROLANDIA LTDA,0,TOP TURBO,1.7777777777777777,Regulares,22162.1
1753380,LUIZ DONIZETE GONCALVES PACHECO 233,0,AV,1.0,Ocasionais,51551.44
1753351,EDP TRANSMISSAO GOIAS SA,0,TOP TURBO,1.0,Ocasionais,6856.22
1753255,VIGENT CONSTRUCOES LTDA,0,HYDRA,1.0,Ocasionais,19513.39
1753167,AUTOMATIC IND. E COM. DE EQUIP. ELE,0,AV,1.0,Ocasionais,120988.09
1752644,MILGRAN INDUSTRIA E COMERCIO DE GRA,0,Outras,2.0833333333333335,Regulares,61362.37
1092434,TRANSPORTES ALVORADA LTDA,0,Outras,3.0,Regulares,47712.65
1092433,LAGUNA TRANSPORTES E TURISMO LTDA,0,Outras,2.7,Regulares,19762.28
1752643,CONSTRUTORA RIAGER SERVICOS DE TERR,0,TOP TURBO PRO,3.0,Regulares,153189.16999999998
1752612,SUPERMERCADO LEALDADE LTDA,0,Outras,1.0,Ocasionais,677.55
1752610,LOCAL LOCADORA DE ONIBUS CANOAS LTD,0,TOP TURBO,1.0,Ocasionais,13741.72
1752387,FRIOTEC REFRIGERACAO INDUSTRIAL LTD,0,Outras,1.0,Ocasionais,35253.66
1752215,PALMO CONSTRUTORA E INCORPORADORA D,0,HYDRA,1.0,Ocasionais,3754.25
1752214,JC RACOES E INSUMOS SIDERURGICOS LT,0,TOP TURBO,3.0,Regulares,56326.25
1751587,BOCCHI INDUSTRIA E COMERCIO DE CERE,0,HYDRA XP,1.7142857142857142,Regulares,66650.42
1751581,UNICA PRESTADORA LTDA,0,TOP TURBO,1.0,Ocasionais,13505.82
1751478,COOPERATIVA AGROINDUSTRIAL DOS PROD,0,HYDRA,1.0,Ocasionais,61357.89000000001
1751209,CIAT - CENTRO INTEGRADO DE ARMAZENA,0,TOP TURBO,1.1666666666666667,Ocasionais,9334.35
1751038,TRANSPORTADORA RS LTDA,0,TOP TURBO,1.6666666666666667,Regulares,10457.46
1750929,GAMELEIRA GERADORA DE ENERGIA RENOV,0,HYDRA,1.0,Ocasionais,11168.11
1750668,COMERCIAL DE GAS E AGUA LTDA,0,TOP TURBO,4.0,Frequentes,5708.23
1094073,WHITE MARTINS GASES INDUSTRIAIS DO,0,Outras,1.0,Ocasionais,38177.97
1094068,ANA CATARINA DE SOUZA PIRES,0,Outras,1.8461538461538463,Regulares,24304.02
1093861,TOTAL MULTI SERVICE LTDA,0,AV,1.1428571428571428,Ocasionais,60196.01
1095785,GLOBALVAC INDUSTRIA E COMERCIO DE M,0,HYDRA XP,1.3333333333333333,Ocasionais,11344.69
1095593,BELA IACA POLPAS DE FRUTAS INDUSTRI,0,Outras,1.0,Ocasionais,17806.67
1095567,TRANSPORTES FRAMENTO LTDA,0,TOP TURBO,3.0,Regulares,46594.74
1095432,BRASIL ASFALTOS LTDA,0,Outras,1.25,Ocasionais,14474.09
1095427,ALVOAR LACTEOS NORDESTE S/A,0,Outras,1.0,Ocasionais,28084.72
1094999,COOPERATIVA DOS PROPRIETARIOS DE VE,0,TOP TURBO,1.5555555555555556,Regulares,66722.91
1094740,BR MOBILIDADE BAIXADA SANTISTA SPE,0,TOP TURBO,1.3333333333333333,Ocasionais,19996.21
1094733,BR MOBILIDADE BAIXADA SANTISTA SPE,0,Outras,1.3333333333333333,Ocasionais,14911.41
1094605,GRANPORT MULTIMODAL LTDA - EM RECUP,0,HYDRA XP,2.0,Regulares,3599.0
1094576,DOMART ALIMENTOS LTDA,0,Outras,1.5833333333333333,Regulares,86851.93
1094398,LOGAR TRANSPORTES RODOVIARIOS LTDA,0,TOP TURBO,1.0,Ocasionais,43565.14
1094378,TR TRANSPORTE DE PASSAGEIROS LTDA -,0,TOP TURBO PRO,2.111111111111111,Regulares,83393.12000000001
1094272,CINTYA FLEURY PEREIRA REZENDE,0,TOP TURBO,2.5,Regulares,57843.81
1094249,AMAZONBIO - INDUSTRIA E COMERCIO DE,0,TOP TURBO,1.0,Ocasionais,2264.04
1098842,TRANSDIVINO GUINDASTES E TRANSPORTE,0,TOP TURBO,1.8333333333333333,Regulares,39677.36
1098680,COMANDO DIESEL TRANSPORTE E LOGISTI,0,TOP TURBO PRO,1.0,Ocasionais,22053.77
1097957,OLEOPLAN S.A. OLEOS VEGETAIS PLANAL,0,HYDRA XP,1.0,Ocasionais,14181.27
1097924,EXPRESSO PEGASO  EM RECUPERACAO JUD,0,TOP TURBO,4.0,Frequentes,14893.11
1097888,EXPRESSO RECREIO TRANSPORTE DE PASS,0,TRM 5,2.4,Regulares,94972.91
1097836,BRANYL COMERCIO E INDUSTRIA TEXTIL,0,GEAR,1.0,Ocasionais,11314.95
1096984,TOCANTINENSE TRANSPORTES E TURISMO,0,TOP TURBO,2.0625,Regulares,93961.93
1096839,OLIMPIO FRANCISCO DE SOUSA,0,Outras,4.0,Frequentes,11263.19
1096609,ASSOCIACAO PAULISTA DOS TRANSPORTAD,0,TOP TURBO,1.2,Ocasionais,60159.02
1096411,PROSEGUR BRASIL S/A TRANSPORTADORA,0,TOP TURBO,3.0,Regulares,2638.3
1096148,MG COMERCIO DE COMBUSTIVEIS LTDA,0,TOP TURBO,3.0,Regulares,5303.87
1095789,RENO TRANSPORTES LTDA,0,TOP TURBO,1.5,Ocasionais,22753.53
1099426,PAVIDEZ ENGENHARIA LTDA,0,Outras,3.3333333333333335,Regulares,26833.95
1099087,HELIO FRANCISCO DE MOURA,0,TOP TURBO,1.0,Ocasionais,28004.6
1098979,"SILVEIRA - COMERCIO, ARMAZENAGEM, T",0,HYDRA XP,1.4444444444444444,Ocasionais,41304.99
1750317,GUSTAVO PAIVA,0,TOP TURBO PRO,1.8571428571428572,Regulares,23021.14
1750303,INDUSTRIA CRUZ DE PESCADOS LTDA,0,Outras,1.0,Ocasionais,42394.52
1750207,TRANSPORTES RODOVIARIO LUCESI LTDA,0,TOP TURBO,1.3333333333333333,Ocasionais,68756.78
1750054,EIXO SP CONCESSIONARIA DE RODOVIAS,0,Outras,1.0,Ocasionais,55445.47
1749863,HORIZONTE MINEIRO SERVICOS GEOLOGIC,0,HYDRA,2.3333333333333335,Regulares,46376.07
1749862,VIACAO AGUIA BRANCA S A,0,TOP TURBO PRO,1.1666666666666667,Ocasionais,145215.53
1749772,MM GERADORES LTDA,0,TOP TURBO,1.0,Ocasionais,13501.95
1749608,METRO BH S.A.,0,Outras,1.8571428571428572,Regulares,64943.44
1749233,SUL AMERICA ENGENHARIA LTDA,0,GL 5,1.0,Ocasionais,2271.69
1748989,TRANSPORTADORA MILENARI LTDA,0,TOP TURBO,1.0,Ocasionais,4176.58
1748980,HORIZONTE MINEIRO SERVICOS GEOLOGIC,0,HYDRA,3.0,Regulares,6783.72
1748978,FIBRASA S.A.,0,HYDRA,2.2,Regulares,89635.4
1748801,MAQMOV EMPILHADEIRAS LTDA,0,Outras,2.6666666666666665,Regulares,17230.760000000002
1102259,ALVOAR LACTEOS NORDESTE S/A,0,Outras,1.6666666666666667,Regulares,7354.57
1102001,V7 TRANSLOG TRANSPORTES LTDA,0,Outras,1.5,Ocasionais,4127.38
1101998,BRF ENGENHARIA DE OBRAS LTDA,0,Outras,1.7692307692307692,Regulares,84805.6
1101439,J A DISTRIBUIDORA LTDA,0,TOP TURBO,1.0,Ocasionais,5163.700000000001
1101237,JAWA TRANSPORTES LTDA,0,TOP TURBO,1.2,Ocasionais,24019.41
1100907,VIX LOGISTICA S/A,0,Outras,1.0,Ocasionais,2369.28
1100662,M. B. V. TRANSPORTES LTDA,0,Outras,1.5,Ocasionais,75696.23
1100621,LUBRE MAIS COMERCIO E SERVICOS DE L,0,Outras,2.6666666666666665,Regulares,9667.49
1100437,CENTRO EDUCACIONAL VILLA LOBOS LTDA,0,TOP TURBO,1.0,Ocasionais,4922.91
1100335,BLUMOB CONCESSIONARIA DE TRANSPORTE,0,Outras,1.4,Ocasionais,29112.09
1100331,ABR SERVICOS FLORESTAIS LTDA,0,Outras,1.5,Ocasionais,19155.77
1100278,AMBIENT SERVICOS AMBIENTAIS DE RIBE,0,Outras,1.5,Ocasionais,66980.03
1100242,DIASTUR TURISMO LTDA,0,Outras,1.2,Ocasionais,40453.84
1100234,CONTEVIX COMERCIO E SERVICOS LTDA,0,TOP TURBO,2.0,Regulares,8962.08
1099612,A.S MONTAGENS E LOCACOES LTDA,0,HYDRA,1.0,Ocasionais,28587.59
1099496,GOBBA LEATHER INDUSTRIA E COMERCIO,0,Outras,1.0,Ocasionais,8311.46
1104314,ARPLAN AREIA DO PLANALTO LTDA,0,TOP TURBO,1.6,Regulares,82266.09
1104310,VALERIANO VALENTE DE OLIVEIRA,0,Outras,3.6666666666666665,Frequentes,12192.45
1102808,TREM DO CORCOVADO LTDA.,0,AV,1.0,Ocasionais,9464.740000000002
1748613,RODOMA TRANSPORTES LTDA,0,TOP TURBO,1.6666666666666667,Regulares,5633.85
1748241,ACCIONA CONSTRUCCION S.A,0,HYDRA XP,1.0,Ocasionais,13389.15
1747707,GERVASIO SCHAEFER,0,Outras,1.7,Regulares,47084.5
1747701,DITRACTOR COMERCIO DE PECAS E ACESS,0,HYDRA XP,1.6,Regulares,11936.38
1747382,TOP GELO LTDA,0,Outras,1.0,Ocasionais,14130.47
1746994,FAROL INDUSTRIA E COMERCIO S.A. EM,0,TOP TURBO,1.625,Regulares,37340.57
1746990,VIA TRANSPORTES RODOVIARIOS DE CARG,0,Outras,1.0,Ocasionais,1892.93
1746789,CANTIERI MIX - CONCRETO USINADO LTD,0,Outras,1.3333333333333333,Ocasionais,9069.02
1746787,GUILHERME NEVES SCHMITT LTDA,0,HYDRA XP,1.7333333333333334,Regulares,128882.31
1746028,DANIELA CAROLINA MENDES BARCELOS,0,TOP TURBO,2.625,Regulares,37850.79
1745935,COOCANORPI - COOPERATIVA DOS CAMINH,0,TOP TURBO,1.0,Ocasionais,11353.3
1102747,VIACAO TERESOPOLIS CAVALHADA LTDA,0,Outras,1.0,Ocasionais,504.79
1102731,BETEL LOGISTICA LINES S.A.,0,TOP TURBO,3.0,Regulares,5871.6900000000005
1108207,PLUMATEX COLCHOES INDUSTRIAL LIMITA,0,TOP TURBO,1.1851851851851851,Ocasionais,108495.96
1108152,JM TERRAPLANAGEM E CONSTRUCOES LTDA,0,TOP TURBO,1.75,Regulares,24605.16
1108070,VALOREM AGRONEGOCIOS LTDA,0,Outras,3.75,Frequentes,42818.35
1107867,VIAPOL LTDA,0,Outras,1.375,Ocasionais,51478.69
1107661,EXPRESSO PLANALTO TRANSPORTE E LOGI,0,TOP TURBO,1.5384615384615385,Regulares,26850.58
1106928,VD LOCACAO DE MAQUINAS E VEICULOS L,0,HYDRA XP,1.25,Ocasionais,9910.19
1106539,EXPRESSO GARDENIA LTDA - EM RECUPER,0,TOP TURBO,1.0,Ocasionais,2028.94
1106522,GYPSUM MINERACAO INDUSTRIA E COMERC,0,Outras,1.608695652173913,Regulares,73796.66
1106410,XINGU FRUIT POLPAS DE FRUTAS INDUST,0,Outras,1.25,Ocasionais,15661.03
1106404,PREDICT ENGENHARIA LTDA.,0,AV,1.0,Ocasionais,47277.56
1105536,PANSERVICE TRANSPORTES E LOCACAO LT,0,Outras,1.3333333333333333,Ocasionais,2450.25
1105044,BRUNO SOUZA DE OLIVEIRA,0,Outras,2.466666666666667,Regulares,33455.17
1104947,ARANAO TRANSPORTES RODOVIARIOS LTDA,0,GL 5,1.0,Ocasionais,2724.76
1104601,RETA RAPIDO TRANSPORTES LTDA.,0,TRM 5,3.0,Regulares,19454.5
1104510,AUTOBUS TRANSPORTES URBANOS LTDA,0,Outras,1.5,Ocasionais,5149.52
1108942,CIMEC - CIMENTO & CONCRETO LTDA,0,HYDRA XP,1.7083333333333333,Regulares,77858.23
1745932,ECOFAQ GERENCIAMENTO DE RESIDUOS LT,0,GEAR,1.6666666666666667,Regulares,20939.06
1745843,TRANSPORTES ETTO LTDA,0,TOP TURBO,1.75,Regulares,13991.98
1745811,CONTEPA - CONSTRUCOES TERRAPLANAGEM,0,HYDRA,3.0,Regulares,2222.92
1745809,CONCRETO USINADO CANTIERI LTDA,0,HYDRA XP,2.0,Regulares,3571.41
1745806,TERRACAM EMPREENDIMENTOS LTDA,0,HYDRA XP,2.0,Regulares,7744.01
1745802,RODOSAFRA TRANSPORTES RODOVIARIOS L,0,Outras,1.6666666666666667,Regulares,10800.0
1745351,PH TRANSPORTES LTDA,0,TOP TURBO,2.0,Regulares,38724.66
1745350,GERAMAIS RENTAL LTDA,0,TOP TURBO,1.0,Ocasionais,32928.41
1745348,NEW MIX CONCRETO LTDA,0,HYDRA XP,2.0,Regulares,5210.03
1745343,BRIDGE TRANSPORTES E LOGISTICA LTDA,0,HYDRA XP,1.0,Ocasionais,3264.87
1745341,E. FERREIRA BONNETERRE COMERCIO E S,0,AV,1.6666666666666667,Regulares,15241.5
1744992,RDA CONSTRUCOES LTDA,0,Outras,1.0,Ocasionais,34491.9
1744990,CERAMICA 3 IRMAOS LTDA,0,TOP TURBO,2.75,Regulares,19385.05
1108818,RAIMUNDO NONATO MAIA,0,Outras,1.8333333333333333,Regulares,111835.62
1108454,FERTILIZANTES TOCANTINS  S.A,0,HYDRA,1.2142857142857142,Ocasionais,196095.21
1111903,TIJUCA ALIMENTOS LTDA,0,Outras,1.0,Ocasionais,64273.12
1111888,NOELI TEREZINHA DALL' IGNA BORDIGNO,0,TOP TURBO,1.9090909090909092,Regulares,24015.84
1111255,AMAZONBIO - INDUSTRIA E COMERCIO DE,0,TOP TURBO,1.0,Ocasionais,15395.41
1110683,HALEX ISTAR INDUSTRIA FARMACEUTICA,0,HYDRA XP,1.0,Ocasionais,28574.07
1110532,GNR DOIS ARCOS VALORIZACAO DE BIOGA,0,Outras,1.0769230769230769,Ocasionais,251112.95
1110522,CERDIA BRASIL INDUSTRIA E COMERCIO,0,HYDRA XP,2.1333333333333333,Regulares,54006.17
1110461,MOBIBRASIL EXPRESSO S.A.,0,TOP TURBO,1.0,Ocasionais,153352.87
1110348,BETUNEL INDUSTRIA E COMERCIO S/A,0,Outras,1.0,Ocasionais,5586.43
1110113,CBF INDUSTRIA DE GUSA S A,0,Outras,2.5,Regulares,17392.96
1110014,AMBIPAR ENVIRONMENTAL MINING LTDA,0,Outras,1.0,Ocasionais,237155.53
1109242,CIMEC - CIMENTO & CONCRETO LTDA,0,HYDRA XP,2.0,Regulares,2651.6400000000003
1109237,CIMEC - CIMENTO & CONCRETO LTDA,0,HYDRA XP,1.0,Ocasionais,5733.53
1109215,SC TRANSPORTES LTDA,0,Outras,1.0,Ocasionais,1008.26
1109075,MINERCAL METALURGIA LTDA,0,HYDRA XP,1.0,Ocasionais,2113.98
1744735,INTEGRA INDUSTRIA COMERCIO IMPORTAC,0,HYDRA XP,2.0,Regulares,12642.52
1744528,3D FEA MATTER COM. VAR. DE MATS. LU,0,GEAR,1.0,Ocasionais,2801.92
1744513,GONCALVES SALLES S A INDUSTRIA E CO,0,TOP TURBO,1.2307692307692308,Ocasionais,129314.07
1744272,DCR TRANSPORTES LTDA,0,HYDRA XP,2.0,Regulares,6438.97
1743985,ELIAS LIMA DE JESUS JUNIOR,0,TOP TURBO,1.0,Ocasionais,2205.27
1743979,PLUMATEX COLCHOES INDUSTRIAL LIMITA,0,Outras,1.2307692307692308,Ocasionais,54003.58
1743734,COMBIO ENERGIA S.A.,0,GEAR,1.6666666666666667,Regulares,16556.25
1743731,COMPACTTA ENGENHARIA LTDA,0,TOP TURBO,2.5,Regulares,21143.7
1743472,CONCESSIONARIA CENTRO SUL 1 SPE LTD,0,TOP TURBO,1.0,Ocasionais,2374.02
1112616,TRANSMIMO LTDA,0,TOP TURBO PRO,1.3333333333333333,Ocasionais,38533.53
1112395,VIACAO EUCLASIO LTDA,0,TOP TURBO,1.2,Ocasionais,25622.4
1111928,JOSE ORLANDO GONZAGA DE OLIVEIRA,0,Outras,1.0,Ocasionais,9897.14
1115278,NETO TUR LTDA,0,TOP TURBO,1.4444444444444444,Ocasionais,23609.6
1115011,J.B. TRANSPORTES E LOCACAO LTDA,0,TOP TURBO,2.4285714285714284,Regulares,91191.65
1114863,VIACAO PIRACICABANA S.A.,0,TRM 5,1.4,Ocasionais,27142.7
1114835,VIACAO PIRACICABANA S.A.,0,TRM 5,1.0,Ocasionais,2498.73
1114832,LOGI PLAN LOGISTICA LTDA,0,Outras,2.0,Regulares,2850.08
1114683,GUSTAVO PAIVA,0,Outras,2.111111111111111,Regulares,46375.03
1114451,FARO CAPITAL COMERCIAL AGRICOLA LTD,0,Outras,3.25,Regulares,50522.38
1114416,EMPRESA TRANSCOL LTDA,0,TOP TURBO,1.0,Ocasionais,3013.8
1114043,TRANSPORTES ANGELIM LTDA,0,TOP TURBO,1.6666666666666667,Regulares,11754.59
1114033,FERTILIZANTES TOCANTINS  S.A,0,HYDRA,1.125,Ocasionais,26507.09
1113922,GFT COMERCIO E LOGISTICA LTDA,0,TOP TURBO,1.8666666666666667,Regulares,33416.32
1113716,TRANSPORTES MAKARINA KREMER LTDA,0,TRM 5,1.0,Ocasionais,17832.75
1113660,MODAL LOG TRANSPORTE LTDA,0,TOP TURBO,1.0,Ocasionais,1947.54
1116638,EMPRESA AMAZONENSE DE TRANSMISSAO D,0,AV,1.0,Ocasionais,194651.9
1116246,TMT LOGISTICA LTDA,0,TOP TURBO,1.0,Ocasionais,11067.96
1116144,TRANSMASUT TRANSPORTES LTDA,0,TOP TURBO,1.5483870967741935,Regulares,151244.16
1743471,ACO CEARENSE COMERCIAL LTDA,0,Outras,1.0,Ocasionais,5563.07
1743381,"AGROFORTE INDUSTRIA, COMERCIO E TRA",0,GEAR,2.0,Regulares,9791.22
1743263,VIEIRA MIX - CONCRETEIRA CONSTRUCAO,0,HYDRA XP,1.75,Regulares,20733.44
1743252,FORCA AMBIENTAL LTDA,0,TOP TURBO PRO,2.0,Regulares,10669.29
1743248,INONIBRAS INOCULANTES E FERRO LIGAS,0,Outras,2.0,Regulares,1212.66
1743081,CONSAG CS S.A,0,HYDRA XP,1.0,Ocasionais,1361.65
1743079,CESCONETTO INDUSTRIA E COMERCIO DE,0,GEAR,1.0,Ocasionais,6534.6
1742893,TRANSPORTES CARVALHO LTDA,0,HYDRA XP,1.0,Ocasionais,1875.33
1742858,AES BRASIL OPERACOES S.A.,0,GEAR,1.5,Ocasionais,15613.87
1742849,VENETO TRANSPORTES LTDA,0,TOP TURBO,1.0,Ocasionais,28768.84
1742397,CMPC - CIA. DE PROJETOS DE CONST. E,0,AV,1.0,Ocasionais,10737.14
1116143,BIANCHINI LOGISTICA LTDA,0,Outras,1.0,Ocasionais,464.54
1115960,MAX TOUR FRETAMENTOS E TURISMO LTDA,0,TOP TURBO,1.8,Regulares,17098.82
1118513,G&L TRANSPORTES E LOGISTICA LTDA,0,TOP TURBO,1.5,Ocasionais,151155.79
1118512,DIVINA LUZ TRANSPORTE E TURISMO LTD,0,TOP TURBO,3.0,Regulares,17051.82
1118414,EXPRESSO UNIR LTDA,0,Outras,1.1428571428571428,Ocasionais,48677.03
1118382,MINERACAO SANTA LUZIA DE ITAGUAI LT,0,Outras,1.6428571428571428,Regulares,60508.9
1118149,IPANEMA AGRICOLA S.A.,0,Outras,1.411764705882353,Ocasionais,65080.77
1118091,BY BUS TRANSPORTES LTDA,0,TOP TURBO,1.0,Ocasionais,4620.53
1117785,COMPANHIA SIDERURGICA DO ESPIRITO S,0,HYDRA XP,1.7857142857142858,Regulares,148581.37
1117743,COOP.TRANSP.A.C.VEIC.ANAPOLIS COOPE,0,TOP TURBO,1.0,Ocasionais,103380.13
1117613,NOVA ENERGIA SERVICOS E COMERCIO DE,0,AV,1.0,Ocasionais,170174.46
1116917,MAXILIGAS IND. E COM. DE METAIS LTD,0,HYDRA XP,1.0,Ocasionais,27930.31
1116754,FERTILIZANTES TOCANTINS  S.A,0,HYDRA,1.6,Regulares,20679.38
1116651,MOTORTRUCK PECAS E SERVICOS LTDA,0,TOP TURBO,1.0,Ocasionais,62076.42
1116649,EXPRESSO FENIX VIACAO LTDA,0,TOP TURBO,1.3333333333333333,Ocasionais,12851.46
1116641,EMPRESA NORTE DE TRANSMISSAO DE ENE,0,AV,1.0,Ocasionais,68047.68
1119685,CACIL COMERCIAL AGRICOLA CIRO LTDA,0,HYDRA,2.0,Regulares,6822.49
1119668,CONSORCIO TORC-MAIA MELO,0,TOP TURBO,2.0,Regulares,2815.76
1119529,TRANSMILLES TRANSPORTES LTDA,0,GL 5,2.5714285714285716,Regulares,51153.93
1119482,BLESSED TRANSPORTES LTDA,0,Outras,1.0,Ocasionais,1946.7
1742371,J W DE LARANJAL TRANSPORTES LTDA,0,TOP TURBO,1.625,Regulares,33494.46
1741986,VIX LOGISTICA S/A,0,Outras,1.0833333333333333,Ocasionais,45527.67
1741980,FORCA AMBIENTAL LTDA.,0,HYDRA XP,2.0,Regulares,5322.29
1741974,FORCA AMBIENTAL LTDA.,0,TOP TURBO,3.0,Regulares,17209.08
1741965,JOSE ALBERTO BARROSO BARRETO,0,Outras,2.0833333333333335,Regulares,63469.63
1741577,"TREVISAN COMERCIO, LOGISTICA E TRAN",0,TOP TURBO,1.8461538461538463,Regulares,42128.34
1741572,COMBER LOGISTICA LTDA,0,HYDRA,1.5454545454545454,Regulares,36913.58
1741567,SUELY CALILI MIRANDA FERREIRA,0,HYDRA,5.0,Frequentes,6220.54
1119476,BONO TRANSPORTES RODOVIARIO E DISTR,0,TOP TURBO,1.8181818181818181,Regulares,41951.93
1119271,VIACAO BRASILIA LTDA,0,TOP TURBO,1.125,Ocasionais,20444.24
1121087,MAURILIO IVAN AMARANTE DE S. FILHO,0,Outras,2.0,Regulares,23238.13
1121061,PROTECAO DIVINA TRANSPORTES RODOVIA,0,TOP TURBO,2.0,Regulares,125875.01
1121008,LOGMAM TRANSPORTES LTDA,0,TOP TURBO,2.0,Regulares,13393.52
1120998,LOCALIX SERVICOS AMBIENTAIS S.A.,0,HYDRA XP,2.0,Regulares,22261.97
1120997,PHD AGROPECUARIA LTDA,0,HYDRA XP,1.7857142857142858,Regulares,76716.09
1120996,CONCRETO SANTA LUZIA LTDA,0,GL 5,1.25,Ocasionais,21194.25
1120968,COMPANHIA OPERADORA PORTUARIA DO IT,0,TOP TURBO,1.0,Ocasionais,1346.38
1120922,PAULO EDILBERTO COUTINHO PARTICIPAC,0,TOP TURBO,1.2142857142857142,Ocasionais,72818.3
1120408,ADYLLA COSTA BRAGA,0,Outras,1.0,Ocasionais,1016.25
1120399,J.R. LOGISTICA E TRANSPORTES LTDA,0,TRM 5,1.7692307692307692,Regulares,48294.15
1120393,EMPRESA DE MINERACAO J.SERRAO LTDA,0,HYDRA XP,1.0,Ocasionais,7357.96
1120344,AUREA CAMILO MINETTO E SOCIOS,0,TOP TURBO,1.875,Regulares,39059.44
1120003,INTERMARITIMA PORTOS E LOGISTICA S/,0,HYDRA XP,1.7777777777777777,Regulares,76263.55
1121641,VIACAO SANTA EDWIGES E TURISMO LTDA,0,TOP TURBO,1.0,Ocasionais,2122.5
1121562,CAF TRANSPORTES LTDA,0,Outras,2.0,Regulares,29066.09
1741565,FORCA AMBIENTAL LTDA.,0,HYDRA XP,4.0,Frequentes,5176.36
1741229,EDVANDO LIMA DA COSTA,0,TOP TURBO,1.3333333333333333,Ocasionais,25866.4
1741225,PERFIL SERVICOS E COMERCIO DE EQUIP,0,Outras,1.0,Ocasionais,6928.31
1741032,AMBIPAR ENVIRONMENTAL NORDESTE LTDA,0,HYDRA XP,1.7333333333333334,Regulares,63858.41
1741028,GRAMIC - GRANITOS E MARMORES LTDA.,0,GEAR,2.4,Regulares,12347.79
1741027,AMBIPAR ENVIRONMENTAL NORDESTE LTDA,0,HYDRA XP,1.3,Ocasionais,21973.47
1741013,AMBIPAR ENVIRONMENTAL NORDESTE LTDA,0,HYDRA XP,1.5,Ocasionais,4983.87
1740612,G3 CONSTRUCAO PESADA LTDA,0,Outras,2.0,Regulares,3055.98
1740367,AGRO INDUSTRIA VITORIA LTDA,0,AV,1.2,Ocasionais,14897.68
1740337,GEN INDUSTRIA E COMERCIO DE FERTILI,0,HYDRA,1.3333333333333333,Ocasionais,13258.77
1740331,EMPRESA CONSTRUTORA BRASIL SA,0,TRM 5,1.0,Ocasionais,2850.1
1740327,DEUSDEDIT RIBEIRO ALVES LTDA,0,HYDRA XP,1.0,Ocasionais,4140.45
1121363,MEPEL MAQUINAS E EQUIPAMENTOS LTDA,0,Outras,1.5555555555555556,Regulares,51553.92
1121108,VIACAO PIRACICABANA S.A.,0,TRM 5,1.0,Ocasionais,19871.2
1123337,POTENCIAL FLORESTAL COMERCIO E TRAN,0,Outras,2.0,Regulares,6971.77
1123186,MF CONSTRUCOES LTDA,0,TOP TURBO,1.7692307692307692,Regulares,26986.04
1123088,AGROPECUARIA LAVORO LTDA,0,HYDRA,1.0,Ocasionais,16193.259999999998
1122913,AD SOUZA TRANSPORTES E LOGISTICA LT,0,TOP TURBO PRO,1.0,Ocasionais,2656.98
1122802,M GALINDO VAZ CONCRETOS,0,TOP TURBO,3.5,Regulares,15976.29
1122504,SUSTENTARE SANEAMENTO S/A,0,GL 5,2.142857142857143,Regulares,46291.89
1122404,OPERLOG LOGISTICA E TRANSPORTES LTD,0,TOP TURBO,1.0,Ocasionais,27228.9
1122386,HIDRAUCAMBIO ITAUNA LTDA,0,Outras,1.8571428571428572,Regulares,20200.28
1122365,DG TRANSPORTES LTDA,0,TOP TURBO,1.7142857142857142,Regulares,161909.84
1122344,EMPRESA NACIONAL DE PASSAGEIROS LTD,0,TOP TURBO,1.6666666666666667,Regulares,26854.6
1122138,CONSORCIO BR - 101/AL,0,TOP TURBO,2.4,Regulares,113702.13
1122135,DOSITEC BOMBAS E COMPRESSORES INDUS,0,HYDRA,1.95,Regulares,34780.3
1122106,IQL - INDUSTRIA E COMERCIO DE PRODU,0,Outras,1.0,Ocasionais,2506.43
1122022,SALTO SOLUCOES AMBIENTAIS LTDA,0,Outras,1.0,Ocasionais,20811.56
1121660,BETUNEL INDUSTRIA E COMERCIO S A,0,Outras,1.0,Ocasionais,132164.97
1735490,AES BRASIL OPERACOES S.A.,0,HYDRA XP,1.0,Ocasionais,26071.23
1735355,VAMTEC ORIZON SOLUCOES AMBIENTAIS L,0,HYDRA XP,1.5,Ocasionais,5050.11
1126755,VICOLOG TRANSPORTES LTDA,0,HYDRA XP,4.0,Frequentes,8813.130000000001
1126407,TRANSLUMA TRANSPORTES RODOVIARIOS L,0,TOP TURBO,1.5238095238095237,Regulares,116293.8
1126062,TRANSMIMO LTDA,0,TOP TURBO PRO,1.75,Regulares,76958.62
1125827,COMANDO DIESEL TRANSPORTE E LOGISTI,0,TOP TURBO,1.5454545454545454,Regulares,85487.61
1125661,R.J. ASFALTO ENGENHARIA LTDA.,0,Outras,2.0,Regulares,21344.17
1125379,CEBRITA BRITAGEM E LOCACAO DE MAQUI,0,HYDRA XP,2.4,Regulares,19498.8
1125122,ENERGY ASSETS DO BRASIL LTDA.,0,Outras,1.2,Ocasionais,160899.24
1125015,EXPRESSO BARROSO  LTDA,0,TRM 5,1.5,Ocasionais,1577.59
1125012,HORIZONTE TRANSPORTES LTDA,0,TOP TURBO,1.3333333333333333,Ocasionais,125052.51
1123622,MARTINI MEAT S/A ARMAZENS GERAIS,0,HYDRA,1.7857142857142858,Regulares,56934.61
1123502,COSTAPLAN CONSTRUCOES LTDA,0,Outras,1.0,Ocasionais,13326.31
1123392,SALINEIRA SAO CAMILO LTDA,0,TOP TURBO,1.0,Ocasionais,7743.82
1127354,RICAL - RACK INDUSTRIA E COMERCIO D,0,HYDRA,1.0,Ocasionais,2177.66
1127351,JSL S.A.,0,TOP TURBO,2.0,Regulares,34215.0
1127296,USINA TERMELETRICA PAMPA SUL S.A.,0,HYDRA XP,1.375,Ocasionais,25040.98
1127196,COOPERJERI - COOPERATIVA DE TRANSPO,0,TOP TURBO,1.7142857142857142,Regulares,25465.58
1127056,CASAMAX COMERCIAL E SERVICOS LTDA,0,Outras,1.0,Ocasionais,851.92
1126764,GWB COMERCIO E MANUTENCOES LTDA,0,AV,1.0,Ocasionais,235468.1
1737059,EMPA S/A SERVICOS DE ENGENHARIA,0,TOP TURBO,1.5,Ocasionais,10320.13
1737039,"VAMOS LOCACAO DE CAMINHOES, MAQUINA",0,HYDRA XP,2.3333333333333335,Regulares,81122.26
1736783,CTGVR - COOP. DE TRANSP. DE GOVERNA,0,TOP TURBO,1.1153846153846154,Ocasionais,97691.91
1736781,VB LOG TRANSPORTES E LOGISTICA LTDA,0,TOP TURBO,1.0,Ocasionais,8865.46
1736776,CONCRETO USINADO CANTIERI LTDA,0,HYDRA,1.2,Ocasionais,8649.7
1736763,BASE CONSTRUTORA AMBIENTAL LTDA,0,TOP TURBO,2.142857142857143,Regulares,28289.46
1736339,ENERGIA RENOVAVEL SUDESTE LTDA,0,TOP TURBO,4.0,Frequentes,12485.76
1736321,NOTARO ALIMENTOS LTDA,0,TOP TURBO,1.0,Ocasionais,1170.38
1128413,A.T. COMERCIO E TRANSPORTES DE MADE,0,Outras,1.2,Ocasionais,22512.9
1128058,A. D. DA SILVA JUNIOR COMERCIO E SE,0,AV,1.0,Ocasionais,9609.19
1128028,MANOEL TEIXEIRA LOPES,0,Outras,2.125,Regulares,49119.61
1734319,COPASUL TRANSPORTES E COMERCIO COMB,0,TOP TURBO,2.6666666666666665,Regulares,149158.08000000002
1734310,DOIS RIOS TRANSPORTES LTDA,0,TOP TURBO,1.2857142857142858,Ocasionais,40221.95
1734217,CINTREQ CINTRA EQUIPAMENTOS LTDA,0,Outras,2.0,Regulares,5952.01
1733891,CGL TRANSPORTE E PARTICIPACOES LTDA,0,TOP TURBO PRO,4.0,Frequentes,4801.9400000000005
1733149,MARGUI MAQUINAS LTDA,0,Outras,1.0,Ocasionais,6177.14
1733063,SANTA LUZIA ENGENHARIA E CONSTRUCOE,0,Outras,2.8,Regulares,14664.03
1732892,CONSTRUTORA JK LTDA,0,TOP TURBO,1.3333333333333333,Ocasionais,12342.63
1732885,PRODELOG TRANSPORTES LTDA,0,TOP TURBO,1.0,Ocasionais,125078.88
1127839,BARBIERI TRANSPORTES S/A,0,TOP TURBO PRO,1.2,Ocasionais,98936.49
1127832,YARA BRASIL FERTILIZANTES S/A,0,Outras,1.125,Ocasionais,233226.01
1127730,AUTOPORT TRANSPORTES E LOGISTICA LT,0,Outras,1.0,Ocasionais,43921.79
1714459,BIOEXPRESS TRANSPORTES RODOVIARIOS,0,TOP TURBO,1.3125,Ocasionais,45602.35
1130443,VIACAO HAMBURGUESA LTDA,0,Outras,1.0,Ocasionais,10662.64
1129973,UNIMETAIS TRANSPORTES E LOGISTICA L,0,TOP TURBO,2.0,Regulares,7892.9
1129886,MINERACAO CAFE LTDA,0,GEAR,1.0,Ocasionais,7261.34
1129560,EXPRESSO JA LTDA,0,TOP TURBO,1.0833333333333333,Ocasionais,41947.94
1129557,CEARA TRANSPORTES E LOGISTICA LTDA,0,TOP TURBO,2.2,Regulares,106252.98
1129374,CIDADE NATUREZA TRANSPORTES E TURIS,0,TOP TURBO,1.9,Regulares,49576.86
1129043,TOGNI S/A MATERIAIS REFRATARIOS,0,HYDRA XP,2.2857142857142856,Regulares,41399.94
1129003,TRANSPORTES DALMAS LTDA,0,GL 5,2.4444444444444446,Regulares,17507.73
1128894,DIBLOCO IND.C.A.C.P.MOLDS.M.P/CONST,0,HYDRA XP,1.0,Ocasionais,2116.52
1128886,COSTA LESTE TRANSPORTES E SERVICOS,0,TOP TURBO,2.0,Regulares,1652.9
1128603,TRANSPORTE COL. N. SRA. DE FATIMA S,0,TOP TURBO,2.0,Regulares,14718.75
1128572,MTU MEDIANEIRA TRANSPORTE LTDA,0,TOP TURBO,1.3333333333333333,Ocasionais,9367.74
1128551,ARGONIO ALVES MELO DE OLIVEIRA,0,AV,1.0,Ocasionais,28309.74
1131994,RC DE ANDRADE TERRAPLENAGENS LTDA,0,HYDRA,3.1666666666666665,Regulares,44712.27
1131908,INTEGRADA COOPERATIVA AGROINDUSTRIA,0,GEAR,1.5,Ocasionais,50498.25
1131524,TRANSPORTES COTRIJAL LTDA,0,TOP TURBO,1.0,Ocasionais,12558.36
1131387,GREAT SOLUTIONS S.A.,0,HYDRA XP,1.0,Ocasionais,1549.49
1130498,TONELADA SERVICOS DE LOGISTICA E TR,0,TOP TURBO,3.090909090909091,Regulares,35384.91
1130455,FERNIMAN TRANSPORTES LTDA,0,Outras,2.5,Regulares,63148.92
1732859,HOK TRANSPORTES LTDA,0,TOP TURBO,3.0,Regulares,77529.91
1732773,GEMIX TRANSPORTES RODOVIARIO E LOCA,0,HYDRA XP,1.0,Ocasionais,5029.44
1730039,"BELMONT CONSTRUCOES, TRANSPORTES E",0,HYDRA XP,1.0,Ocasionais,2163.25
1730031,LOURDES EMPREENDIMENTOS SPE LTDA,0,TOP TURBO,1.8571428571428572,Regulares,163259.4
1719104,EMPRESA CONSTRUTORA BRASIL SA,0,TOP TURBO,2.0,Regulares,20547.98
1717810,CONSORCIO AGROVILA,0,TOP TURBO,2.0,Regulares,6154.61
1715168,LE MIX PREPARACAO DE MASSA DE CONCR,0,GL 5,3.0,Regulares,9610.71
1714827,MINERACAO SERRA VERDE 1 LTDA,0,TOP TURBO,1.8888888888888888,Regulares,41104.57
1714819,MINERACAO MACAIM LTDA,0,TOP TURBO,1.375,Ocasionais,21474.18
1132344,TERMACO OPERACOES PORTUARIAS S.A,0,TRM 5,1.0,Ocasionais,982.0
1132135,EMPRESA DE MINERACAO JEQUITIBA DE B,0,HYDRA XP,1.6842105263157894,Regulares,36425.94
1714351,TIRA RIO ENTULHOS LTDA,0,HYDRA XP,1.0,Ocasionais,1793.22
1714234,INCECOL - INDUSTRIA DE CERAMICA E C,0,TOP TURBO,2.4,Regulares,71322.8
1714228,MARIA EUGENIA TEIXEIRA,0,Outras,4.0,Frequentes,9178.3
1713978,SUPERTUBO INDUSTRIA DE PRE-MOLDADOS,0,HYDRA XP,2.0,Regulares,11700.57
1713892,LOMACON LOCACAO E CONSTRUCAO LTDA,0,Outras,2.3333333333333335,Regulares,12047.75
1713813,"VAMOS LOCACAO DE CAMINHOES, MAQUINA",0,GL 5,1.25,Ocasionais,14035.69
1713707,FRIOZEM ARMAZENS FRIGORIFICOS LTDA,0,Outras,1.1428571428571428,Ocasionais,47232.14
1713699,CS BRASIL FROTAS S.A.,0,Outras,1.3,Ocasionais,66013.75
1713696,TERRACAM EMPREENDIMENTOS LTDA,0,HYDRA XP,2.6666666666666665,Regulares,10621.06
1713695,CENTRO DE CONSTRUCOES COMERCIO E RE,0,Outras,1.1666666666666667,Ocasionais,14507.3
1132110,DME DISTRIBUICAO S.A. - DMED,0,Outras,1.0,Ocasionais,12479.67
1132108,EXPLOFORT COMERCIO E SERVICOS LTDA,0,GEAR,5.0,Frequentes,16410.53
1132000,OM BOAT LOGISTICA LTDA,0,TOP TURBO,1.0,Ocasionais,8607.04
1133502,S & D FLORESTAL BIOENERGIA LTDA,0,TOP TURBO,2.3333333333333335,Regulares,6625.21
1133494,VALEMIX CONCRETOS E SERVICOS LTDA,0,Outras,1.0,Ocasionais,4209.25
1133444,S & D FLORESTAL BIOENERGIA LTDA,0,Outras,1.6666666666666667,Regulares,12991.2
1133308,AUTO VIACAO PALMARES LTDA  EM RECUP,0,TOP TURBO,2.5,Regulares,23609.2
1133173,COOPERATIVA DOS TRANSPORTADORES ROD,0,TOP TURBO,1.0,Ocasionais,4407.88
1133029,ENEVA S.A.,0,Outras,1.6842105263157894,Regulares,115923.46
1133025,TSJ TRANSPORTES DE CARGAS LTDA EM R,0,TOP TURBO,3.0,Regulares,16602.629999999997
1133013,VENILDE COZZA CENCI,0,GL 5,2.75,Regulares,24928.13
1133005,COOPERATIVA DOS TRANSPORTADORES DE,0,TOP TURBO,1.0,Ocasionais,4501.15
1132712,USIPAR INDUSTRIA E COMERCIO LTDA,0,TOP TURBO,2.25,Regulares,33695.48
1132573,TRANSPORTES HAAS LTDA,0,TOP TURBO,1.0,Ocasionais,17363.27
1132412,CEARA STONES LTDA,0,GEAR,1.0,Ocasionais,5338.59
1135399,TOTAL AGRO SERVICOS AGROPECUARIOS E,0,Outras,1.6666666666666667,Regulares,9672.62
1135166,VERALLIA BRASIL S.A.,0,Outras,1.0,Ocasionais,2873.58
1134873,VENKON EXPRESS TRANSPORTES LTDA,0,Outras,1.375,Ocasionais,25678.31
1134597,VARIOS TRANSPORTES DE CARGAS LTDA,0,TOP TURBO,2.466666666666667,Regulares,129920.4
1134515,ANA MARIA DE OLIVEIRA,0,TOP TURBO,1.0,Ocasionais,7409.29
1134445,TRANSBUS TRANSPORTES LTDA,0,Outras,1.6428571428571428,Regulares,85891.16
1134420,CONSTRUTORA J VICENTE LTDA,0,TOP TURBO,3.0,Regulares,17681.14
1134025,EDGARDO PAULINO DE SOUZA,0,TOP TURBO,1.0,Ocasionais,7219.62
1133857,SAULO INDUSTRIA E COMERCIO DE MOVEI,0,TOP TURBO,1.0,Ocasionais,6829.8
1133781,HYDRO EXTRUSION BRASIL S/A,0,HYDRA XP,1.263157894736842,Ocasionais,188742.54
1133705,VALEMIX CONCRETOS E SERVICOS LTDA,0,HYDRA,1.75,Regulares,21942.76
1133620,VALEMIX CONCRETOS E SERVICOS LTDA,0,Outras,2.0,Regulares,22391.93
1133606,VALEMIX CONCRETOS E SERVICOS LTDA,0,HYDRA,1.625,Regulares,25845.68
1133600,E & G PERNAMBUCO SERVICE LTDA,0,AV,1.0,Ocasionais,46159.09
1133521,VALEMIX CONCRETOS E SERVICOS LTDA,0,GL 5,2.0,Regulares,2840.5
1136538,BRASIL BIO FUELS S.A.,0,TOP TURBO,1.0,Ocasionais,6707.97
1136309,TRANSPORTADORA SILVESTRIN LTDA,0,Outras,1.7894736842105263,Regulares,109728.71
1136271,"NOVACAP - ENGENHARIA, INDUSTRIA E C",0,Outras,1.0,Ocasionais,5527.88
1136108,COOPERATIVA DOS GRANJEIROS DO OESTE,0,Outras,1.5,Ocasionais,16272.19
1135623,TRANSPORTES FITEBALDI LTDA,0,HYDRA,1.2857142857142858,Ocasionais,13894.05
1713607,G.L.A TRANSPORTES E CIA LTDA,0,TOP TURBO,2.0,Regulares,42065.2
1712835,MARCIA GIMENEZ CARVALHO,0,TOP TURBO,1.2857142857142858,Ocasionais,32100.29
1712825,JOSE DIEGO COUTO DA SILVA,0,Outras,1.391304347826087,Ocasionais,215721.13
1712821,CONSTRUTORA VIEIRA LTDA.,0,HYDRA XP,2.0,Regulares,16909.87
1712817,JSL S.A.,0,Outras,1.2857142857142858,Ocasionais,73280.56
1712816,JSL S.A.,0,HYDRA XP,1.0,Ocasionais,1882.81
1712527,MINERACAO CAJUAO LTDA,0,Outras,3.3333333333333335,Regulares,17229.56
1712526,GELO NA HORA FABRICACAO E COMERCIO,0,Outras,1.4444444444444444,Ocasionais,25522.36
1712503,M.A ENGENHARIA E LOCACAO LTDA,0,TOP TURBO,1.0,Ocasionais,2458.22
1141723,BRASQUIMICA PRODUTOS ASFALTICOS LTD,0,Outras,1.125,Ocasionais,15918.23
1140257,VIACAO SAO GERALDO SACRAMENTO LTDA,0,Outras,1.8,Regulares,74822.33
1140097,JSL S/A.,0,Outras,1.6666666666666667,Regulares,131867.16
1139474,J. W. L. DE CARVALHO POSTO DE MOLAS,0,TOP TURBO,1.0,Ocasionais,4915.87
1138817,RODANDO TRANSPORTES LTDA,0,TOP TURBO,1.5,Ocasionais,61347.2
1138215,ASTRA S A INDUSTRIA E COMERCIO,0,HYDRA XP,1.6,Regulares,187983.39
1138143,TRANSNACIONAL FRETAMENTO E LOCACOES,0,TOP TURBO,3.090909090909091,Regulares,34471.26
1138132,MARTINI MEAT S/A ARMAZENS GERAIS,0,TOP TURBO PRO,3.0,Regulares,7892.65
1137946,CONDOMINIO SHOPPING DA BAHIA,0,Outras,1.0,Ocasionais,165839.44
1137618,CONTINENTAL STONES DO BRASIL LTDA,0,HYDRA XP,2.6666666666666665,Regulares,25675.51
1137466,GL TRANSFORMADORES E MOTORES ELETRI,0,AV,1.0,Ocasionais,111580.0
1136981,ESTRELA INFRAESTRUTURA LTDA,0,Outras,1.0,Ocasionais,2475.77
1136636,ROTAS DE VIACAO DO TRIANGULO LTDA -,0,TOP TURBO,1.5,Ocasionais,7882.17
1136570,LENARGE TRANSPORTES E SERVICOS LTDA,0,Outras,1.6666666666666667,Regulares,27302.77
1142722,TRANSPANORAMA TRANSPORTES S.A.,0,Outras,1.0,Ocasionais,2453.62
1712497,LAERCIO BERGAMASCO,0,Outras,2.111111111111111,Regulares,51122.93
1712496,REAL BETON CONCRETOS LTDA,0,HYDRA,1.5,Ocasionais,8835.619999999999
1712402,AMBIPAR WASTE TO ENERGY S.A.,0,GEAR,1.0,Ocasionais,763.88
1712393,TRIANGULO TRANSPORTES RODOVIARIOS L,0,Outras,2.0,Regulares,2516.02
1712377,EIXO SP CONCESSIONARIA DE RODOVIAS,0,Outras,1.0,Ocasionais,27919.21
1712105,CONSORCIO ECB-SEA_ALSUB,0,Outras,1.6,Regulares,48182.19
1711992,REAL BETON CONCRETOS LTDA,0,HYDRA,2.4545454545454546,Regulares,67769.95
1711624,RESIDENCIAL JARDIM EUROPA PARAGOMIN,0,TOP TURBO,1.375,Ocasionais,61585.99
1711435,TRUCK FORTE DIESEL LTDA,0,TOP TURBO,1.0,Ocasionais,112867.4
1711434,B-HELP COMERCIO DE MATERIAL ELETRIC,0,AV,1.0,Ocasionais,18709.28
1145350,ARAGUAIA INDUSTRIA DE OLEOS E PROTE,0,TOP TURBO,2.0,Regulares,3167.58
1145263,VILA VELHA TERMINAIS DE CARGA E LOG,0,HYDRA XP,1.8461538461538463,Regulares,79854.24
1145196,VIACAO PIRACICABANA S.A.,0,Outras,2.0,Regulares,4608.280000000001
1144952,VILASA CONSTRUTORA S/A.,0,TOP TURBO,2.8,Regulares,51041.52
1144903,SILPAR TRANSPORTE RODOVIARIO LTDA,0,Outras,1.0,Ocasionais,1063.56
1144710,CS BRASIL FROTAS S.A.,0,Outras,1.4375,Ocasionais,131051.21
1144638,COPASIL QUIMICA INDUSTRIAL LTDA.,0,GEAR,1.1666666666666667,Ocasionais,15908.02
1144459,SEGREDO AGROFLORESTAL LTDA,0,HYDRA,2.0,Regulares,87808.6
1144362,EXPRESSO T&C TRANSPORTE E LOGISTICA,0,TOP TURBO,1.0,Ocasionais,29015.21
1144050,SOS-SERVICE COMERCIO E SERVICOS LTD,0,AV,1.0,Ocasionais,21858.86
1144045,"FISH MAR INDUSTRIA, COMERCIO & EXPO",0,TOP TURBO,2.0,Regulares,144192.31
1143145,B&S OIL TOOLS EQUIPAMENTOS INDUSTRI,0,HYDRA,2.28,Regulares,73354.95
1143133,RIO DE JANEIRO REFRESCOS LTDA,0,HYDRA XP,2.1666666666666665,Regulares,47178.48
1143132,RIO DE JANEIRO REFRESCOS LTDA,0,Outras,2.5,Regulares,43182.26
1142737,FERTILIZANTES TOCANTINS  S.A,0,HYDRA,1.7272727272727273,Regulares,86395.24
1146282,VIPE TRANSPORTES E SERVICOS LTDA,0,TOP TURBO,1.0,Ocasionais,189879.58
1146206,OURO SAFRA INDUSTRIA E COMERCIO LTD,0,HYDRA XP,1.75,Regulares,20328.07
1711063,FX MINAS CONSTRUCOES E EMPREENDIMEN,0,Outras,2.0,Regulares,54250.92
1711061,SIMPATICA BRASIL COMERCIO AGROPECUA,0,Outras,2.6666666666666665,Regulares,14333.86
1711043,PALMAPLAN AGROINDUSTRIAL LTDA,0,HYDRA,1.6666666666666667,Regulares,35573.48
1711035,A S CONSTRUCOES E LOCACOES LTDA,0,TOP TURBO,1.5384615384615385,Regulares,49989.91
1710939,VIACAO SAO BENTO LTDA.,0,Outras,2.875,Regulares,21595.76
1710916,GUAIMBE I PARQUE SOLAR LTDA.,0,AV,1.0,Ocasionais,6144.06
1710913,OCEANA MINERAIS MARINHOS LTDA,0,HYDRA XP,1.0,Ocasionais,2221.69
1710911,CBAA- ASFALTOS LTDA,0,Outras,1.0,Ocasionais,23537.48
1710749,SANTA ANA ENERGETICA S.A.,0,Outras,1.0,Ocasionais,5188.84
1710748,GE ENERGIAS RENOVAVEIS LTDA.,0,Outras,1.0,Ocasionais,229384.05
1710746,EXPRESSO NEPOMUCENO S/A,0,TOP TURBO,2.0,Regulares,2903.05
1710736,G3 CONSTRUCAO PESADA LTDA,0,TOP TURBO,2.0,Regulares,20668.620000000003
1710596,F E A TRANSPORTE E SERVICOS LTDA,0,TOP TURBO,1.3157894736842106,Ocasionais,116350.41
1146188,ITAGUAI CONSTRUCOES NAVAIS S/A,0,TOP TURBO,1.2727272727272727,Ocasionais,32234.58
1148691,UNIVALE TRANSPORTES LTDA,0,TOP TURBO,2.0,Regulares,81922.45
1148549,B C L A TRANSPORTES LTDA,0,TOP TURBO,1.625,Regulares,84709.51000000001
1148531,AGROPECUARIA LAVORO LTDA,0,HYDRA,1.8571428571428572,Regulares,35681.439999999995
1148321,MINERACAO RODEIO DE BAIXO LTDA,0,GEAR,3.5,Regulares,37293.45
1148300,EXPRESSO PLANALTO TRANSPORTE E LOGI,0,Outras,1.5,Ocasionais,24029.32
1148285,MINERACAO ESTRELA DALVA LTDA,0,HYDRA XP,1.6666666666666667,Regulares,7546.58
1147968,L A CARFI INDUSTRIA DE MAQUINAS LTD,0,Outras,1.0,Ocasionais,5989.389999999999
1147660,TMK ENGENHARIA S.A.,0,TOP TURBO,1.8,Regulares,41975.43
1147200,G10 TRANSPORTES S.A.,0,GL 5,1.0,Ocasionais,188038.83
1147197,NOVA SAFRA TRANSPORTES LTDA,0,HYDRA,2.5384615384615383,Regulares,64693.96
1146962,SUPERMIX CONCRETO S/A,0,GL 5,1.0,Ocasionais,4877.96
1146792,MAURO SIMONETI E OUTRA,0,Outras,1.8571428571428572,Regulares,36172.26
1146740,FERNANDO HENRIQUE SIMONETI E OUTROS,0,Outras,1.7142857142857142,Regulares,70566.58
1146309,LUXAFIT TRANSPORTES LTDA,0,TOP TURBO,1.3333333333333333,Ocasionais,13463.93
1150994,JOSEENSE TRANSPORTES DE PASSAGEIROS,0,Outras,1.2857142857142858,Ocasionais,37569.09
1150973,TRANSAGUIAR LOGISTICA DE TRANSPORTE,0,TOP TURBO PRO,1.25,Ocasionais,21579.35
1150753,MARINA RIBEIRA LTDA,0,Outras,1.6,Regulares,8790.630000000001
1150622,LEMAR SERVICE LTDA,0,AV,1.0,Ocasionais,2063.7
1150267,VALDIR TURRA CARPENEDO,0,Outras,2.6,Regulares,79144.56
1150109,KM CACAU INDUSTRIA E COMERCIO DE LA,0,TOP TURBO,1.5,Ocasionais,5587.469999999999
1149683,DAX ENERGY EQUIPAMENTOS E SISTEMAS,0,AV,1.3333333333333333,Ocasionais,12324.59
1149632,RECIPAV - LOCACAO DE EQUIPAMENTOS L,0,Outras,2.0,Regulares,2924.51
1149439,CONTEK ENGENHARIA S/A,0,HYDRA XP,4.0,Frequentes,42678.17
1149437,VESPER TRANSPORTES LTDA,0,TOP TURBO,1.0,Ocasionais,7131.41
1149013,VIX LOGISTICA S/A,0,Outras,1.25,Ocasionais,23340.11
1148994,SO CILINDROS HIDRAULICA E PNEUMATIC,0,HYDRA XP,1.2,Ocasionais,26740.54
1710430,CONSTRUTORA ZAG LTDA,0,Outras,1.0,Ocasionais,18724.84
1709774,TUPAN ENERGIA ELETRICA LTDA,0,AV,1.0,Ocasionais,2213.85
1709748,PREMOLAJE DISTRIBUIDORA DE MATERIAL,0,TOP TURBO,1.6875,Regulares,48929.1
1709746,MJB INDUSTRIA DE BEBIDAS E PLASTICO,0,HYDRA XP,1.5,Ocasionais,7751.96
1709651,BT CONSTRUCOES LTDA.,0,Outras,1.0,Ocasionais,12270.76
1709637,TOPMIX CONCRETO LTDA,0,TOP TURBO PRO,1.25,Ocasionais,32793.57
1709247,FRIGOEDEN ARMAZENS GERAIS E LOGISTI,0,AV,1.0,Ocasionais,17641.8
1709239,AGROPECUARIA MARATA LTDA.,0,GEAR,1.0,Ocasionais,3819.93
1709074,SARAH MENDES NASCIMENTO,0,Outras,2.0,Regulares,15246.89
1708812,VIX TRANSPORTES DEDICADOS LTDA,0,Outras,1.75,Regulares,33280.41
1708612,TRON CONTROLES ELETRICOS LTDA,0,HYDRA XP,3.0,Regulares,4131.92
1708278,AMBIPAR ENVIRONMENTAL GREEN TIRE AM,0,HYDRA XP,1.5,Ocasionais,9402.23
1151556,PEDREIRA UM VALEMIX MICON - MINERAC,0,GEAR,1.619047619047619,Regulares,100834.2
1151242,GUERRA LOGISTICA LTDA,0,TOP TURBO,1.25,Ocasionais,35071.82
1152886,F P M LOCACAO DE EQUIPAMENTOS E CON,0,TOP TURBO,2.0,Regulares,2615.83
1152626,FX MINAS CONSTRUCOES E EMPREENDIMEN,0,Outras,2.0,Regulares,40567.11
1152295,ITAGUAI CONSTRUCOES NAVAIS S/A,0,GEAR,1.8,Regulares,11267.97
1152293,EDP ESPIRITO SANTO DISTRIBUICAO DE,0,AV,1.0,Ocasionais,258735.77
1152264,JOMAR SERVICOS E LOCACAO LTDA,0,GL 5,3.0,Regulares,7656.68
1152262,COOPERATIVA DOS PROPRIETARIOS DE VE,0,TOP TURBO,1.1,Ocasionais,56059.18
1152249,NARITA MINERACAO LTDA,0,GEAR,2.4,Regulares,25456.02
1152184,COOPERATIVA DE TRANSPORTE RODOVIARI,0,TOP TURBO PRO,2.3333333333333335,Regulares,41795.27
1152179,TRANSPORTES SAO MIGUEL LTDA.,0,TOP TURBO,2.0,Regulares,19014.31
1152174,"VAMOS LOCACAO DE CAMINHOES, MAQUINA",0,Outras,1.8888888888888888,Regulares,70573.01
1152095,FUNDACAO DE ESTUDOS DO MAR,0,Outras,1.0,Ocasionais,16138.94
1152066,ARENA PARTICIPACOES SOCIETARIAS LTD,0,TOP TURBO,1.0,Ocasionais,21848.64
1151945,FERRAZZO TRANSPORTES LTDA,0,TOP TURBO,1.8,Regulares,12727.96
1151577,LATICINIOS PORTO ALEGRE INDUSTRIA E,0,Outras,1.5714285714285714,Regulares,14946.73
1151574,PKG DO BRASIL IMPORTACAO E EXPORTAC,0,GEAR,1.8461538461538463,Regulares,20507.98
1707832,EMPLAVI 630 EMPREENDIIMENTOS IMOBIL,0,Outras,1.0,Ocasionais,1993.03
1707662,COOP. TRANSPORTS. AUT. CARG. PIRES,0,Outras,3.0,Regulares,3269.21
1707660,CONSTRUTORA JUREMA LTDA,0,Outras,3.0,Regulares,8051.67
1154782,TRANSRESIDUOS AMBIENTAL S/A,0,HYDRA,1.0,Ocasionais,55528.59
1154347,MOGI MOB  TRANSPORTES DE PASSAGEIRO,0,Outras,1.391304347826087,Ocasionais,168194.84
1154309,AMARA LUIZA BEZERRA,0,TOP TURBO,1.0,Ocasionais,3608.21
1153957,MAE RAINHA URBANISMO LTDA,0,Outras,1.875,Regulares,64695.01
1153142,VIACAO ITAQUERI LTDA,0,TOP TURBO,1.4074074074074074,Ocasionais,91745.19
1153141,PEDREIRA UM S.A.,0,GEAR,1.75,Regulares,85913.28
1153140,BRAUSA TRANSPORTES LTDA,0,TOP TURBO,2.0,Regulares,1639.43
1153106,FORNECEDORA ASFALTOS E PAVIMENTACAO,0,Outras,1.2,Ocasionais,25171.12
1153102,MSHS BRASIL ENGENHARIA LTDA.,0,Outras,1.0,Ocasionais,18732.72
1153067,CAFE TRES CORACOES S.A,0,GEAR,1.6666666666666667,Regulares,28221.16
1153054,VALMI BLANCO MACHADO,0,Outras,4.5,Frequentes,12827.29
1152911,AUTO ONIBUS BRASILIA LTDA,0,TOP TURBO,2.0,Regulares,20062.49
1155605,LETRANS TRANSPORTES RODOVIARIOS DE,0,TOP TURBO,2.0,Regulares,76544.36
1155111,BUDEL TRANSPORTES LTDA,0,Outras,1.0,Ocasionais,10171.14
1155076,RODOBOLL TRANSPORTES LTDA,0,TOP TURBO,1.3333333333333333,Ocasionais,18354.6
1154831,COMPANHIA BRASILEIRA DE ESTIRENO,0,Outras,1.0,Ocasionais,7610.19
1154806,COMPANHIA BRASILEIRA DE ESTIRENO,0,Outras,1.7058823529411764,Regulares,59845.66
1708006,JCG CONSTRUTORA E LOCADORA LTDA,0,Outras,2.0,Regulares,10648.79
1707992,1 A KJP LOGISTICA LTDA,0,HYDRA XP,1.0,Ocasionais,3586.42
1707987,AG CONSTRUCOES E COMERCIO LTDA,0,TOP TURBO,1.0,Ocasionais,17760.32
1707970,TUCANO SERVICOS DE APOIO A OLEO E G,0,HYDRA XP,2.0,Regulares,9321.66
1707876,BL TRANSPORTES LTDA,0,GL 5,1.6666666666666667,Regulares,89483.12000000001
1707872,ONLY ENERGY COMERCIO E SERVICOS LTD,0,TOP TURBO,1.2222222222222223,Ocasionais,26322.07
1707869,UP OFFSHORE APOIO MARITIMO LTDA,0,TOP TURBO,1.0,Ocasionais,21306.48
1707863,EXPRESSO FENIX VIACAO LTDA,0,TOP TURBO,1.75,Regulares,28809.27
1707859,ONCA LOCACAO E TURISMO LTDA,0,Outras,1.0,Ocasionais,8897.78
1707836,THERMAL BIOENERGY SCIENCE S.A,0,Outras,1.0,Ocasionais,29681.05
1156588,ZIRAN NORDESTE TRANSPORTE RODOVIARI,0,TOP TURBO,1.0,Ocasionais,2389.89
1156438,PADOVA TRANSPORTES LTDA,0,TOP TURBO,1.0,Ocasionais,2678.86
1707488,RODOCELL TRANSPORTE E LOGISTICA LTD,0,TOP TURBO PRO,1.6666666666666667,Regulares,68809.25
1707315,BETMASSA LTDA,0,Outras,1.3636363636363635,Ocasionais,38671.54
1707123,IDEAL INFRAESTRUTURA E MONTAGEM S/A,0,TOP TURBO,1.3333333333333333,Ocasionais,12368.32
1706482,NORDESTE MAIS ALIMENTOS LTDA,0,HYDRA XP,2.0,Regulares,2933.15
1705760,VIACAO ITAPETINGA LTDA.,0,TOP TURBO PRO,1.44,Ocasionais,89138.84
1705505,CONSTRUTERRA CONSTRUCOES E SERVICOS,0,TOP TURBO,1.7,Regulares,30295.69
1705408,COMPANHIA ENERGETICA BARRA DA EUROP,0,HYDRA XP,1.5,Ocasionais,15903.73
1705371,ARANAO TRANSPORTES RODOVIARIOS LTDA,0,GL 5,1.0,Ocasionais,507.05
1155803,MARINA PIRATAS S.A.,0,Outras,1.6428571428571428,Regulares,59049.19
1155798,GIRE TRANSPORTES LTDA,0,Outras,2.076923076923077,Regulares,68708.71
1160266,YAKULT S/A. INDUSTRIA E COMERCIO,0,Outras,1.4,Ocasionais,11858.41
1160236,FRANCISCO RUBERVAL RODRIGUES,0,Outras,3.5,Regulares,32765.19
1160233,MARIA MEIRIANE SANTOS NASCIMENTO,0,Outras,1.0,Ocasionais,1345.26
1159721,CRISTOVAO BRUNORO,0,Outras,2.875,Regulares,114280.09
1159400,OXITENO S A INDUSTRIA E COMERCIO,0,Outras,1.5454545454545454,Regulares,116464.15
1159294,TOP FERTILIZANTES LTDA,0,Outras,1.0,Ocasionais,1993.51
1159139,COMPANHIA ENERGETICA MIRANDA,0,Outras,3.0,Regulares,2783.74
1159001,EDER JOFRE DIAS PEREIRA - ELETRICA,0,AV,1.0,Ocasionais,4218.06
1158483,TRANSPORTES RODOVIARIOS EJM LTDA,0,Outras,2.1666666666666665,Regulares,20622.09
1158247,SUPER LAMINACAO DE FERRO E ACO INDU,0,HYDRA XP,2.0,Regulares,78327.45
1157682,CENTRAL ENERGETICA TUPACIGUARA LTDA,0,Outras,1.0,Ocasionais,40327.2
1157160,TRANSPORTADORA NOSSA SENHORA DAS GR,0,TOP TURBO,1.0,Ocasionais,7315.139999999999
1156850,REGINAVES INDUSTRIA E COMERCIO DE A,0,HYDRA XP,1.0,Ocasionais,22975.44
1156846,RODOCON CONSTRUCOES RODOVIARIAS LTD,0,Outras,1.0,Ocasionais,3517.1
1156591,BORETS DO BRASIL SERVICOS,0,Outras,1.0,Ocasionais,47675.36
1160832,INDUSTRIAS ALIMENTICIAS MARATA LTDA,0,TOP TURBO,1.0,Ocasionais,535.5799999999999
1160761,SULIMAR COMERCIO ATACADISTA DE PROD,0,TOP TURBO,1.5,Ocasionais,20649.65
1160686,MULTIMIX COMERCIO DE CONCRETO DE TE,0,HYDRA XP,1.0,Ocasionais,189021.18
1160683,TRANSLUTE TRANSPORTES RODOVIARIOS L,0,TRM 5,1.3333333333333333,Ocasionais,21965.61
1705204,G3 CONSTRUCAO PESADA LTDA,0,Outras,1.0,Ocasionais,501.8
1705200,AMBIPAR WASTE TO ENERGY S.A.,0,HYDRA XP,2.125,Regulares,18763.02
1705194,C&M INDUSTRIA E COMERCIO DE ALIMENT,0,Outras,1.2,Ocasionais,22251.74
1705192,12 BATALHAO DE SUPRIMENTO - EXERCIT,0,Outras,1.0,Ocasionais,2167.04
1704937,JULIA CONCEICAO TEIXEIRA NETA 02007,0,Outras,1.0,Ocasionais,18151.22
1704901,DISTRIBUIDORA OURO PRETO LTDA,0,Outras,1.0,Ocasionais,27236.18
1704816,AGRONELLI AGROINDUSTRIA LTDA,0,Outras,1.1538461538461537,Ocasionais,25747.31
1704804,EMPA S/A SERVICOS DE ENGENHARIA,0,Outras,2.3333333333333335,Regulares,23437.67
1160632,GLOBALVAC INDUSTRIA E COMERCIO DE M,0,HYDRA XP,2.090909090909091,Regulares,118558.81
1160398,META SERVICOS E PROJETOS LTDA,0,TOP TURBO,2.142857142857143,Regulares,127737.47
1163392,AGUAS NEGRAS SA INDUSTRIA DE PAPEL,0,HYDRA XP,1.3333333333333333,Ocasionais,17846.45
1163059,TOLIMAN TRANSPORTES LTDA,0,Outras,1.0,Ocasionais,6334.52
1162775,NAG - ENGENHARIA LTDA,0,Outras,1.0,Ocasionais,16535.09
1162385,TRANSPORTADORA NICHELE LTDA,0,TOP TURBO,1.0,Ocasionais,53797.5
1162204,ABR SERVICOS FLORESTAIS LTDA,0,TOP TURBO,2.0,Regulares,7532.75
1161768,VALE DO PUIU LTDA,0,HYDRA XP,1.6153846153846154,Regulares,65798.93000000001
1161760,CALLEGARO E IRMAOS LTDA,0,Outras,1.3333333333333333,Ocasionais,10784.79
1161735,OLIVEIRA FLORESTAL LTDA,0,GL 5,2.0,Regulares,10611.71
1161035,D & I INDUSTRIA E COMERCIO LTDA,0,Outras,1.0,Ocasionais,70381.86
1161034,GERALMAQ LOCADORA DE MAQUINAS E FER,0,TOP TURBO,1.1666666666666667,Ocasionais,45714.380000000005
1160955,METALURGICA REIS INOX LTDA,0,HYDRA XP,1.0,Ocasionais,4811.1900000000005
1160835,TCS TRANSPORTADORA DE CARGAS LTDA,0,Outras,2.5,Regulares,18167.54
1160834,TRANSWILLY TRANSPORTES LTDA,0,TOP TURBO PRO,1.5,Ocasionais,32779.48
1164630,RIALMA FERTILIZANTES INDUSTRIA E CO,0,TOP TURBO,3.0,Regulares,1149.79
1164355,MANDACARI E MANDACARI TRANSPORTES L,0,TOP TURBO,2.8,Regulares,73695.09
1704622,FORNECEDORA ENGELOG LOCACOES E SERV,0,Outras,2.0,Regulares,44702.98
1704540,ROCHA LOC. TRANSP. E CONSTRUCAO LTD,0,TOP TURBO,1.6538461538461537,Regulares,49024.23
1704221,ENGIE SOLUCOES DE OPERACAO E MANUTE,0,HYDRA XP,1.0,Ocasionais,636.45
1704142,SUPER CONCRETO LTDA,0,GL 5,1.0,Ocasionais,2551.63
1704048,SEMENTES E CEREAIS BORTOLUZZI LTDA,0,Outras,3.0,Regulares,1478.48
1703307,TCL - TECNOLOGIA E CONSTRUCOES LTDA,0,Outras,4.0,Frequentes,10383.21
1703136,FURNAS - CENTRAIS ELETRICAS S.A.,0,Outras,1.0,Ocasionais,50185.48
1163954,A.G.C CONSTRUCOES & EMPREENDIMENTOS,0,Outras,1.0,Ocasionais,2059.65
1163713,JOSE DE ARIMATEA LIMA EXTRACAO DE A,0,Outras,2.0,Regulares,5071.65
1165337,TOP BIRRA DISTRIBUIDORA DE BEBIDAS,0,TOP TURBO,1.0,Ocasionais,13772.58
1703128,FURNAS - CENTRAIS ELETRICAS S.A.,0,Outras,1.0,Ocasionais,128177.74
1703117,CONSTRUTORA CENTRO LESTE ENGENHARIA,0,Outras,1.0,Ocasionais,4136.47
1703113,FURNAS - CENTRAIS ELETRICAS S.A.,0,Outras,1.0,Ocasionais,103287.72
1702710,CONSTRUTORA NOBREGA PIMENTA LTDA,0,Outras,2.8333333333333335,Regulares,61945.6
1702695,FURNAS - CENTRAIS ELETRICAS S.A.,0,Outras,1.0,Ocasionais,54412.27
1702672,CALBAHIA - CALCARIO DA BAHIA MINERA,0,GL 5,1.6666666666666667,Regulares,13749.5
1702669,VIX TRANSPORTES DEDICADOS LTDA,0,Outras,1.2857142857142858,Ocasionais,47792.2
1702309,LSA LOCACAO DE VEICULOS E SERVICOS,0,Outras,1.1818181818181819,Ocasionais,20534.21
1702308,V2 SERVICOS E COMERCIO LTDA,0,AV,1.0,Ocasionais,122514.88
1702292,BUDEL TRANSPORTES LTDA,0,Outras,1.25,Ocasionais,14598.73
1702181,LOC EASY LOCACAO DE EQUIPAMENTOS E,0,TOP TURBO,1.0,Ocasionais,37147.74
1165321,ALTIVO PEDRAS LTDA,0,HYDRA,1.0,Ocasionais,5049.26
1165051,MINERACAO SAO VICENTE LTDA,0,GEAR,2.142857142857143,Regulares,33649.98
1164838,A & L ENGENHARIA E SERVICOS LTDA,0,TOP TURBO,1.0,Ocasionais,14217.09
1164676,VIX LOGISTICA S/A,0,Outras,1.5833333333333333,Regulares,118130.42
1168917,LACXE INDUSTRIA E COMERCIO DE PRODU,0,Outras,2.5,Regulares,1421.31
1168862,CONSTRUTORA SANCHES TRIPOLONI LTDA,0,TOP TURBO,1.6666666666666667,Regulares,40826.14
1168065,M. MUNIZ LOGISTICA LTDA,0,TOP TURBO,1.0,Ocasionais,2678.85
1167588,3R MACAU S.A.,0,GEAR,1.0,Ocasionais,12224.93
1167069,FRINORTE TRANSPORTES DE CARGAS LTDA,0,TOP TURBO,1.0,Ocasionais,7122.74
1167025,COLIM TRANSPORTES LTDA,0,HYDRA XP,1.3333333333333333,Ocasionais,9899.01
1166530,JOCATER TERRAPLENAGEM E LOCACOES LT,0,TOP TURBO,1.25,Ocasionais,9323.41
1166525,DIOGO BRAMBILA LTDA,0,TOP TURBO,1.0,Ocasionais,20582.1
1166515,DISTRIBUIDORA DE BEBIDAS VALES DO R,0,Outras,2.1666666666666665,Regulares,60401.21
1166509,MANFIL COMERCIO INDUSTRIA DE FERRO,0,HYDRA,2.0,Regulares,28994.54
1166185,GUJAO ALIMENTOS S/A,0,Outras,1.878787878787879,Regulares,156358.61
1166059,B C L A TRANSPORTES LTDA,0,TRM 5,1.5,Ocasionais,29846.16
1165428,ELFER INDUSTRIA SERVICO E COMERCIO,0,HYDRA,1.0,Ocasionais,8881.19
1699665,CONSTRUTORA CARDOSO LTDA,0,Outras,1.0,Ocasionais,4841.16
1170785,USIQUIMICA DO BRASIL LTDA,0,Outras,1.0,Ocasionais,831.36
1170782,COMPANHIA RPEE ENERGIA,0,HYDRA XP,2.0,Regulares,35425.36
1170497,NOSSA SENHORA APARECIDA LOCACOES E,0,TOP TURBO,1.0,Ocasionais,13580.6
1170461,VM VIANA & MATOS LTDA,0,HYDRA,2.0,Regulares,11051.01
1170382,SACRARUBBER INDUSTRIA E COMERCIO DE,0,GEAR,1.7142857142857142,Regulares,45215.79
1170380,ORGUEL INDUSTRIA E LOCACAO DE EQUIP,0,Outras,1.9230769230769231,Regulares,40906.74
1170373,CEREALISTA RIGON E CERETTA LTDA,0,HYDRA XP,2.0,Regulares,6034.389999999999
1170318,VIACAO ITAPETINGA LTDA.,0,TOP TURBO PRO,1.4444444444444444,Ocasionais,15298.47
1170317,COOPERATIVA DOS TRANSPORTADORES AUT,0,TOP TURBO,1.3846153846153846,Ocasionais,43946.1
1170306,CONSTRUTORA CARNEIRO AZEVEDO LTDA,0,TOP TURBO,1.5,Ocasionais,10196.06
1169689,RCS TECNOLOGIA LTDA,0,Outras,1.0,Ocasionais,9014.75
1169555,VIACAO VALE DO AMAZONAS LTDA,0,TOP TURBO,1.7142857142857142,Regulares,91649.88
1169542,RODRIGO WESLEY MATOS DE SOUSA,0,Outras,1.6666666666666667,Regulares,22281.73
1169315,FLAPA - ENGENHARIA E MINERACAO LTDA,0,Outras,1.0,Ocasionais,8083.5
1171320,TRANSPORTES CAPELLINI LTDA,0,TOP TURBO PRO,1.25,Ocasionais,102412.95
1171291,EUCLIDES RENATO GARBUIO TRANSPORTES,0,Outras,2.0,Regulares,14550.99
1171286,ABATEDOURO DE AVES IDEAL LTDA,0,Outras,1.0,Ocasionais,11878.81
1171035,VITTA QUIMICA INDUSTRIA E COMERCIO,0,HYDRA XP,1.0,Ocasionais,7805.51
1171032,CHAPECOZINHO ENERGETICA S/A,0,Outras,2.0,Regulares,27701.64
1170856,BRASIL SUL ENERGIA S.A,0,HYDRA XP,1.6666666666666667,Regulares,34183.57
1701759,PAVITEC - PAVIMENTACOES E SERVICOS,0,Outras,2.3333333333333335,Regulares,71673.77
1701545,EMPRESA CONSTRUTORA BRASIL SA,0,TRM 5,2.0,Regulares,3165.19
1700970,11 DEPOSITO DE SUPRIMENTO,0,TOP TURBO,3.0,Regulares,79831.54000000001
1700414,SOTREL EQUIPAMENTOS S.A.,0,TOP TURBO,3.0,Regulares,25149.24
1700333,TDSA LOGISTICA E TRANSPORTES LTDA,0,TOP TURBO,1.0,Ocasionais,4658.36
1699906,EDSON JOSE DE SORDI,0,TOP TURBO,1.875,Regulares,25068.68
1699752,TRANSPORTADORA PONTO VERDE DA PRIMA,0,TOP TURBO,1.5,Ocasionais,10313.92
1171786,VIA NOBRE CONSTRUTORA LTDA,0,Outras,1.5,Ocasionais,4577.36
1699550,MAIS CONSTRUTORA LTDA,0,HYDRA XP,2.0,Regulares,4866.49
1699518,SADA REFLORESTAMENTO LTDA,0,TOP TURBO,2.5,Regulares,42790.81
1699513,GOLD FRUIT IMPORTACAO E EXPORTACAO,0,Outras,1.0,Ocasionais,1261.37
1699417,TORA TRANSPORTES LTDA,0,TOP TURBO,4.0,Frequentes,865.52
1699178,INDUSAT INDUSTRIA E COMERCIO LTDA,0,HYDRA,1.0,Ocasionais,11608.74
1699094,RESIDENCIAL PARK DOS BURITIS ALTA F,0,TOP TURBO,1.5714285714285714,Regulares,49321.09
1699091,MHE COMERCIO DE GLP E AGUA MINERAL,0,TOP TURBO,3.25,Regulares,26912.83
1698840,PEDREIRA E BRITADORA CANTIERI LTDA,0,TOP TURBO,1.0,Ocasionais,8753.369999999999
1698827,INSULAR TRANSPORTES COLETIVOS LTDA,0,TOP TURBO,1.0,Ocasionais,133151.52
1698528,EUDMARCO S.A. SERVICOS E COMERCIO I,0,HYDRA XP,1.7,Regulares,69047.41
1698524,TANAGRO SA,0,Outras,1.0,Ocasionais,12243.31
1171665,VIACAO PARATY LTDA,0,TOP TURBO,3.0,Regulares,9129.62
1171584,HL TRANSPORTES LTDA,0,TOP TURBO,2.0,Regulares,23337.31
1171582,RHODIA BRASIL S.A.,0,AV,1.3333333333333333,Ocasionais,16660.17
1173407,CIMENTO & ARTE INDUSTRIA E COMERCIO,0,HYDRA,1.0,Ocasionais,8070.360000000001
1173406,AVG EMPREENDIMENTOS MINERARIOS S.A.,0,AV,1.0,Ocasionais,29914.74
1173367,POTENCIAL FLORESTAL COMERCIO E TRAN,0,TOP TURBO,1.0,Ocasionais,65378.83
1173286,MINERACAO SANTIAGO LTDA,0,AV,1.0,Ocasionais,8483.31
1173273,BRASMEG TRANSPORTES LTDA,0,TOP TURBO,1.375,Ocasionais,40964.97
1173260,BRASMEG TRANSPORTES LTDA,0,TOP TURBO,1.6666666666666667,Regulares,12375.01
1173242,COMPANHIA ENERGETICA APARECIDA,0,Outras,1.5,Ocasionais,70150.20999999999
1173239,WASHINGTON LUIZ BRAGA,0,AV,1.0,Ocasionais,55079.42
1173208,TRANSPORTADORA ANDRADE LTDA,0,TOP TURBO,1.0,Ocasionais,71473.55
1172966,INDUSTRIAS DUREINO S. A.,0,Outras,1.4666666666666666,Ocasionais,85718.31
1172889,NIPAL TRANSPORTES LTDA,0,TOP TURBO,1.6666666666666667,Regulares,14230.36
1172794,SILAS RODRIGUES BORGES & CIA LTDA,0,TOP TURBO,1.375,Ocasionais,20279.44
1172751,DIEGO CHRISTOFOLETTI VITTI,0,TOP TURBO,1.3,Ocasionais,45636.74
1171988,TRANSPORTES CIDADE DO NATAL LTDA,0,TOP TURBO,1.1818181818181819,Ocasionais,105392.82
1171974,F S DE OLIVEIRA,0,Outras,1.2,Ocasionais,3229.46
1175917,AGROFISH BRASIL LTDA,0,Outras,1.5,Ocasionais,7062.43
1175673,ENGESERVICE CONSTRUCOES E INCORPORA,0,TOP TURBO,1.5,Ocasionais,3286.09
1175294,TRANSPORTES DE CARGAS SOARES OLIVEI,0,TOP TURBO,2.25,Regulares,47755.85
1175258,LA MAREA INDUSTRIA E COMERCIO DE PE,0,Outras,1.3333333333333333,Ocasionais,43439.72
1174924,ELETRICA TEMPERMAR LTDA,0,AV,1.0,Ocasionais,56068.7
1174780,6M TRIAGEM E TRANSBORDO LTDA,0,Outras,1.6666666666666667,Regulares,48325.98
1174685,TAP ELETRO SISTEMAS LTDA.,0,AV,1.0,Ocasionais,8058.29
1174540,CIVIL PAVIMENTACOES LTDA,0,Outras,4.0,Frequentes,6672.05
1174074,JB TRANSPORTES DE CARGAS LTDA,0,TOP TURBO,1.0,Ocasionais,2587.32
1174036,SUPER TRANS TRANSPORTES LOGISTICA E,0,Outras,1.0,Ocasionais,2481.87
1173932,CAMAQUA DISTRIBUIDORA LTDA,0,TOP TURBO PRO,1.5555555555555556,Regulares,149178.66999999998
1173909,SALGADO AGROPECUARIA SA,0,HYDRA XP,3.0,Regulares,9629.85
1173903,ATUAL TRANSPORTES RODOVIARIOS E LOG,0,TOP TURBO,1.6923076923076923,Regulares,62229.5
1173613,LINEAR SERVICOS DE CONSTRUCOES TERR,0,Outras,2.5,Regulares,39480.9
1206586,OXITENO S A INDUSTRIA E COMERCIO,0,Outras,1.0,Ocasionais,34061.77
1176859,APM TERMINALS PECEM OPERACOES PORTU,0,Outras,2.25,Regulares,85616.42
1176530,REGINAVES INDUSTRIA E COMERCIO DE A,0,GEAR,1.3333333333333333,Ocasionais,19898.83
1175936,CTR PE - CENTRAL DE TRATAMENTO DE R,0,TOP TURBO,2.5,Regulares,98829.06
1698345,SERCOMM MANUTENCAO E COMERCIO DE MA,0,GEAR,1.24,Ocasionais,75230.99
1698337,EMPA S/A SERVICOS DE ENGENHARIA,0,Outras,1.3333333333333333,Ocasionais,21990.31
1698334,A MADEIRA INDUSTRIA E COMERCIO LTDA,0,Outras,1.0,Ocasionais,2447.98
1698003,GULOZITOS ALIMENTOS LTDA,0,GL 5,1.0,Ocasionais,7305.610000000001
1697922,MULTIPATIO SERVICOS AUTOMOTIVOS LTD,0,TOP TURBO,1.0,Ocasionais,1718.39
1697832,CONSORCIO UMARI,0,Outras,2.3333333333333335,Regulares,15116.5
1697437,FUNDACAO DE ESTUDOS DO MAR,0,Outras,1.0,Ocasionais,15817.68
1696988,JOSE AGUINELO DE SANTANA FILHO LTDA,0,TOP TURBO,1.0,Ocasionais,5968.72
1696811,JAV INDUSTRIA DE ALIMENTOS LTDA,0,HYDRA XP,1.5,Ocasionais,46526.77
1696802,ADAPLAS INDUSTRIA E COMERCIO LTDA,0,HYDRA XP,1.5,Ocasionais,39720.14
1566727,ISM GOMES DE MATTOS LTDA,0,TOP TURBO,1.6923076923076923,Regulares,91880.66
1519864,PINHAL GERADORA DE ENERGIA S A,0,HYDRA XP,2.0,Regulares,14534.97
1409044,EXPRESSO GONCALVES TRANSPORTES LTDA,0,TOP TURBO,1.3333333333333333,Ocasionais,17917.120000000003
1696394,EOLICA ITAREMA I S.A.,0,AV,1.0,Ocasionais,25842.91
1695965,NORMA ENGENHARIA PROJETOS E CONSULT,0,AV,1.0,Ocasionais,59181.34
1695792,LEA DE JESUS FERREIRA OTSUKA,0,TOP TURBO,1.0,Ocasionais,2976.84
1695781,FJX TRANSPORTES LTDA,0,HYDRA XP,1.0,Ocasionais,10953.24
1695776,TANAGRO SA,0,TOP TURBO,1.0,Ocasionais,10012.11
1695765,TRANSPORTES MACANEIRO LTDA,0,TOP TURBO PRO,1.0,Ocasionais,12273.04
1695761,TOP MINAS TRANSPORTE E LOGISTICA LT,0,TOP TURBO,1.8,Regulares,13525.63
1695604,MARIA LUIZA CONSTRUCOES E EMPREENDI,0,TOP TURBO,3.0,Regulares,16603.29
1695584,AROEIRA RESIDUOS E SERVICOS LTDA,0,TOP TURBO,3.1538461538461537,Regulares,32706.33
1695557,CONSORCIO UMARI,0,Outras,3.5,Regulares,12817.97
1695259,FERTLOG TRANSPORTES E SERVICOS LTDA,0,Outras,1.2857142857142858,Ocasionais,44124.22
1695253,RUBEMAR LOCACAO DE MAQUINAS E SERVI,0,TOP TURBO,2.0,Regulares,12015.52
1570939,TMK ENGENHARIA S.A.,0,TOP TURBO,1.8,Regulares,78040.63
1570936,TRANSRAPIDO LOGISTICA LTDA,0,TOP TURBO,1.1153846153846154,Ocasionais,88873.94
1570683,AMG MANUTENCAO EM GERADORES LTDA,0,Outras,1.0,Ocasionais,8473.96
1570680,ENTERSA ENGENHARIA E MINERACAO LTDA,0,HYDRA XP,1.6666666666666667,Regulares,69181.72
1570190,MAGNA RIOS TRANSPORTES DE CARGAS LT,0,TOP TURBO,1.0,Ocasionais,2472.44
1570086,ML ALUGUEIS E ADMINISTRACAO IMOBILI,0,Outras,2.2,Regulares,26028.74
1569778,J E C CHAGAS TILAPIAS,0,Outras,1.0,Ocasionais,27383.82
1569581,TOP ALTO PARTICIPACOES E COMERCIO L,0,TOP TURBO PRO,1.2,Ocasionais,245726.8
1569497,"VAMOS LOCACAO DE CAMINHOES, MAQUINA",0,Outras,1.0,Ocasionais,11870.33
1569409,DELFUS PRE-MOLDADOS IND E COM LTDA,0,HYDRA XP,1.7666666666666666,Regulares,72616.38
1569392,EUCLIDES RENATO GARBUIO TRANSPORTES,0,TOP TURBO,1.0,Ocasionais,32763.44
1568875,AGROPECUARIA JEM LTDA,0,GL 5,1.3333333333333333,Ocasionais,21072.41
1568769,AVANTI LOGISTICA E TRANSPORTES LTDA,0,TOP TURBO,1.0,Ocasionais,216737.1
1568294,IPE QUIMICA DO MARANHAO LTDA,0,Outras,1.0,Ocasionais,2596.57
1572778,STELLA D'ORO ALIMENTOS LTDA,0,GEAR,2.1666666666666665,Regulares,5890.75
1695148,TCE ENGENHARIA LTDA,0,Outras,1.0,Ocasionais,5151.12
1694975,PROTRAFO SERVICOS EM EQUIPAMENTOS E,0,AV,1.0,Ocasionais,7321.710000000001
1694968,CHP BRASIL INDUSTRIA E COMERCIO DE,0,Outras,1.0,Ocasionais,8922.19
1694730,CEU DE MINAS NUTRICAO ANIMAL LTDA,0,GEAR,2.0,Regulares,48824.99
1694561,ACAPEL INDUSTRIA E COMERCIO LTDA,0,Outras,1.0,Ocasionais,795.89
1694560,LG EMPILHADEIRAS E PLATAFORMAS LTDA,0,Outras,2.8333333333333335,Regulares,36737.95
1694139,CONSTRUTORA UNICA DO BRASIL LTDA,0,TOP TURBO,2.5555555555555554,Regulares,47487.16
1694048,SAO JORGE AUTO ONIBUS LTDA,0,TOP TURBO,2.4,Regulares,92937.57
1693964,LOQUIPE LOCACAO DE EQUIPAMENTOS E M,0,Outras,2.5,Regulares,33208.63
1693954,AUTOSERVICE LOGISTICA LTDA,0,TOP TURBO,1.5,Ocasionais,12548.73
1693530,GVINAH INDUSTRIA E COMERCIO DE ALIM,0,Outras,2.238095238095238,Regulares,68009.37
1572057,PICA-PAU RECICLAGEM TRANSPORTES E C,0,TOP TURBO,1.6666666666666667,Regulares,21354.61
1571910,COMERCIAL AGRO-PECUARIA 5 IRMAOS LT,0,HYDRA,3.142857142857143,Regulares,43282.48
1571063,RCR LOCACAO LTDA,0,TOP TURBO,1.3333333333333333,Ocasionais,45708.61
1570972,UNIRIO TRANSPORTES - EM RECUPERACAO,0,TOP TURBO,2.0,Regulares,143653.02
1575318,EDGARDO PAULINO DE SOUZA JUNIOR,0,TOP TURBO,1.0,Ocasionais,2213.03
1575211,LIDER TAXI AEREO S/A - AIR BRASIL,0,Outras,1.0,Ocasionais,3058.26
1575194,QUEIJOS DOM AFONSO LTDA,0,Outras,1.0,Ocasionais,17621.79
1575171,EDNILSON MATEUS PAULINO DE SOUZA,0,Outras,2.3333333333333335,Regulares,20336.71
1575128,AZIMULT CERAMICA LTDA,0,Outras,1.3846153846153846,Ocasionais,53900.82
1574118,AMBIPAR HEALTH WASTE SERVICES S.A.,0,TOP TURBO,2.5,Regulares,1757.73
1574101,MAN ENERGY SOLUTIONS BRASIL EQUIPAM,0,AV,1.0,Ocasionais,3954.92
1574099,CONSTRUTORA HIDROS LTDA,0,Outras,1.0,Ocasionais,22400.94
1573991,CRISTALFLEX INDUSTRIA DE ARTEFATOS,0,Outras,1.4285714285714286,Ocasionais,43540.34
1573665,TETRA TECHNOLOGIES DO BRASIL LTDA.,0,GL 5,3.0,Regulares,685.68
1573168,EMAM - EMULSOES E TRANSPORTES LTDA,0,Outras,1.0,Ocasionais,49494.4
1573166,CIPLAN CIMENTO PLANALTO SA,0,HYDRA XP,1.75,Regulares,42467.15
1572909,FRIOZEM ARMAZENS FRIGORIFICOS LTDA,0,Outras,1.0833333333333333,Ocasionais,49638.4
1576746,CNA MANUTENCAO DE EQUIPAMENTOS INDU,0,Outras,1.5,Ocasionais,41336.3
1693124,NILSON RIGA VITALE,0,TOP TURBO,2.2,Regulares,16631.07
1692852,VS TOP DIESEL COMERCIO DE COMBUSTIV,0,Outras,1.5555555555555556,Regulares,18950.96
1691795,TORA LOGISTICA ARMAZENS E TERMINAIS,0,HYDRA,1.6666666666666667,Regulares,13540.65
1691781,BTEC CONSTRUCOES LTDA,0,TOP TURBO,1.0,Ocasionais,4897.83
1691779,VDA LOGISTICA CANAA LTDA,0,TOP TURBO PRO,2.5,Regulares,102402.14
1691328,LATICINIOS PORTO ALEGRE INDUSTRIA E,0,HYDRA XP,1.0,Ocasionais,2559.6
1691323,1 BATALHAO DE INFANTARIA DE SELVA (,0,TOP TURBO,1.0,Ocasionais,6620.89
1691306,COMPANHIA ENERGETICA CHAPECO - CEC,0,AV,1.5,Ocasionais,86890.15000000001
1690447,PAVIDEZ ENGENHARIA LTDA,0,Outras,2.5,Regulares,18881.97
1690438,PAUMA E BR TERRENOS EMPREENDIMENTOS,0,TOP TURBO,2.25,Regulares,40795.13
1575688,DME ENERGETICA S.A. - DMEE,0,Outras,1.0,Ocasionais,20799.62
1581068,CS BRASIL FROTAS S.A.,0,Outras,1.3333333333333333,Ocasionais,13759.33
1581067,EMPRESA PRINCESA DO NORTE S.A.,0,Outras,1.0,Ocasionais,1879.95
1581048,CS BRASIL FROTAS S.A.,0,Outras,1.3,Ocasionais,65364.67
1579181,F E A TRANSPORTE E SERVICOS LTDA,0,TOP TURBO,1.2,Ocasionais,12570.75
1578991,RIGRAS TRANSPORTES COLETIVOS E TURI,0,TOP TURBO,1.0,Ocasionais,10234.01
1578661,VAMSERVICE LOGISTICA DE TRANSPORTE,0,HYDRA XP,1.5555555555555556,Regulares,30357.17
1577481,OCIDENTAL TRANSPORTES E NAVEGACAO L,0,TOP TURBO,1.0,Ocasionais,37541.13
1577389,RODO WALL LTDA,0,Outras,2.0,Regulares,8962.42
1577221,RYUGO SILVA MARTINS,0,Outras,1.0,Ocasionais,58139.9
1577119,UNIMETAIS RENTAL EQUIPAMENTOS LTDA,0,TOP TURBO,2.0,Regulares,42494.39
1577010,EUCLIDES RENATO GARBUIO TRANSPORTES,0,TOP TURBO,2.0,Regulares,2530.76
1576938,WEG EQUIPAMENTOS ELETRICOS S/A,0,Outras,1.0,Ocasionais,98649.77
1576770,LOADTEC INDUSTRIA E COMERCIO INTERN,0,HYDRA XP,1.0,Ocasionais,4268.51
1690140,CEREALISTA DAL PIZZOL LTDA,0,HYDRA XP,1.5,Ocasionais,39529.02
1690137,BRASQUIMICA PRODUTOS ASFALTICOS LTD,0,Outras,1.0,Ocasionais,19189.78
1690027,PASSAGEM INDUSTRIA E COMERCIO DE GE,0,Outras,1.0,Ocasionais,2469.17
1690018,DIMAS JOSE DOS SANTOS JUNIOR,0,TOP TURBO,1.0,Ocasionais,5372.6
1690014,ORLANDO MARQUES DE HOLANDA,0,Outras,1.0,Ocasionais,5546.46
1689607,TRANSPORTE EXCELSIOR LTDA,0,TOP TURBO,1.9285714285714286,Regulares,127127.87
1689595,CONSORCIO GTM-BRIMAX,0,TOP TURBO,3.5,Regulares,12115.64
1689319,CONSTRUTORA ATERPA S/A.,0,Outras,2.0,Regulares,48591.59
1689317,V PRADO SOUSA,0,Outras,2.25,Regulares,21539.98
1688891,RAPIDO SUMARE LTDA.,0,TOP TURBO PRO,1.0,Ocasionais,7416.2
1688787,TRANSPORTADORA SBH LTDA,0,TOP TURBO PRO,3.0,Regulares,10649.71
1688698,BOM NEGOCIO INDUSTRIA E COMERCIO DE,0,GEAR,3.0,Regulares,2828.4700000000003
1583849,CONSTRUTORA E & J LTDA,0,Outras,1.3333333333333333,Ocasionais,9814.61
1583846,VIA GROUP LTDA,0,TOP TURBO,2.0,Regulares,6134.03
1583095,NITRIFLEX S A INDUSTRIA E COMERCIO,0,AV,1.0,Ocasionais,24072.45
1581606,SESAMM - SERVICOS DE SANEAMENTO DE,0,GEAR,1.3333333333333333,Ocasionais,8060.46
1589076,REALSI SERVICOS E TRANSPORTES LITOR,0,TOP TURBO,1.5806451612903225,Regulares,140304.66
1588816,CITY TRANSPORTES URBANO GLOBAL LTDA,0,TOP TURBO,1.5,Ocasionais,29439.29
1588648,FASSILOG TRANSPORTES E LOGISTICA LT,0,HYDRA,1.0,Ocasionais,579.09
1588485,MATER TRANSPORTES LTDA,0,GL 5,2.0,Regulares,5629.74
1588174,JSL S/A.,0,HYDRA XP,2.0,Regulares,4515.42
1587923,ADEMIR COMERCIO DE VEICULOS E TRANS,0,TOP TURBO PRO,2.0,Regulares,4946.1900000000005
1587172,TRANS FONTINNI TRANSPORTES EIRELI,0,HYDRA,1.0,Ocasionais,5240.38
1587159,VALLE SUL CONSTRUTORA E MINERADORA,0,TOP TURBO,2.375,Regulares,46850.51
1586903,LATICINIOS PORTO ALEGRE INDUSTRIA E,0,Outras,1.75,Regulares,14763.48
1586901,WHITE MARTINS GASES INDUSTRIAIS DO,0,AV,1.0,Ocasionais,28641.55
1586891,AVICOLA BARREIRAS LTDA,0,Outras,1.0277777777777777,Ocasionais,259528.56
1585964,FRANCISCO MADOME BRAGA DE COUTO JUN,0,Outras,1.0,Ocasionais,4708.42
1585776,ROTA TRANSPORTES RODOVIARIOS LTDA,0,Outras,1.25,Ocasionais,13359.14
1585675,CONSORCIO PRICE LIST,0,TOP TURBO,1.3636363636363635,Ocasionais,75988.93
1589553,CONSIGAZ-DISTRIBUIDORA DE GAS LTDA,0,HYDRA XP,1.0,Ocasionais,97913.35
1589547,EXPRESSO GUANABARA LTDA,0,Outras,2.375,Regulares,106290.4
1589514,TERRACAM EMPREENDIMENTOS LTDA,0,HYDRA XP,1.75,Regulares,6216.87
1589442,RIALMA FERTILIZANTES INDUSTRIA E CO,0,HYDRA,3.0,Regulares,7500.959999999999
1589441,TRANSPORTADORA ASA SUL LTDA,0,TOP TURBO,1.9,Regulares,104842.56
1688603,YUKIO SASAKI E OUTRA,0,TOP TURBO,3.2,Regulares,21559.84
1688514,TRANSPORTADORA VILA LTDA,0,TOP TURBO PRO,2.0,Regulares,20848.24
3019,PERKINS MOTORES DO BRASIL LTDA.,1,TOP TURBO,1.0,Ocasionais,1158746.07
2952,SVC CONSTRUCOES LTDA,1,Outras,6.365853658536586,Frequentes,1115701.68
79376,MACOPEMA INDUSTRIA E COMERCIO LTDA,1,GEAR,2.0,Regulares,1973212.71
2559,VIACAO REUNIDAS LTDA,1,TOP TURBO,2.9047619047619047,Regulares,979846.77
73295,I&M PAPEIS E EMBALAGENS LTDA,1,Outras,5.690476190476191,Frequentes,1633070.95
16705,EMPRESA DE TRANSPORTES ANDORINHA SA,1,TOP TURBO,4.147058823529412,Frequentes,1339398.86
92976,CIA DE FERRO LIGAS DA BAHIA FERBASA,1,HYDRA XP,3.606060606060606,Frequentes,1854886.8
3375,VIACAO CAMPO BELO LTDA,1,TOP TURBO,3.8863636363636362,Frequentes,1965065.51
108175,COMBER LOGISTICA LTDA,1,HYDRA,3.5,Regulares,1147546.77
17450,VIACAO NOVO HORIZONTE LTDA,1,Outras,5.256410256410256,Frequentes,947972.29
85760,PAM INDUSTRIA DE PLASTICOS INJETADO,1,HYDRA XP,2.3095238095238093,Regulares,1570892.07
4133,METROBUS TRANSPORTE COLETIVO S/A,1,TOP TURBO,2.5142857142857142,Regulares,2024933.37
60249,VIAPOL LTDA,1,Outras,1.15,Ocasionais,1149782.91
3701,BIANCOGRES CERAMICA S/A,1,HYDRA XP,3.659090909090909,Frequentes,944985.41
71076,PEDRISA PAVIMENTACOES LTDA,1,TOP TURBO,3.588235294117647,Frequentes,1128854.49
7612,TAGUATUR TAGUATINGA TRANSPORTES E T,1,TOP TURBO,5.142857142857143,Frequentes,1171000.08
122056,SIT MACAE TRANSPORTES S/A,1,TOP TURBO PRO,2.8095238095238093,Regulares,1789096.84
123229,MARCHESAN IMPLEMENTOS E MAQUINAS AG,1,TRM 5,2.05,Regulares,2164953.47
7454,COMPANHIA TEXTIL DE CASTANHAL,1,Outras,5.390243902439025,Frequentes,1304647.35
7332,CIMENTOS DO BRASIL S/A CIBRASA,1,Outras,4.761904761904762,Frequentes,1247660.26
7832,ORGANIZACAO GUIMARAES LTDA,1,Outras,6.261904761904762,Frequentes,1149150.06
7820,TECBRITA TECNOLOGIA EM BRITAGEM LTD,1,Outras,11.727272727272727,Frequentes,1274932.34
117593,ELETRO HIDRO LTDA,1,TOP TURBO,3.6296296296296298,Frequentes,976697.2
61491,MAKRO ENGENHARIA LTDA,1,Outras,4.7631578947368425,Frequentes,1058434.65
7680,BRITACET BRITA COMERCIO E TRANSPORT,1,HYDRA XP,5.767441860465116,Frequentes,1542390.7
75204,F. C. OLIVEIRA & CIA. LTDA,1,HYDRA XP,8.146341463414634,Frequentes,1201423.92
7647,TCM TRANSPORTES COLETIVOS MARANHENS,1,TOP TURBO,2.9714285714285715,Regulares,1128158.99
111127,TRANSPORTES TALAU LTDA,1,TOP TURBO,5.702702702702703,Frequentes,1122945.93
76465,SAMBAIBA TRANSPORTES URBANOS LTDA.,1,TOP TURBO,2.8378378378378377,Regulares,1819248.44
71799,CAPRICHOSA AUTO ONIBUS LTDA,1,TOP TURBO PRO,5.363636363636363,Frequentes,1583235.54
120120,CONSTRUTORA MARTINS LANNA LTDA,1,Outras,3.2857142857142856,Regulares,995422.64
1873750,W G SERVICOS E GERENCIAMENTOS LTDA,1,TOP TURBO,7.666666666666667,Frequentes,1080500.3
8362,BENTONIT UNIAO NORDESTE INDUSTRIA E,1,GEAR,5.073170731707317,Frequentes,1440681.62
20827,COOPERATIVA RIOBRANQUENSE DE TRANSP,1,TOP TURBO,7.15625,Frequentes,1087506.57
62602,VIACAO UNIAO LTDA,1,TOP TURBO,4.318181818181818,Frequentes,1385947.82
50010,COPACEL INDUSTRIA E COMERCIO DE CAL,1,HYDRA,4.5476190476190474,Frequentes,1508322.66
20553,CARBONIFERA METROPOLITANA S/A,1,HYDRA XP,8.88888888888889,Frequentes,903518.96
8614,METROPOLITANA EMPRESA DE TRANSPORTE,1,Outras,6.0,Frequentes,2276825.58
49621,EMPRESA AUTO VIACAO PROGRESSO LTDA,1,TOP TURBO,3.2285714285714286,Regulares,1096661.19
21274,IRAPURU TRANSPORTES LTDA,1,Outras,3.657142857142857,Frequentes,1828214.99
71776,ECOPORTO SANTOS S.A.,1,Outras,3.075,Regulares,981114.77
121175,COOP. AGROP. DOS PROD. DE CANA DE A,1,HYDRA XP,4.138888888888889,Frequentes,1258748.01
117238,IOCHPE-MAXION S.A.,1,HYDRA XP,4.708333333333333,Frequentes,1670238.5
102698,RIO NEGRO TRANSPORTES LTDA,1,TOP TURBO PRO,4.428571428571429,Frequentes,1224131.02
32000,MINASLIGAS S.A.,1,Outras,4.214285714285714,Frequentes,1401645.96
11180,MINERACAO CURIMBABA LTDA,1,Outras,7.454545454545454,Frequentes,1608747.19
51929,TUMPEX EMPRESA AMAZONENSE DE COLETA,1,HYDRA,6.068181818181818,Frequentes,2315086.77
51669,MARATA SUCOS DO NORDESTE LTDA.,1,GEAR,3.5853658536585367,Frequentes,1076172.23
37108,ROSSINI TRANSPORTES LTDA,1,TOP TURBO,3.5,Regulares,1055018.25
51668,APM TERMINALS PECEM OPERACOES PORTU,1,HYDRA XP,4.333333333333333,Frequentes,1174637.87
54831,SUERO - TERRAPLENAGEM E LOCACAO DE,1,Outras,9.0,Frequentes,2105806.53
11678,BRITACAL IND E COM DE BRITA E CALCA,1,Outras,4.3076923076923075,Frequentes,1125284.51
12141,ARLANXEO BRASIL S.A.,1,Outras,3.25,Regulares,845009.21
54373,TRANSPORTES BERTOLINI LTDA,1,TOP TURBO,1.7307692307692308,Regulares,1401464.3199999998
33085,CONSTRUTORA TRIUNFO S/A - EM RECUPE,1,TOP TURBO,6.833333333333333,Frequentes,949356.93
12305,TRANSPORTADORA TINGUA LTDA - EM REC,1,TOP TURBO PRO,4.7727272727272725,Frequentes,2362817.3
53630,PLASUTIL-INDUSTRIA E COMERCIO DE PL,1,HYDRA XP,1.5517241379310345,Regulares,1216755.87
55737,WOLF EQUIPAMENTOS DE PERFURACAO LTD,1,HYDRA XP,4.75,Frequentes,1443432.55
77301,CAL TREVO INDUSTRIAL LTDA,1,Outras,6.487804878048781,Frequentes,1156364.53
63050,"ICCILA-INDUSTRIA , COMERCIO E CONST",1,Outras,4.5625,Frequentes,1252896.23
13238,TRANSTURISMO REI LTDA,1,TOP TURBO,7.136363636363637,Frequentes,1219746.41
56397,COOPERATIVA DOS CAMINHONEIROS AUTON,1,TOP TURBO,6.285714285714286,Frequentes,1033252.12
12579,VIACAO ELITE LTDA,1,TOP TURBO PRO,6.136363636363637,Frequentes,1314840.89
14216,CAXANGA EMPRESA DE TRANSPORTE COLET,1,Outras,6.219512195121951,Frequentes,1983844.3
1814205,MGG LOVACAO LTDA,1,TOP TURBO,7.583333333333333,Frequentes,801818.59
72672,CIA DE FERRO LIGAS DA BAHIA FERBASA,1,Outras,3.5454545454545454,Frequentes,1193059.52
118883,UTB UNIAO TRANSPORTE BRASILIA LTDA,1,TOP TURBO,6.636363636363637,Frequentes,1336007.87
40819,CIPLAN CIMENTO PLANALTO SA,1,HYDRA XP,2.926829268292683,Regulares,1150016.14
78585,TRANSPORTES COLETIVOS GRANDE LONDRI,1,Outras,4.75,Frequentes,1335382.17
123621,NB MAQUINAS LTDA,1,Outras,5.103448275862069,Frequentes,1281320.08
124684,MAKRO ENGENHARIA LTDA,1,Outras,5.424242424242424,Frequentes,1064711.66
130129,FRAVI INDUSTRIA E COMERCIO DE EQUIP,1,HYDRA,3.1707317073170733,Regulares,1228419.05
134402,JIRAU ENERGIA S.A.,1,Outras,1.0833333333333333,Ocasionais,1200713.12
134354,SAMBAIBA TRANSPORTES URBANOS LTDA.,1,TOP TURBO,2.5806451612903225,Regulares,1679698.4
133030,GUARANY SIDERURGIA E MINERACAO S.A.,1,TOP TURBO,6.564102564102564,Frequentes,1206748.52
136671,TRANSPORTADORA VANTROBA LTDA,1,TOP TURBO,6.818181818181818,Frequentes,1045142.45
140143,LONTANO TRANSPORTES LTDA,1,TOP TURBO,1.75,Regulares,1264679.12
141808,PEDREIRA NATASHA LTDA,1,HYDRA XP,5.454545454545454,Frequentes,1273958.07
141785,RIO ANIL TRANSPORTE E LOGISTICA LTD,1,TOP TURBO,7.25,Frequentes,1315790.59
143850,OURO VERDE PRODUCAO AGRICOLA LTDA,1,Outras,7.8,Frequentes,1221111.91
178026,EXPRESSO NEPOMUCENO S/A,1,TOP TURBO,4.4324324324324325,Frequentes,995843.15
1570204,AMARILLO MINERACAO DO BRASIL LTDA,1,GEAR,4.928571428571429,Frequentes,2066979.84
188245,FORACO BRASIL S.A.,1,Outras,4.3076923076923075,Frequentes,1925807.0
1134486,VIACAO METROPOLE PAULISTA S/A,1,Outras,4.2272727272727275,Frequentes,1766879.76
1610358,BJ TRANSPORTADORA E LOGISTICA LTDA,1,HYDRA,3.3225806451612905,Regulares,1221139.25
1764432,"ARMAC LOCACAO, LOGISTICA E SERVICOS",1,TOP TURBO,9.3,Frequentes,929595.42
1759735,CENTRAIS ELETRICAS DO NORTE DO BRAS,1,Outras,1.0,Ocasionais,1401847.92
1713437,BMR SERVICOS E TRANSPORTES LTDA,1,Outras,11.619047619047619,Frequentes,1047724.8
1705189,G3 CONSTRUCAO PESADA LTDA,1,Outras,5.6,Frequentes,1375633.14
1142628,VIACAO METROPOLE PAULISTA S/A,1,Outras,4.431818181818182,Frequentes,1729414.45
162995,MERCOTRUCK PECAS E SERVICOS AUTOMOT,1,TOP TURBO,6.15,Frequentes,1110112.52
151458,IOCHPE-MAXION S.A.,1,Outras,5.933333333333334,Frequentes,1606751.01
1161732,"TB SERVICOS, TRANSPORTE, LIMPEZA, G",1,HYDRA XP,4.607142857142857,Frequentes,1443028.4
1056095,VIDEOLAR-INNOVA S/A,1,Outras,2.7560975609756095,Regulares,1141167.11
1142642,VIA SUDESTE TRANSPORTES S A,1,TOP TURBO,3.282051282051282,Regulares,1418585.7
1074553,PORTUGAL LOCACAO DE MAQUINAS LTDA,1,TOP TURBO,1.6216216216216217,Regulares,980882.98
1759462,TANAGRO SA,1,Outras,3.4444444444444446,Regulares,1727098.21
1142641,VIACAO METROPOLE PAULISTA S/A,1,Outras,3.7954545454545454,Frequentes,1705191.02
1142630,VIA SUDESTE TRANSPORTES S A,1,TOP TURBO,3.5238095238095237,Frequentes,1588767.3
1000444,LARGO VANADIO DE MARACAS S.A,1,GEAR,4.714285714285714,Frequentes,2390748.12
175396,PEDREIRA ITATIBA LTDA,1,HYDRA XP,5.133333333333334,Frequentes,1069437.47
1772083,G3 CONSTRUCAO PESADA LTDA,1,Outras,5.818181818181818,Frequentes,1631665.69
1657038,DINEX ENGENHARIA MINERAL LTDA,1,Outras,8.125,Frequentes,1465207.34
1166442,PAGANI TRANSPORTES LTDA,1,TOP TURBO,5.0,Frequentes,1069155.59
1762141,C. S. DOS ANJOS COMERCIO LTDA,1,TOP TURBO,25.5,Frequentes,742008.46
1589393,RODANDO TRANSPORTES LTDA,1,TOP TURBO,3.361111111111111,Regulares,1999923.45
1629862,ALYA CONSTRUTORA S/A,1,TOP TURBO,5.392857142857143,Frequentes,1391080.79
1590769,FORNECEDORA ENGELOG LOCACOES E SERV,1,HYDRA XP,9.675,Frequentes,2337523.04
1590465,EXPRESSO NEPOMUCENO S/A,1,Outras,4.833333333333333,Frequentes,1197192.51
1109983,DIAMANTE GERACAO DE ENERGIA LTDA.,1,Outras,3.138888888888889,Regulares,1143409.51
1081666,SUPERTEX CONCRETO LTDA EM RECUPERAC,1,HYDRA,8.257142857142858,Frequentes,1139375.45
1593570,CONSORCIO TUNEIS LITORAL SUL,1,HYDRA XP,5.785714285714286,Frequentes,835408.3
1596833,INOVA AMBIENTAL ASSESSORIA E COMERC,1,HYDRA,7.714285714285714,Frequentes,1032607.35
161747,VIACAO VALE DO AMAZONAS LTDA,1,Outras,2.25,Regulares,1351032.17
1638306,CONSORCIO MINA FABRICA,1,TOP TURBO,4.27027027027027,Frequentes,1682977.16
1003650,MOBIBRASIL TRANSPORTE SAO PAULO LTD,1,TOP TURBO,2.7435897435897436,Regulares,976303.08
189843,CONSORCIO HP - ITA,1,Outras,6.181818181818182,Frequentes,1785019.2
1036111,BRITAMIX INDUSTRIA E COMERCIO DE CA,1,GEAR,5.883720930232558,Frequentes,2142165.02
1004960,ALPARGATAS S.A.,1,HYDRA XP,3.3333333333333335,Regulares,1472720.32
1084144,POLIMIX CONCRETO LTDA,1,Outras,4.116279069767442,Frequentes,1493860.98
1764661,"ARMAC LOCACAO, LOGISTICA E SERVICOS",1,TOP TURBO,9.80952380952381,Frequentes,3231923.37
1604518,CONSORCIO MINA FABRICA,1,TOP TURBO,2.6285714285714286,Regulares,1033081.52
2412,HP MOBILIDADE LTDA.,1,TOP TURBO,5.613636363636363,Frequentes,1324623.14
1096428,REUNIDAS TRANSPORTES S.A,1,TOP TURBO PRO,8.075,Frequentes,1919672.57
1606666,EXPRESSO NEPOMUCENO S/A,1,Outras,3.604651162790698,Frequentes,1507750.97
1041982,MARIMEX DESPACHOS TRANSPORTES E SER,1,HYDRA XP,4.545454545454546,Frequentes,1092008.88
1096248,DIOGO BRAMBILA LTDA,1,TOP TURBO,6.65,Frequentes,1561920.73
189327,MOBIBRASIL EXPRESSO S.A.,1,TOP TURBO PRO,3.119047619047619,Regulares,1193488.07
1132836,CITY TRANSPORTE URBANO INTERMODAL L,1,TOP TURBO,3.27027027027027,Regulares,1021752.9
17888,IBAR NORDESTE LTDA,2,GEAR,3.2777777777777777,Regulares,456663.66
19556,ORLANDO BERTOLDI S/A,2,TOP TURBO,2.5454545454545454,Regulares,475901.9
20032,VIAPLAN ENGENHARIA LTDA,2,Outras,3.189189189189189,Regulares,499481.51
1849302,LUCIA APARECIDA LENCONI LOZANO,2,TOP TURBO,14.0,Frequentes,294606.79
20708,TRANSPORTE E TURISMO SANTO ANTONIO,2,TOP TURBO,3.857142857142857,Frequentes,477259.26
20559,SETEP CONSTRUCOES S.A,2,Outras,2.657142857142857,Regulares,752713.45
21510,MOREFLEX BORRACHAS LTDA - EM RECUPE,2,Outras,1.794871794871795,Regulares,645542.21
28489,COMANDO DA MARINHA,2,TOP TURBO,6.125,Frequentes,442054.87
28392,COMANDO DA MARINHA,2,Outras,1.5,Ocasionais,568000.0700000001
28375,COMANDO DA MARINHA,2,Outras,1.0,Ocasionais,694046.93
32188,TOGNI S/A MATERIAIS REFRATARIOS,2,HYDRA XP,3.5526315789473686,Frequentes,343415.67
31373,RIO DE JANEIRO REFRESCOS LTDA,2,Outras,2.2333333333333334,Regulares,323029.35
37110,TDG TRANSPORTES RODOVIARIOS LTDA,2,TOP TURBO,1.4285714285714286,Ocasionais,647099.09
35076,POLICIA MILITAR DO ESTADO DE MINAS,2,Outras,4.181818181818182,Frequentes,883296.09
33301,TRANSPORTES BERTOLINI LTDA,2,TOP TURBO,2.0344827586206895,Regulares,414109.25
33214,PANDOLFO MADEIRAS LTDA,2,TOP TURBO,5.277777777777778,Frequentes,377315.38
32792,PORA SISTEMA DE REMOCOES LTDA,2,TOP TURBO,2.823529411764706,Regulares,439473.49
38971,AUTO VIACAO REGINAS LTDA,2,Outras,2.55,Regulares,458155.04
38450,TRANSPORTADORA NOVA UNIAO LTDA,2,TOP TURBO,1.0869565217391304,Ocasionais,344127.06
40517,CONTEK ENGENHARIA S/A,2,Outras,4.967741935483871,Frequentes,690043.07
39054,SAO JOAO FRETAMENTO E TURISMO LTDA.,2,TOP TURBO,3.272727272727273,Regulares,492415.39
39014,ELGIN SA,2,Outras,1.25,Ocasionais,652317.09
41431,VIACAO SANTA BRIGIDA LTDA,2,Outras,3.7954545454545454,Frequentes,1273140.72
41047,AUTO OMNIBUS FLORAMAR S/A,2,TOP TURBO PRO,2.5384615384615383,Regulares,567248.91
41807,TRANSGRAOS LTDA,2,HYDRA,2.8684210526315788,Regulares,814969.42
41539,CALPAR ITALVA MINERACAO LTDA.,2,Outras,4.2682926829268295,Frequentes,459138.46
43442,AUTO VIACAO JABOUR LTDA,2,Outras,1.7435897435897436,Regulares,514382.58
43396,VIACAO CAMPOS GERAIS LTDA,2,TOP TURBO,3.5853658536585367,Frequentes,714690.22
45008,VIACAO GATUSA - TRANSPORTES URBANOS,2,TOP TURBO,3.108108108108108,Regulares,860057.73
44940,ELFUSA GERAL DE ELETROFUSAO LTDA,2,Outras,5.585365853658536,Frequentes,1145181.73
44321,EXPRESSO SANTA PAULA LTDA.,2,Outras,3.8684210526315788,Frequentes,594064.59
44112,TRANSPORTADORA MOSCATO TRANSPORTE R,2,TOP TURBO,1.6046511627906976,Regulares,377924.85
46948,VIACAO VERA CRUZ S A,2,Outras,4.4772727272727275,Frequentes,798101.57
46534,AUTO NOSSA SENHORA APARECIDA LTDA,2,TOP TURBO,2.2222222222222223,Regulares,330436.66
46333,TRANSBRASA TRANSITARIA BRASILEIRA L,2,HYDRA XP,3.1785714285714284,Regulares,361997.8
45733,TRANSPORTADORA TRANSDEGA LTDA,2,TOP TURBO,3.911764705882353,Frequentes,534524.88
46990,AUTO VIACAO TRES AMIGOS S A,2,Outras,4.159090909090909,Frequentes,626066.25
49344,TRANSRESIDUOS AMBIENTAL S/A,2,HYDRA,1.2195121951219512,Ocasionais,391519.04
47729,PORA SISTEMA DE REMOCOES LTDA,2,TOP TURBO,3.870967741935484,Frequentes,644717.49
47708,TRANSMILENIO TRANSPORTES E COLHEITA,2,TOP TURBO,3.1707317073170733,Regulares,511347.24
47453,RODOVIARIA A MATIAS LTDA,2,TOP TURBO PRO,2.6296296296296298,Regulares,510645.36
50261,TANAGRO SA,2,Outras,2.5384615384615383,Regulares,650524.7
50248,CANEL CENTRAL AGRICOLA NOVA ERA LTD,2,TOP TURBO,2.5714285714285716,Regulares,537808.46
50687,CIDADE ALTA TRANSPORTES E TURISMO L,2,Outras,2.75,Regulares,827769.0
50637,MINERACAO RIO DO OURO LTDA,2,HYDRA XP,2.1714285714285713,Regulares,874501.92
53250,COOPERATIVA DE TRANSPORTE DO ESTADO,2,TOP TURBO,3.0526315789473686,Regulares,705082.28
51932,CONSTRUTORA SOMA LTDA,2,Outras,3.75,Frequentes,569118.61
56845,AJEL SERVICE LTDA,2,AV,1.0416666666666667,Ocasionais,591867.42
56764,TRANSAVANTE TRANSPORTADORA AVANTE L,2,Outras,2.8125,Regulares,429851.42
56254,SETEL CONSTRUTORA LTDA,2,TOP TURBO,4.407407407407407,Frequentes,610418.4
56045,CTS - COOPERATIVA DE TRANSPORTES DE,2,TRM 5,4.2592592592592595,Frequentes,830608.87
58800,S O S SERVICE COMERCIO E ENGENHARIA,2,AV,1.0,Ocasionais,308011.21
58347,TRANSPORTE TRAMPOLIM DA VITORIA LTD,2,Outras,4.857142857142857,Frequentes,1134548.49
57210,ESPERANCA PESCADOS LTDA,2,TOP TURBO,2.2142857142857144,Regulares,576381.87
57171,VESPER TRANSPORTES LTDA,2,TOP TURBO,4.0,Frequentes,545889.74
1837875,R&D MINERACAO E CONSTRUCAO LTDA,2,Outras,12.25,Frequentes,843422.77
1837765,CONSAG CS S.A,2,Outras,10.0,Frequentes,654907.61
60571,VIACAO COMETA S A,2,TRM 5,3.5476190476190474,Frequentes,1100194.7
60282,JOSE LOPES,2,Outras,5.6923076923076925,Frequentes,407266.88
59804,TRANSPORTES URBANOS ALIANCA S/A,2,Outras,4.7317073170731705,Frequentes,494175.25
1836094,RACE TRANSPORTES FRANCA LTDA,2,GL 5,6.444444444444445,Frequentes,342719.81
1835882,ETESCO CONSTRUCOES E COMERCIO LTDA,2,HYDRA XP,3.7777777777777777,Frequentes,410847.42
60671,EMPRESA BRASIL - TRANSPORTE E TURIS,2,TOP TURBO,4.25,Frequentes,753970.71
61115,MIL MADEIRAS PRECIOSAS LTDA.,2,Outras,2.2941176470588234,Regulares,516698.5
60967,TRANSPORTE ITAPIRENSE BERTINI LTDA,2,TOP TURBO,4.354838709677419,Frequentes,677282.5599999999
60943,VIACAO URBANA LTDA,2,Outras,4.409090909090909,Frequentes,900465.23
62147,D'GRANEL TRANSPORTES E COMERCIO LTD,2,Outras,3.225806451612903,Regulares,495572.26
62040,TRANSNACIONAL TRANSPORTE NACIONAL D,2,TOP TURBO,3.975,Frequentes,445490.13
63940,TRANSPORTADORA NOVA UNIAO LTDA,2,TOP TURBO,2.9767441860465116,Regulares,706274.51
63440,J. F. I. SILVICULTURA LTDA,2,TOP TURBO,5.0,Frequentes,715658.93
63404,TRANSPORTADORA BOA VIAGEM LTDA,2,TOP TURBO,2.176470588235294,Regulares,421436.28
63327,MINERACAO PULUCA LTDA,2,TOP TURBO,4.538461538461538,Frequentes,556367.58
63133,PRO MINERACAO MFO LTDA,2,GEAR,3.3225806451612905,Regulares,578654.1
64369,KIRST TRR LTDA,2,TOP TURBO,5.5625,Frequentes,626541.65
66063,INDUSTRIA DE RACOES PATENSE LTDA EM,2,TOP TURBO,4.12,Frequentes,342349.79
66002,VIACAO ALTO PETROPOLIS LTDA,2,TOP TURBO,2.225,Regulares,661504.6
65341,ECOURBIS AMBIENTAL S.A.,2,HYDRA XP,2.9,Regulares,425619.05
64708,UNILINK TRANSPORTES INTEGRADOS LTDA,2,HYDRA XP,2.9761904761904763,Regulares,579729.35
69639,MINERACAO BODOQUENA S/A,2,Outras,3.806451612903226,Frequentes,972169.9
67469,ECOURBIS AMBIENTAL S.A.,2,HYDRA XP,3.2,Regulares,451527.76
70263,MUSASHI DO BRASIL LTDA,2,HYDRA XP,2.0,Regulares,460182.87
71275,ERWIL CONSTRUCOES LTDA,2,TOP TURBO,2.725,Regulares,455190.29
71104,LIDERMAC CONSTRUCOES E EQUIPAMENTOS,2,Outras,5.048780487804878,Frequentes,1074853.49
71016,REAL GUINDASTES E EQUIPAMENTOS LTDA,2,Outras,2.923076923076923,Regulares,469979.41
70721,ITAJAI TRANSPORTES COLETIVOS LTDA,2,Outras,3.1136363636363638,Regulares,620616.66
70707,CALBLOCK INDUSTRIA DE PREMOLDADOS D,2,HYDRA,2.8484848484848486,Regulares,334530.72000000003
70572,JOSE AROLDO DE SOUZA,2,Outras,3.7857142857142856,Frequentes,388712.09
1831559,"ARMAC LOCACAO, LOGISTICA E SERVICOS",2,TOP TURBO,6.363636363636363,Frequentes,509232.35
71984,TRANSPPASS TRANSPORTE DE PASSAGEIRO,2,TOP TURBO,1.5,Ocasionais,653870.32
71792,MODERNA-TRANSPORTES LTDA,2,TOP TURBO,2.238095238095238,Regulares,641007.0
71627,CONTRACTOR ENGENHARIA LTDA,2,Outras,4.12,Frequentes,834956.66
71624,FERRONORTE INDUSTRIAL LTDA,2,HYDRA XP,2.0,Regulares,337464.69
71589,TERRAM ENGENHARIA DE INFRAESTRUTURA,2,TOP TURBO,3.9375,Frequentes,757509.98
72295,VIACAO SAO FRANCISCO LTDA,2,TOP TURBO,1.903225806451613,Regulares,367318.56
73294,RICAL - RACK IND.E COM.DE ARROZ LTD,2,Outras,4.484848484848484,Frequentes,564746.37
32615,COMPANHIA HIDRO ELETRICA DO SAO FRA,2,Outras,2.9,Regulares,834463.2
73862,SOCAL S/A MINERACAO E INTERCAMBIO C,2,Outras,4.297297297297297,Frequentes,900647.15
73489,LIGAS DE ALUMINIO SA LIASA,2,AV,1.32,Ocasionais,423168.35
73318,TRANSPORTES PARANAPUAN S A,2,TOP TURBO,4.305555555555555,Frequentes,658347.44
74929,MINERACAO SAO JUDAS LTDA,2,Outras,5.2105263157894735,Frequentes,402866.27
74884,JSL S/A.,2,Outras,2.193548387096774,Regulares,397710.03
1830450,COOPERATIVA DE SERVICOS E TRANSPORT,2,TOP TURBO,8.272727272727273,Frequentes,409180.93
76046,TRANSPORTE E TURISMO MACHADO LTDA,2,TOP TURBO,2.942857142857143,Regulares,663254.97
75789,JOSE HERCULANO DA CRUZ E FILHOS S/A,2,TOP TURBO,2.076923076923077,Regulares,752827.24
75763,TRANSPORTADORA JULE LTDA,2,TOP TURBO,4.90625,Frequentes,500032.27
75132,VETRUS S/A EM RECUPERACAO JUDICIAL,2,HYDRA XP,2.4054054054054053,Regulares,563043.56
76126,TRANSPORTES CAMPO GRANDE LTDA - EM,2,TOP TURBO,2.25,Regulares,604900.71
1829362,TRANSPORTADORA E LOGISTICA AMBEANA,2,TOP TURBO,4.222222222222222,Frequentes,314470.76
76096,PORTONAVE S/A - TERMINAIS PORTUARIO,2,Outras,1.6571428571428573,Regulares,541193.64
78350,AUTO NOSSA SENHORA APARECIDA LTDA,2,TOP TURBO,2.25,Regulares,575253.15
77235,EDACOS TRANSPORTES COLETIVOS ESPECI,2,TOP TURBO,2.5428571428571427,Regulares,545729.05
76920,FCB - TRANSPORTE LOGISTICA E SERVIC,2,Outras,6.0,Frequentes,763297.57
78572,PEDREIRA CARRASCOZA LTDA,2,GEAR,2.757575757575758,Regulares,448408.6
79818,ONICAMP TRANSPORTE COLETIVO LTDA,2,Outras,2.5,Regulares,410456.26
79564,STONE BUILDING S/A INDUSTRIA E COME,2,GEAR,4.7,Frequentes,385266.11
79545,TRANSNACIONAL FRETAMENTO E LOCACOES,2,TOP TURBO,3.642857142857143,Frequentes,391899.91
80193,MAGNABOSCO COMERCIO E TRANSPORTES L,2,TOP TURBO,3.0,Regulares,400497.58
82670,SAMBAIBA TRANSPORTES URBANOS LTDA.,2,TOP TURBO,2.0,Regulares,803946.08
82600,FER-ALVAREZ PRODUTOS SIDERURGICOS I,2,HYDRA XP,2.2903225806451615,Regulares,290217.99
82547,AGRICOLA FAMOSA S.A.,2,TOP TURBO,3.16,Regulares,780869.59
82405,"RODANTE LOCACAO, SERVICOS DE MANUTE",2,TOP TURBO,2.878787878787879,Regulares,514803.22
82379,VIACAO SAO JORGE LTDA,2,TOP TURBO,3.619047619047619,Frequentes,626301.45
82099,NORTRAN TRANSPORTES COLETIVOS LTDA,2,TOP TURBO,4.4186046511627906,Frequentes,798710.19
83604,TRANSPORTADORA GLOBO LTDA,2,TOP TURBO,3.9545454545454546,Frequentes,534371.0
83135,VB TRANSPORTES E TURISMO LTDA.,2,TOP TURBO PRO,2.125,Regulares,441953.88
84447,CEU AZUL ALIMENTOS LTDA,2,TOP TURBO,4.542857142857143,Frequentes,808942.21
86762,GIORI TRANSPORTES LTDA,2,TOP TURBO,1.8888888888888888,Regulares,519771.41
86396,VB TRANSPORTES E TURISMO LTDA.,2,Outras,3.764705882352941,Frequentes,802013.35
85850,CERAMICA BRASILEIRA CERBRAS LTDA,2,HYDRA XP,4.333333333333333,Frequentes,782394.59
88670,CARPENEDO & CIA. LTDA.,2,HYDRA XP,4.217391304347826,Frequentes,794616.25
87652,BT CONSTRUCOES LTDA.,2,Outras,5.310344827586207,Frequentes,513817.16
87612,CALCARIO MATO GROSSO INDUSTRIA E CO,2,HYDRA,3.7837837837837838,Frequentes,1113132.39
89540,I&M PAPEIS E EMBALAGENS LTDA,2,HYDRA XP,3.6923076923076925,Frequentes,398380.41
88701,LIMPEBRAS ENGENHARIA AMBIENTAL LTDA,2,HYDRA,3.1785714285714284,Regulares,394932.9
90973,SANTA FE-SERVICOS TRANSPORTES E COM,2,TOP TURBO,3.4,Regulares,386681.05
90904,CIMSAL COM E IND DE MOAGEM E REFINA,2,Outras,3.9743589743589745,Frequentes,444190.5
1820985,LUCIANO TERNERO SILVA 08616712798,2,TOP TURBO,10.0,Frequentes,405506.11
1819263,PLANTAR EMPREENDIMENTOS E PRODUTOS,2,Outras,3.2666666666666666,Regulares,537619.73
93082,AGAVE DO BRASIL INDUSTRIA DE FIACAO,2,GEAR,3.2058823529411766,Regulares,412093.37
92854,CBC - CONSTRUTORA BATISTA CAVALCANT,2,TOP TURBO,3.925,Frequentes,371869.52
1820310,RECIBARRA LOGISTICA REVERSA LTDA,2,HYDRA XP,5.0,Frequentes,419288.54
1819482,CASTRO & DRUZIAN LTDA,2,Outras,2.9,Regulares,289271.55
94542,HIPERHAUS INDUSTRIA E TRANSPORTE LT,2,TOP TURBO PRO,1.8571428571428572,Regulares,617855.47
94120,VINYAN TRANSPORTES E COMERCIO DE LU,2,TOP TURBO,2.0,Regulares,387371.44
93423,VIX LOGISTICA S/A,2,Outras,2.342857142857143,Regulares,500642.63
93096,AUTO VIACAO METROPOLITANA LTDA,2,TOP TURBO,3.311111111111111,Regulares,499298.16
1817947,A T M REFRIGERACAO INDUSTRIAL LTDA,2,Outras,1.8823529411764706,Regulares,562901.15
97742,EXPRESSO GUANABARA LTDA,2,TOP TURBO,2.951219512195122,Regulares,434014.19
97676,MINERACAO GRAUNA LTDA,2,Outras,3.4210526315789473,Regulares,400047.68
99026,ROMI S.A.,2,HYDRA XP,1.894736842105263,Regulares,441160.59
98890,NOSSA SENHORA DA VITORIA TRANSPORTE,2,Outras,4.595238095238095,Frequentes,710325.7
98861,COCAL CEREAIS LTDA,2,TOP TURBO PRO,1.35,Ocasionais,730795.66
98681,REFRESCOS BANDEIRANTES INDUSTRIA E,2,TOP TURBO,4.9,Frequentes,395237.02
99400,"CHB LOCACOES, SERVICOS E COMERCIO L",2,HYDRA XP,2.466666666666667,Regulares,573325.4
101260,PLANATERRA-TERRAPLENAGEM E PAVIMENT,2,Outras,4.038461538461538,Frequentes,429318.07
102828,JOSE DA CUNHA VASCONCELOS,2,Outras,3.85,Frequentes,556591.08
102283,ORGANIZACOES FRANCAP S/A,2,TOP TURBO,7.384615384615385,Frequentes,439466.99
101580,LSC - LOCACAO DE EQUIPAMENTOS E SER,2,TOP TURBO,5.909090909090909,Frequentes,563724.62
101457,TCE ENGENHARIA LTDA,2,TOP TURBO,6.178571428571429,Frequentes,760280.43
103255,FEDERAL TRANSPORTES LTDA,2,TOP TURBO,2.0,Regulares,588435.03
105322,TRANSMAION TRANSPORTES DE CARGAS LT,2,TOP TURBO,2.3333333333333335,Regulares,582514.66
103700,EMPRESA SAO GONCALO LTDA,2,TOP TURBO,1.6666666666666667,Regulares,295014.42
106224,KOMATSU FOREST INDUSTRIA E COMERCIO,2,Outras,1.59375,Regulares,766181.9299999999
106163,INSULAR TRANSPORTES COLETIVOS LTDA,2,TOP TURBO,3.4054054054054053,Regulares,611292.33
106160,TRANSPORTE COLETIVO ESTRELA LTDA -,2,TOP TURBO,2.972972972972973,Regulares,543299.25
105959,IDEAL INFRAESTRUTURA E MONTAGEM LTD,2,Outras,3.8620689655172415,Frequentes,422630.55
106858,TRANSP. QUEIROZ LTDA,2,TOP TURBO,2.6551724137931036,Regulares,373923.04
108137,COMELLI TRANSPORTES LTDA,2,TOP TURBO,3.3076923076923075,Regulares,588184.63
108106,CALCILANDIA MINERACAO LTDA,2,HYDRA XP,3.3142857142857145,Regulares,540109.31
108180,MAPE TRANSPORTES LTDA,2,Outras,4.840909090909091,Frequentes,592844.1
108557,OCIDENTAL TRANSPORTES E NAVEGACAO L,2,TOP TURBO,2.7804878048780486,Regulares,418393.04
108532,ADAILTON SAWARIS,2,TOP TURBO,4.545454545454546,Frequentes,667053.9
109899,JLX MINERACAO S/A,2,HYDRA XP,3.1333333333333333,Regulares,369178.88
109885,VIACAO BELEM NOVO LTDA,2,TOP TURBO,1.9487179487179487,Regulares,395139.89
109397,TRANSGRAOS LTDA,2,HYDRA,2.242424242424242,Regulares,846282.29
1804297,"ARMAC LOCACAO, LOGISTICA E SERVICOS",2,TOP TURBO,6.6,Frequentes,396102.84
1803404,FX MINAS CONSTRUCOES E EMPREENDIMEN,2,Outras,10.166666666666666,Frequentes,734453.55
113468,EMPREENDIMENTOS RODEIRO S/A,2,TOP TURBO PRO,3.4347826086956523,Regulares,638119.26
114909,COMPONEL INDUSTRIA E COMERCIO LTDA,2,HYDRA XP,1.2307692307692308,Ocasionais,412504.6
114691,EXPRESSO METROPOLITANO TRANSPORTES,2,TOP TURBO,2.682926829268293,Regulares,483015.21
114650,RCR LOCACAO LTDA,2,Outras,2.8292682926829267,Regulares,434929.63
114391,"BRITAMIL - BRITA, CONCRETO E SERVIC",2,TOP TURBO,3.259259259259259,Regulares,640843.3
1799500,AVB MINERACAO LTDA.,2,HYDRA XP,1.0,Ocasionais,355499.95
116770,FERRAMENTAS GEDORE DO BRASIL LTDA,2,HYDRA XP,2.0277777777777777,Regulares,566671.76
116159,MSM SERVICOS AGRICOLAS LTDA,2,TOP TURBO,2.810810810810811,Regulares,771912.85
116143,ATLANTICO TRANSPORTES LTDA,2,TOP TURBO,4.684210526315789,Frequentes,659388.41
1798882,"ARMAC LOCACAO, LOGISTICA E SERVICOS",2,TOP TURBO,10.142857142857142,Frequentes,472278.3
118853,MAKRO ENGENHARIA LTDA,2,Outras,4.724137931034483,Frequentes,962883.27
118818,ZOTELLE TRANSPORTES LTDA,2,TOP TURBO,3.891891891891892,Frequentes,382723.64
119781,COOPERATIVA DE LOGISTICA E TRANSPOR,2,TOP TURBO,5.142857142857143,Frequentes,547604.93
120524,MR TRANSPORTES E DISTRIBUIDORA LTDA,2,Outras,4.25,Frequentes,782749.89
1795461,HU - TRANSPORTE RODOVIARIO LTDA,2,TOP TURBO PRO,2.9375,Regulares,1338357.12
121619,FARMOTEC EXTRACAO DE OLEOS VEGETAIS,2,GEAR,6.175,Frequentes,420953.12
121540,COMPANHIA SETELAGOANA DE SIDERURGIA,2,TOP TURBO,1.6428571428571428,Regulares,785618.24
121189,CONSORCIO MINA FABRICA,2,Outras,3.6842105263157894,Frequentes,661707.45
120708,NORAL - NORDESTE ALUMINIO LTDA,2,HYDRA XP,1.3421052631578947,Ocasionais,551387.93
122706,"DELTA INDUSTRIA CERAMICA LTDA,",2,Outras,3.1904761904761907,Regulares,924097.18
1793483,"ARMAC LOCACAO, LOGISTICA E SERVICOS",2,TOP TURBO,7.928571428571429,Frequentes,346467.64
87752,TRANSMORGUINI LOCACAO E TRANSPORTES,2,TOP TURBO,3.128205128205128,Regulares,388922.15
123034,EXPRESSO T.S. TRANSPORTES LTDA  EM,2,TOP TURBO PRO,4.620689655172414,Frequentes,517134.91
122908,VIACAO RIODOCE LTDA,2,TOP TURBO,3.423076923076923,Regulares,571450.44
123748,EVA BRASIL INDUSTRIA DE COMPONENTES,2,Outras,1.6785714285714286,Regulares,659573.63
2609,VIACAO MIMO LTDA,2,TOP TURBO,1.0555555555555556,Ocasionais,460255.69
123909,PAVICAN PAVIMENTACAO E TERRAPLENAGE,2,TOP TURBO,4.787878787878788,Frequentes,456163.29
127265,EBER BIO-ENERGIA E AGRICULTURA LTDA,2,Outras,2.4,Regulares,743065.9
127686,CONSTRUTORA ALFE LTDA,2,TOP TURBO,2.5128205128205128,Regulares,426054.87
130291,COMPREX MAQUINAS E SERVICOS LTDA,2,HYDRA XP,3.375,Regulares,734074.94
746,TRANSMASUT TRANSPORTES LTDA,2,Outras,3.022727272727273,Regulares,791262.08
129626,VIACAO RIODOCE LTDA,2,TOP TURBO,2.9047619047619047,Regulares,460006.6
130854,BRASAL REFRIGERANTES S/A,2,Outras,7.35,Frequentes,459917.43
1790211,"ARMAC LOCACAO, LOGISTICA E SERVICOS",2,TOP TURBO,9.0,Frequentes,448599.78
132391,A GERADORA ALUGUEL DE MAQUINAS S.A.,2,TOP TURBO,1.5128205128205128,Regulares,902054.55
132390,A GERADORA ALUGUEL DE MAQUINAS S.A.,2,TOP TURBO,2.0,Regulares,479893.5
132387,A GERADORA ALUGUEL DE MAQUINAS S.A.,2,TOP TURBO,1.7567567567567568,Regulares,832979.3
131492,TRANSPORTES SANTO ANTONIO LTDA,2,Outras,3.787878787878788,Frequentes,666500.08
131331,SM INDUSTRIA DE MINERIOS DO BRASIL,2,Outras,4.5,Frequentes,678164.75
131190,BANDEIRANTES DEICMAR LOGISTICA INTE,2,Outras,3.6666666666666665,Frequentes,747832.97
674,CIBRAFERTIL COMPANHIA BRASILEIRA DE,2,GEAR,3.0714285714285716,Regulares,716465.71
1648785,INTERMARITIMA PORTOS E LOGISTICA S/,2,HYDRA XP,3.0,Regulares,433437.28
133717,COOP.MISTA TRANSP.CARG.EST.MG LTDA,2,Outras,4.911764705882353,Frequentes,719823.12
3271,PAVIDEZ ENGENHARIA LTDA,2,Outras,3.6153846153846154,Frequentes,433599.75
132444,A GERADORA ALUGUEL DE MAQUINAS S.A.,2,TOP TURBO,2.0588235294117645,Regulares,458595.95
1789277,ACCIONA CONSTRUCCION S.A,2,HYDRA XP,2.5555555555555554,Regulares,323270.19
5050,SERRAMAR TRANSPORTE COLETIVO LTDA,2,Outras,2.393939393939394,Regulares,553497.6900000001
136245,ENCOPAV ENGENHARIA LTDA,2,Outras,5.972222222222222,Frequentes,585324.48
135983,ALPEK POLYESTER PERNAMBUCO S.A.,2,Outras,3.4210526315789473,Regulares,670753.73
135752,COOPERATIVA DE TRANSPORTES DE RONDO,2,Outras,2.9375,Regulares,659705.4
137897,LONTANO TRANSPORTES LTDA,2,TOP TURBO,2.611111111111111,Regulares,574923.2
137760,DATEC CONSTRUCAO E INFRAESTRUTURA L,2,TOP TURBO,2.9047619047619047,Regulares,406431.51
137302,VIACAO CALVIPE LTDA,2,TOP TURBO,3.6857142857142855,Frequentes,369239.57
138588,COMERCIAL AREIA PRETA LTDA,2,TOP TURBO,3.606060606060606,Frequentes,846323.21
137995,MAJONAV TRANSPORTE FLUVIAL DA BACIA,2,TOP TURBO,3.4285714285714284,Regulares,810860.04
4966,BORRACHAS DREBOR LTDA.,2,Outras,3.3513513513513513,Regulares,539701.42
139677,TOLIMAN TRANSPORTES LTDA,2,TOP TURBO,4.5476190476190474,Frequentes,556669.95
139660,TRANSPORTADORA GARIBALDI LTDA,2,TOP TURBO,4.615384615384615,Frequentes,744493.64
139549,"NOVA PIRATININGA EMPREENDIMENTOS, P",2,TOP TURBO,3.3,Regulares,394592.77
139417,A GERADORA ALUGUEL DE MAQUINAS S.A.,2,TOP TURBO,1.65625,Regulares,670296.34
139406,A GERADORA ALUGUEL DE MAQUINAS S.A.,2,TOP TURBO,1.8421052631578947,Regulares,570385.49
139404,A GERADORA ALUGUEL DE MAQUINAS S.A.,2,TOP TURBO,1.5526315789473684,Regulares,619252.41
139318,A GERADORA ALUGUEL DE MAQUINAS S.A.,2,TOP TURBO,1.525,Regulares,1015104.91
139310,SANTOS BRASIL PARTICIPACOES S.A.,2,Outras,2.026315789473684,Regulares,527168.47
142921,ECO + SERVICOS AMBIENTAIS E IMOBILI,2,TOP TURBO,1.5526315789473684,Regulares,386808.11
3702,COOPERATIVA AGROINDUSTRIAL DOS PROD,2,GEAR,3.727272727272727,Frequentes,541694.33
3630,UNIMAR TRANSPORTES LTDA,2,Outras,4.325581395348837,Frequentes,830317.43
1785274,G3 CONSTRUCAO PESADA LTDA,2,Outras,4.230769230769231,Frequentes,451725.08
146736,EXPRESSO NEPOMUCENO S/A,2,Outras,2.5135135135135136,Regulares,791945.02
146419,EXPRESSO NEPOMUCENO S/A,2,Outras,3.05,Regulares,829464.07
7611,TAGUATUR TAGUATINGA TRANSPORTES E T,2,TOP TURBO,4.888888888888889,Frequentes,367771.0
147794,COOPERATIVA DOS GARIMPEIROS DO RIO,2,TOP TURBO,1.0833333333333333,Ocasionais,814283.81
146840,BANDEIRA TRANSPORTES RODOVIARIOS DE,2,TOP TURBO,1.90625,Regulares,741468.16
7518,ETEC EMPRESA TECNICA DE ENGENHARIA,2,TOP TURBO,4.5,Frequentes,499421.27
7800,DURAMETAL LTDA,2,HYDRA XP,1.5833333333333333,Regulares,635876.12
1155904,BUSATO - TRANSPORTES E LOCACOES LTD,2,TOP TURBO,3.125,Regulares,501102.74
1011732,PLATAFORMA TRANSPORTES SPE S/A,2,Outras,5.75,Frequentes,483711.13
1569995,PROQUIGEL QUIMICA S/A,2,Outras,1.7272727272727273,Regulares,380141.24
1011727,PLATAFORMA TRANSPORTES SPE S/A,2,Outras,5.238095238095238,Frequentes,1008501.09
1707312,CBAA- ASFALTOS LTDA,2,Outras,1.0833333333333333,Ocasionais,644112.8
1132411,RIO PARANA ENERGIA S.A.,2,Outras,1.5,Ocasionais,603918.48
197041,CIPATEX IMPREGNADORA DE PAPEIS E TE,2,Outras,3.7222222222222223,Frequentes,605896.3
1706202,AGROPECUARIA CFM MATO GROSSO DO SUL,2,Outras,3.466666666666667,Regulares,557183.73
1039072,TRIECON DE BARRA MANSA LTDA,2,TOP TURBO,3.911764705882353,Frequentes,327385.2
1119493,POLIMIX CONCRETO LTDA,2,GEAR,2.8181818181818183,Regulares,565760.3
7756,CLAUDINO S A LOJAS DE DEPARTAMENTOS,2,TOP TURBO,7.3023255813953485,Frequentes,1201954.27
1778821,LUIZ DA CUNHA SOBRINHO,2,TOP TURBO,7.9,Frequentes,414803.6
7649,VIACAO PRIMOR LTDA,2,TOP TURBO,2.7714285714285714,Regulares,802276.19
1155799,GIRE TRANSPORTES LTDA,2,TOP TURBO PRO,3.4482758620689653,Regulares,517046.03
1071938,ECO FOREST TRANSPORTE E LOGISTICA L,2,TOP TURBO,1.8529411764705883,Regulares,616032.26
8226,CIMSAL COM E IND DE MOAGEM E REFINA,2,Outras,6.465116279069767,Frequentes,938416.74
154529,PRO MINERACAO MFR LTDA,2,HYDRA XP,4.25,Frequentes,687981.78
199227,VENETUR TURISMO LTDA,2,TOP TURBO,5.25,Frequentes,408259.35
1741971,BUSATO - TRANSPORTES E LOCACOES LTD,2,Outras,3.3181818181818183,Regulares,669801.36
1159801,MARIA ANTONIA DE MATOS LTDA,2,TOP TURBO,4.2,Frequentes,337417.33
156657,MINERACOES E CONSTRUCOES LTDA,2,Outras,5.055555555555555,Frequentes,563935.37
160453,MINAS MAIS ALIMENTOS LTDA,2,HYDRA,3.888888888888889,Frequentes,472570.02
167886,MR TRANSPORTES E DISTRIBUIDORA LTDA,2,TOP TURBO,10.333333333333334,Frequentes,436503.41
1662561,CONSORCIO CAMPI AMBIENTAL,2,HYDRA XP,3.9705882352941178,Frequentes,354579.83
171466,ACTECH - ALUMINA CHEMICAL TECHNOLOG,2,HYDRA XP,3.1724137931034484,Regulares,589772.54
1089482,PINHALENSE S/A.-MAQUINAS AGRICOLAS,2,HYDRA XP,2.735294117647059,Regulares,414399.43
1661886,DOLOMITAMIX IND. E COMERCIO EIRELI,2,Outras,4.521739130434782,Frequentes,455453.65
1769839,CONSORCIO R3 MINERACAO E CONSTRUCAO,2,Outras,5.2,Frequentes,618945.33
1089081,TOME EQUIPAMENTOS E TRANSPORTES LTD,2,TOP TURBO,6.833333333333333,Frequentes,620625.45
1764613,"ARMAC LOCACAO, LOGISTICA E SERVICOS",2,TOP TURBO,4.733333333333333,Frequentes,377659.71
8222,ITAPETINGA AGRO INDUSTRIAL SA,2,Outras,4.853658536585366,Frequentes,688296.24
8549,SAO JUDAS TADEU TRANSPORTES LTDA,2,Outras,4.05,Frequentes,648684.6
1088331,VIACAO NOSSA SENHORA DE LOURDES S A,2,TOP TURBO,3.138888888888889,Regulares,512226.74
171429,GRAMAZINI GRANITOS E MARMORES THOMA,2,TOP TURBO,4.027777777777778,Frequentes,836684.87
1876074,EDP SAO PAULO DISTRIBUICAO DE ENERG,2,AV,1.0,Ocasionais,399409.22
1574683,USINA DE LATICINIOS JUSSARA SA,2,TOP TURBO,14.5,Frequentes,817155.12
1574649,TURP TRANSPORTE URBANO DE PETROPOLI,2,Outras,4.0,Frequentes,494032.8
1574205,AUTO VIACAO VERA CRUZ LTDA,2,Outras,4.0227272727272725,Frequentes,679089.27
1612872,T L DE SOUZA TRANSPORTES DE CARGAS,2,Outras,5.285714285714286,Frequentes,498566.57
1769727,"ARMAC LOCACAO, LOGISTICA E SERVICOS",2,Outras,8.0,Frequentes,482680.09
1764394,EXPRESSO NEPOMUCENO S/A,2,Outras,3.9166666666666665,Frequentes,841477.85
1120689,TABALMIX CONCRETO LTDA,2,TOP TURBO,3.923076923076923,Frequentes,666206.39
1120476,EXPRESSO SAO FRANCISCO LTDA,2,TOP TURBO,3.0789473684210527,Regulares,356815.77
1120409,GUANABARA EMPRESA DE TRANSPORTE COL,2,Outras,4.045454545454546,Frequentes,1185818.4
151024,EXPRESSO NEPOMUCENO S/A,2,Outras,3.09375,Regulares,548215.32
153373,PLASTICOS NOVEL SAO PAULO LTDA.,2,HYDRA XP,2.129032258064516,Regulares,474728.06
9000,RODOTUR TURISMO LTDA,2,TOP TURBO,3.235294117647059,Regulares,484099.3
151467,ETC EMPREENDIMENTOS E TECNOLOGIA EM,2,TOP TURBO,3.9444444444444446,Frequentes,302072.93
1704916,CONTEK ENGENHARIA S/A,2,TOP TURBO,3.5,Regulares,371777.73
1135585,TOYPLAST PLASTICOS LTDA,2,HYDRA,3.066666666666667,Regulares,734396.28
1691881,CONCRETA ENGENHARIA LTDA,2,TOP TURBO,5.2727272727272725,Frequentes,407631.02
8905,BRASLIMP TRANSPORTES ESPECIALIZADOS,2,HYDRA XP,3.5952380952380953,Frequentes,489970.28
1691790,CONSTRUTORA E EMPREENDIMENTOS INDIA,2,TOP TURBO,6.0,Frequentes,596626.67
1087371,MIL GERADORES LTDA,2,Outras,1.04,Ocasionais,633655.66
153101,MINERACAO AGRESTE LTDA,2,Outras,4.552631578947368,Frequentes,831114.87
8722,BORBOREMA IMPERIAL TRANSPORTES LTDA,2,Outras,2.5128205128205128,Regulares,720860.26
176298,VIACAO GALO BRANCO S/A,2,TOP TURBO,2.3333333333333335,Regulares,321263.49
1043853,NORTE ENERGIA S/A,2,Outras,1.2,Ocasionais,556802.89
198226,COMANDO DA MARINHA,2,Outras,4.916666666666667,Frequentes,458940.76
1162511,TECFORK MAQUINAS LTDA,2,HYDRA XP,3.032258064516129,Regulares,495114.46
1576155,INDUSTRIA CARBONIFERA RIO DESERTO L,2,GEAR,2.0,Regulares,518139.26
1575979,CREDICAR LOCADORA DE VEICULOS LTDA,2,Outras,2.5416666666666665,Regulares,655455.5700000001
1011734,PLATAFORMA TRANSPORTES SPE S/A,2,Outras,3.45,Regulares,493173.71
1162318,VALOR AMBIENTAL LTDA,2,TOP TURBO,2.4864864864864864,Regulares,632638.91
1011733,PLATAFORMA TRANSPORTES SPE S/A,2,Outras,4.5,Frequentes,642773.3
1754080,RODRIGUES E PARREIRA COMERCIO E SER,2,TOP TURBO,5.384615384615385,Frequentes,512423.86
8716,ELSON SOUTO & CIA LTDA,2,Outras,3.142857142857143,Regulares,688969.42
1579164,UNIMETAIS EQUIPAMENTOS PESADOS LTDA,2,HYDRA XP,3.4285714285714284,Regulares,405863.89
1579046,TETRAOIL COMBUSTIVEIS LTDA.,2,Outras,2.625,Regulares,458037.83
164566,TRANSPORTES FRAMENTO LTDA,2,TOP TURBO,1.5454545454545454,Regulares,387525.3
9548,TRONOX PIGMENTOS DO BRASIL S.A,2,GEAR,3.8372093023255816,Frequentes,759618.87
1577960,CREDICAR LOCADORA DE VEICULOS LTDA,2,Outras,2.6666666666666665,Regulares,661363.42
1136982,CENTRO OESTE OLEO QUIMICA LTDA,2,TOP TURBO PRO,2.9210526315789473,Regulares,401174.71
156682,CHB LOCACOES E SERVICOS ESPECIAIS L,2,TOP TURBO PRO,3.90625,Frequentes,450913.43
9448,VIACAO JEQUIE CIDADE SOL LTDA,2,Outras,2.5789473684210527,Regulares,458101.93
1753850,RIALMA TRANSMISSORA DE ENERGIA V S.,2,HYDRA,5.666666666666667,Frequentes,408213.43
158447,NOV FLEXIBLES EQUIPAMENTOS E SERVIC,2,HYDRA XP,2.4242424242424243,Regulares,536006.86
9429,ROTA TRANSPORTES RODOVIARIOS LTDA,2,Outras,5.121951219512195,Frequentes,965948.65
1164395,GRANULADOS DO PARANA INDUSTRIA E CO,2,GL 5,6.681818181818182,Frequentes,661624.57
164182,DELLMAR TRANSPORTES LTDA,2,TOP TURBO,2.642857142857143,Regulares,616921.81
1164268,PEDREIRA HERVAL LTDA,2,HYDRA XP,5.837209302325581,Frequentes,397886.08
194259,A GERADORA ALUGUEL DE MAQUINAS S.A.,2,TOP TURBO,1.4722222222222223,Ocasionais,958660.69
1074652,DETEX - DESMONTE TECNICO COM EXPLOS,2,Outras,4.0,Frequentes,786165.24
1704385,NEW INTER COMERCIO E SERVICOS S.A.,2,Outras,2.4347826086956523,Regulares,345411.55
1108242,VIPER TRANSPORTE E TURISMO LTDA,2,TOP TURBO,4.833333333333333,Frequentes,449520.5
9282,MOHAWK REVESTIMENTOS BAHIA LTDA,2,Outras,2.923076923076923,Regulares,711647.45
1091418,CONCRECON CONCRETO E CONSTRUCOES LT,2,HYDRA XP,3.9705882352941178,Frequentes,578578.84
1624189,CALMIL MINERIOS LTDA,2,Outras,6.3,Frequentes,668057.23
1000479,STAR TURISMO & TRANSPORTE LTDA,2,Outras,5.15625,Frequentes,566369.53
1703240,CANATEC SERVICOS LTDA,2,Outras,2.6818181818181817,Regulares,397363.01
1711824,RODOTON TRANSPORTES RODOVIARIOS LTD,2,TOP TURBO,3.0588235294117645,Regulares,403244.47
1122809,PEDREIRAS SAO MATHEUS LAGEADO SA,2,TOP TURBO,3.236842105263158,Regulares,732891.03
10280,RIMA INDUSTRIAL S/A,2,Outras,2.41025641025641,Regulares,677975.6
1163440,HR SERVICOS DE CONSTRUCAO CIVIL E F,2,TOP TURBO,3.55,Frequentes,356098.13
1091199,REAL MAIA TRANSPORTES TERRESTRES LT,2,TOP TURBO,1.25,Ocasionais,529616.0
10727,CFL CONSTRUTORA FERREIRA LIMA LTDA,2,HYDRA XP,6.523809523809524,Frequentes,703968.51
1589227,CR BLUECAST INDUSTRIA MECANICA DO B,2,HYDRA,4.176470588235294,Frequentes,340239.69
1142633,VIACAO METROPOLE PAULISTA S/A,2,Outras,2.5,Regulares,640747.13
10553,ERCAL EMPRESAS REUNIDAS DE CALCARIO,2,TOP TURBO,2.7083333333333335,Regulares,864047.1
1766737,"ARMAC LOCACAO, LOGISTICA E SERVICOS",2,TOP TURBO,9.307692307692308,Frequentes,485100.45
1660934,JS COMERCIO DE PECAS LTDA,2,TOP TURBO,2.8947368421052633,Regulares,420218.37
1766585,"ARMAC LOCACAO, LOGISTICA E SERVICOS",2,Outras,7.0,Frequentes,376548.31
1020169,4 BATALHAO LOGISTICO,2,Outras,2.5,Regulares,348243.83
11985,SAINT-GOBAIN CANALIZACAO LTDA,2,HYDRA XP,2.4594594594594597,Regulares,1092431.36
1658930,INTERSAL S.A,2,TOP TURBO,3.8372093023255816,Frequentes,533388.72
1090857,COMANDO DIESEL TRANSPORTE E LOGISTI,2,TOP TURBO PRO,2.2432432432432434,Regulares,373694.78
1090856,REAL MAIA TRANSPORTES TERRESTRES LT,2,Outras,1.0555555555555556,Ocasionais,696080.32
151022,EXPRESSO NEPOMUCENO S/A,2,TOP TURBO,4.435897435897436,Frequentes,636400.81
11870,VIACAO SERRANA LTDA,2,Outras,3.6470588235294117,Frequentes,622303.78
151358,SB MINERACAO LTDA,2,Outras,4.029411764705882,Frequentes,909716.36
1629577,JOSE VICENTE MEIRA DE VASCONCELOS N,2,Outras,3.7777777777777777,Frequentes,652840.36
157813,VIX LOGISTICA S/A,2,Outras,3.025,Regulares,722923.03
11816,SISTERMI LOCACAO DE MAQUINAS E EQUI,2,Outras,3.08,Regulares,379152.46
1657786,AMANDA TUPINAMBA QUEIROZ 0190858230,2,Outras,2.864864864864865,Regulares,720427.23
1585767,CONSORCIO PRICE LIST,2,TOP TURBO,2.607142857142857,Regulares,477234.91
1143451,GOODYEAR DO BRASIL PRODUTOS DE BORR,2,HYDRA XP,1.0,Ocasionais,470783.94
1762441,TRANSTECWORLD LOGISTICA LTDA,2,Outras,5.461538461538462,Frequentes,571517.07
1657042,G M E TRANSPORTES LTDA,2,GL 5,8.333333333333334,Frequentes,400493.84
1126559,MIRELLA ARTEFATOS DE BORRACHA LTDA,2,GEAR,2.16,Regulares,419225.03
11790,VIACAO AGUIA BRANCA S A,2,TOP TURBO PRO,1.2,Ocasionais,640952.9
1092029,TRIANGULO LOCACOES DE GUINDASTES LT,2,HYDRA XP,3.902439024390244,Frequentes,486705.07
170720,COOPERATIVA DOS TRANSPORTADORES DE,2,Outras,4.9523809523809526,Frequentes,476477.04
1167584,BRT SOROCABA CONCESSIONARIA DE SERV,2,TOP TURBO,3.2857142857142856,Regulares,759099.75
1688695,CONCEBRA - CONCESSIONARIA DAS RODOV,2,TOP TURBO,2.9583333333333335,Regulares,330290.53
199780,AGENCIA DE TURISMO MONTE ALEGRE LTD,2,TOP TURBO,2.696969696969697,Regulares,432272.24
149707,S. H. ZENATTI LTDA,2,TOP TURBO,2.5384615384615383,Regulares,526594.0700000001
155011,IPE ENGENHARIA E CONSTRUCOES LTDA,2,TOP TURBO,3.0526315789473686,Regulares,758813.52
1125258,BELEM BIOENERGIA BRASIL S/A,2,Outras,2.75,Regulares,606654.92
1782187,MELHORAMENTOS FLORESTAL LTDA.,2,HYDRA XP,6.130434782608695,Frequentes,906890.51
150077,MODERNA FLORESTAL CULTIVO DE EUCALI,2,Outras,6.571428571428571,Frequentes,749926.49
11681,BRITACAL IND E COM DE BRITA E CALCA,2,Outras,4.041666666666667,Frequentes,806058.5
1166247,B.L.B. TRANSPORTES LTDA,2,Outras,3.2758620689655173,Regulares,454292.02
12102,AUTO ONIBUS VERA CRUZ LTDA,2,Outras,3.0294117647058822,Regulares,398523.83
12314,SOL - LOCACAO DE MAQUINAS E EQUIPAM,2,HYDRA XP,7.75,Frequentes,581657.29
159439,TRANSPORTE URBANO SAO MIGUEL DE UBE,2,TOP TURBO,3.413793103448276,Regulares,455935.45
1018814,INFRASUL - INFRAESTRUTURA E EMPREEN,2,Outras,3.6666666666666665,Frequentes,517725.15
149440,COMANDO DIESEL TRANSPORTE E LOGISTI,2,TOP TURBO PRO,2.263157894736842,Regulares,428326.97
12304,VIACAO SAO JOSE LTDA,2,TOP TURBO,4.071428571428571,Frequentes,911717.98
183682,AUTO VIACAO MARECHAL LTDA,2,Outras,3.119047619047619,Regulares,439969.41
1091607,CORPOTEC CONSTRUTORA E EMPREENDIMEN,2,Outras,5.176470588235294,Frequentes,631460.99
1633802,RCR LOCACAO LTDA,2,Outras,4.0,Frequentes,497561.0
159421,CEU AZUL TERRAPLANAGEM E PAVIMENTAD,2,TOP TURBO,3.411764705882353,Regulares,462089.03
1127284,CESCONETTO INDUSTRIA E COMERCIO DE,2,Outras,5.363636363636363,Frequentes,433996.0
1127270,MAIS CONSTRUTORA LTDA,2,TOP TURBO,4.846153846153846,Frequentes,372474.1
12216,SANTO ANTONIO TRANSPORTES LTDA,2,TOP TURBO PRO,3.3,Regulares,422358.27
1078269,BRASPRESS TRANSPORTES URGENTES LTDA,2,Outras,3.380952380952381,Regulares,1029164.53
1001114,MINERMAC MINERACOES LTDA,2,GEAR,2.5641025641025643,Regulares,499026.13
1111297,TRANSPORTADORA TABORDA LTDA,2,TOP TURBO,2.75,Regulares,906652.48
12212,AUTO VIACAO 1001 LTDA,2,TRM 5,2.525,Regulares,679167.79
1068793,ORGUEL INDUSTRIA E LOCACAO DE EQUIP,2,TOP TURBO,3.6666666666666665,Frequentes,977133.98
150746,MERCONPLAS INDUSTRIAL DE PLASTICOS,2,HYDRA XP,2.0625,Regulares,437669.04
1148302,CBNS NEGOCIOS FLORESTAIS S/A,2,Outras,3.5806451612903225,Frequentes,920196.9
161884,TREK TERRAPLANAGEM LTDA,2,TOP TURBO,3.7777777777777777,Frequentes,375245.54
1077356,IOCHPE-MAXION S.A.,2,HYDRA XP,2.3181818181818183,Regulares,529780.58
159297,ECONIT AMBIENTAL S.A.,2,HYDRA XP,5.785714285714286,Frequentes,689024.3099999999
1169191,TRANSFORRECHI TRANSPORTES LTDA,2,TOP TURBO,2.9310344827586206,Regulares,545858.46
1077348,BORTOLINI TRANSLOC LTDA,2,TOP TURBO,3.888888888888889,Frequentes,730593.77
1171316,MAIS CONSTRUTORA LTDA,2,TOP TURBO,4.75,Frequentes,744348.67
1687433,VAINE EMPILHADEIRA LTDA,2,Outras,3.787878787878788,Frequentes,390866.14
1147289,TES - TRANSFORMADORES EQUIPAMENTOS,2,AV,1.0,Ocasionais,414785.67
149401,VIA PALMEIRAS TRANSPORTES LTDA,2,TOP TURBO,3.3846153846153846,Regulares,501510.15
1171108,CLPT CONSTRUTORA LTDA,2,Outras,4.909090909090909,Frequentes,441352.01
153973,AMBIENTAL TRANSPORTES URBANOS S/A,2,TOP TURBO,3.3684210526315788,Regulares,417282.23
12210,AUTO VIACAO 1001 LTDA,2,TRM 5,1.6666666666666667,Regulares,498105.85
1022423,TRANSPORTADORA LOPES LTDA,2,TOP TURBO,3.2758620689655173,Regulares,524981.75
1592744,COMBIO ENERGIA S.A.,2,HYDRA XP,2.3125,Regulares,360984.62
1702174,TRANSMASI TRANSPORTES LTDA.,2,TOP TURBO PRO,6.527777777777778,Frequentes,716695.59
1776435,CONSORCIO RIACHO DOS MACHADOS,2,Outras,4.916666666666667,Frequentes,540892.95
1784670,EMPRESA DE ONIBUS PASSARO MARRON S/,2,TOP TURBO,4.9523809523809526,Frequentes,313491.64
1594425,FX MINAS CONSTRUCOES E EMPREENDIMEN,2,TOP TURBO,3.0,Regulares,401485.26
177296,COMPANHIA INDUSTRIAL DE CIMENTO APO,2,GEAR,2.3846153846153846,Regulares,1007198.94
1150985,"STELL TRATORES, PECAS E SERVICOS LT",2,Outras,4.454545454545454,Frequentes,504371.63
186768,VIACAO VG - EM RECUPERACAO JUDICIAL,2,TOP TURBO,2.8620689655172415,Regulares,374636.58
1150776,VIACAO ESTRELA LTDA,2,TOP TURBO,4.315789473684211,Frequentes,774981.83
1767473,ISMAIL JOSE FERREIRA JUNIOR,2,TOP TURBO,7.777777777777778,Frequentes,341417.27
13034,TURISMO TRES AMIGOS LTDA,2,TOP TURBO,3.380952380952381,Regulares,516455.59
1744413,ASSOC. DOS PROPRIET. DE CAMINHOES D,2,TOP TURBO,5.0,Frequentes,399566.16
1669589,COPASUL TRANSPORTES E COMERCIO COMB,2,TOP TURBO,5.6,Frequentes,437476.73
1080973,AMBIPAR ENVIRONMENTAL NORDESTE LTDA,2,HYDRA XP,4.742857142857143,Frequentes,314384.85
1150056,ASSOCIACAO DOS PROPRIETARIOS DE CAM,2,TOP TURBO,2.9655172413793105,Regulares,399453.94
1744263,TERRA MINAS TERRAPLENAGEM E TRANSPO,2,GL 5,3.264705882352941,Regulares,743912.91
13810,NUTRIZA AGROINDUSTRIAL DE ALIMENTOS,2,Outras,5.386363636363637,Frequentes,734675.85
1699337,TRANSFORTECH ENGENHARIA LTDA,2,AV,1.0869565217391304,Ocasionais,458606.04
1732873,TRANSPORTE FABIO S LTDA,2,TOP TURBO,2.5454545454545454,Regulares,789159.65
1127848,YARA BRASIL FERTILIZANTES S/A,2,Outras,2.45,Regulares,866374.72
152125,ALEX-ANDRE TERRAPLENAGEM LTDA,2,TOP TURBO,3.347826086956522,Regulares,443055.96
14625,TRANSPORTADORA CONTATTO LTDA,2,Outras,1.2432432432432432,Ocasionais,613515.04
157093,ALPARGATAS S.A.,2,HYDRA XP,1.8857142857142857,Regulares,1165142.42
1767452,CONSORCIO RIACHO DOS MACHADOS,2,Outras,5.357142857142857,Frequentes,561613.33
1148893,A L TEIXEIRA PINHEIRO LTDA,2,TOP TURBO,4.111111111111111,Frequentes,831636.82
1033995,MASSARI MINERACAO PARTICIPACOES LTD,2,TOP TURBO,2.925,Regulares,640257.03
1743726,SOTREL EQUIPAMENTOS S.A.,2,HYDRA XP,6.533333333333333,Frequentes,324561.88
1033454,PILAR DE GOIAS DESENVOLVIMENTO MINE,2,TOP TURBO,4.4,Frequentes,860148.1699999999
15313,CITROPLAST IND E COMERCIO DE PAPEIS,2,GEAR,2.9285714285714284,Regulares,413699.69
1638579,FENIX HOLDING E PARTICIPACOES LTDA,2,HYDRA XP,3.4285714285714284,Regulares,602811.56
1129571,RIO PARANA ENERGIA S.A.,2,Outras,1.3333333333333333,Ocasionais,438666.8
1112568,EXPRESSO NEPOMUCENO S/A,2,Outras,3.1724137931034484,Regulares,844193.0700000001
153659,ZOCAR RIO CAMINHOES LTDA,2,TOP TURBO,3.6470588235294117,Frequentes,721639.97
153485,LIPARI MINERACAO LTDA,2,TOP TURBO,4.041666666666667,Frequentes,474013.45
15293,MIRACEMA NUODEX INDUSTRIA QUIMICA L,2,Outras,1.0,Ocasionais,424605.87
1129064,VIX TRANSPORTES DEDICADOS LTDA,2,Outras,1.9411764705882353,Regulares,395456.34
15285,CARTONIFICIO VALINHOS S A,2,HYDRA XP,5.317073170731708,Frequentes,507280.58
1708613,CJ TRANSPORTES LTDA,2,GL 5,3.870967741935484,Frequentes,748736.09
148713,HL TERRAPLENAGEM LTDA,2,TOP TURBO,3.3783783783783785,Regulares,572724.09
1708450,R&D MINERACAO E CONSTRUCAO LTDA,2,Outras,3.2666666666666666,Regulares,545120.47
1029045,PASTORI E CIA TRANSPORTES LTDA.,2,Outras,3.55,Frequentes,1159626.99
1172961,TRANSPORTES WAMAG LTDA,2,Outras,5.972222222222222,Frequentes,744544.11
1003130,A 2 TRANSPORTES LTDA,2,TOP TURBO,3.739130434782609,Frequentes,758415.92
1003075,AUTO BLESS TRANSPORTES LTDA,2,TOP TURBO,1.935483870967742,Regulares,396590.03
179626,EXPRESSO NEPOMUCENO S/A,2,Outras,2.5142857142857142,Regulares,947344.1
1026805,GEES S/A,2,Outras,2.090909090909091,Regulares,417256.72
1152597,SAO MIGUEL INCORPORACOES E PARTICIP,2,Outras,4.0,Frequentes,415129.65
1600846,PEROLA TRANSPORTES E SERVICOS S/A,2,HYDRA XP,4.2682926829268295,Frequentes,380023.88
1114446,RODANDO TRANSPORTES LTDA,2,TOP TURBO,3.0,Regulares,885932.91
1095754,"T & S - TRANSPORTE, COMERCIO E LOCA",2,TOP TURBO,6.333333333333333,Frequentes,326921.01
189992,EMPRESA DE ONIBUS PASSARO MARRON S/,2,TOP TURBO,5.695652173913044,Frequentes,433410.41
14930,SOSINIL TECNICA DE AR COMPRIMIDO E,2,TOP TURBO,2.58974358974359,Regulares,782471.53
1130503,AMAZONIA MUCAJAI MINERACAO LTDA,2,GEAR,3.925925925925926,Frequentes,831095.78
189766,AUTO VIACAO MARECHAL LTDA,2,Outras,3.0952380952380953,Regulares,457923.7
14797,SIEMENS ENERGY BRASIL LTDA.,2,Outras,1.1111111111111112,Ocasionais,457162.24
1113668,VIACAO JEQUIE CIDADE SOL LTDA,2,Outras,2.525,Regulares,466841.8
1071796,POLIMIX CONCRETO LTDA,2,Outras,5.651162790697675,Frequentes,930038.68
1174065,EXPRESSO NEPOMUCENO S/A,2,Outras,4.852941176470588,Frequentes,852628.1900000001
1112631,MR MINERACAO LTDA,2,HYDRA XP,2.3714285714285714,Regulares,425760.92
158871,S.MAGALHAES S.A. LOGISTICA EM COMER,2,HYDRA XP,4.05,Frequentes,401132.08
1173917,S.S.B. ENERGIA RENOVAVEL LTDA,2,Outras,4.8,Frequentes,829732.9400000001
15937,BB TRANSPORTE E TURISMO LIMITADA,2,TOP TURBO,2.6,Regulares,519052.09
179515,COMBER LOGISTICA LTDA,2,HYDRA,2.6785714285714284,Regulares,609333.6900000001
163613,VFCJ RESTAURACOES E SERVICOS LTDA,2,Outras,3.5925925925925926,Frequentes,480399.89
1094425,EPCCO ENGENHARIA DE PROJETOS CONSUL,2,TOP TURBO,3.8125,Frequentes,796884.76
1778867,LUIS CLAUDIO CUNHA E OUTROS,2,TOP TURBO,8.0,Frequentes,329396.57
1767351,"ARMAC LOCACAO, LOGISTICA E SERVICOS",2,TOP TURBO,8.833333333333334,Frequentes,558436.34
1664380,TRANSFORMA GERENCIAMENTO DE RESIDUO,2,HYDRA XP,3.3225806451612905,Regulares,444530.43
1176295,PROQUIGEL QUIMICA S/A,2,Outras,2.5555555555555554,Regulares,420108.32
1767088,"ARMAC LOCACAO, LOGISTICA E SERVICOS",2,TOP TURBO,11.444444444444445,Frequentes,630687.5
16480,MICROTUR TRANSPORTADORA TURISTICA L,2,TOP TURBO,2.566666666666667,Regulares,412744.76
1154035,TERRAPLENAGEM LAVORO LTDA,2,TOP TURBO,6.384615384615385,Frequentes,526459.29
151731,RECICLA - INDUSTRIA E COMERCIO DE M,2,HYDRA XP,2.125,Regulares,470819.88
1766989,"ARMAC LOCACAO, LOGISTICA E SERVICOS",2,TOP TURBO,8.461538461538462,Frequentes,478813.9
1098651,KIOTO AMBIENTAL S.A,2,HYDRA,3.85,Frequentes,769881.89
1764677,CONSTRUTORA SANCHES TRIPOLONI LTDA,2,Outras,7.545454545454546,Frequentes,842596.05
1713815,CAMPO ALEGRE MADEIRAS LTDA,2,HYDRA XP,5.705882352941177,Frequentes,398982.2
17622,ALPARGATAS S.A.,2,HYDRA XP,3.5945945945945947,Frequentes,615801.14
1766988,"ARMAC LOCACAO, LOGISTICA E SERVICOS",2,TOP TURBO,8.333333333333334,Frequentes,356340.91
17274,PEDREIRA SARGON LTDA,2,GEAR,4.325581395348837,Frequentes,696028.26
1764636,"ARMAC LOCACAO, LOGISTICA E SERVICOS",2,TOP TURBO,8.923076923076923,Frequentes,661760.75
1696561,BE8 SANTO ANTONIO DO TAUA LTDA,2,Outras,1.5,Ocasionais,359163.62
1118673,XCMG BRASIL INVESTIMENTOS LTDA.,2,HYDRA XP,2.909090909090909,Regulares,585045.88
1155759,MARCOS ANTONIO GOMES MAGALHAES,2,Outras,2.9444444444444446,Regulares,762673.0
1446986,ICTSI RIO BRASIL TERMINAL 1 S.A.,2,Outras,3.0277777777777777,Regulares,389966.65
1118576,TRANSVAL TRANSPORTADORA VALMIR LTDA,2,Outras,2.1153846153846154,Regulares,649679.42
1764634,"ARMAC LOCACAO, LOGISTICA E SERVICOS",2,TOP TURBO,8.0,Frequentes,734708.0
1096940,GNR FORTALEZA VALORIZACAO DE BIOGAS,2,Outras,1.0588235294117647,Ocasionais,962632.59
1766973,"ARMAC LOCACAO, LOGISTICA E SERVICOS",2,TOP TURBO,8.866666666666667,Frequentes,619629.17
17626,COMPANHIA BRASILEIRA DE ESTIRENO,2,Outras,1.25,Ocasionais,486969.59
160710,AGENCIA TOCANTINENSE  DE TRANSPORTE,2,Outras,4.333333333333333,Frequentes,796962.16
1850696,HARBIN ELECTRIC MACHINERY (BRAZIL),2,Outras,1.0,Ocasionais,610112.25
18613,AUTOPLAST LUBFLON COMERCIO E INDUST,2,Outras,2.515151515151515,Regulares,579821.8
2152,VESPER TRANSPORTES LTDA,2,TOP TURBO,3.625,Frequentes,375125.81
2017,VULCABRAS BA CALCADOS E ARTIGOS ESP,2,HYDRA XP,2.1666666666666665,Regulares,677541.0800000001
18291,RODOBORGES TRANSPORTES LTDA,2,Outras,3.3823529411764706,Regulares,490450.41
18137,SIVA SIROLL PRODUTOS QUIMICOS E LUB,2,AV,1.75,Regulares,391949.13
1766959,FABIANO ALVES FERREIRA,2,TOP TURBO,8.7,Frequentes,363941.47
1663799,TRANSGIRES TRANSPORTES LTDA,2,Outras,3.6153846153846154,Frequentes,554691.33
17925,CECIL S/A - LAMINACAO DE METAIS,2,HYDRA,3.2051282051282053,Regulares,740850.93
168396,VIACAO ATALAIA LTDA,2,Outras,5.153846153846154,Frequentes,595592.81
178428,ESSEMAGA LOGISTICA E TRANSPORTES LT,2,TOP TURBO,5.4772727272727275,Frequentes,521420.23
1756253,"ARMAC LOCACAO, LOGISTICA E SERVICOS",2,TOP TURBO,13.571428571428571,Frequentes,777912.67
1556,COMANDO DA MARINHA,2,Outras,4.380952380952381,Frequentes,937935.42
1615,SANTA IZABEL TRANSPORTE REVENDEDOR,2,Outras,5.764705882352941,Frequentes,575214.9
17904,AUTO VIACAO URUBUPUNGA LTDA,2,Outras,3.9069767441860463,Frequentes,636109.71
1132832,ANTONIO CIDENIO DE OLIVEIRA,2,Outras,3.88,Frequentes,638270.7
1132787,CYA VERDE LOGISTICA LTDA,2,TOP TURBO,3.4782608695652173,Regulares,503600.74
2462,ATLANTA RENT A CAR LTDA,3,Outras,2.1333333333333333,Regulares,94664.22
1904595,VALE DO ARINOS SPE S.A.,3,Outras,2.0,Regulares,29936.230000000003
1904685,STELLA D'ORO ALIMENTOS LTDA,3,GL 5,3.0,Regulares,9388.52
1904712,CONSTRUTORA TRIPOLONI LTDA,3,Outras,7.0,Frequentes,72294.83
1905432,GERALMAQ LOCADORA DE MAQUINAS E FER,3,Outras,1.0,Ocasionais,3424.01
1905459,FLAVIA FARIA DE QUEIROZ e outro(s),3,HYDRA,2.0,Regulares,5312.66
1905574,PH COMERCIO DE PECAS E LUBRIFICANTE,3,GEAR,7.0,Frequentes,80120.62
1648789,THOR NORDESTE GRANITOS LTDA,3,Outras,1.0,Ocasionais,3164.26
1914572,SHIP MARINE NAVEGACAO LTDA,3,Outras,1.0,Ocasionais,2125.93
1907216,ORGANIZACOES COSTA MAQUINAS E EQUIP,3,TOP TURBO,1.0,Ocasionais,9897.05
1907493,CONSORCIO CONSTRUTOR PR 466 PORTO U,3,Outras,3.0,Regulares,21471.06
1907801,RIALMA AGROPECUARIA LTDA,3,HYDRA XP,2.0,Regulares,11574.240000000002
1907819,TRANS VALDIR LTDA,3,TOP TURBO,2.0,Regulares,8475.54
1908555,CONSTRUTORA TRIPOLONI LTDA,3,Outras,1.0,Ocasionais,1263.81
1910471,AGRO CONCORDIA TRANSPORTES LTDA,3,GL 5,3.0,Regulares,1393.0700000000002
1911106,GG MINERACAO LTDA,3,Outras,1.0,Ocasionais,2270.82
1902750,IC TRANSPORTES LTDA.,3,TOP TURBO,1.0,Ocasionais,17078.35
1903040,TRATEMI TRANSPORTE TERRAPLENAGEM E,3,TOP TURBO PRO,3.0,Regulares,44786.36
1903476,SANTA IZABEL ALIMENTOS LTDA,3,Outras,1.0,Ocasionais,662.75
1903509,SANTA IZABEL ALIMENTOS LTDA,3,TOP TURBO,2.0,Regulares,5622.18
1903560,MGS INDUSTRIA DE COMPENSADOS LTDA,3,GEAR,2.0,Regulares,1533.86
1643866,VIACAO SETE LTDA,3,TOP TURBO PRO,2.0555555555555554,Regulares,138303.74
1644337,MINERACAO TOZZI JUNQUEIRA LTDA,3,HYDRA XP,1.7272727272727273,Regulares,174931.61000000002
1646377,INDUSTRIA E COMERCIO APOLO LTDA,3,GL 5,1.0,Ocasionais,1315.13
1646579,AUTO VIACAO CATARINENSE LTDA,3,GL 5,1.5,Ocasionais,13807.44
1646757,THOR NORDESTE GRANITOS LTDA,3,Outras,1.0,Ocasionais,3722.52
1647209,SENHORA DOS CAMPOS CONCESSIONARIA D,3,Outras,1.0,Ocasionais,5084.18
1647547,ACO VERDE DO BRASIL S/A,3,Outras,3.5,Regulares,14737.04
1647969,CRISTINA EXT. E COM. DE AR. E PEDRA,3,Outras,1.0,Ocasionais,2933.49
1913226,CASTILHO ENGENHARIA E EMPREENDIMENT,3,Outras,1.0,Ocasionais,12706.48
1914225,PLACK TRANSPORTE E LOGISTICA LTDA,3,TOP TURBO,4.0,Frequentes,4341.85
2087,MAQTRON IMPORTACAO E EXPORTACAO LTD,3,Outras,1.0,Ocasionais,62545.41
1903566,TAGUATUR TAGUATINGA TRANSPORTES DO,3,TOP TURBO,5.5,Frequentes,58840.33
1903628,TOP 4 DIESEL - SERVICOS E PECAS AUT,3,TOP TURBO,2.0,Regulares,3699.02
1903758,RAJA LOG TRANSPORTES LTDA,3,TOP TURBO,1.0,Ocasionais,3205.59
1903991,CMA COMPONENTES E MOD.AUTO.IND.E CO,3,HYDRA XP,1.0,Ocasionais,19224.06
1904290,J3 MOBILIDADE SPE LTDA,3,HYDRA XP,1.0,Ocasionais,620.17
1904342,ESSENCIS BIOMETANO S.A.,3,Outras,2.0,Regulares,30617.27
1899299,I.V TRANSPORTES E LOCACOES LTDA,3,Outras,3.0,Regulares,18491.64
1899428,CENTERMAIS MATERIAIS DE CONSTRUCAO,3,Outras,8.0,Frequentes,4914.02
1900004,HAVER & BOECKER LATINOAMERICANA MAQ,3,HYDRA XP,2.0,Regulares,6844.719999999999
1900063,COSAMPA ENERGIA LTDA,3,TOP TURBO,2.5,Regulares,7626.73
1900066,COSAMPA ENERGIA LTDA,3,Outras,4.0,Frequentes,27377.36
1900069,COSAMPA ENERGIA LTDA,3,Outras,2.0,Regulares,27118.56
1900650,MACHADO E FILHOS TRANSPORTES LTDA,3,TOP TURBO,1.0,Ocasionais,1223.08
1900929,COSAMPA ENERGIA LTDA,3,Outras,1.0,Ocasionais,12501.57
1901047,ARAQUEM TURISMO E TRANSPORTES LTDA,3,TOP TURBO,1.0,Ocasionais,12649.41
1901620,PAVIDEZ ENGENHARIA LTDA,3,Outras,2.0,Regulares,15924.18
1897111,ADALBERTO MONIZ E OUTROS,3,Outras,5.0,Frequentes,5225.74
1897114,APOLLO SERVICE GUINDASTE LTDA,3,Outras,2.0,Regulares,3597.62
1897203,ZOPONE ENGENHARIA E COMERCIO LTDA,3,Outras,3.0,Regulares,4656.83
1897262,CONSORCIO MACICO BATURITE,3,Outras,3.6666666666666665,Frequentes,47886.25
1897324,BLT AGRO EMPREENDIMENTOS LTDA,3,TOP TURBO,2.0,Regulares,3588.86
1897723,VIACAO VG - EM RECUPERACAO JUDICIAL,3,TOP TURBO,3.5,Regulares,45840.64
1633088,DOCE RIO FRETAMENTO E TURISMO LTDA,3,TOP TURBO PRO,2.0,Regulares,112742.78
1636509,N.R. EMPREENDIMENTOS E CONSTRUCAO L,3,Outras,1.0,Ocasionais,22277.54
1637250,M S TRANSPORTES E LOCACAO LTDA,3,Outras,1.0,Ocasionais,13646.54
1637898,ENGIE SOLUCOES DE OPERACAO E MANUTE,3,Outras,1.0,Ocasionais,1417.7199999999998
1637998,ENGIE SOLUCOES DE OPERACAO E MANUTE,3,Outras,1.0,Ocasionais,641.75
1652239,M S TRANSPORTES E LOCACAO LTDA,3,Outras,1.0,Ocasionais,17072.35
1653349,MASTERBOI LTDA.,3,Outras,1.2,Ocasionais,3996.16
1639838,CORTEZ ENGENHARIA LTDA.,3,Outras,1.3333333333333333,Ocasionais,14607.7
1640443,FLAPA - ENGENHARIA E MINERACAO LTDA,3,HYDRA,2.0,Regulares,36907.7
1640731,VIACAO PARATY LTDA,3,Outras,3.4545454545454546,Regulares,63833.04
1895414,OTIMA TRANSPORTES DE SALVADOR SPE S,3,TOP TURBO,3.0,Regulares,11212.42
1895831,GEES S/A,3,Outras,4.0,Frequentes,188548.0
1895843,ARUJA TRANSPORTE COLETIVO LTDA,3,Outras,1.25,Ocasionais,9136.75
1895932,JAN PIERRE L DA SILVA COMERCIO DE E,3,Outras,1.0,Ocasionais,2610.73
1657146,PORTAL AGRO COMERCIO E SERVICOS LTD,3,Outras,2.066666666666667,Regulares,110371.5
1657153,SANTA CRUZ TRANSPORTES LTDA.,3,Outras,1.0,Ocasionais,4191.03
1657796,M S TRANSPORTES E LOCACAO LTDA,3,Outras,1.3,Ocasionais,51672.06
1629842,ARUJA TRANSPORTE COLETIVO LTDA,3,Outras,1.4285714285714286,Ocasionais,38822.13
1901810,BLT AGRO EMPREENDIMENTOS LTDA,3,Outras,1.0,Ocasionais,3498.39
1901822,BRAGO FLORESTAL LTDA,3,Outras,1.0,Ocasionais,3648.12
1901879,ECO MUNDI SOLUCOES AMBIENTAIS LTDA,3,Outras,3.5,Regulares,45258.06
1896728,DA SERRA TRANSPORTE E LOGISTICA LTD,3,TOP TURBO,1.0,Ocasionais,6436.6
1896759,PISOFORTE REVESTIMENTOS CERAMICOS L,3,GEAR,2.0,Regulares,2486.59
1896929,WILLIAN OCHI BERTANHA,3,Outras,5.0,Frequentes,41631.46
1896934,TRANSPORTADORA L&A LTDA,3,Outras,2.5,Regulares,11673.87
1897108,FABRICIO PAULO PIRES PESSOA e outro,3,Outras,6.0,Frequentes,48060.15
1891030,CONSORCIO FERROVIARIO,3,Outras,4.0,Frequentes,9001.630000000001
1891849,MONTE TRUCK MANUTENCAO E LOCACAO DE,3,HYDRA XP,2.75,Regulares,23015.09
1892110,PLATAFORMA TRANSPORTES SPE S/A,3,Outras,1.6666666666666667,Regulares,11961.98
1892312,TRANSTETO TRANSPORTE DE CARGAS LTDA,3,TOP TURBO PRO,1.5,Ocasionais,51423.17
1893318,R E D MINERACAO E CONSTRUCAO LTDA,3,HYDRA XP,2.25,Regulares,57128.43
1625261,ABC SISTEMA DE TRANSPORTE SPE S.A.,3,Outras,1.25,Ocasionais,49797.79
1626527,TOMASI LOGISTICA LTDA,3,TOP TURBO,2.0,Regulares,34173.99
1659711,JSL S.A.,3,Outras,1.1428571428571428,Ocasionais,53859.16
1660629,EXPRESSO NEPOMUCENO S/A,3,Outras,1.0,Ocasionais,50006.05
1660893,ENGIE SOLUCOES DE OPERACAO E MANUTE,3,Outras,1.0,Ocasionais,216012.56
1661030,VIACAO PIRACICABANA S.A.,3,TRM 5,1.6666666666666667,Regulares,83821.36
1898458,BENTO LEAL INFRAESTRUTURA LTDA,3,TOP TURBO,2.3333333333333335,Regulares,24412.19
1894673,CDGN LOGISTICA SA,3,GEAR,1.0,Ocasionais,23731.3
1894715,HAVER & BOECKER LATINOAMERICANA MAQ,3,GEAR,1.5,Ocasionais,20620.54
1894721,HAVER & BOECKER LATINOAMERICANA MAQ,3,GEAR,1.0,Ocasionais,6292.34
1895035,RITA HELENA JORGE,3,Outras,5.0,Frequentes,41631.46
6353,CORUMBA CONCESSOES S.A.,3,Outras,1.1818181818181819,Ocasionais,58561.38
7171,TINTAS HIDRACOR S/A,3,Outras,1.0,Ocasionais,676.62
1886116,CONSTRUTORA LUIZ COSTA LTDA,3,Outras,1.0,Ocasionais,1318.26
1886146,OCIDENTAL TRANSPORTES E NAVEGACAO L,3,GEAR,1.3333333333333333,Ocasionais,160383.82
1888159,MILENIO AGRICOLA LTDA,3,TOP TURBO,1.5,Ocasionais,18241.49
1888487,BRASMIX ENGENHARIA DE CONCRETO LTDA,3,HYDRA,2.5,Regulares,5530.370000000001
1888659,TRANS PULTZ LTDA,3,Outras,1.25,Ocasionais,28231.83
1618024,FAZENDA GENESIS CULTIVO DE FRUTAS E,3,Outras,1.6666666666666667,Regulares,1865.82
1661489,ZAZ TRANSPORTES E SERVS. LOGISTICOS,3,Outras,1.0,Ocasionais,3535.1
1661607,TRES TENTOS AGROINDUSTRIAL S/A,3,GEAR,1.0,Ocasionais,20623.78
1661613,TRANSMIMO LTDA,3,TOP TURBO PRO,1.5,Ocasionais,62320.07
1661873,DOLOMITAMIX INDUSTRIA E COMERCIO EI,3,Outras,3.0,Regulares,14951.04
1624186,CERVEJARIA PETROPOLIS S/A - EM RECU,3,Outras,1.6,Regulares,29471.28
3865,COPA ENGENHARIA LTDA,3,Outras,1.0,Ocasionais,3530.94
5122,BELEM RIO TRANSPORTES LTDA,3,Outras,3.727272727272727,Frequentes,126019.99
1889349,CRISBELLE TRANSPORTES LTDA,3,TOP TURBO,1.5,Ocasionais,6689.66
1876715,BRASMIX ENGENHARIA DE CONCRETO LTDA,3,TOP TURBO,4.0,Frequentes,9289.92
1606967,TRANSMARONI TRANSPORTES BRASIL RODO,3,Outras,1.0,Ocasionais,108378.86
1607223,IMPERIAL LOCACAO E TRANSPORTE LTDA,3,Outras,1.5555555555555556,Regulares,47424.76
1608529,TRANSPORTADORA JOLIVAN LTDA,3,Outras,1.0,Ocasionais,10496.28
1608980,JB TRANSPORTES DE CARGAS LTDA,3,Outras,1.0,Ocasionais,15620.77
1661893,OVOS NATURAVES LTDA,3,Outras,1.0909090909090908,Ocasionais,16272.48
1662143,PULO DO GATO AGENCIAMENTO DE CARGAS,3,TRM 5,1.0,Ocasionais,5424.790000000001
1611792,DIA LOG TRANSPORTADORA E LOGISTICA,3,Outras,1.0,Ocasionais,1796.4
1612757,"LACERDA E LACERDA COMERCIO, DISTRIB",3,TOP TURBO PRO,1.0,Ocasionais,11591.76
7876,MAGNESIUM DO BRASIL LTDA,3,Outras,1.3333333333333333,Ocasionais,17139.2
1881296,CONSTRUTORA TRIPOLONI LTDA,3,Outras,4.0,Frequentes,35866.84
1881650,BELO SUL TRANSPORTES LTDA,3,TOP TURBO,1.0,Ocasionais,3063.95
1881751,LHG MINING CORUMBA S.A,3,Outras,4.0,Frequentes,179710.82
1883566,ELETRO HIDRO LTDA,3,GL 5,3.0,Regulares,8153.9
1884316,MATER TRANSPORTES LTDA,3,Outras,2.8,Regulares,19597.52
6251,ACOFER INDUSTRIA E COMERCIO LTDA,3,Outras,1.9473684210526316,Regulares,31217.48
1872274,VILASA CONSTRUTORA S/A,3,HYDRA,5.0,Frequentes,57042.29
1872983,TOP FERTILIZANTES LTDA,3,TOP TURBO,3.3333333333333335,Regulares,19928.98
10379,BRASMIX ENGENHARIA DE CONCRETO LTDA,3,Outras,1.5,Ocasionais,12521.9
1873235,COMBER LOGISTICA LTDA,3,HYDRA,2.2,Regulares,57029.670000000006
1873263,FORNECEDORA ENGELOG LOCACOES E SERV,3,HYDRA XP,3.0,Regulares,14240.22
1873343,IVO AURELIO MULLER,3,Outras,1.0,Ocasionais,1959.0
1873500,BRAMBILA LOGISTICA E TRANSPORTES LT,3,TOP TURBO,5.0,Frequentes,37595.94
10042,VIACAO ZURICK LTDA,3,Outras,2.0454545454545454,Regulares,217464.67
10077,VIACAO PROGRESSO LTDA,3,Outras,2.380952380952381,Regulares,236101.03
1606113,VPAR TRANSPORTES E SERVICOS SPE LTD,3,TOP TURBO,1.9130434782608696,Regulares,227891.45
1663602,CALCARIO GUAPIRAMA LTDA,3,Outras,3.6666666666666665,Frequentes,33950.6
1663708,VPL TAVARES TRANSPORTES S/A,3,TOP TURBO PRO,2.0,Regulares,52578.4
1663709,VILHENA SERVICOS LTDA,3,TOP TURBO,2.25,Regulares,78100.3
8275,TRANSPORTES LITORANEA LTDA,3,TOP TURBO,3.0,Regulares,18759.61
1873901,TRANSPORTES ARI LTDA,3,GL 5,1.0,Ocasionais,1626.97
1876606,PORTO BOM SUCESSO EXTRACAO DE AREIA,3,TOP TURBO PRO,3.0,Regulares,30719.08
1867826,CRG TRANSPORTE E LOGISTICA LTDA,3,Outras,2.0,Regulares,15077.01
11804,VIACAO AGUIA BRANCA S A,3,TOP TURBO PRO,1.0,Ocasionais,11426.46
10508,EXPRESSO UNIAO LTDA,3,Outras,1.0,Ocasionais,4420.6
1867909,TONCHIS TRANSPORTES E AMBIENTAL LTD,3,TOP TURBO,2.8,Regulares,10836.59
1868704,ENCOPAV ENGENHARIA LTDA,3,Outras,1.0,Ocasionais,13333.29
1868731,EMPRESA AUTO VIACAO PUTINGA LTDA,3,Outras,1.0,Ocasionais,8812.73
1869425,COSTA E MACIEL LTDA,3,Outras,4.5,Frequentes,20489.35
1869803,GLOBALPACK INDUSTRIA E COMERCIO LTD,3,HYDRA XP,1.0,Ocasionais,282143.19
1600532,ARMAZENS GERAIS DEZ DE ABRIL LTDA,3,Outras,1.0,Ocasionais,3408.8
1602107,COMBIO ENERGIA S.A.,3,Outras,1.7857142857142858,Regulares,26781.95
1602282,COMBIO ENERGIA S.A.,3,HYDRA XP,1.6,Regulares,59990.48
1668959,MARCOS A. N. AVOREDO DISTRIBUIDORA,3,TOP TURBO,1.2,Ocasionais,11362.91
10168,VILASA CONSTRUTORA S/A.,3,TOP TURBO,3.0,Regulares,26623.07
1871767,F. E. BRITAGEM LTDA,3,Outras,1.5,Ocasionais,8292.29
1871793,CONSORCIO RODOVIA PR-170 - PITANGA,3,Outras,1.6,Regulares,98220.68
1871806,CERAMICA SERRA AZUL LTDA,3,TOP TURBO,1.4,Ocasionais,4621.12
1862491,TRANSWERLE TRANSPORTES LTDA EM RECU,3,TOP TURBO PRO,2.5714285714285716,Regulares,92578.26
1862569,DC TRANSPORTES E SERVICOS LTDA,3,TOP TURBO PRO,1.0,Ocasionais,7590.33
1864427,SHIFT MOBILIDADE LTDA,3,TOP TURBO PRO,1.0,Ocasionais,9602.9
1593137,CONSTRUTORA CENTRO NORTE LTDA,3,Outras,1.0,Ocasionais,9236.16
1669591,AJ LOGISTICA LTDA,3,Outras,1.0,Ocasionais,24718.93
1670163,TCL - TECNOLOGIA E CONSTRUCOES LTDA,3,Outras,4.5,Frequentes,28404.91
1670512,GALLO TRR COMERCIO DE COMBUSTIVEIS,3,TOP TURBO,1.7777777777777777,Regulares,53554.45
1594660,JJP SERVICOS E TRANSPORTE LTDA,3,Outras,1.0,Ocasionais,667.59
1594882,VIACAO PIRACICABANA S.A.,3,Outras,1.3333333333333333,Ocasionais,18044.93
1596816,VPAR TRANSPORTES E SERVICOS SPE LTD,3,Outras,1.0,Ocasionais,7475.67
11191,DME DISTRIBUICAO S.A. - DMED,3,Outras,4.0,Frequentes,2650.7200000000003
11320,RODOVIARIA BORBOREMA LTDA,3,Outras,2.0,Regulares,12475.06
1865349,EMPRESA DE ONIBUS VILA GALVAO LIMIT,3,Outras,1.75,Regulares,22981.97
1866302,VIA GROUP LTDA,3,Outras,2.25,Regulares,14915.3
1866385,VIA GROUP LTDA,3,Outras,1.5,Ocasionais,2686.99
1867142,MADEMAIOR INDUSTRIA E COMERCIO LTDA,3,TOP TURBO,1.75,Regulares,20009.91
1857809,EXE MINERAL - ENGENHARIA E MINERACA,3,Outras,4.8,Frequentes,270974.8
1861974,AGIS CONSTRUCAO S.A,3,Outras,1.0,Ocasionais,21415.4
1857988,"ARMAC LOCACAO, LOGISTICA E SERVICOS",3,Outras,1.0,Ocasionais,1171.85
1858254,GIRALDI E GIRALDI TRANSPORTE E TURI,3,TOP TURBO,2.6666666666666665,Regulares,10284.18
1859675,CONSORCIO CBC INSTTALE - CONSERVA A,3,TOP TURBO,1.5,Ocasionais,2539.06
1681453,AZEVEDO SOARES IND. E COM. DE ARGAM,3,Outras,4.0,Frequentes,5611.22
1684281,VIACAO ATALAIA LTDA,3,TOP TURBO,5.0,Frequentes,10438.61
1684291,VM TRANSPORTES LTDA,3,Outras,1.0,Ocasionais,3775.27
12281,FAOL - FRIBURGO AUTO ONIBUS LTDA,3,TRM 5,2.0,Regulares,87426.27
1860636,TRANS SABES MUDANCAS E TRANSPORTES,3,Outras,6.0,Frequentes,19375.26
1861006,CONSORCIO CBC INSTTALE - CONSERVA L,3,TOP TURBO,1.3333333333333333,Ocasionais,3972.25
1861300,LEAC IMOVEIS SPE LTDA,3,TOP TURBO,1.6666666666666667,Regulares,31307.26
1861637,OTIMA TRANSPORTES DE SALVADOR SPE S,3,Outras,1.5,Ocasionais,25426.57
1861781,"VAMOS LOCACAO DE CAMINHOES, MAQUINA",3,GL 5,1.0,Ocasionais,1948.91
1861796,VIPE TRANSPORTES MULTIMODAIS LTDA,3,TOP TURBO,1.0,Ocasionais,37359.67
1862302,GATO MAGRO TRANSPORTES LTDA,3,TOP TURBO PRO,1.0,Ocasionais,3984.88
16601,HPE AUTOMOTORES DO BRASIL LTDA,3,Outras,1.0,Ocasionais,602132.75
16608,VIACAO PIRACICABANA S.A.,3,Outras,1.0,Ocasionais,4125.84
15052,ABC TRANSPORTES COLETIVOSVALE DO PA,3,Outras,2.0434782608695654,Regulares,99905.21
15276,3M DO BRASIL LTDA,3,Outras,1.5,Ocasionais,12993.73
1853907,CERAMICA NOSSA SENHORA DAS GRACAS L,3,TOP TURBO,4.0,Frequentes,18984.76
1854255,CONSORCIO CONSTRUTOR SAO FRANCISCO,3,Outras,4.2,Frequentes,151710.91999999998
1854691,ASSOCICAPE ASSOC. DOS PROP. DE EMB.,3,Outras,2.0,Regulares,34911.57
1855126,DINEX ENGENHARIA MINERAL LTDA,3,Outras,1.5,Ocasionais,11093.71
16156,CERAMICA STEFANI SA,3,Outras,1.0,Ocasionais,3061.05
1589093,CPN TRANSPORTADOR REVENDEDOR RETALH,3,Outras,1.3333333333333333,Ocasionais,12065.3
1589105,3R RIO VENTURA S.A.,3,Outras,3.4,Regulares,28890.56
1589129,RAJA LOG TRANSPORTES LTDA,3,TOP TURBO,1.5,Ocasionais,5182.219999999999
1589433,SV TRANSPORTES LTDA,3,Outras,2.0,Regulares,9209.37
1859944,VIACAO PEDRA NEGRA LTDA,3,TOP TURBO PRO,1.3333333333333333,Ocasionais,8106.389999999999
14437,COMPANHIA BRASILEIRA DE TRENS URBAN,3,Outras,3.5,Regulares,72883.58
1857273,J2-R ENGENHARIA LTDA,3,TOP TURBO,1.0,Ocasionais,7607.389999999999
17748,LUMOBRAS LUBRIFICANTES ESPECIAIS LT,3,Outras,1.25,Ocasionais,70148.49
17921,PROMAX PRODUTOS MAXIMOS S A INDUSTR,3,Outras,1.0,Ocasionais,85687.76
16610,VIACAO PIRACICABANA S.A.,3,Outras,1.3333333333333333,Ocasionais,10745.71
16611,VIACAO PIRACICABANA S.A.,3,Outras,1.4,Ocasionais,23404.300000000003
16613,BUTILAMIL INDUSTRIAS REUNIDAS S/A,3,TOP TURBO,1.7142857142857142,Regulares,28388.19
1851502,ZOCAR RIO CAMINHOES LTDA,3,GL 5,2.5,Regulares,29217.85
1851995,TRANSPORTES FATIMA LTDA,3,Outras,1.5,Ocasionais,18790.8
1852167,COMERCIO E TRANSPORTE DE FRUTAS PRI,3,TOP TURBO,1.0,Ocasionais,1723.2
16785,RAPIDO D'OESTE LTDA,3,Outras,1.8181818181818181,Regulares,224186.16
16959,TURSAN TURISMO SANTO ANDRE LTDA,3,Outras,2.0,Regulares,114113.81
1581611,JSL S.A.,3,Outras,1.0,Ocasionais,10753.79
1586063,"BUN-TECH, TECNOLOGIA EM INSUMOS LTD",3,Outras,1.9473684210526316,Regulares,117734.08
1587918,DISTRIBUIDORA BRASILEIRA DE ASFALTO,3,Outras,1.0,Ocasionais,8921.84
1853132,VERONA CONSTRUCOES E LOCACAO DE MAQ,3,Outras,1.0,Ocasionais,665.49
1853406,PEDREIRA ITAMATAMIRIM LTDA,3,TOP TURBO,8.0,Frequentes,28617.99
16314,FURUKAWA ELECTRIC LATAM S.A.,3,Outras,1.0,Ocasionais,12651.87
19327,ARAUCARIA TRANSPORTE COLETIVO LTDA,3,Outras,1.0,Ocasionais,4967.64
19583,SULCATARINENSE MIN ARTEF DE CIM BRI,3,Outras,1.0,Ocasionais,4722.55
19667,VIACAO COLOMBO LTDA,3,Outras,1.3714285714285714,Ocasionais,149083.97
1849297,CONCRELUZ CONCRETO DOURADOS LTDA,3,Outras,1.0,Ocasionais,4385.31
1849306,MINERADORA CONCRELUZ LTDA,3,GEAR,2.0,Regulares,9373.49
1849597,NOVA INDAIA ENERGIA LTDA,3,Outras,1.0,Ocasionais,17836.7
1692480,VIX TRANSPORTES DEDICADOS LTDA,3,Outras,1.25,Ocasionais,10081.44
1577122,C.M.W.TRANSPORTES LTDA,3,Outras,1.6666666666666667,Regulares,37967.37
1577385,CONSORCIO TEGRAM - ITAQUI,3,GEAR,2.4210526315789473,Regulares,241752.93
1577397,CONCRECON CONCRETO E CONSTRUCOES LT,3,Outras,1.9090909090909092,Regulares,62664.29
1577974,PUJANTE TRANSPORTES LTDA,3,TOP TURBO PRO,2.0,Regulares,6799.58
17199,BRASILMAXI LOGISTICA - LTDA. EM REC,3,Outras,1.0,Ocasionais,2956.5
17341,WOLF LUB - LUBRIFICANTES INDUSTRIAI,3,Outras,1.0,Ocasionais,56758.54
17617,MAGGION INDUSTRIAS DE PNEUS E MAQUI,3,Outras,1.3333333333333333,Ocasionais,112772.46
1850912,MEGAMIX ENGENHARIA E CONSTRUCOES LT,3,TOP TURBO PRO,1.0,Ocasionais,9628.71
1850915,FIGUEIRA BRANCA MINERACAO E COMERCI,3,Outras,7.0,Frequentes,71221.69
30912,CONSTRUCAP CCPS ENGENHARIA E COMERC,3,Outras,1.0,Ocasionais,15244.18
31583,VIACAO ARAGUARINA LTDA. EM RECUPERA,3,Outras,1.0,Ocasionais,12751.52
1570198,BRASMEG TRANSPORTES LTDA,3,TOP TURBO,1.5,Ocasionais,15620.77
1694138,TCL - TECNOLOGIA E CONSTRUCOES LTDA,3,TOP TURBO,2.5714285714285716,Regulares,66646.59
1574085,RAPIDO CUIABA TRANSP. URBANO LTDA,3,Outras,1.7391304347826086,Regulares,163243.31
20572,RIMATUR TRANSPORTES LTDA.,3,TRM 5,1.8888888888888888,Regulares,166018.57
20608,ACQUA AGUA DE COCO DA AMAZONIA INDU,3,GEAR,3.0,Regulares,2525.09
20728,VIACAO CIDADE SORRISO LTDA,3,TRM 5,1.0,Ocasionais,10238.36
1849063,MINOR - MINERACAO DO NORDESTE LTDA,3,GEAR,1.0,Ocasionais,3892.61
1849219,EMAL EMPRESA DE MINERACAO ARIPUANA,3,Outras,1.1666666666666667,Ocasionais,43654.71
1849288,MINERADORA CONCRELUZ LTDA,3,Outras,3.5714285714285716,Frequentes,50948.92
1849296,EMAL EMPRESA DE MINERACAO ARIPUANA,3,GEAR,1.5,Ocasionais,25551.12
21645,EXPRESSO ASSUR LTDA,3,Outras,1.7142857142857142,Regulares,111551.26
21811,YARA BRASIL FERTILIZANTES S/A,3,Outras,1.3,Ocasionais,29508.82
21812,YARA BRASIL FERTILIZANTES S/A,3,GEAR,2.0,Regulares,129724.99
18940,MULTILIT FIBROCIMENTO LTDA,3,Outras,1.4545454545454546,Ocasionais,137281.46
31995,BRASICAL INDUSTRIA E TRANSPORTES LT,3,Outras,2.5,Regulares,48311.76
35083,POLICIA MILITAR DO ESTADO DE MINAS,3,Outras,3.0,Regulares,4374.76
37061,TRANSPORTADORA EQUADOR LTDA,3,Outras,1.0,Ocasionais,297995.2
1180689,ELBA EQUIPAMENTOS E SERVICOS S/A,3,Outras,1.0,Ocasionais,75396.09
1695158,BRITA POTIGUAR LTDA,3,Outras,4.5,Frequentes,52775.82
1695565,TURIN TRANSPORTES LTDA,3,TRM 5,1.0,Ocasionais,4416.34
1695962,UBERLANDIA REFRESCOS LTDA.,3,Outras,1.25,Ocasionais,97522.0
1518328,JOSIAS O DA SILVA LTDA,3,Outras,1.0,Ocasionais,9463.44
1569495,JSL S.A.,3,Outras,1.5,Ocasionais,34518.16
22767,SERVICOS ESPECIAIS DE TRANSPORTES D,3,TRM 5,1.0,Ocasionais,3281.58
1847381,GONTIJO ENGENHARIA E FUNDACOES ESPE,3,GEAR,3.0,Regulares,10902.0
1847389,PRIMOTECH LOGISTICA E SERVICOS LTDA,3,TOP TURBO PRO,1.0,Ocasionais,7842.96
1847715,PRIMOTECH LOGISTICA E SERVICOS LTDA,3,Outras,1.0,Ocasionais,708.14
1847758,"FM TRANSPORTES, LOCACAO E LOGISTICA",3,Outras,1.2,Ocasionais,72186.34
1848042,CASA LIMPA TRANSPORTES LTDA,3,Outras,1.5,Ocasionais,9539.83
30203,COMPANHIA BRASILEIRA DE TRENS URBAN,3,Outras,2.6666666666666665,Regulares,94035.44
41478,GUACU TUR TRANSPORTES E TURISMO LTD,3,Outras,4.0,Frequentes,15856.25
1846386,CASSOL PRE-FABRICADOS LTDA,3,TRM 5,1.25,Ocasionais,9135.53
1846469,CLARA TRANSPORTES E OPERACOES LOGIS,3,Outras,3.6666666666666665,Frequentes,26532.65
41556,TRANSPORTE PADOVANI LTDA,3,TRM 5,3.0,Regulares,4994.360000000001
1173910,S.S.B. ENERGIA RENOVAVEL LTDA,3,Outras,1.0,Ocasionais,21284.13
1174048,NELCAR TRANSPORTES RODOVIARIOS LTDA,3,TRM 5,1.0,Ocasionais,1833.2
1696395,COSAMPA PROJETOS E CONSTRUCOES LTDA,3,Outras,3.0,Regulares,41426.14
1696475,COMPANHIA BRASILEIRA DE ENERGIA REN,3,HYDRA,3.0,Regulares,24130.97
1176301,INCOPISOS INDUSTRIA E COMERCIO DE P,3,Outras,1.6666666666666667,Regulares,15849.45
38812,SAFRA TRR LTDA,3,TOP TURBO,1.0,Ocasionais,3138.97
38938,CONSTRUTORA A GASPAR S/A,3,Outras,1.0,Ocasionais,15408.19
1846537,MMM CEREAIS LTDA,3,Outras,2.0,Regulares,6190.87
1846543,EMPRESA DE TRANSPORTES AGUIA DOURAD,3,TOP TURBO,4.666666666666667,Frequentes,111457.48
1846654,OTIMA TRANSPORTES DE SALVADOR SPE S,3,TOP TURBO,2.2,Regulares,32257.5
39009,PAUPEDRA PEDREIRAS PAVIMENTACOES E,3,Outras,1.0,Ocasionais,6222.639999999999
40458,FURNAS - CENTRAIS ELETRICAS S.A.,3,Outras,1.0,Ocasionais,1274.05
45055,INTERLANDIA LIMITADA,3,Outras,2.2142857142857144,Regulares,56809.34
45765,RDG ACOS DO BRASIL S/A,3,Outras,2.4,Regulares,71233.4
1171300,VILA REAL TRANSPORTES E SERVICOS LT,3,Outras,1.0,Ocasionais,4478.96
1171480,LONTANO TRANSPORTES SA,3,TOP TURBO,1.5,Ocasionais,215408.49
1699329,UNIVALE TRANSPORTES LTDA,3,Outras,2.0,Regulares,6776.719999999999
1699507,EXPRESSO TRANSPORTE TURISMO LTDA,3,Outras,3.0,Regulares,6862.82
1699549,NSV LOGISTICA LTDA,3,TOP TURBO,2.0,Regulares,7435.11
1172767,CIMAR - CIMENTOS DO MARANHAO S.A.,3,HYDRA XP,1.0,Ocasionais,4782.66
1173607,DOUGLAS HENRIQUE PAIAO 38356637805,3,Outras,3.0,Regulares,2648.18
1173884,CEFERTIL-CESARI FERTILIZANTES LTDA,3,GEAR,2.0,Regulares,2588.19
41934,TRANSMARONI TRANSPORTES BRASIL RODO,3,Outras,1.0,Ocasionais,432533.93
1845127,RL TRANSPORTADORA DE CARGAS LTDA,3,Outras,3.0,Regulares,37871.6
1845470,REINALDO SGARIBOLDI E OUTROS,3,Outras,2.0,Regulares,42589.67
1845560,"ARMAC LOCACAO, LOGISTICA E SERVICOS",3,Outras,1.0,Ocasionais,3357.88
1845742,WILLIAN LOCATELLI LTDA,3,Outras,2.0,Regulares,3329.91
1845758,MARCHIORI TRANSPORTES POLONI LTDA,3,TOP TURBO,3.0,Regulares,11783.5
51067,EMAL EMPRESA DE MINERACAO ARIPUANA,3,Outras,2.2222222222222223,Regulares,77849.04000000001
51081,MINERACAO ITAIPU INDUSTRIA E COMERC,3,Outras,1.8333333333333333,Regulares,130799.99
53797,AUTO VIACAO 1001 LTDA,3,TOP TURBO,1.4285714285714286,Ocasionais,44267.1
49313,J TOLEDO DA AMAZONIA INDUSTRIA E CO,3,Outras,1.2857142857142858,Ocasionais,193925.79
1840909,TRANSPORTADORA PERLOPES LTDA,3,TOP TURBO PRO,2.4444444444444446,Regulares,240612.46
1841366,CAMES RETIFICA E TRANSMISSOES LTDA,3,TOP TURBO PRO,2.1666666666666665,Regulares,9563.41
1841381,"ARMAC LOCACAO, LOGISTICA E SERVICOS",3,Outras,3.0,Regulares,4513.65
1842806,BRT AMAZONIA S.A.,3,Outras,2.0,Regulares,54596.82
1842826,VDA LOGISTICA LTDA,3,Outras,3.6666666666666665,Frequentes,43574.49
1843139,"FM TRANSPORTES, LOCACAO E LOGISTICA",3,Outras,3.0,Regulares,44292.58
1843142,"ARMAC LOCACAO, LOGISTICA E SERVICOS",3,Outras,1.0,Ocasionais,1136.35
47051,MUNDAI TRANSPORTES URBANOS LTDA,3,Outras,1.0,Ocasionais,4172.05
1170379,ORGUEL INDUSTRIA E LOCACAO DE EQUIP,3,Outras,2.0,Regulares,39889.17
43398,VIACAO OSASCO LTDA,3,Outras,1.25,Ocasionais,51231.64
43609,RODOBELO TRANSPORTES RODOVIARIOS LT,3,TOP TURBO PRO,2.5,Regulares,186639.7
1844700,SEASTAR BRASIL SERVICOS MARITIMOS L,3,Outras,2.0,Regulares,18541.06
59216,TRANSPORTADORA PRIMO LTDA,3,TOP TURBO PRO,2.0,Regulares,9214.61
59421,ADEMIR COMERCIO DE VEICULOS E TRANS,3,Outras,1.8,Regulares,112526.7
1837240,SANCETUR - SANTA CECILIA TURISMO LT,3,Outras,3.0,Regulares,21197.19
58497,JUNQUEIRA COMPRESSORES E MAQUINAS L,3,Outras,1.0,Ocasionais,13973.25
1837868,INDUSTRIA DE URNAS GAUCHA LTDA,3,Outras,1.75,Regulares,4764.56
1837972,"ARMAC LOCACAO, LOGISTICA E SERVICOS",3,TOP TURBO,2.0,Regulares,609.7
1838437,ACO VERDE DO BRASIL S/A,3,Outras,1.0,Ocasionais,4968.79
1702504,IDEAL INFRAESTRUTURA E MONTAGEM LTD,3,Outras,1.0,Ocasionais,3553.58
1166187,CAVALHEIRO LOGISTICS LTDA,3,TOP TURBO PRO,2.4,Regulares,120337.93
1166549,NOVISA TRANSPORTES RODOVIARIOS E SE,3,GL 5,1.5,Ocasionais,12597.83
54451,TRANSPORTADORA MACABU LTDA,3,Outras,1.0,Ocasionais,1046.73
1839405,RETRO GOMES MAQUINAS E EQUIPAMENTOS,3,Outras,1.0,Ocasionais,3631.37
1840092,DELTA PRODUTOS E SERVICOS LTDA,3,Outras,1.0,Ocasionais,14743.53
56580,GRENDENE S A,3,Outras,1.0,Ocasionais,2134.15
56914,VIX LOGISTICA S/A,3,Outras,1.0,Ocasionais,22255.45
51033,CAMIL CACERES MINERACAO LTDA,3,Outras,1.5333333333333334,Regulares,152830.19
1162934,EXPRESSO PLANALTO TRANSPORTE E LOGI,3,Outras,1.2857142857142858,Ocasionais,12791.21
1162940,VALOREM AGRONEGOCIOS MT LTDA,3,Outras,3.0,Regulares,33020.21
1163691,RHODIA BRASIL S.A.,3,Outras,2.3870967741935485,Regulares,176887.86
1703239,MINERADORA MX LTDA,3,GEAR,2.0,Regulares,11692.32
1703393,VITSERV VITORIA SERVICOS LTDA,3,Outras,2.0,Regulares,66749.18
1703399,GUARANTA ENERGETICA LTDA,3,Outras,1.3333333333333333,Ocasionais,31416.12
1704530,NOVO MUNDO ENERGETICA LTDA,3,Outras,1.0,Ocasionais,27488.75
1164386,TRANSLUTE TRANSPORTES RODOVIARIOS L,3,Outras,1.4,Ocasionais,90495.24
60335,TRANSCOL TRANSPORTES E LOGISTICA LT,3,Outras,2.0,Regulares,6466.9
60587,CONSTRUCAP CCPS ENGENHARIA E COMERC,3,Outras,1.0,Ocasionais,11974.9
60717,CATTO COMERCIO E TRANSPORTES LTDA,3,Outras,2.5,Regulares,31838.02
60756,TIC TRANSPORTES LTDA,3,Outras,1.391304347826087,Ocasionais,166513.98
60916,MARTINS RENT A CAR LTDA,3,Outras,1.0,Ocasionais,11678.07
61160,ENSCON VIACAO LTDA,3,Outras,1.0,Ocasionais,3421.76
61182,EMPRESA SAO FRANCISCO LTDA,3,Outras,1.2222222222222223,Ocasionais,126138.78
61718,D'GRANEL TRANSPORTES E COMERCIO LTD,3,Outras,2.1904761904761907,Regulares,144964.94
1833741,JOLAZ TRANSPORTES E LOGISTICA LTDA,3,Outras,2.75,Regulares,12647.68
1834205,NOVATEC CONSTRUCOES E EMPREENDIMENT,3,Outras,2.0,Regulares,869.6600000000001
1834206,"ARMAC LOCACAO, LOGISTICA E SERVICOS",3,TOP TURBO,2.5,Regulares,20028.4
1834335,D ' LOC MAQUINAS FERRAMENTAS E ASSI,3,Outras,2.6666666666666665,Regulares,42897.47
1834411,COSAMPA ENERGIA LTDA,3,Outras,4.0,Frequentes,40661.0
64432,"TONIOLO, BUSNELLO S/A - TUNEIS, TER",3,Outras,1.75,Regulares,18289.31
1160020,BREMAR LOCACOES LTDA,3,TOP TURBO,3.0,Regulares,117188.85
1704950,CSS TRANSMISSOES E SERVICOS AUTOMOT,3,Outras,2.0,Regulares,5633.51
1705029,AGROPECUARIA CFM MATO GROSSO DO SUL,3,Outras,1.8888888888888888,Regulares,31895.99
1161028,ZAQUEU TRANSPORTES E LOGISTICA LTDA,3,TOP TURBO PRO,2.3636363636363638,Regulares,263297.71
62160,VIACAO FALCAO LTDA,3,TOP TURBO,3.0,Regulares,3805.46
62287,COMPANHIA MINERADORA DO PIROCLORO D,3,Outras,4.0,Frequentes,72602.57
1835273,PEDRICAL MINERACAO SPE LTDA,3,Outras,1.5,Ocasionais,10432.43
1835373,"ARMAC LOCACAO, LOGISTICA E SERVICOS",3,TOP TURBO,2.2857142857142856,Regulares,93003.72
64093,MAGNABOSCO COMERCIO E TRANSPORTES L,3,Outras,4.0,Frequentes,17874.11
1162891,JSL S.A.,3,Outras,1.5,Ocasionais,28887.99
1831786,CONSORCIO MINA FABRICA,3,Outras,1.5,Ocasionais,12549.61
70364,RAPIDO FENIX VIACAO LTDA,3,Outras,2.0,Regulares,12296.35
70567,EMAL EMPRESA DE MINERACAO ARIPUANA,3,GEAR,1.6,Regulares,99721.89
70826,VIACAO SIARA GRANDE LTDA EM RECUPER,3,TOP TURBO PRO,1.5,Ocasionais,5768.81
64864,VIACAO SANTA BRIGIDA LTDA,3,TRM 5,2.0,Regulares,232810.52
1832798,VALLE SUL CONSTRUTORA E MINERADORA,3,TOP TURBO,4.0,Frequentes,23943.81
67625,VIACAO TABOSA LTDA,3,Outras,4.2,Frequentes,18634.67
67715,E.B.S.- EMPRESA BRASILEIRA DE SANEA,3,GEAR,1.0,Ocasionais,16519.26
69557,TRANS PITA TRANSPORTES LTDA,3,TOP TURBO,2.5,Regulares,7870.360000000001
1155232,CONSTRUTORA CONTINENTAL DE SAO PAUL,3,Outras,2.0,Regulares,19606.16
1155556,JSL S/A.,3,Outras,1.5,Ocasionais,26802.76
1707010,MINERACAO E PESQUISA BRASILEIRA LTD,3,Outras,1.0,Ocasionais,2973.99
1158444,EXPRESSO SAO JOSE LTDA,3,Outras,1.5,Ocasionais,15529.98
64257,EXPRESSO NORDESTE LINHAS RODOVIARIA,3,TOP TURBO PRO,1.6666666666666667,Regulares,17257.27
64351,VIACAO MOTTA LIMITADA,3,Outras,1.6666666666666667,Regulares,97327.27
1833343,SACS CONSTRUCAO E MONTAGEM LTDA,3,TOP TURBO,2.25,Regulares,52875.87
72469,VIACAO JARDINS S.A.,3,TOP TURBO PRO,1.3333333333333333,Ocasionais,154522.75
72635,PETRA MG INDUSTRIA E COMERCIO DE AG,3,Outras,1.0,Ocasionais,13467.18
72707,TRANSMARGOO TURISMO E FRETAMENTO LT,3,Outras,1.125,Ocasionais,40994.26
1153075,COOPERATIVA DE TRANSPORTES DE RONDO,3,Outras,1.3333333333333333,Ocasionais,38136.63
1154305,EMPRESA DE TRANSPORTES AGUIA DOURAD,3,Outras,2.4,Regulares,108025.22
1154332,"COMERCIO ATACADISTA DE RACAO, CEVAD",3,TOP TURBO PRO,2.142857142857143,Regulares,39745.37
1154428,EXPRESSO PLANALTO TRANSPORTE E LOGI,3,TOP TURBO,1.0,Ocasionais,2360.44
1708004,ELITE EXPRESS LTDA,3,TOP TURBO,2.0,Regulares,29752.38
71436,PETRAL COMERCIO DE FERRO E ACO LTDA,3,Outras,1.5294117647058822,Regulares,20687.97
1831531,"TB SERVICOS, TRANSP., LIMP., GER.E",3,HYDRA,3.0,Regulares,17768.0
1831532,BARRETO NOMAN DISTRIBUIDORA DE BEBI,3,TOP TURBO PRO,2.0,Regulares,6465.51
71590,CONCRESUL BRITAGEM LTDA,3,Outras,1.5,Ocasionais,3951.32
71711,TURSAN TURISMO SANTO ANDRE LTDA,3,Outras,1.8823529411764706,Regulares,130834.62
71828,VESPA TRANSPORTE E LOGISTICA LTDA,3,TRM 5,1.0,Ocasionais,13446.08
70062,ITM LATIN AMERICA INDUSTRIA DE PECA,3,Outras,1.2962962962962963,Ocasionais,408427.94
1831726,VISAC ESTEIO SPE S.A,3,Outras,1.0,Ocasionais,8335.6
73801,PEDREIRA SANTO ONOFRE LTDA,3,Outras,2.5,Regulares,13892.97
1830415,ZYLIX - ENGENHARIA DE COMPUTACAO E,3,HYDRA XP,1.0,Ocasionais,4496.19
1831113,CONSTRUTORA LUIZ COSTA LTDA,3,Outras,1.0,Ocasionais,4839.85
1149021,BUDEL TRANSPORTES LTDA,3,Outras,1.1666666666666667,Ocasionais,25398.82
1709645,VIACAO COMETA S A,3,Outras,1.25,Ocasionais,53981.95
1151727,JSL S/A.,3,Outras,1.3333333333333333,Ocasionais,10887.63
1152038,EXPRESSO NEPOMUCENO S/A,3,Outras,1.6363636363636365,Regulares,53123.7
1152074,COMPANHIA INDUSTRIAL DE CIMENTO APO,3,Outras,1.0,Ocasionais,3993.52
1152094,CEDAN RACOES INDUSTRIA E COMERCIO D,3,TOP TURBO,2.3333333333333335,Regulares,27362.7
1152203,GARDEN CONCRETO E SERVICOS LTDA,3,Outras,1.0,Ocasionais,3194.42
1152801,A. EDUARDO DE OLIVEIRA LTDA,3,Outras,1.0,Ocasionais,7425.73
1152907,CONSTRUTORA LUIZ COSTA LTDA,3,Outras,1.125,Ocasionais,34706.0
72399,JACAREI TRANSPORTE URBANO LTDA,3,Outras,1.0,Ocasionais,6435.01
1831475,ECOMIX GESTAO E PLANEJAMENTOS LTDA,3,Outras,2.0,Regulares,37099.31
1831488,SC MINAS TRANSPORTES LTDA.,3,Outras,1.0,Ocasionais,10100.3
1831492,CALCARIO SAO JOSE INDUSTRIA E COMER,3,HYDRA,2.75,Regulares,158510.59
1826716,WASTE TRANSP COMERCIO TRANSPORTES L,3,TOP TURBO,2.125,Regulares,28943.79
1827305,DCAN TRANSPORTES LTDA,3,TOP TURBO,3.0,Regulares,10238.71
79206,MICHEL TRANSPORTES ALTINOPOLIS LTDA,3,Outras,2.409090909090909,Regulares,126738.92
1827606,EMPLAVI REALIZACOES IMOBILIARIAS LT,3,HYDRA XP,1.0,Ocasionais,935.08
1827615,VIX LOGISTICA S/A,3,Outras,1.0,Ocasionais,2240.13
1827633,ABDALA DAGUER NETO,3,Outras,4.0,Frequentes,13436.79
1827990,Gallo Transportes Ltda,3,TOP TURBO PRO,1.5,Ocasionais,8373.57
1144894,COBRAZEM AGROINDUSTRIAL LTDA,3,GEAR,2.2580645161290325,Regulares,234843.74
1710635,COMANDO DA MARINHA,3,Outras,1.0,Ocasionais,21300.84
1148678,PELICANO CONSTRUCOES S.A.,3,GL 5,1.0,Ocasionais,4333.06
75273,L. F. TIMBERS LTDA,3,Outras,4.0,Frequentes,1274.35
1828605,FORNECEDORA ENGELOG LOCACOES E SERV,3,Outras,1.0,Ocasionais,1862.82
1828886,LET'S RENT A CAR S/A,3,TOP TURBO PRO,1.0,Ocasionais,13790.0
1828907,EMPREENDIMENTOS RODEIRO S/A,3,TOP TURBO PRO,1.6666666666666667,Regulares,32705.14
1828939,AMBIPAR WASTE TO ENERGY S.A.,3,Outras,1.5,Ocasionais,2681.96
77118,TRANSCAIPORA LTDA,3,Outras,5.2,Frequentes,138221.1
80533,COOPERABAM - COOPERATIVA DOS CAMINH,3,TOP TURBO,5.0,Frequentes,19228.31
1825419,SEUMA SERVICOS DE USINAGEM E MANUTE,3,Outras/Baixo volume,1.0,Ocasionais,12259.54
1825428,REFRIGERACAO ICARAI LTDA,3,Outras,1.0,Ocasionais,25257.4
1825438,CSSH COMPANHIA SIDERURGICA SANTA HE,3,Outras,1.1,Ocasionais,7186.74
1826150,TCL - TECNOLOGIA E CONSTRUCOES LTDA,3,TOP TURBO,2.6666666666666665,Regulares,220069.63
81839,"TRANSPORTES, TERRAPLENAGENS E PARTI",3,Outras,1.6666666666666667,Regulares,19372.03
1140271,POLICIA CIVIL DO ESTADO DE MINAS GE,3,Outras,5.0,Frequentes,211234.13
1142624,SEPE GERACAO DE ENERGIA LTDA,3,Outras,2.5,Regulares,16615.93
1711740,CIDADE JARDIM SANTANA DO ARAGUAIA E,3,TOP TURBO,2.0,Regulares,25626.07
1712184,"VAMOS LOCACAO DE CAMINHOES, MAQUINA",3,Outras,2.0,Regulares,5328.81
1142721,CONSORCIO METROPOLITANO DE TRANSPOR,3,TOP TURBO PRO,3.0,Regulares,158729.98
1142798,TRES TENTOS AGROINDUSTRIAL SA,3,Outras,1.0,Ocasionais,14188.53
1143155,VIACAO PIRACICABANA S.A.,3,TRM 5,1.0,Ocasionais,6308.99
1826485,EXPRESSO ITAMARATI S.A.,3,Outras,1.0,Ocasionais,3724.38
1826568,D A LOC SERVICE LOCACAO DE MAQUINAS,3,TOP TURBO,1.5,Ocasionais,23158.69
1826603,CONSTRUTORA TRIPOLONI LTDA,3,Outras,4.0,Frequentes,90219.91
1824050,EXTRACAO DE AREIA FUNDAO LTDA,3,HYDRA XP,1.8,Regulares,47910.49
1824315,SOUZA E CONCEICAO TRANSPORTES LTDA,3,Outras,1.4,Ocasionais,11646.2
1824568,CARBOSERVICES COSMOPOLIS LTDA,3,GEAR,2.4285714285714284,Regulares,57232.31
85433,EXPRESSO SAO JOSE LTDA,3,Outras,1.3636363636363635,Ocasionais,80270.3
85603,PIONEIRO COMBUSTIVEIS LTDA,3,Outras,3.1666666666666665,Regulares,32923.9
86261,MOSCA LOGISTICA LTDA,3,Outras,4.6,Frequentes,31009.05
1134385,ERAM ESTALEIRO RIO AMAZONAS LTDA,3,Outras,1.0,Ocasionais,7864.99
1135208,DISK - BRITA INDUSTRIA E COMERCIO D,3,HYDRA XP,4.0,Frequentes,23027.33
1136555,CORTEZ ENGENHARIA LTDA.,3,TOP TURBO,2.8,Regulares,190567.26
82149,CAL CEM INDUSTRIA DE MINERIOS LTDA,3,HYDRA XP,1.0,Ocasionais,2176.75
82711,CISNE BRANCO TRANSPORTES E TURISMO,3,Outras,2.242424242424242,Regulares,159895.91
82724,VIACAO OSASCO LTDA,3,Outras,1.6666666666666667,Regulares,48009.41
1824682,"ARMAC LOCACAO, LOGISTICA E SERVICOS",3,HYDRA,1.5,Ocasionais,3009.2200000000003
84438,VIACAO UNIAO SANTA CRUZ LTDA,3,Outras,1.0,Ocasionais,5963.41
80155,JURUENA ENERGIA S.A.,3,GEAR,1.0,Ocasionais,35009.0
80494,FRIGORIFICO BETTER BEEF LTDA,3,Outras,1.75,Regulares,25391.67
87684,TRANSPORTES FUTURO LTDA,3,Outras,1.3333333333333333,Ocasionais,29130.28
87685,TRANSPORTES BARRA LTDA,3,Outras,1.5,Ocasionais,22657.550000000003
87711,VIACAO UNIAO SANTA CRUZ LTDA,3,TRM 5,1.1111111111111112,Ocasionais,33135.380000000005
87940,SUPERMIX CONCRETO S/A,3,Outras,1.0,Ocasionais,2979.2200000000003
1822669,VIACAO MINAS GERAIS S.A.,3,Outras,1.6666666666666667,Regulares,25727.61
1822691,REAL MAIA TRANSPORTES TERRESTRES LT,3,Outras,1.0,Ocasionais,78651.93
1822694,RAJA LOG TRANSPORTES LTDA,3,GL 5,2.0,Regulares,5688.25
1714235,EXPRESSO PLANALTO TRANSPORTE E LOGI,3,TOP TURBO,1.3333333333333333,Ocasionais,4637.35
1132345,ETS MARQUES TERRAPLENAGEM LTDA,3,Outras,2.0,Regulares,55987.6
1132953,GIRAMUNDO TRANSPORTES LTDA,3,Outras,1.4285714285714286,Ocasionais,28371.46
1133030,ENEVA S.A.,3,Outras,1.0,Ocasionais,1234.65
84645,MILENIUM TRANSPORTES LTDA,3,TOP TURBO,2.25,Regulares,13279.15
84669,VALE GRANDE IND.COM.ALIMENTOS S/A,3,Outras,2.0,Regulares,9006.82
84973,CEMTAL MINERACAO LTDA,3,Outras,1.875,Regulares,38838.72
85286,EXPRESSO SAO JOSE LTDA,3,Outras,1.25,Ocasionais,109109.82
1824003,AVIDUS LOGISTICA LTDA,3,Outras,3.0,Regulares,4368.46
1821679,CONSTRUTORA TRIPOLONI LTDA,3,Outras,2.0,Regulares,26730.25
1821816,FIBRA FORTE COMERCIAL LTDA,3,Outras,1.3333333333333333,Ocasionais,23463.37
91651,HORII AGRO INDUSTRIAL DE MINERIOS L,3,Outras,5.4,Frequentes,72555.51
1128846,TRANSPORTES E ARMAZENAGEM ZILLI LTD,3,Outras,1.0,Ocasionais,3311.47
1129027,MARISUL TRANSPORTES LTDA,3,TOP TURBO,1.75,Regulares,31430.16
1130315,A C R TRANSPORTES E COMERCIO DE GRA,3,Outras,1.5,Ocasionais,9860.15
1714439,DLT LOGISTICA EM TRANSPORTES LTDA,3,TOP TURBO,1.3333333333333333,Ocasionais,14251.8
1714813,CAMARA AMBIENTAL LTDA,3,Outras,1.0,Ocasionais,2165.4
1823596,TURBI COMPARTILHAMENTO DE VEICULOS,3,Outras,2.142857142857143,Regulares,522477.76
89407,CINEXPAN INDUSTRIA E COMERCIO DE AR,3,GEAR,1.5833333333333333,Regulares,61749.02
89701,UNIAO TRANSPORTE E TURISMO LTDA,3,TOP TURBO PRO,2.857142857142857,Regulares,114751.92
90207,REFRANOR REFRATARIOS DO NORDESTE SA,3,Outras,1.0,Ocasionais,17277.769999999997
1822150,GREIF EMBALAGENS INDUSTRIAIS DO BRA,3,Outras,1.0,Ocasionais,25629.52
1822404,VIACAO SAO GERALDO SACRAMENTO LTDA,3,Outras,1.0,Ocasionais,3375.84
1822656,VIACAO SAO GERALDO SACRAMENTO LTDA,3,Outras,1.0,Ocasionais,3375.84
87683,VIACAO REDENTOR LTDA,3,Outras,2.3333333333333335,Regulares,66560.55
1817938,IMPERIO CALTINS CALCARIO LTDA,3,Outras,3.3333333333333335,Regulares,47734.6
1817940,CALTINS CALCARIO MATO GROSSO LTDA,3,HYDRA XP,1.75,Regulares,22486.01
1818496,DCR TRANSPORTES LTDA,3,Outras,1.0,Ocasionais,1525.53
1127061,MULTILIT INDUSTRIA E COMERCIO LTDA,3,GEAR,1.0,Ocasionais,3462.53
1127570,YARA BRASIL FERTILIZANTES S/A,3,GEAR,1.6111111111111112,Regulares,110189.84
1734227,ZUCOLOTO TRANSPORTES LTDA,3,Outras,1.0,Ocasionais,22253.74
1735327,ANTONIO CRUZ SAMPAIO JUNIOR,3,Outras,3.0,Regulares,4621.15
1735344,COMBIO ENERGIA S.A.,3,GEAR,2.375,Regulares,19970.45
1128014,PEDALUSA ALIMENTOS S/A,3,GEAR,1.5,Ocasionais,3676.26
1128388,MINERACAO CAFE LTDA,3,Outras,1.0,Ocasionais,3094.18
1128451,VALOBRAS INDUSTRIA LTDA.,3,GEAR,2.3333333333333335,Regulares,119408.96
91990,SUPERMIX CONCRETO S/A,3,Outras,1.0,Ocasionais,2572.53
92313,SUPERMIX CONCRETO S/A,3,Outras,1.0,Ocasionais,3064.12
92594,EMPRESA BARRACA TURISMO LTDA,3,Outras,1.0,Ocasionais,6947.93
90721,BIRLA CARBON BRASIL LTDA.,3,Outras,1.1428571428571428,Ocasionais,7769.63
1821671,JOAO LUIZ DE ANDRADE,3,Outras,1.0,Ocasionais,964.73
1816708,CONCRENOP CONCRETOS SINOP LTDA,3,HYDRA XP,3.3076923076923075,Regulares,80722.93
1816710,CONCRENOP CONCRETOS SINOP LTDA,3,HYDRA XP,4.666666666666667,Frequentes,21698.8
1816719,CONCRENOP CONCRETOS SINOP LTDA,3,Outras,2.0,Regulares,4471.18
1816720,CONCRENOP CONCRETOS SINOP LTDA,3,TOP TURBO,1.5,Ocasionais,5285.860000000001
95982,JOTUR AUTO ONIBUS E TURISMO JOSEFEN,3,Outras,1.0,Ocasionais,7786.78
1125317,J TOLEDO COMPONENTES PECAS E ACESSO,3,HYDRA XP,1.0,Ocasionais,1285.11
1125880,TRANSMASUT TRANSPORTES LTDA,3,Outras,1.0,Ocasionais,1395.39
1126446,FERTILIZANTES TOCANTINS  S.A,3,Outras,1.4,Ocasionais,49902.72
1735489,TRANSPORTADORA TURISTICA SUZANO LTD,3,Outras,2.0,Regulares,11171.72
1736780,COMBIO ENERGIA S.A.,3,Outras,2.0,Regulares,5419.9400000000005
1737041,CORTEZ ENGENHARIA LTDA.,3,Outras,4.0,Frequentes,107626.66
93636,EPOCA COMERCIO E DISTRIBUICAO DE PR,3,TOP TURBO,2.0833333333333335,Regulares,95892.39
94148,CRAVARI GERACAO DE ENERGIA S.A.,3,Outras,1.0,Ocasionais,14218.99
94433,RODONAVES TRANSPORTES E ENCOMENDAS,3,Outras,1.0,Ocasionais,23163.2
1816880,CONSTRUTORA LUIZ COSTA LTDA,3,Outras,1.4,Ocasionais,20770.59
1817334,AGRONELLI AGROINDUSTRIA LTDA,3,Outras,1.0,Ocasionais,3053.48
101427,CASABLANCA RENT A CAR LTDA,3,Outras,1.2857142857142858,Ocasionais,29118.77
98533,UNIMAR LTDA,3,GEAR,1.0,Ocasionais,14521.73
99842,COLORADO LOGISTICA LTDA,3,TOP TURBO PRO,1.0,Ocasionais,8096.66
96142,MG INDUSTRIA COMERCIO SA,3,GEAR,3.5,Regulares,30009.07
96802,ETESCO CONSTRUCOES E COMERCIO LTDA,3,Outras,1.65,Regulares,130428.23
1814704,"CONSTRUIR CONSTRUCAO, LOCACAO DE EQ",3,Outras,1.0,Ocasionais,1416.17
1814708,DCA COMERCIO DE GRAOS LTDA,3,Outras,1.0,Ocasionais,3069.21
1814821,CONSTRUTORA TRIPOLONI LTDA,3,Outras,2.3333333333333335,Regulares,90930.81
1740365,LOGTRANS LTDA,3,TOP TURBO,1.6,Regulares,34741.06
1740368,AMBIPAR ENVIRONMENTAL GREEN TIRE AM,3,HYDRA XP,2.142857142857143,Regulares,15090.95
1123345,AGIS CONSTRUCAO S.A,3,Outras,4.0,Frequentes,10208.05
95189,SUPERMIX CONCRETO S/A,3,HYDRA,2.0,Regulares,6403.360000000001
95819,TRANSLIMP - TRANSPORTE E LIMPEZA DE,3,Outras,1.0,Ocasionais,1140.39
1815345,CONCRENOP CONCRETOS SINOP LTDA,3,HYDRA XP,4.666666666666667,Frequentes,27193.63
1816219,EXPRESSO NEPOMUCENO S/A,3,Outras,3.8666666666666667,Frequentes,281437.89
1816616,ZOPONE ENGENHARIA E COMERCIO LTDA,3,Outras,1.0,Ocasionais,3066.57
1811210,ABS MULTISERVICE LTDA,3,Outras,4.0,Frequentes,36488.38
1811493,JSL S.A.,3,Outras,1.0,Ocasionais,3446.22
105410,TRANSPORTADORA AP DE RANCHARIA LTDA,3,Outras,1.9166666666666667,Regulares,73984.14
102337,EXPRESSO PRINCESA DOS CAMPOS SA,3,Outras,1.0,Ocasionais,1873.7
1812224,VIX TRANSPORTES DEDICADOS LTDA,3,Outras,1.625,Regulares,63274.54
103320,VIACAO MIRACATIBA LTDA,3,Outras,1.3333333333333333,Ocasionais,26269.11
103389,CIA DE FERRO LIGAS DA BAHIA FERBASA,3,Outras,1.2,Ocasionais,43711.48
103851,TRANSFAL TRANSPORTES LTDA,3,Outras,1.0,Ocasionais,20527.04
1741766,G. A. TRANSPORTES LTDA,3,TOP TURBO,1.1666666666666667,Ocasionais,22386.6
1741799,VIX TRANSPORTES DEDICADOS LTDA,3,TOP TURBO PRO,2.0,Regulares,13627.46
1742357,HANDCRAFTBRAZIL IND. COM. DE FERRAG,3,GEAR,1.0,Ocasionais,3816.28
1119577,CONSORCIO TORC-MAIA MELO,3,Outras,2.0,Regulares,656.5
100200,COMERCIO E TRANSPORTES MIORANZA LTD,3,Outras,1.0,Ocasionais,7535.01
100551,HU - TRANSPORTE RODOVIARIO LTDA,3,Outras,2.4,Regulares,493709.34
100617,VIACAO PLATINA LTDA,3,Outras,1.1111111111111112,Ocasionais,29245.49
1813111,BRASCOM COMPRESSORES LTDA,3,GEAR,4.0,Frequentes,16503.3
109204,INDUSTRIAS DE PAPEL R RAMENZONI S/A,3,Outras,1.3333333333333333,Ocasionais,57857.23
109356,BOZEL BRASIL S.A.,3,Outras,1.4666666666666666,Ocasionais,81024.16
107263,SUPERMIX CONCRETO S/A,3,Outras,2.0,Regulares,71576.13
108152,TRANSLOS LTDA,3,Outras,1.0,Ocasionais,976.22
108201,AMAZONAS INDUSTRIAS ALIMENTICIAS S,3,TOP TURBO PRO,1.375,Ocasionais,126222.96
108249,CALTINS CALCARIO TOCANTINS LTDA,3,Outras,1.1428571428571428,Ocasionais,9031.57
105632,EMPRESA DE ONIBUS NOSSA SENHORA DA,3,Outras,1.5,Ocasionais,14427.29
106285,VIX LOGISTICA S/A,3,Outras,1.1304347826086956,Ocasionais,92595.31
1809991,INDUSTRIA E COMERCIO DE CAFE PINGA,3,Outras,1.0,Ocasionais,949.24
1114881,CONCREBAL - CONCRETOS BALDISSERA LT,3,TOP TURBO,2.6666666666666665,Regulares,145429.54
1743354,BONO TRANSPORTES RODOVIARIO E DISTR,3,TOP TURBO,2.25,Regulares,19592.49
1116247,VERDI CONCRETO LTDA,3,Outras,1.0,Ocasionais,2165.2200000000003
1116696,TW TRANSPORTES E LOGISTICA LTDA,3,TOP TURBO PRO,2.5,Regulares,71489.37
104987,TRANSPORTES CIDADE DO NATAL LTDA,3,TOP TURBO,1.3333333333333333,Ocasionais,28700.57
105160,N.G. TRANSPORTES E COMERCIO LTDA,3,TOP TURBO,3.142857142857143,Regulares,68960.72
105234,H J LORENZONI TRANSPORTES RODOVIARI,3,TOP TURBO PRO,2.1666666666666665,Regulares,56938.04
1804304,VIACAO FENIX LTDA,3,Outras,2.888888888888889,Regulares,16213.55
111420,JSL S.A.,3,Outras,1.5,Ocasionais,193650.54
109849,SUDESTE TRANSPORTES COLETIVOS LTDA,3,Outras,1.4545454545454546,Ocasionais,40255.630000000005
109883,VIACAO COMETA S A,3,TRM 5,1.0909090909090908,Ocasionais,48849.87
110083,ARMANI TRANSPORTES S/A,3,Outras,1.0,Ocasionais,3574.48
1804573,ITERCELER LOGISTICA S/A,3,Outras,1.4615384615384615,Ocasionais,117490.6
1805170,FAMOSSUL MADEIRAS S/A,3,GL 5,2.5,Regulares,18651.64
1805219,EXPRESSO PLANALTO TRANSPORTE E LOGI,3,Outras,1.0,Ocasionais,10293.25
1111741,CALCARIO DIAMANTE LTDA,3,Outras,1.0,Ocasionais,48109.56
1743724,ENEVA S.A.,3,Outras,1.0,Ocasionais,8599.18
1112690,CIA DE FERRO LIGAS DA BAHIA FERBASA,3,Outras,1.25,Ocasionais,15750.57
1113113,SANTA IZABEL ALIMENTOS LTDA,3,Outras,2.0,Regulares,27138.86
1113820,CASA PADIM ATACADO DISTRIBUIDOR DE,3,Outras,1.5,Ocasionais,8637.36
108279,MADECON ENGENHARIA E PARTICIPACOES,3,Outras,3.0,Regulares,5362.7
1806099,"ARMAC LOCACAO, LOGISTICA E SERVICOS",3,Outras,1.0,Ocasionais,3499.13
1807329,AGRO INDUSTRIAL SAO LUIZ LTDA,3,Outras,1.1428571428571428,Ocasionais,23648.17
116012,RODOBARNI TRANSPORTES RODOVIARIOS L,3,Outras,2.0,Regulares,4372.18
112164,CORRECTA INDUSTRIA E COMERCIO LTDA.,3,HYDRA XP,1.1764705882352942,Ocasionais,158906.93
112223,COMANDO DIESEL TRANSPORTE E LOGISTI,3,TOP TURBO PRO,1.7058823529411764,Regulares,688580.27
112232,SHIP MARINE NAVEGACAO LTDA,3,Outras,1.0,Ocasionais,3628.33
113913,ROSANA GOMES DOS SANTOS COSSOLINO &,3,Outras,3.2,Regulares,71510.75
114288,MINERACAO SERRAS DO OESTE LIMITADA,3,Outras,1.0,Ocasionais,5901.01
114814,TURIS SILVA TRANSPORTES LTDA,3,TRM 5,1.5,Ocasionais,4052.14
114978,PLACIBRAS DA AMAZONIA LTDA,3,GEAR,2.764705882352941,Regulares,448077.21
1744991,COMPANHIA MUNICIPAL DE TRANSPORTES,3,TOP TURBO PRO,1.6666666666666667,Regulares,149755.19
1745249,COMPANHIA MUNICIPAL DE TRANSPORTES,3,TOP TURBO PRO,1.5625,Regulares,1048674.62
1111692,VERMONT MINERACAO EXPORTACAO E IMPO,3,Outras,1.1379310344827587,Ocasionais,229168.28
110809,OTAVIO DE FREITAS TAVARES E OUTROS,3,GL 5,2.0,Regulares,6519.17
111124,TRANSOESTE LOGISTICA LTDA,3,Outras,3.0,Regulares,442634.33
1803842,CONSTRUTORA LUIZ COSTA LTDA,3,Outras,1.7142857142857142,Regulares,45964.44
1803847,COMPANHIA BRASILEIRA DE ENERGIA REN,3,HYDRA,3.2,Regulares,58819.05
1803861,"ARMAC LOCACAO, LOGISTICA E SERVICOS",3,TOP TURBO,2.0,Regulares,84295.90000000001
1797968,TFX FAUSTINO TRANSPORTES LTDA,3,Outras,1.5,Ocasionais,14286.54
119195,RODOVIARIO MORADA DO SOL LTDA,3,Outras,1.0,Ocasionais,23552.67
116553,AUTO VIACAO MODELO LTDA,3,Outras,1.0,Ocasionais,59365.22
1798258,ZOCAR RIO CAMINHOES LTDA,3,GL 5,2.25,Regulares,84561.27
1798666,SANTA LUZIA EMPREENDIMENTOS E PARTI,3,TOP TURBO,1.8571428571428572,Regulares,53783.26
1100759,PFN PRODUTOS QUIMICOS LTDA,3,Outras,1.0,Ocasionais,2834.28
1101603,COLPAR PARTICIPACOES S/A,3,Outras,2.6666666666666665,Regulares,9354.77
1102726,COMELLI E OLIVEIRA TRANSPORTES LTDA,3,Outras,1.0,Ocasionais,11297.78
1747094,JOSE AUGUSTO VIEIRA,3,Outras,1.2,Ocasionais,12217.88
1799942,BVC TRANSPORTES LTDA,3,Outras,2.909090909090909,Regulares,126750.31
1800578,BAYTA ATACAREJO PESQUEIRA LTDA,3,TOP TURBO,2.75,Regulares,12967.79
1800770,DENSITEL TRANSFORMADORES LTDA,3,Outras/Baixo volume,1.0,Ocasionais,36949.39
1800953,VESUVIUS REFRATARIOS LTDA,3,GEAR,2.5,Regulares,20541.83
115756,MILGRAN INDUSTRIA E COMERCIO DE GRA,3,Outras,2.0,Regulares,46198.63
115889,SUPERMIX CONCRETO S/A,3,Outras,1.0,Ocasionais,3431.9700000000003
115912,CIA DE FERRO LIGAS DA BAHIA FERBASA,3,Outras,1.25,Ocasionais,19378.79
124413,ROD TRANSPORTES LTDA,3,TOP TURBO PRO,1.0,Ocasionais,6179.96
1792870,EVIDENCIA LOGISTICA TRANSPORTES LTD,3,Outras,1.0,Ocasionais,22559.74
1792997,COOPERATIVA DE TRANSPORTE RODOVIARI,3,Outras,2.2666666666666666,Regulares,117524.87
1793275,PADRAO GYPSUM INDUSTRIA E TRANSPORT,3,Outras,1.4285714285714286,Ocasionais,17838.56
119303,VIACAO VILA REAL S/A,3,Outras,1.6470588235294117,Regulares,123036.56
119606,FRETAR LOGISTICA E TRANSPORTE LTDA,3,Outras,2.0,Regulares,84105.44
120329,LIMPEBRAS RESIDUOS LTDA.,3,Outras,1.0,Ocasionais,15350.27
120615,TRANSAGIL TRANSPORTES DE CARGA LTDA,3,Outras,2.25,Regulares,8954.07
1098929,WSV TRANSPORTES E LOGISTICA LTDA,3,Outras,2.7142857142857144,Regulares,173145.78
1100190,RAJA LOG TRANSPORTES LTDA,3,Outras,1.0,Ocasionais,1947.91
1100244,J IRMAOS COMERCIO E TRANSPORTES LTD,3,Outras,1.0,Ocasionais,50639.3
117744,SISAEX IND COM E EXP LTDA,3,GEAR,2.0,Regulares,10734.740000000002
1796037,CONSTRUTORA TRIPOLONI LTDA,3,Outras,2.1818181818181817,Regulares,206148.58
1796482,LATICINIOS VALE DO LEITE LTDA,3,Outras,1.25,Ocasionais,11111.88
1796571,FREITAS LOG AGRONEGOCIOS LTDA,3,Outras,4.0,Frequentes,2246.83
1797836,R E S AUTO LOCADORA LTDA,3,Outras,2.75,Regulares,10787.45
129629,VIACAO RIODOCE LTDA,3,TOP TURBO,1.0,Ocasionais,3405.1
130169,TRAMONTINA FARROUPILHA SA INDUSTRIA,3,Outras,1.0,Ocasionais,2927.03
1789837,"ARMAC LOCACAO, LOGISTICA E SERVICOS",3,TOP TURBO,2.0,Regulares,4913.2
132325,A GERADORA ALUGUEL DE MAQUINAS S.A.,3,TOP TURBO,2.0,Regulares,15205.61
1093653,JTZ INDUSTRIA E COMERCIO DE VEICULO,3,Outras,1.3181818181818181,Ocasionais,168596.63
1093856,CONCRESUL ENGENHARIA LTDA,3,Outras,1.0,Ocasionais,819.69
1094193,ROOT BRASIL AGRONEGOCIOS S/A,3,GEAR,2.0869565217391304,Regulares,130865.8
1094399,VERSATILY TRANSPORTES E LOCACAO DE,3,Outras,1.6571428571428573,Regulares,217546.07
1094622,DE PAULA TRANSPORTADORA LTDA,3,TOP TURBO PRO,1.5,Ocasionais,13663.67
127237,TRANSJAP TRANSPORTES DOIS IRMAOS LT,3,Outras,1.2777777777777777,Ocasionais,91423.99
127312,HAIRAM INDUSTRIA E COMERCIO DE AUTO,3,Outras,2.302325581395349,Regulares,520796.84
1790219,FBBV EMPREENDIMENTOS SPE LTDA,3,Outras,1.0,Ocasionais,3700.99
1790515,"ARMAC LOCACAO, LOGISTICA E SERVICOS",3,HYDRA,4.0,Frequentes,8190.030000000001
129404,GILMAR TIRAPELLE,3,Outras,3.3333333333333335,Regulares,8541.66
1791538,STAR TURISMO E TRANSPORTE LTDA,3,Outras,2.5833333333333335,Regulares,63568.560000000005
1792379,VTR TRANSPORTE RODOVIARIO DE PASSAG,3,Outras,1.0,Ocasionais,4135.62
1787802,CONSTRUTORA A GASPAR S/A,3,Outras,1.2,Ocasionais,123382.39
1787885,CENTRAIS ELETRICAS BRASILEIRAS SA E,3,Outras,1.0,Ocasionais,12358.79
1788056,LCS CONSTRUCAO E SERVICOS LTDA,3,Outras,1.0,Ocasionais,3284.24
1091900,TORA TRANSPORTES LTDA,3,Outras,1.6666666666666667,Regulares,29399.93
1092166,TRANSPORTADORA TURISTICA SUZANO LTD,3,Outras,1.619047619047619,Regulares,150666.42
1753473,MINAS GERAIS GABINETE MILITAR DO GO,3,Outras,3.6666666666666665,Frequentes,19037.01
1753571,A M R GESTAO LOGISTICA LTDA,3,TOP TURBO PRO,1.4,Ocasionais,19667.2
1093260,COMPANHIA INDUSTRIAL DE CIMENTO APO,3,TRM 5,1.0,Ocasionais,3344.4700000000003
134183,INTEGRACAO TRANSPORTE LTDA,3,TOP TURBO PRO,2.4615384615384617,Regulares,146577.81
134285,VEREDA TRANSPORTE LTDA,3,Outras,1.9565217391304348,Regulares,291343.92
135267,ROUXINOL VIAGENS E TURISMO LTDA,3,Outras,1.0,Ocasionais,22149.75
1788842,TUCANO SERVICOS DE APOIO A OLEO E G,3,TOP TURBO,3.0,Regulares,26986.74
135456,RAPIDO LUXO CAMPINAS LTDA,3,Outras,1.0,Ocasionais,4697.88
135565,EXPERIENCE LOCADORA DE VEICULOS LTD,3,Outras,2.142857142857143,Regulares,70605.45
135612,TRANSPORTES TONIATO LTDA,3,Outras,1.0,Ocasionais,12226.76
129405,LIGA INDUSTRIA E COMERCIO DE MATERI,3,Outras,1.0,Ocasionais,46300.48
139320,A GERADORA ALUGUEL DE MAQUINAS S.A.,3,TOP TURBO,1.6875,Regulares,279351.48
141328,COMPANHIA BRASILEIRA DE ESTIRENO,3,Outras,2.0,Regulares,1543.44
137494,A J S TUR TURISMO LTDA,3,TOP TURBO,2.3333333333333335,Regulares,116551.29
137650,MINERACAO FLORENSE LTDA,3,Outras,1.0,Ocasionais,5555.14
137800,PB BRASIL INDUSTRIA E COMERCIO DE G,3,HYDRA,1.8214285714285714,Regulares,202998.84
137965,ATIVA DIST. COM. PÇS E SERV. LTDA -,3,Outras,2.0,Regulares,9066.71
1786727,VIX LOGISTICA S/A,3,Outras,1.0,Ocasionais,5944.77
138325,MASSERLOG TRANSPORTES E LOGISTICA L,3,TOP TURBO,1.6363636363636365,Regulares,45939.54
1754235,DREBOR TRANSPORTES RODOVIARIOS LTDA,3,TOP TURBO,1.75,Regulares,103129.77
1754397,CONSAG CS S.A,3,HYDRA,1.4166666666666667,Ocasionais,147788.02
1091358,SUPERMIX CONCRETO S/A,3,HYDRA XP,2.0,Regulares,6339.969999999999
1091622,SUPERTEX CONCRETO LTDA EM RECUPERAC,3,Outras,1.0,Ocasionais,2423.84
135792,CARAMURU ALIMENTOS  S/A,3,Outras,1.2727272727272727,Ocasionais,39996.4
136424,AVINE COMERCIAL E AVICOLA DO NORDES,3,Outras,1.0,Ocasionais,1778.82
136445,RODOMAIOR TRANSPORTES LTDA.,3,TOP TURBO,2.8181818181818183,Regulares,195067.1
137191,FACCHINI S/A,3,Outras,1.0,Ocasionais,1107.87
1783307,"ARMAC LOCACAO, LOGISTICA E SERVICOS",3,Outras,1.75,Regulares,43589.42
150771,JAV INDUSTRIA DE ALIMENTOS LTDA,3,HYDRA XP,2.108108108108108,Regulares,114447.24
148660,LUIZ PEDRO DE OLIVEIRA & CIA. LTDA.,3,GL 5,1.0,Ocasionais,6863.66
146325,SUPERBRACO SERVICOS MARITIMOS LTDA,3,Outras,1.8571428571428572,Regulares,69050.88
1784558,CONSTRUTORA LUIZ COSTA LTDA,3,Outras,1.0,Ocasionais,6685.03
1784559,NETAPA SOLUCOES EM TRANSPORTES E LO,3,Outras,2.0,Regulares,35016.6
1085979,SPEED CAR LOCACAO E TURISMO LTDA,3,TOP TURBO,2.6,Regulares,38800.89
1756340,TRANS VALDIR LTDA,3,Outras,2.263157894736842,Regulares,73907.59
1087647,CORTEZ ENGENHARIA LTDA.,3,Outras,4.5,Frequentes,109940.93
141450,HYDRA ENGENHARIA E SANEAMENTO LTDA,3,Outras,1.0,Ocasionais,1313.07
141838,V C A TRANSPORTES E LOCACOES LTDA,3,Outras,2.0,Regulares,14146.35
141957,DIVENA LITORAL VEICULOS LTDA.,3,Outras,1.0,Ocasionais,3703.19
141971,PARQUE REGIONAL DE MANUTENCAO DA TE,3,Outras,1.6666666666666667,Regulares,470794.84
142431,DECIO TRANSPORTADORA RETALHISTA DE,3,Outras,2.0,Regulares,6352.27
142538,TOP-LOG TRANSPORTES E OPERACOES POR,3,Outras,1.0,Ocasionais,1248.5
143799,JOAO EMILIO ROCHETO E OUTRO,3,GL 5,1.0,Ocasionais,9229.87
1782167,IDEAL INFRAESTRUTURA E MONTAGEM LTD,3,Outras,1.0,Ocasionais,1453.49
151237,MASTER PERFURACOES E DESMONTES LTDA,3,Outras,1.0,Ocasionais,484307.58
152514,TORA TRANSPORTES LTDA,3,Outras,1.0,Ocasionais,3461.38
153253,JSL S/A.,3,TOP TURBO,1.5,Ocasionais,7523.44
1080796,MATT CONSTRUTORA LTDA,3,Outras,1.6363636363636365,Regulares,70238.43
1080972,C BANDEIRANTES LTDA,3,HYDRA XP,2.0,Regulares,1275.56
1081829,MARCOS VALERIO MONTE ROCHA,3,Outras,1.0,Ocasionais,889.53
1081863,GIRAMUNDO TRANSPORTES LTDA,3,Outras,2.0,Regulares,23881.4
1081868,M P L CONSTRUCOES SERVICOS LTDA,3,Outras,2.0,Regulares,14748.48
1082501,ACL CARGO TRANSPORTES LTDA,3,Outras,2.0,Regulares,7493.23
1756346,SOMA LOGISTICA E LOCACOES LTDA,3,Outras,1.0,Ocasionais,14808.45
1083244,TITANIUM LUBRIFICANTES INDUSTRIA  L,3,Outras,2.2,Regulares,53882.9
150181,VIACAO COMETA S A,3,TOP TURBO PRO,1.3333333333333333,Ocasionais,17502.309999999998
1782798,M B C MATERIAIS BASICOS PARA CONSTR,3,GEAR,2.0,Regulares,8363.7
1782806,"ARMAC LOCACAO, LOGISTICA E SERVICOS",3,Outras,1.5,Ocasionais,4837.51
1783201,VEXA REVESTIMENTOS LTDA,3,HYDRA XP,1.6666666666666667,Regulares,13271.43
1780734,FUNDACAO HOSPITALAR DO ESTADO DE MI,3,Outras,3.5,Regulares,7367.98
1780993,R E D MINERACAO E CONSTRUCAO LTDA,3,TOP TURBO,2.0,Regulares,33635.08
154949,PONTUAL LOCACAO E TRANSPORTE LTDA,3,TRM 5,1.0,Ocasionais,11967.1
1075760,CARROCERIAS MS LTDA,3,Outras,1.2,Ocasionais,3466.81
1757615,ISOQUIMICA INDUSTRIAL LTDA,3,HYDRA XP,1.6,Regulares,6446.8
1759192,CDR TRANSPORTES COMERCIO E DISTRIBU,3,GL 5,2.3333333333333335,Regulares,98213.16
1077769,MINERACAO APOENA S.A.,3,Outras,1.4,Ocasionais,397980.14
1079226,AGUA BRANCA COMERCIO & DISTRIBUICAO,3,TOP TURBO,1.263157894736842,Ocasionais,73296.8
1079546,DEMOLIDER CUIABA COM PECAS INJ PROJ,3,Outras,2.5517241379310347,Regulares,266112.47
1079877,TCL - TECNOLOGIA E CONSTRUCOES LTDA,3,TOP TURBO,1.6666666666666667,Regulares,29068.43
1080093,UTIL - UNIAO TRANSPORTE INTERESTADU,3,Outras,1.0,Ocasionais,6444.49
1080604,AMILTON MEDEIROS COMERCIO E MANUTEN,3,Outras,1.0,Ocasionais,59949.23
150807,BORELLI BRASIL EXPRESS TRANSPORTE E,3,TOP TURBO PRO,1.0,Ocasionais,4672.07
151003,EXPRESSO NEPOMUCENO S/A,3,Outras,1.0,Ocasionais,10960.5
1781012,SAMV LOG LTDA,3,Outras,3.0,Regulares,15531.76
1781769,MINAS BRITA MINERACAO E COMERCIO LT,3,GL 5,2.0,Regulares,6210.38
1777477,COMPANHIA MUNICIPAL DE TRANSPORTES,3,Outras,1.4,Ocasionais,215994.38
1777548,POUSADA CANAA NC LTDA,3,Outras,1.0,Ocasionais,24003.84
158889,PEDREIRA RIO BRANCO LTDA,3,GEAR,2.0,Regulares,10219.82
159409,TORA TRANSPORTES LTDA,3,Outras,1.0,Ocasionais,6901.31
160892,TERRA MINAS TERRAPLENAGEM E TRANSPO,3,Outras,3.0,Regulares,180308.66
1072352,TRANSNIEL TRANSPORTES LTDA,3,TOP TURBO PRO,4.0,Frequentes,36223.56
1073097,VM MINERACAO LTDA,3,TOP TURBO,2.0,Regulares,56517.85
1760077,FUNDACAO HOSPITALAR DO ESTADO DE MI,3,TOP TURBO,2.0,Regulares,1799.8
1074599,EH EQUIPAMENTOS ASSISTENCIA TECNICA,3,Outras,2.75,Regulares,27392.28
155932,TRANSPORTES FATIMA LTDA,3,Outras,1.0,Ocasionais,33970.47
156112,LOCADORA DE TAXIS NOVA ERA LTDA,3,Outras,1.0,Ocasionais,9808.13
156628,VICOSA TRANSPORTES LTDA,3,Outras,3.2222222222222223,Regulares,51564.95
1778873,PEROLA MINERACAO LTDA,3,TOP TURBO,1.25,Ocasionais,16974.93
157230,JSL S.A.,3,Outras,1.0,Ocasionais,43213.7
157257,JSL S.A.,3,Outras,1.1666666666666667,Ocasionais,42925.77
1780732,RF AUTOMATIC LTDA,3,Outras,1.0,Ocasionais,16941.37
161636,EXPRESSO FENIX VIACAO LTDA,3,Outras,1.5,Ocasionais,34311.68
1776549,COLPAR PARTICIPACOES S/A,3,TOP TURBO,4.0,Frequentes,6169.79
1777086,EMPREENDIMENTOS RODEIRO S/A,3,TOP TURBO PRO,1.588235294117647,Regulares,141120.42
163162,CALCARIO VALE DO ARAGUAIA LTDA.,3,GEAR,1.0,Ocasionais,14496.35
163176,CALCARIO VALE DO ARAGUAIA LTDA.,3,TOP TURBO,1.8181818181818181,Regulares,84157.23
163372,CASA NORTE LTDA,3,Outras,2.4,Regulares,9344.04
1069155,COOPERATIVA DE TRANSPORTES RODOVIAR,3,TOP TURBO PRO,1.0,Ocasionais,3398.87
1069567,RICARDO PARDI,3,Outras,2.1666666666666665,Regulares,70584.8
1070004,UNIPETRO - TUPA TRANSPORTES LTDA,3,TRM 5,3.0,Regulares,14090.04
1761928,MAPE TRANSPORTES LTDA,3,TOP TURBO,1.7272727272727273,Regulares,34755.73
1070503,PORTO DO PECEM TRANSPORTADORA DE MI,3,GEAR,1.25,Ocasionais,40086.13
157395,CEDASA INDUSTRIA E COMERCIO DE PISO,3,Outras,1.4285714285714286,Ocasionais,77142.36
158585,TRANSPORTADORA DINIZ VIEIRA LTDA,3,TOP TURBO,3.6666666666666665,Frequentes,26079.06
1777110,BMX SERVICOS LTDA,3,Outras,1.0,Ocasionais,1247.94
1777115,ESTRUTURAS METALICAS CAMIANSKI,3,TOP TURBO,1.5,Ocasionais,5836.62
1777304,COMPANHIA MUNICIPAL DE TRANSPORTES,3,TOP TURBO PRO,1.5294117647058822,Regulares,543691.64
168194,ATERRIO TRANSPORTE E LOCACAO DE MAQ,3,Outras,1.4545454545454546,Ocasionais,31188.75
163374,COOPERATIVA DE TRANSPORTES DO VALE,3,TOP TURBO PRO,1.0,Ocasionais,12684.78
163641,BRAVO SERVICOS LOGISTICOS LTDA,3,Outras,1.0,Ocasionais,2870.46
1775777,TRANSPORTADORA PRINT LTDA,3,Outras,1.5,Ocasionais,18650.71
1775896,JSL S.A.,3,Outras,1.8,Regulares,189705.88
1776528,CONSTRUTORA COLARES LINHARES S A,3,Outras,2.875,Regulares,370369.48
164395,MULTIBLOCO IND. E COM. DE ARTEFATOS,3,Outras,2.5384615384615383,Regulares,39783.2
1064817,TRANSPORTADORA LOPES E REIS LTDA,3,Outras,1.0,Ocasionais,739.36
1762146,FIBRA FORTE COMERCIAL LTDA,3,TOP TURBO PRO,1.5,Ocasionais,37524.54
1762161,RITZEL TRANSPORTES LTDA.,3,TOP TURBO,2.0,Regulares,24321.13
1067368,ERA-TECNICA ENGENHARIA CONSTRUCOES,3,Outras,1.0,Ocasionais,15264.13
160975,EMPRESA PRINCESA DO IVAI LTDA,3,Outras,1.0,Ocasionais,1290.2
161029,FORTAL COMERCIO AGROPECUARIO LTDA,3,Outras,1.75,Regulares,13695.21
161273,URUBUPUNGA TRANSPORTES E TURISMO LT,3,TOP TURBO PRO,1.0,Ocasionais,23141.8
161284,ALUISIO PEREIRA E CIA.LTDA,3,Outras,2.8333333333333335,Regulares,45029.53
161310,ITAOBI TRANSPORTES LTDA EM RECUPERA,3,Outras,1.0,Ocasionais,3064.79
1773321,SIDERURGICA SETEGUSA LTDA,3,Outras,1.1666666666666667,Ocasionais,4569.48
174826,REALIZA TRANSPORTES E LOCACAO DE VE,3,Outras,5.0,Frequentes,2665.57
174857,YARA BRASIL FERTILIZANTES S/A,3,GEAR,1.0,Ocasionais,7445.46
169143,NEPOMUCENO CARGAS LTDA.,3,Outras,2.5714285714285716,Regulares,83798.97
170380,OMBREIRAS ENERGETICA S/A,3,Outras,1.2,Ocasionais,34407.04
170708,VIACAO PIRACICABANA S.A.,3,Outras,1.3333333333333333,Ocasionais,120470.54
171054,MINERACAO LITORANEA S/A,3,Outras,1.2,Ocasionais,8946.81
1044905,USICAL INDUSTRIA E COMERCIO DE CAL,3,TOP TURBO,2.0,Regulares,3407.9
1047452,GRANJAS SAO JOSE S/A,3,Outras,2.0,Regulares,1999.55
1763808,ASSEMBLEIA LEGISLATIVA DO ESTADO DE,3,Outras,4.0,Frequentes,4060.21
1050451,EMPRESA SANTA MARIA LTDA,3,Outras,1.5,Ocasionais,2083.64
1051165,GW CONSTRUCOES E INCORPORACOES LTDA,3,Outras,1.0,Ocasionais,3056.16
1051233,CIBRAFERTIL COMPANHIA BRASILEIRA DE,3,GEAR,1.1666666666666667,Ocasionais,12945.9
164713,FERLIG FERRO LIGA LTDA,3,Outras,1.0,Ocasionais,35279.39
165954,ROTRANS TRANSPORTES E SERVICOS LTDA,3,Outras,2.75,Regulares,11463.95
167761,TRANSPORTES FATIMA LTDA,3,Outras,1.0,Ocasionais,8660.05
176750,COL - CENTRO OESTE LOGISTICA LTDA,3,Outras,1.0,Ocasionais,6105.28
1772122,SISTEMMA ASSESSORIA E CONSTRUCOES L,3,Outras,2.5,Regulares,30748.29
1772505,TW TRANSPORTES E LOGISTICA LTDA,3,TOP TURBO,3.0,Regulares,2288.13
177492,EMPRESA DE TRANSPORTES RODOJACTO LT,3,Outras,1.7391304347826086,Regulares,78473.16
177906,DOSANKO FRUTAS TROPICAIS LTDA,3,Outras,6.0,Frequentes,10916.3
177911,CAPITAL TRANSPORTES DE PASSAGEIROS,3,Outras,1.0,Ocasionais,4004.0
1026159,CERAMICA CERMAR LTDA,3,GEAR,1.0,Ocasionais,33502.62
1764974,KORETECH EMBALAGENS DA AMAZONIA LTD,3,HYDRA XP,1.0,Ocasionais,1902.38
1765070,OURO SAFRA INDUSTRIA E COMERCIO LTD,3,GEAR,1.5,Ocasionais,60326.77
1040071,POLIMIX CONCRETO LTDA,3,GEAR,2.8,Regulares,53478.66
172799,JSL S/A.,3,Outras,1.125,Ocasionais,50692.4
173404,NATICAL NATIVIDADE CALCARIO LTDA,3,Outras,1.0,Ocasionais,7324.11
173408,SUPERCAL EXTRACAO DE CALCARIO E BRI,3,Outras,2.0,Regulares,2493.71
173721,TRANSPORTADORA TRANSLEONE LTDA,3,TOP TURBO PRO,2.4705882352941178,Regulares,145510.96
173736,KIMERA VEICULOS LTDA,3,Outras,2.0,Regulares,13024.77
174042,YARA BRASIL FERTILIZANTES S/A,3,Outras,1.7777777777777777,Regulares,453089.05
196755,FAZENDA REAL LTDA,3,Outras,1.0,Ocasionais,7375.4
189096,"NSG TRANSPORTES, SERVICOS E CONSTRU",3,Outras,2.6363636363636362,Regulares,87563.62
189633,ATLANTIC STAR - TRANSPORTES LTDA,3,TOP TURBO PRO,1.0,Ocasionais,4277.58
190158,AUTO VIACAO M M SOUZA TURISMO LTDA,3,Outras,1.2,Ocasionais,8786.96
1771445,CACIO JOSE DE QUEIROZ E OUTROS,3,Outras,3.0,Regulares,7467.38
192186,MULTIBLOCO IND. E COM. DE ARTEFATOS,3,HYDRA XP,3.3333333333333335,Regulares,10229.27
1017506,VIACAO CIDADE DO ACO LTDA - EM RECU,3,Outras,1.0,Ocasionais,2972.96
1765947,LOURDES EMPREENDIMENTOS SPE LTDA,3,TOP TURBO,1.2,Ocasionais,39280.37
1019400,COMANDO DA 3 REGIAO MILITAR,3,Outras,1.0,Ocasionais,7972.13
1020983,EXTERRAN SERVICOS DE OLEO E GAS LTD,3,Outras,1.0,Ocasionais,6631.32
182829,SOLOS INDUSTRIA E COMERCIO DE FERTI,3,Outras,2.6,Regulares,111752.47
186368,COMANDO DIESEL TRANSPORTE E LOGISTI,3,TOP TURBO PRO,2.090909090909091,Regulares,414211.48
186774,MINERAL DO BRASIL LTDA,3,Outras,2.0714285714285716,Regulares,153395.3
188086,BRASMIX ENGENHARIA DE CONCRETO LTDA,3,TOP TURBO,2.5,Regulares,5530.370000000001
175602,SOLUCAO ASSESSORIA EM LOGISTICA E T,3,TOP TURBO,2.3333333333333335,Regulares,134740.45
175670,SINOBRAS FLORESTAL LTDA.,3,Outras,1.0,Ocasionais,7435.09
1768006,ERAM ESTALEIRO RIO AMAZONAS LTDA,3,TOP TURBO,1.5,Ocasionais,18079.87
1769324,VIACAO AGUIA BRANCA S A,3,Outras,1.0,Ocasionais,13330.82
196949,RAPIDO ARAGUAIA LTDA.,3,Outras,1.0,Ocasionais,3335.75
1769632,VESPER TRANSPORTES LTDA,3,Outras,5.0,Frequentes,9341.740000000002
1769737,AT TRANSPORTE LTDA,3,Outras,2.0,Regulares,3711.45
198990,PARECIS S/A,3,GEAR,1.0909090909090908,Ocasionais,58764.31
199102,MADRESILVA INDUSTRIA DE MOVEIS LTDA,3,Outras,1.3636363636363635,Ocasionais,17574.78
1006372,JURUENA ENERGIA S.A.,3,GEAR,1.3333333333333333,Ocasionais,109665.11
1006721,LOGISTICA BUENO CRUZ LTDA,3,Outras,3.5,Regulares,14933.0
1766920,R E D MINERACAO E CONSTRUCAO LTDA,3,Outras,2.0,Regulares,11109.35
1013493,ARCOMPECAS CUIABA LOCACAO DE EQUIPA,3,Outras,2.0,Regulares,5298.57
194313,TW TRANSPORTES E LOGISTICA LTDA,3,TOP TURBO PRO,1.0,Ocasionais,1320.15
194562,A J TRANSPORTES E LOCACOES LTDA,3,TOP TURBO PRO,1.7272727272727273,Regulares,47521.16
1771100,DESDOBRAMENTO DE MADEIRAS SANTA LUC,3,HYDRA XP,5.0,Frequentes,7971.51
1771118,GEMINI-7 AGRONEGOCIOS LTDA,3,Outras,2.375,Regulares,171780.05
194876,IRMAOS GONCALVES COMERCIO E INDUSTR,3,Outras,2.0,Regulares,15964.52
1911648,CIDADE JARDIM CACERES EMPREENDIMENT,3,TOP TURBO,2.0,Regulares,10801.32
1911928,FAMOSSUL MADEIRAS S/A,3,Outras,2.0,Regulares,1132.24
1912048,MJE PRESTACAO DE SERVICO LTDA,3,Outras,2.0,Regulares,3703.75
1912429,JSL S.A.,3,Outras,3.0,Regulares,34674.16
1766955,CONSORCIO FTS (LINHA LESTE),3,Outras,1.0,Ocasionais,40674.8
1767352,COOP. DOS TRANSPORTS. DE LUIS EDUAR,3,Outras,2.0,Regulares,27037.01
1767354,VALDINEI MAURO DE SOUZA LTDA,3,HYDRA,6.0,Frequentes,68764.54
1005233,VM MINERACAO LTDA,3,TOP TURBO,1.5555555555555556,Regulares,69700.98
1003006,JSL S/A.,3,Outras,1.0,Ocasionais,7759.93
1003029,JSL S/A.,3,TOP TURBO,2.5,Regulares,16306.64
1003079,INDUSTRIAS REUNIDAS RENDA S/A,3,Outras,1.0,Ocasionais,925.12
1004394,INDUSTRIA E COMERCIO DE QUEIJOS LIT,3,Outras,1.3333333333333333,Ocasionais,26251.09
1767437,VIACAO ITAPETINGA LTDA.,3,Outras,1.0,Ocasionais,1602.35
1767438,"ARMAC LOCACAO, LOGISTICA E SERVICOS",3,Outras,2.625,Regulares,168217.85
199232,WSC AGROPECUARIA S.A.,3,Outras,1.0,Ocasionais,10546.07
1000738,FLEXSIL SISTEMA SUL BRASILEIRO DE T,3,Outras,1.0,Ocasionais,1861.94
1642301,RJ TERMINAIS DE CARGAS LTDA,3,Outras,1.0,Ocasionais,938.05
1642739,EXPRESSO DE PRATA LTDA,3,Outras,2.0,Regulares,1952.42
1643235,CONSTRUTORA LUIZ COSTA LTDA,3,TOP TURBO,2.0,Regulares,125817.5
1650389,MACHADO TRANSPORTES LTDA,3,Outras,1.0,Ocasionais,1936.65
1650397,EMPA S/A SERVICOS DE ENGENHARIA,3,Outras,1.0,Ocasionais,8425.72
1651431,AGROINDUSTRIAL SERRA VERDE LTDA,3,GEAR,4.0,Frequentes,21838.81
1905635,DOMUS - ENGENHARIA E PARTICIPACAO L,3,Outras,4.0,Frequentes,35074.72
1905868,MARTINS HILARIO TRANSPORTES LTDA,3,Outras,1.0,Ocasionais,3073.34
1906219,MAKRO ENGENHARIA LTDA,3,TOP TURBO,1.0,Ocasionais,3223.77
1906508,MAKRO ENGENHARIA LTDA,3,HYDRA XP,1.0,Ocasionais,3418.33
1906562,POTIGUAR CONSTRUTORA LTDA,3,Outras,3.0,Regulares,17542.53
1907004,A.G.C CONSTRUCOES & EMPREENDIMENTOS,3,Outras,3.0,Regulares,14374.07
1907053,PONTES DISTRIBUIDORA DE MAQUINAS E,3,Outras,1.5,Ocasionais,5966.99
1902027,TRANSPORTADORA AJB LTDA,3,TOP TURBO,1.0,Ocasionais,3959.83
1902233,ECOMIX GESTAO E PLANEJAMENTOS LTDA,3,Outras,1.0,Ocasionais,11653.68
1902286,AXIA ENERGIA S.A.,3,Outras,1.5,Ocasionais,180272.79
1914721,MAQTERRA TRANSPORTES E TERRAPLENAGE,3,GL 5,3.0,Regulares,9472.19
213,GARAGE MICHELINE'S LTDA.,3,Outras,1.5,Ocasionais,15965.6
1914313,EXE MINERAL - ENGENHARIA E MINERACA,3,GEAR,2.0,Regulares,6976.620000000001
573,CIPLAN CIMENTO PLANALTO SA,4,HYDRA XP,1.6206896551724137,Regulares,235765.17
1641,TRANSGRAOS LTDA,4,TOP TURBO,1.875,Regulares,279757.36
1737,ALIANCA ATACADISTA LTDA,4,TOP TURBO,3.358974358974359,Regulares,169141.39
1823,CAENGE S.A - CONSTRUCAO ADMINISTRAC,4,TOP TURBO,4.277777777777778,Frequentes,80307.29
1836,KARINA PISOS E REVESTIMENTOS CERAMI,4,TOP TURBO,3.4166666666666665,Regulares,26008.57
2174,CASTELO CONSTRUCOES E ADMINISTRACAO,4,HYDRA,4.133333333333334,Frequentes,92975.17
1648430,IMPERMIX CONCRETO LTDA,4,TOP TURBO,3.4444444444444446,Regulares,31758.24
1648702,TRIANGULO LOCACOES DE EQUIPAMENTOS,4,TOP TURBO,2.875,Regulares,66539.25
682,COLON EQUIPAMENTOS RODOVIARIOS S.A,4,HYDRA XP,1.48,Ocasionais,352623.8
1767534,RIALMA TRANSMISSORA DE ENERGIA V S.,4,TOP TURBO,5.0,Frequentes,15959.85
1767813,CENTRAIS ELETRICAS DO NORTE DO BRAS,4,Outras,2.6666666666666665,Regulares,377872.43
1767846,"ARMAC LOCACAO, LOGISTICA E SERVICOS",4,TOP TURBO,3.75,Frequentes,38771.43
1767854,"ARMAC LOCACAO, LOGISTICA E SERVICOS",4,HYDRA,3.5,Regulares,20785.44
1767927,CALPAR COMERCIO DE CALCARIO LTDA,4,Outras,2.526315789473684,Regulares,291391.06
1766940,COMBER LOGISTICA LTDA,4,HYDRA,2.0,Regulares,212341.54
1766958,ISMAIL JOSE FERREIRA,4,TOP TURBO,8.5,Frequentes,68258.87
1767087,"ARMAC LOCACAO, LOGISTICA E SERVICOS",4,TOP TURBO,5.5,Frequentes,11212.75
1767434,ALL TRUCK CENTER LTDA,4,TOP TURBO,5.5,Frequentes,37513.5
1004825,TAC CONSTRUCOES LTDA,4,Outras,4.125,Frequentes,369170.53
1004840,GAS MAIS ATACADO E VAREJO LTDA,4,Outras,5.5,Frequentes,50652.57
1004991,AGRICOLA QDELICIA FRUTAS LTDA,4,Outras,3.6,Frequentes,75078.72
1001136,RECICLAGEM INDUSTRIA E COMERCIO DE,4,GEAR,2.735294117647059,Regulares,333807.67
1002233,NOSSA SENHORA DA VITORIA TRANSPORTE,4,TOP TURBO,3.8974358974358974,Frequentes,403369.27
1003107,UNIMAR TRANSPORTES LTDA,4,TOP TURBO,2.1176470588235294,Regulares,170890.93
1003148,TERPA CONSTRUCOES S/A,4,Outras,2.810810810810811,Regulares,333497.46
1003268,CAJUPI ADMINISTRACOES E PARTICIPACO,4,Outras,3.0,Regulares,112656.64
1003285,COOPERATIVA DOS TRANSPORTADORES AUT,4,TOP TURBO,4.166666666666667,Frequentes,53089.22
1003663,PLATAFORMA TRANSPORTES SPE S/A,4,Outras,3.8260869565217392,Frequentes,317005.57
1003703,JEFER PRODUTOS SIDERURGICOS LTDA,4,TOP TURBO,2.090909090909091,Regulares,114828.36
1004023,TRANSPORTADORA TURISTICA SUZANO LTD,4,Outras,3.0625,Regulares,423493.63
1767471,CONSTRUTORA CONTORNO LTDA,4,HYDRA,2.7222222222222223,Regulares,145878.0
199886,BIZARI TRANSPORTES RODOVIARIOS LTDA,4,TOP TURBO,2.037037037037037,Regulares,189086.34
199939,EXPRESSO CAMPIBUS LTDA,4,Outras,1.8275862068965518,Regulares,208436.18
1000097,RUAH INDUSTRIA E COMERCIO DE MOVEIS,4,TOP TURBO,2.0714285714285716,Regulares,177734.66
1000476,LEDIFRAN LOGISTICA LTDA,4,Outras,1.8518518518518519,Regulares,217641.22
1000658,NEURITUR TRANSPORTES LTDA,4,TOP TURBO,1.7777777777777777,Regulares,104823.89
1000743,GREAT OIL PERFURACOES BRASIL LTDA.,4,TOP TURBO,3.25,Regulares,61553.07
1000789,TIETZ EXTRACAO E COMERCIO DE MINERI,4,TOP TURBO,2.8636363636363638,Regulares,225771.49
1000832,NANDO S TRANSPORTES LTDA,4,TOP TURBO,3.0,Regulares,128863.43
1767930,VESUVIUS REFRATARIOS LTDA,4,Outras,2.0357142857142856,Regulares,390289.53
1768566,"ARMAC LOCACAO, LOGISTICA E SERVICOS",4,TOP TURBO PRO,6.0,Frequentes,13787.13
1769240,MYCHELLI BERTANHA SAMPAIO,4,TOP TURBO,6.4,Frequentes,196478.41
1769352,OUROLUB COMERCIO E TRANSPORTES LTDA,4,GL 5,3.4285714285714284,Regulares,182274.62
196761,TERRAFACIL SERVICOS DE TERRAPLENAGE,4,TOP TURBO,2.0,Regulares,298641.16000000003
197954,CIMENTO ACAI S/A,4,GEAR,2.0833333333333335,Regulares,209060.86
198486,COOPERATIVA DOS PRESTADORES DE SERV,4,TOP TURBO,4.948717948717949,Frequentes,363439.7
1769548,BS CONSTRUCOES LTDA,4,Outras,4.631578947368421,Frequentes,98281.12
1769637,"ARMAC LOCACAO, LOGISTICA E SERVICOS",4,GL 5,8.0,Frequentes,45200.72
1769735,P D SOLL LOGISTICA LTDA,4,Outras,7.8,Frequentes,80427.79
1769754,HEY TRANSPORTES DE CARGAS E ENCOMEN,4,Outras,4.166666666666667,Frequentes,87141.06
1769846,ELETRO HIDRO LTDA,4,TOP TURBO,4.4,Frequentes,228566.95
198831,EDSON ANTONIO TREBESCHI,4,TOP TURBO,4.181818181818182,Frequentes,92039.27
198978,HIDRAUCAMBIO BETIM LTDA,4,Outras,3.4285714285714284,Regulares,269548.41
199064,HUGO FERREIRA DE QUEIROZ PEREIRA,4,Outras,2.75,Regulares,155833.97
1005244,LEIFER TRANSPORTES LTDA,4,TOP TURBO,6.5,Frequentes,37182.62
1006362,FX MINAS CONSTRUCOES E EMPREENDIMEN,4,Outras,2.2142857142857144,Regulares,310694.52
1006427,11.393.570 ELISEU FERNANDO TELLI,4,Outras,3.05,Regulares,50195.35
1006899,SABALANGA PRODUTOS AGROPECUARIOS LT,4,TOP TURBO,4.25,Frequentes,69538.94
1007571,IMECO INDUSTRIA MECANICA OLIVEIRA L,4,GEAR,1.3783783783783783,Ocasionais,279454.16000000003
1010468,SOLARIS TRANSPORTES LTDA,4,TOP TURBO,6.0,Frequentes,27071.99
1766643,TRANSTECWORLD LOGISTICA LTDA,4,HYDRA XP,3.8181818181818183,Frequentes,208870.08
1766645,"ARMAC LOCACAO, LOGISTICA E SERVICOS",4,TOP TURBO,7.0,Frequentes,34946.590000000004
1766732,"ARMAC LOCACAO, LOGISTICA E SERVICOS",4,HYDRA,6.3,Frequentes,88599.92
1766736,"ARMAC LOCACAO, LOGISTICA E SERVICOS",4,Outras,5.875,Frequentes,185133.25
1766740,VDA LOGISTICA LTDA,4,TOP TURBO,4.222222222222222,Frequentes,170015.83
1766934,EGTC INFRA S.A.,4,TOP TURBO,4.75,Frequentes,305649.1
192359,ARMECANICA LOCACAO DE EQUIPAMENTOS,4,TOP TURBO,1.7096774193548387,Regulares,334710.09
192634,MARTINS RS LTDA,4,Outras,2.7142857142857144,Regulares,84968.45
193645,TRANSPAL TRANSPORTES LTDA,4,TOP TURBO,4.473684210526316,Frequentes,82451.75
1770217,"ARMAC LOCACAO, LOGISTICA E SERVICOS",4,TOP TURBO,10.428571428571429,Frequentes,280698.96
1770869,CONSORCIO LIMPA GYN,4,TOP TURBO PRO,2.75,Regulares,209675.25
1770984,BRITAGEM SANTIAGO LTDA,4,GEAR,3.111111111111111,Regulares,182212.98
1771099,CONSTRUTORA LUIZ COSTA LTDA,4,Outras,2.8125,Regulares,181358.9
1771108,"ARMAC LOCACAO, LOGISTICA E SERVICOS",4,Outras,3.4166666666666665,Regulares,43109.49
1771115,I.V TRANSPORTES E LOCACOES LTDA,4,Outras,3.8,Frequentes,30651.14
1771121,TUCANO SERVICOS DE APOIO A OLEO E G,4,TOP TURBO,5.230769230769231,Frequentes,189815.73
188334,GE CELMA LTDA.,4,HYDRA XP,3.515151515151515,Frequentes,316735.17
188520,BERLITZ DIESEL LTDA,4,Outras,5.333333333333333,Frequentes,362535.23
190047,GONCALVES & PEREIRA TRANSPORTES LTD,4,TOP TURBO,2.1538461538461537,Regulares,322576.65
1771224,"ARMAC LOCACAO, LOGISTICA E SERVICOS",4,Outras,4.8,Frequentes,41087.14
1771226,"ARMAC LOCACAO, LOGISTICA E SERVICOS",4,TOP TURBO,5.0,Frequentes,9019.04
1771229,"ARMAC LOCACAO, LOGISTICA E SERVICOS",4,Outras,6.0,Frequentes,7293.860000000001
1771412,COLPAR PARTICIPACOES S/A,4,TOP TURBO,3.75,Frequentes,36791.12
1771424,EMPA S/A SERVICOS DE ENGENHARIA,4,Outras,5.0,Frequentes,80339.08
1771438,CONSORCIO LIMPEZA URBANA DE UBERABA,4,TOP TURBO,5.0,Frequentes,17850.82
1771441,ICTSI RIO BRASIL TERMINAL 1 S.A.,4,Outras,5.5,Frequentes,41672.28
190632,NB MAQUINAS LTDA,4,Outras,3.3157894736842106,Regulares,349525.82
1014137,VIASOL TRANSPORTES RODOVIARIOS LTDA,4,TOP TURBO,3.3636363636363638,Regulares,88618.39
1014909,TRANSMEC DIESEL COMERCIO DE PECAS E,4,TOP TURBO,6.444444444444445,Frequentes,124920.22
1017494,EVANIL TRANSPORTES E TURISMO LTDA,4,Outras,2.3846153846153846,Regulares,190915.07
1018826,CABAL CALCAREO BAMBUI LTDA,4,Outras,4.119047619047619,Frequentes,288217.68
1018931,EMPRESA DE TRANSPORTE DO NORDESTE L,4,Outras,4.6,Frequentes,156188.73
1765840,DE AMORIM LOCADORA LTDA,4,Outras,2.6666666666666665,Regulares,124863.43
1765948,GERALDO RAIMUNDO MACHADO,4,TOP TURBO,8.0,Frequentes,170312.57
1766576,CELIA BELOMI MINOHARA,4,Outras,2.9,Regulares,108277.05
1019389,OITAVO BATALHAO LOGISTICO,4,GL 5,3.0,Regulares,51167.35
1020854,TRANSPORTE E TURISMO CORAL LTDA,4,TOP TURBO,3.6666666666666665,Frequentes,30413.32
1021147,RAIMUNDO DINIZ ALVES,4,Outras,2.8125,Regulares,113221.3
1023745,TERCEIRO BATALHAO LOGISTICO,4,GL 5,2.75,Regulares,119939.33
178348,TRIUNFO PEDRAS LTDA,4,Outras,2.242424242424242,Regulares,371348.83
179818,VANTUIR MEIRA,4,TOP TURBO,2.588235294117647,Regulares,318721.67
181267,PIAUI TERRAPLENAGEM E CONSTRUCOES L,4,Outras,2.4857142857142858,Regulares,292012.29
182960,GEES S/A,4,Outras,1.8181818181818181,Regulares,321745.1
183547,VLT - VIEIRA LOGISTICA E TRANSPORTE,4,Outras,2.8666666666666667,Regulares,244879.58
1771900,"ARMAC LOCACAO, LOGISTICA E SERVICOS",4,TOP TURBO,5.5,Frequentes,13599.19
1772090,"PARATY FRETAMENTO, TURISMO E TRANSP",4,TOP TURBO,2.933333333333333,Regulares,54287.65
1772095,"PARATY FRETAMENTO, TURISMO E TRANSP",4,TOP TURBO PRO,4.583333333333333,Frequentes,80498.11
1772098,"PARATY FRETAMENTO, TURISMO E TRANSP",4,TOP TURBO,3.6,Frequentes,100007.25
185589,CALMAP INDUSTRIA DE CALCARIO LTDA,4,Outras,3.0,Regulares,437109.28
186876,PEDREIRA HVB LTDA,4,HYDRA,2.6153846153846154,Regulares,126129.53
188006,CCX REPRESENTACAO COMERCIAL DE EQUI,4,TOP TURBO,3.206896551724138,Regulares,166893.96
175392,ASA BRANCA LOCADORA E TURISMO LTDA,4,Outras,3.4615384615384617,Regulares,105573.77
175418,INONIBRAS INOCULANTES E FERRO LIGAS,4,TOP TURBO,2.3,Regulares,44438.32
175557,"JUSTO TERRAPLENAGEM, LOCACAO E TRAN",4,TOP TURBO,2.909090909090909,Regulares,114681.52
1772106,"PARATY FRETAMENTO, TURISMO E TRANSP",4,TOP TURBO PRO,3.466666666666667,Regulares,178211.25
1772107,"PARATY FRETAMENTO, TURISMO E TRANSP",4,TOP TURBO,3.0,Regulares,57159.9
1772506,BENEL TRANSPORTES E LOGISTICA LTDA,4,HYDRA XP,3.8,Frequentes,32186.4
1772538,BENEL TRANSPORTES E LOGISTICA LTDA,4,Outras,3.75,Frequentes,40222.3
1772640,FRINSCAL - DISTRIBUIDORA E IMPORTAD,4,Outras,6.0,Frequentes,5339.2
1024196,MAKRO TRANSPORTES LTDA,4,Outras,8.0,Frequentes,21703.91
1026162,"STEEL LOG - COMERCIO, LOGISTICA, TR",4,TOP TURBO,1.92,Regulares,176855.38999999998
1028013,COOPMIX PARAIBA CONCRETO E CONSTRUC,4,HYDRA XP,2.2580645161290325,Regulares,222588.13
1031777,JOMANE-CONCRETAGEM E SERVICOS LTDA,4,HYDRA XP,2.7857142857142856,Regulares,86219.71
1032589,MECANICA IMPLEMAQ LTDA,4,Outras,3.5384615384615383,Frequentes,99933.99
1033354,GLOBAL TRANSPORTADORA LTDA,4,HYDRA,3.0434782608695654,Regulares,111969.07
1764881,PEDREIRA SHALON LTDA,4,GEAR,2.9375,Regulares,260573.39
1765160,PAC- TRATORES ALUGUEL DE MAQUINAS L,4,HYDRA XP,3.090909090909091,Regulares,241617.46
1034869,AGROPECUARIA PALMA LTDA,4,TOP TURBO,3.5384615384615383,Frequentes,104013.94
1035544,EMPRESA DE TRANSPORTES SANTAFE LTDA,4,TOP TURBO,1.95,Regulares,183661.71
1039267,PEDREIRA AGUAS LINDAS LTDA,4,TOP TURBO,2.727272727272727,Regulares,210956.2
1039861,CONCRECON CONCRETO E CONSTRUCOES LT,4,HYDRA,2.5,Regulares,126912.82
171150,TRANSPORTES BERTOLINI LTDA,4,TOP TURBO,1.619047619047619,Regulares,319348.92
171616,TRANSPORTADORA CASARIM LOUVEIRA LTD,4,TOP TURBO,4.428571428571429,Frequentes,269247.72
172609,NORONHA - INDUSTRIA E COMERCIO DE P,4,Outras,2.757575757575758,Regulares,119838.5
1772853,ZIRLENO SOARES PEREIRA,4,TOP TURBO,6.0,Frequentes,23527.55
1772875,MECBRUN-INDUSTRIA E COMERCIO LTDA,4,TOP TURBO,5.2,Frequentes,159806.89
1773322,"ARMAC LOCACAO, LOGISTICA E SERVICOS",4,TOP TURBO,6.25,Frequentes,218860.05
1773646,A T M REFRIGERACAO INDUSTRIAL LTDA,4,Outras,1.4,Ocasionais,268437.98
168448,ITU TRANSPORTES E TURISMO LTDA.,4,Outras,2.391304347826087,Regulares,340823.34
168997,MUNICIPIO DE RIO DOS INDIOS,4,Outras,3.1538461538461537,Regulares,70726.97
169422,M L DA C FERNANDES LTDA,4,TOP TURBO,1.4583333333333333,Ocasionais,275072.97
170750,MINERACAO SHALON LTDA,4,GEAR,3.2222222222222223,Regulares,419150.5
1773741,CAMERA LOGISTICA LTDA,4,TOP TURBO,1.8461538461538463,Regulares,138752.66
1773844,AMBIPAR ENVIRONMENTAL FOX COMERCIO,4,Outras,6.0,Frequentes,20582.95
1774040,JOSE ALBERTO BALDUINO E OUTROS,4,TOP TURBO,10.25,Frequentes,159979.74
1774131,PAVITEC - PAVIMENTACOES E SERVICOS,4,HYDRA XP,2.5625,Regulares,106597.46
1774149,HR SERVICOS DE CONSTRUCAO CIVIL E F,4,TOP TURBO,4.25,Frequentes,84699.3
1774385,"ARMAC LOCACAO, LOGISTICA E SERVICOS",4,GL 5,6.0,Frequentes,19660.3
1774417,"ARMAC LOCACAO, LOGISTICA E SERVICOS",4,TOP TURBO,4.222222222222222,Frequentes,234512.16
1774684,"ARMAC LOCACAO, LOGISTICA E SERVICOS",4,TOP TURBO PRO,7.0,Frequentes,252289.61
1044164,PARADISO GIOVANELLA TRANSPORTES LTD,4,TOP TURBO,2.0,Regulares,200268.54
1044995,TRANSPORTES VELOSO LTDA,4,TOP TURBO,3.4146341463414633,Regulares,203624.6
1049638,M&G MINERACAO DE CALCARIO LTDA,4,TOP TURBO,4.705882352941177,Frequentes,274603.65
1763210,EMPA S/A SERVICOS DE ENGENHARIA,4,Outras,11.0,Frequentes,40053.98
1763689,METALCORE INDUSTRIA E COMERCIO DE M,4,Outras,6.0,Frequentes,10565.12
1763968,REALMAQ ALUGUEL DE MAQUINAS E TERRA,4,HYDRA XP,4.090909090909091,Frequentes,132784.52
1764615,"ARMAC LOCACAO, LOGISTICA E SERVICOS",4,TOP TURBO,7.666666666666667,Frequentes,106091.84
1764625,SIMASUL SIDERURGIA LTDA,4,TOP TURBO,3.0,Regulares,43313.23
1764632,"ARMAC LOCACAO, LOGISTICA E SERVICOS",4,TOP TURBO,11.333333333333334,Frequentes,54026.84
1054806,JEFRSON BERTOLI e outro(s),4,Outras,4.0,Frequentes,210913.37
165249,"SOMA AMBIENTAL, TRATAMENTO E DISPOS",4,HYDRA,3.0833333333333335,Regulares,159983.47
166760,LILIAN KAREN DE SOUZA ROZENDO SILVA,4,Outras,5.666666666666667,Frequentes,29910.23
167158,SISTERMI LOCACAO DE MAQUINAS E EQUI,4,Outras,2.739130434782609,Regulares,199923.08
167208,9 BATALHAO LOGISTICO,4,GL 5,3.8,Frequentes,125102.9
1774696,"ARMAC LOCACAO, LOGISTICA E SERVICOS",4,TOP TURBO,8.666666666666666,Frequentes,255151.47
1774706,CONSORCIO ENGIBRAS / INSTTALE - SAL,4,Outras,1.8333333333333333,Regulares,144570.26
1774891,AMBIPAR ENVIRONMENTAL SOLUTIONS - S,4,Outras,4.2,Frequentes,35437.270000000004
1775073,MAXUELL SILVA ALVES,4,Outras,4.4,Frequentes,40970.85
1775561,SILVIO HENRIQUE DE MATOS,4,TOP TURBO,6.333333333333333,Frequentes,134944.34
167468,W.W TRANSPORTES DE CARGAS LTDA,4,TOP TURBO,3.0526315789473686,Regulares,91259.27
168183,TRANSPORTADORA TRANSLEONE LTDA,4,Outras,3.3333333333333335,Regulares,245390.75
168305,TRANSBEZERRA LTDA,4,Outras,3.9375,Frequentes,179755.69
163473,COOPERATIVA DOS TRANSPORTADORES AUT,4,TOP TURBO,4.518518518518518,Frequentes,207938.2
163474,10 BATALHAO LOGISTICO,4,TOP TURBO,3.2857142857142856,Regulares,169683.97
1775679,"ARMAC LOCACAO, LOGISTICA E SERVICOS",4,Outras,4.5,Frequentes,13727.58
1775887,GS EXTRACAO E COMERCIO DE AREIA LTD,4,HYDRA XP,3.4782608695652173,Regulares,152040.08000000002
163839,ESCAVATER LOCACAO DE MAQUINAS LTDA,4,Outras,3.8666666666666667,Frequentes,99739.03
164065,MAKRO ENGENHARIA LTDA,4,TOP TURBO,3.8,Frequentes,407657.81
164313,EMPRESA DE ONIBUS VILA GALVAO LIMIT,4,Outras,2.269230769230769,Regulares,209207.35
164349,CAPITAL DO AGRESTE TRANSPORTES URBA,4,TOP TURBO,3.7142857142857144,Frequentes,52525.2
164532,FBZ COMERCIO DE CARNES LTDA,4,Outras,2.2413793103448274,Regulares,53921.06
164646,LOCALIX SERVICOS AMBIENTAIS S.A.,4,TOP TURBO,3.6,Frequentes,99836.11
1054808,F. L. FABRICA DE PALLETS LTDA,4,TOP TURBO,2.925925925925926,Regulares,147836.54
1057450,HG FOODS LTDA,4,Outras,4.0625,Frequentes,169053.94
1059704,AUTO ONIBUS SAO JOAO LTDA EM RECUPE,4,Outras,3.5454545454545454,Frequentes,322882.95
1060425,LEWAL TRANSPORTES DE BARROSO LTDA,4,Outras,3.090909090909091,Regulares,51453.22
1065198,INTERMARITIMA PORTOS E LOGISTICA S/,4,HYDRA XP,1.71875,Regulares,202929.43
1761970,CONSTRUTORA NOBREGA PIMENTA LTDA,4,Outras,4.0,Frequentes,242882.8
1763198,"TONIOLO, BUSNELLO S/A - TUNEIS, TER",4,HYDRA XP,2.2222222222222223,Regulares,91634.07
1065861,TRANSMEL - TRANSPORTES MENELLI LTDA,4,Outras,3.6923076923076925,Frequentes,176612.31
1067011,L N DISTRIBUIDORA DE ALIMENTOS LTDA,4,TOP TURBO,6.5,Frequentes,19804.54
1068064,SESAGRE SERVICO DE ESCAVACAO DO AGR,4,HYDRA XP,2.473684210526316,Regulares,135090.27
1068762,VANDERLEI FELISBERTO AMANCIO LTDA,4,TOP TURBO,1.8888888888888888,Regulares,286288.98
1068844,HG FOODS LTDA,4,Outras,3.8333333333333335,Frequentes,26989.82
161863,FX MINAS CONSTRUCOES E EMPREENDIMEN,4,TOP TURBO,2.4444444444444446,Regulares,32833.63
1776546,"ARMAC LOCACAO, LOGISTICA E SERVICOS",4,TOP TURBO,8.0,Frequentes,68274.85
1776573,WELLINGTON TORRES PRACIANO,4,Outras,2.526315789473684,Regulares,142276.8
1776890,"ARMAC LOCACAO, LOGISTICA E SERVICOS",4,TOP TURBO,8.555555555555555,Frequentes,95607.33
163078,TLGA TRANSPORTES E LOGISTICA GRALHA,4,TOP TURBO,2.0526315789473686,Regulares,170199.49
1069803,PETROFAZ COMERCIO DE COMBUSTIVEL E,4,TOP TURBO,4.0,Frequentes,229530.55
1760528,TRANSTECWORLD LOGISTICA LTDA,4,HYDRA XP,4.75,Frequentes,40052.01
1761090,VANIO TERRAPLANAGEM LTDA,4,TOP TURBO,2.391304347826087,Regulares,178751.75
1761179,MINERACAO TANQUE BELO LTDA,4,TOP TURBO,3.1904761904761907,Regulares,398490.46
1761207,S AMBIENTAL SPE LTDA.,4,HYDRA,2.4347826086956523,Regulares,180117.35
1070105,ABR LOGISTICA INTEGRADA LTDA,4,TOP TURBO,3.769230769230769,Frequentes,114138.06
1070453,VERCESI & VERCESI COMERCIO E TRANSP,4,TOP TURBO,3.0833333333333335,Regulares,62928.19
1070455,REDIVIX TRANSPORTES LTDA,4,TOP TURBO,1.6956521739130435,Regulares,134135.98
1070506,ORGUEL INDUSTRIA E LOCACAO DE EQUIP,4,TOP TURBO,3.026315789473684,Regulares,264106.89
1070966,CARRO & CARRO LOCADORA LTDA,4,Outras,2.0,Regulares,21704.33
1071308,SPINA LOGISTICA E TRANSPORTES LTDA,4,TOP TURBO,2.111111111111111,Regulares,52120.92
157708,JOAO BATISTA DE SOUZA PINHO,4,TOP TURBO,4.309523809523809,Frequentes,271669.39
158087,TOSCAN TRANSPORTES LTDA,4,TOP TURBO,3.909090909090909,Frequentes,183516.5
158787,SADI TRANSPORTES LTDA,4,TOP TURBO,1.5238095238095237,Regulares,221256.83
1777857,PROGRESSO AGRICOLA LTDA,4,TOP TURBO,2.142857142857143,Regulares,301146.24
160514,LAICEJ LOCACAO EMPREENDIMENTO LTDA,4,Outras,10.75,Frequentes,27669.71
160835,BOCCHI IND. E COM. DE CEREAIS LTDA,4,HYDRA XP,1.5416666666666667,Regulares,211489.89
1071746,SBM - SUL BRASILEIRA DE MINERACAO L,4,Outras,1.7777777777777777,Regulares,125450.99
1072020,A J S GOMES PREMOLDADOS LTDA,4,HYDRA XP,6.0,Frequentes,16204.61
1072070,VIACAO CIDADE DE MACEIO LTDA EM REC,4,TOP TURBO,2.7857142857142856,Regulares,188496.91
1073448,INCOPA INDUSTRIA E COMERCIO DE PAPE,4,TOP TURBO,5.205128205128205,Frequentes,301299.05
1759519,RICARDO ZANCHETT,4,Outras,3.2,Regulares,111695.36
1759634,EXPLOFORT TECNOLOGIA EM DESMONTE DE,4,GEAR,4.625,Frequentes,267828.52
1760207,IDEAL MINERACAO LTDA,4,Outras,2.727272727272727,Regulares,231973.3
1760228,SUPER FORTE CONCRETO LTDA,4,HYDRA,3.2413793103448274,Regulares,115260.79
1760458,TRANSTECWORLD LOGISTICA LTDA,4,HYDRA XP,4.0,Frequentes,141705.53
1075344,TOPCAR USINA E SERVICOS LTDA,4,TOP TURBO PRO,3.7948717948717947,Frequentes,310727.86
1075420,SUPERBRITAS LTDA,4,GEAR,2.948717948717949,Regulares,300888.14
1075578,SERRA INDUSTRIA E COMERCIO DE PAPEI,4,Outras,4.538461538461538,Frequentes,258562.93
155435,VIACAO SAENS PENA LTDA.,4,TRM 5,2.0,Regulares,168164.92
155939,ZENATTI TRANSPORTE E TURISMO LTDA,4,TOP TURBO,1.7837837837837838,Regulares,402719.62
155940,VIACAO URBANA GUARULHOS S.A.,4,Outras,2.074074074074074,Regulares,179863.14
1778203,SERRO COMERCIO DE PECAS AGRICOLAS L,4,TOP TURBO,3.888888888888889,Frequentes,27986.89
1778595,"ARMAC LOCACAO, LOGISTICA E SERVICOS",4,TOP TURBO,7.666666666666667,Frequentes,69367.43
1778871,M K CANCHILHERI E CIA LTDA,4,Outras,2.2,Regulares,388606.5
1778881,CASA GERALDO VINICOLA LTDA,4,TOP TURBO,4.833333333333333,Frequentes,24514.19
1779162,"ARMAC LOCACAO, LOGISTICA E SERVICOS",4,TOP TURBO,7.857142857142857,Frequentes,229360.79
156779,CARVALHO & SILVA TRANSPORTES LTDA,4,TOP TURBO,3.75,Frequentes,59649.45
157274,GRANORTE S/A,4,GEAR,3.272727272727273,Regulares,203746.34
154241,LATICINIOS PORTO ALEGRE INDUSTRIA E,4,Outras,2.533333333333333,Regulares,47233.89
154372,CIPLAN CIMENTO PLANALTO SA,4,HYDRA XP,2.1176470588235294,Regulares,115721.87
154552,CONSTRUTORA LYTORANEA LTDA - EM REC,4,HYDRA XP,4.5,Frequentes,230061.21
154647,DISTRIBUIDORA DE CARNES VALE DO MOG,4,TOP TURBO,3.962962962962963,Frequentes,177617.8
1779612,TRANSPORTADORA DANIEL E CIA LTDA,4,TOP TURBO,2.7,Regulares,85172.68
1779617,"GOUVEIA SERVICOS EM MAQUINAS, EQUIP",4,Outras,14.333333333333334,Frequentes,84115.57
1779625,RPT SOLUCOES AMBIENTAIS LTDA,4,TOP TURBO,3.857142857142857,Frequentes,33098.06
1781002,RLR TRANSPORTES LTDA,4,TOP TURBO PRO,3.391304347826087,Regulares,268264.46
1781004,"ARMAC LOCACAO, LOGISTICA E SERVICOS",4,TOP TURBO,4.166666666666667,Frequentes,46974.13
154863,"BRASIL BIO FUELS REFLORESTAMENTO, I",4,Outras,2.142857142857143,Regulares,356449.15
154874,MINERACAO JOAO CAMARA LTDA,4,Outras,3.2666666666666666,Regulares,121281.5
154912,EXPRESSO BRASILEIRO TRANSPORTES LTD,4,Outras,2.911764705882353,Regulares,185675.26
1075954,BRITAMIL - MINERACAO E BRITAGEM SA,4,Outras,5.666666666666667,Frequentes,41288.78
1076342,A CASA PADRAO LOCACAO DE MAQUINAS L,4,TOP TURBO,2.380952380952381,Regulares,347346.3
1076629,ORGUEL INDUSTRIA E LOCACAO DE EQUIP,4,TOP TURBO,2.75,Regulares,183991.36
1757433,"BRITAMIL - BRITA, CONCRETO E SERVIC",4,GEAR,2.769230769230769,Regulares,126452.13
1759099,BETON MIX CONCRETO LTDA,4,Outras,5.9375,Frequentes,366663.89
1077288,A J TRANSPORTES E MINERACAO LTDA,4,HYDRA XP,3.9523809523809526,Frequentes,240852.17
1077553,A.D.D. INDUSTRIA E COMERCIO LTDA,4,HYDRA XP,2.2,Regulares,207727.55
150775,TRANSNACIONAL FRETAMENTO E LOCACOES,4,TOP TURBO,2.793103448275862,Regulares,226484.73
150944,EMPRESA DE ONIBUS PASSARO MARRON S/,4,TOP TURBO,3.4358974358974357,Regulares,309799.51
1782061,R E D MINERACAO E CONSTRUCAO LTDA,4,Outras,5.0,Frequentes,37460.7
151334,PEDREIRA MANDIRITUBA LTDA,4,GEAR,3.5,Regulares,33613.77
152444,IDEAL INFRAESTRUTURA E MONTAGEM LTD,4,Outras,2.212121212121212,Regulares,351941.81
153477,CIPLAN CIMENTO PLANALTO SA,4,HYDRA,1.864864864864865,Regulares,273855.42
153478,EXPRESSO NEPOMUCENO S/A,4,Outras,3.4390243902439024,Regulares,364033.32
154240,LATICINIOS PORTO ALEGRE INDUSTRIA E,4,Outras,4.964285714285714,Frequentes,300471.9
1080751,PACATUBA HORTIGRANGEIRA SA,4,TOP TURBO,3.7,Frequentes,179603.57
1080820,TMC - TERMINAL MULTIMODAL DE CARGAS,4,HYDRA XP,3.375,Regulares,220133.66
1082149,MINAPI MINERACAO DE  BRITA LTDA,4,Outras,1.9666666666666666,Regulares,207155.47
1756350,CAMILO E PEREIRA TRANSPORTES E REPR,4,GL 5,3.0,Regulares,76115.56999999999
1757427,FVD - LOGISTICA E TRANSPORTE LTDA,4,Outras,7.0,Frequentes,13116.21
1083858,ARAMIX ENGENHARIA DE CONCRETO LTDA,4,HYDRA XP,3.763157894736842,Frequentes,186408.54
1083995,A.G.C CONSTRUCOES & EMPREENDIMENTOS,4,Outras,2.9166666666666665,Regulares,95484.4
1084150,TRP OPERADORA LOGISTICA LTDA,4,Outras,4.620689655172414,Frequentes,219095.79
149527,WHLOG TRANSPORTES E LOGISTICA LTDA,4,TOP TURBO,3.5384615384615383,Frequentes,150384.2
149563,VIX LOGISTICA S/A,4,Outras,1.696969696969697,Regulares,140598.7
149623,VIACAO NOSSA SENHORA DA PENHA LTDA,4,Outras,2.6818181818181817,Regulares,382863.08
149675,STAVIAS STANOSKI TERRAPLENAGEM PAVI,4,Outras,6.75,Frequentes,116269.28
150244,SRM SOCIEDADE RIOGRANDENSE DE MOAGE,4,GEAR,2.4705882352941178,Regulares,222410.07
1782805,ROTA BRASIL TRANSPORTES E LOGISTICA,4,Outras,7.0,Frequentes,11009.92
1782818,M B C MATERIAIS BASICOS PARA CONSTR,4,GEAR,3.375,Regulares,67468.68000000001
1783315,ORIGINAL TRATORES LTDA,4,TOP TURBO,4.4,Frequentes,65832.66
150767,TCPAV  TECNOLOGIA EM CONSTRUCAO E P,4,TOP TURBO,2.1818181818181817,Regulares,144476.24
150774,INTERMARITIMA PORTOS E LOGISTICA S/,4,TOP TURBO,2.92,Regulares,273066.65
147151,AUTO VIACAO URUBUPUNGA LTDA,4,Outras,3.5714285714285716,Frequentes,410288.99
147549,GOIANA MINERACAO LTDA,4,HYDRA XP,3.5652173913043477,Frequentes,255782.05
147804,MARIMEX DESPACHOS TRANSPORTES E SER,4,TOP TURBO,2.081081081081081,Regulares,270636.33
147980,MINERACAO DE CALCARIO MONTIVIDIU LT,4,Outras,1.9,Regulares,192391.33
147981,MINERACAO DE CALCARIO MONTIVIDIU LT,4,Outras,1.96875,Regulares,253879.35
1783404,"ARMAC LOCACAO, LOGISTICA E SERVICOS",4,TOP TURBO,6.25,Frequentes,236954.44
1783576,"ARMAC LOCACAO, LOGISTICA E SERVICOS",4,TOP TURBO,4.0,Frequentes,19259.21
1783931,BINOTTI SEEDS LTDA,4,TOP TURBO,5.0,Frequentes,23071.55
1783972,TRANSMEC FLEX SERVICOS AUTOMOTIVOS,4,Outras,5.571428571428571,Frequentes,156592.65
1783993,FEITICEIRO CONCRETO E BRITAGEM LTDA,4,GEAR,2.5,Regulares,44388.84
1784010,"ARMAC LOCACAO, LOGISTICA E SERVICOS",4,GL 5,11.0,Frequentes,58332.87
1784037,"ARMAC LOCACAO, LOGISTICA E SERVICOS",4,TOP TURBO,5.625,Frequentes,124593.65
148580,VIX LOGISTICA S/A,4,Outras,1.9,Regulares,221792.58
149092,VICAMPE TRANSPORTES E TURISMO LTDA,4,Outras,2.6956521739130435,Regulares,67585.16
149302,RODRIGO DE CARVALHO BARROS LIMITADA,4,TOP TURBO,2.1515151515151514,Regulares,239005.68
145006,ASSOCIACAO TORRE DE VIGIA DE BIBLIA,4,Outras,3.7333333333333334,Frequentes,111261.7
145052,KARINA PISOS E REVESTIMENTOS CERAMI,4,Outras,2.0,Regulares,101918.57
145525,GUARAVES GUARABIRA AVES LTDA,4,Outras,3.27027027027027,Regulares,169934.56
145790,EMPRESA DE ONIBUS PASSARO MARRON S/,4,TOP TURBO,3.230769230769231,Regulares,238489.53
145796,NOSSA SENHORA DA VITORIA TRANSPORTE,4,TOP TURBO,3.0,Regulares,206328.54
145816,TREVISAN & ROTTA MAQUINAS E FERRAME,4,Outras,7.2,Frequentes,447713.32
146189,AREIAL - EXTRACAO E COMERCIO DE ARE,4,Outras,3.5925925925925926,Frequentes,270969.01
146213,TRANSPORTADORA AMERICAN LTDA,4,TOP TURBO,2.260869565217391,Regulares,166357.85
146384,EMPREENDIMENTOS G-QUATRO TURISMO E,4,TOP TURBO,2.4285714285714284,Regulares,262432.59
1784282,EVOLUTRANS TRANSPORTES E LOGISTICA,4,TOP TURBO,3.8,Frequentes,87244.0
1784377,PERUCIO E NOVAES TRANSPORTE E LOCAC,4,Outras,12.0,Frequentes,98505.74
1784569,ATLANTIS GUARUJA TERMINAIS DE CONTA,4,Outras,2.5625,Regulares,91536.66
1784652,"ARMAC LOCACAO, LOGISTICA E SERVICOS",4,TOP TURBO,13.5,Frequentes,52440.73
1085973,DS2 MINERACAO E COMERCIO LTDA,4,HYDRA,2.6666666666666665,Regulares,254666.29
1085977,ORGUEL INDUSTRIA E LOCACAO DE EQUIP,4,TOP TURBO,1.6666666666666667,Regulares,163547.4
1086418,ARAMIX ENGENHARIA DE CONCRETO LTDA,4,HYDRA XP,3.611111111111111,Frequentes,138701.16
1086648,F P M LOCACAO DE EQUIPAMENTOS E CON,4,TOP TURBO,3.4642857142857144,Regulares,103157.98
1755974,BENOIT ELETRODOMESTICOS LTDA,4,TOP TURBO PRO,3.7333333333333334,Frequentes,149507.56
1756240,ENTEC - MAQUINAS E EQUIPAMENTOS LTD,4,Outras,4.870967741935484,Frequentes,253977.62
1756342,NORTE LOG LTDA,4,TOP TURBO,2.1052631578947367,Regulares,261456.07
1087067,ARAMIX ENGENHARIA DE CONCRETO LTDA,4,HYDRA XP,3.6363636363636362,Frequentes,112489.04
1087249,GUAPI PAPEIS INDUSTRIA DE PAPEL E P,4,Outras,1.6896551724137931,Regulares,309112.27
1087437,CORTEZ ENGENHARIA LTDA.,4,Outras,3.0,Regulares,277787.07
1087924,COSTA VERDE TRANSPORTES LTDA,4,Outras,2.68,Regulares,165908.81
1088191,RIO ANIL TRANSPORTE E LOGISTICA LTD,4,TOP TURBO,4.472222222222222,Frequentes,448805.52
1088283,JSL S/A.,4,Outras,2.1,Regulares,75329.62
142372,TRANSPORTADORA ACACIO BRANCO LTDA,4,TOP TURBO,2.473684210526316,Regulares,34063.33
143406,TIJUCA ALIMENTOS LTDA,4,HYDRA XP,2.357142857142857,Regulares,360124.93
1784967,M GALINDO VAZ CONCRETOS,4,Outras,5.555555555555555,Frequentes,105206.01
1785257,R E D MINERACAO E CONSTRUCAO LTDA,4,Outras,3.1666666666666665,Regulares,148915.3
143573,CEREALISTA NOVA ESTRELA LTDA,4,TOP TURBO,3.5294117647058822,Frequentes,195076.85
143759,SETE RODAS PERFILADOS INDUSTRIA E C,4,Outras,4.75,Frequentes,18262.0
143983,MACROPO TRANSPORTES LTDA,4,TOP TURBO PRO,1.53125,Regulares,195111.67
144138,TRANS SABINO TRANSPORTES LTDA,4,TOP TURBO,1.8620689655172413,Regulares,102166.79
144823,V7 TRANSLOG TRANSPORTES LTDA,4,TOP TURBO,2.9565217391304346,Regulares,72214.94
138564,FORJA BAHIA LTDA,4,HYDRA,1.8333333333333333,Regulares,245619.72
139321,A GERADORA ALUGUEL DE MAQUINAS S.A.,4,TOP TURBO,1.3235294117647058,Ocasionais,380493.23
139363,A GERADORA ALUGUEL DE MAQUINAS S.A.,4,TOP TURBO,1.1875,Ocasionais,337632.71
139413,A GERADORA ALUGUEL DE MAQUINAS S.A.,4,TOP TURBO,1.4594594594594594,Ocasionais,386063.55
139421,A GERADORA ALUGUEL DE MAQUINAS S.A.,4,TOP TURBO,1.206896551724138,Ocasionais,282352.3
139442,CONSORCIO SOROCABA,4,Outras,2.4210526315789473,Regulares,166638.8
139618,BARRETO SERVICOS DE PERFURACAO DE P,4,HYDRA XP,3.7435897435897436,Frequentes,282386.24
139739,RIBETTI COMERCIO DE AREIA LTDA,4,Outras,2.588235294117647,Regulares,107733.32
139952,RCR LOCACAO LTDA,4,TOP TURBO,1.8275862068965518,Regulares,260165.38
1786071,CONSTRUTORA TRIPOLO LTDA,4,HYDRA,7.0,Frequentes,27862.18
140236,EXPRESSO GARDENIA LTDA - EM RECUPER,4,TOP TURBO,4.857142857142857,Frequentes,146066.37
140441,MINERACAO DE AREIA VALE DO RIO GRAN,4,TOP TURBO PRO,3.0,Regulares,247133.32
140471,ALAGOINHAS TRANSPORTES PUBLICOS LTD,4,TOP TURBO,5.090909090909091,Frequentes,92166.73
140489,MULT CARGAS E LOGISTICA LTDA,4,Outras,11.5,Frequentes,223873.91
137588,VIACAO NOSSA SENHORA DAS GRACAS S/A,4,TOP TURBO PRO,2.142857142857143,Regulares,231132.86
137591,MATTE & CIA LTDA,4,HYDRA,2.411764705882353,Regulares,114557.32
137754,PEDREIRAS SANTA ISABEL LTDA,4,HYDRA XP,3.2058823529411766,Regulares,282175.32
137908,POTIGUAR CONSTRUTORA LTDA,4,Outras,4.545454545454546,Frequentes,99756.11
137950,PECEM II GERACAO DE ENERGIA S. A.,4,Outras,2.0416666666666665,Regulares,392132.39
1786709,"ARMAC LOCACAO, LOGISTICA E SERVICOS",4,TOP TURBO,5.333333333333333,Frequentes,229257.16
1786711,MV FOSFATO S.A.,4,GEAR,3.3636363636363638,Regulares,185276.27
1786713,MAGE MINERACAO LTDA,4,TOP TURBO,2.5,Regulares,85626.16
1786916,BOMSUCESSO TRANSPORTES LTDA,4,Outras,4.3,Frequentes,258675.44
138027,EXPRESSO COROADO LTDA,4,TOP TURBO PRO,2.25,Regulares,399677.52
1088297,JSL S.A.,4,Outras,2.0,Regulares,173412.16999999998
1088508,VIACAO AROEIRAS LTDA,4,TOP TURBO,4.857142857142857,Frequentes,96048.12
1088800,C.R.C.C. CONSTRUCOES E COMERCIO LTD,4,Outras,3.7333333333333334,Frequentes,302023.42
1089402,MANTIQUEIRA ALIMENTOS LTDA.,4,TOP TURBO,2.9,Regulares,157245.49
1089936,COMPANHIA BRASILEIRA DE MINERACAO L,4,TOP TURBO,2.75,Regulares,70242.91
1090169,CONCRECON CONCRETO E CONSTRUCOES LT,4,HYDRA XP,2.3333333333333335,Regulares,130034.94
1753859,AMBIPAR ENVIRONMENTAL SOLUTIONS - S,4,Outras,5.615384615384615,Frequentes,258400.32
1754066,AMBIPAR ENVIRONMENTAL SOLUTIONS - S,4,TOP TURBO,5.888888888888889,Frequentes,104948.82
1754504,TUCANO SERVICOS DE APOIO A OLEO E G,4,HYDRA XP,4.333333333333333,Frequentes,37268.7
1091383,SUPERMIX CONCRETO S/A,4,HYDRA XP,2.1666666666666665,Regulares,194994.02
1091411,CONCRECON CONCRETO E CONSTRUCOES LT,4,HYDRA XP,2.7586206896551726,Regulares,269993.92
1091741,SUPERTEX CONCRETO LTDA EM RECUPERAC,4,HYDRA,6.0,Frequentes,14321.61
136039,VILAR CAMPOS LOCACAO DE MAQUINAS LT,4,Outras,3.8333333333333335,Frequentes,50945.21
136130,IRMAOS DALACORTE LTDA,4,TOP TURBO,3.7777777777777777,Frequentes,105160.51
136906,MENDES LOCACAO DE MAQUINAS E EQUIPA,4,TOP TURBO,2.3636363636363638,Regulares,239868.59
1787451,PAUMA E BRASIL EMPREENDIMENTOS IMOB,4,TOP TURBO,2.6315789473684212,Regulares,289018.27
1788092,IMPULSO TURISMO E TRANSPORTES LTDA,4,TOP TURBO PRO,3.142857142857143,Regulares,55567.64
1788216,ASV ASSISTENCIA LTDA,4,TOP TURBO,2.6666666666666665,Regulares,222983.16
1788367,"TONIOLO, BUSNELLO S/A - TUNEIS, TER",4,HYDRA XP,1.9090909090909092,Regulares,169003.89
137303,VIACAO CALVIPE LTDA,4,Outras,4.5,Frequentes,12075.53
137308,GALVAZ CONSTRUCOES E INCORPORACOES,4,TOP TURBO,6.066666666666666,Frequentes,215694.54
1091819,MATHEUS RIBEIRO COUTO,4,Outras,3.125,Regulares,230792.79
1092194,ASSOCIACAO DOS CAMINHONEIROS DE ALP,4,HYDRA,5.864864864864865,Frequentes,266063.85
1092284,MATHEUS RIBEIRO COUTO,4,Outras,5.5,Frequentes,46547.76
1092333,TRANSPORTADORA TURISTICA SUZANO LTD,4,TOP TURBO,6.0,Frequentes,45831.47
1752655,ENGEMAN MANUTENCAO DE EQUIPAMENTOS,4,HYDRA XP,4.578947368421052,Frequentes,281229.31
1753349,A. E S. FERREIRA SERVICOS E COMERCI,4,TOP TURBO,2.857142857142857,Regulares,227008.07
1753352,GRANOL AGRICOLA LTDA,4,Outras,2.4074074074074074,Regulares,177509.95
1753662,GRANOL AGRICOLA LTDA,4,HYDRA,2.4074074074074074,Regulares,180608.79
1092442,TAGUATUR TAGUATINGA TRANSPORTES E T,4,TOP TURBO,2.40625,Regulares,187157.67
1093270,COOPERATIVA DOS TRANSPORTADORES DE,4,Outras,2.0,Regulares,241165.02
1093275,GAF TRANSPORTES LTDA,4,TOP TURBO,2.263157894736842,Regulares,277602.07
132366,MINERACAO AURORA LTDA,4,GL 5,5.3076923076923075,Frequentes,306113.54
133200,DISPAN TRANSPORTE RODOVIARIO LTDA,4,TOP TURBO,3.235294117647059,Regulares,85101.55
134111,MINERACAO CURIMBABA LTDA,4,HYDRA XP,2.4166666666666665,Regulares,238540.66
135254,SO FRUTA ALIMENTOS LTDA,4,HYDRA,2.6666666666666665,Regulares,273584.11
1788625,JOSE AUGUSTO GARCIA PECAS,4,Outras,3.0,Regulares,24343.02
1788641,ALISEO EMPREENDIMENTOS E PARTICIPAC,4,Outras,4.6,Frequentes,140984.29
1788840,ATLANTIS NAVEGANTES TERMINAIS DE CO,4,Outras,2.764705882352941,Regulares,77687.32
1788952,PAVIDEZ ENGENHARIA LTDA,4,TOP TURBO,3.4,Regulares,45039.93
135580,ORMEC ENGENHARIA LTDA,4,TOP TURBO,5.388888888888889,Frequentes,87090.51
129648,OILEQUIP PRODUTOS E SERVICOS LTDA,4,HYDRA XP,2.696969696969697,Regulares,370927.91
129758,RODOVIARIO PIETROBOM LTDA,4,GL 5,3.75,Frequentes,37038.9
130422,ITAQUI GERACAO DE ENERGIA S/A,4,Outras,1.7222222222222223,Regulares,258549.15
130450,SANTO AMARO TRANSPORTES LTDA,4,TOP TURBO,2.7948717948717947,Regulares,280978.11
130630,AUTO VIACAO DRAGAO DO MAR LTDA,4,Outras,2.2666666666666666,Regulares,204617.31
1789625,JAP TRANSPORTES E LOCACOES LTDA,4,TOP TURBO,6.166666666666667,Frequentes,122210.08
1789664,GHISOLFI TRANSPORTES LTDA,4,TOP TURBO PRO,1.875,Regulares,264256.74
130667,POLI LOGISTICA LTDA,4,TOP TURBO,1.7142857142857142,Regulares,126467.39
130829,RIO VERMELHO DISTRIBUICAO DE ALIMEN,4,TOP TURBO,1.945945945945946,Regulares,287431.21
131357,CENTRAIS CONSTRUCOES PESADAS S/A,4,HYDRA XP,5.538461538461538,Frequentes,136951.23
132146,POTIGUAR CONSTRUTORA LTDA,4,Outras,5.0,Frequentes,19954.75
1093628,MINERACAO COMISA LTDA,4,GEAR,2.176470588235294,Regulares,124681.72
1093724,ORGUEL INDUSTRIA E LOCACAO DE EQUIP,4,HYDRA XP,2.861111111111111,Regulares,103627.62
1094064,KARINA PISOS E REVESTIMENTOS CERAMI,4,GEAR,2.4285714285714284,Regulares,75887.62
1750502,TUCANO SERVICOS DE APOIO A OLEO E G,4,HYDRA XP,4.2,Frequentes,74998.82
1752582,MAURO ANTONIO GOBBI,4,Outras,3.6666666666666665,Frequentes,48743.81
1752640,JOSE AUGUSTO VIEIRA,4,Outras,3.230769230769231,Regulares,138207.19
1094365,LIDA TRANSPORTES LOCACAO E COMERCIO,4,Outras,2.2857142857142856,Regulares,126902.76
1094598,JSL S/A.,4,HYDRA XP,1.55,Regulares,303922.22000000003
1094987,BRANCA TRANSPORTES LTDA,4,TOP TURBO,8.0,Frequentes,41441.88
1095888,AGROPECUARIA MIRANDA LTDA,4,TOP TURBO,3.310344827586207,Regulares,333939.54
1096134,MERCOPAMPA TRANSPORTES LTDA EM RECU,4,TOP TURBO,1.7142857142857142,Regulares,163008.19
126719,ENGEPAR - ENGENHARIA E PARTICIPACOE,4,Outras,2.1578947368421053,Regulares,195527.31
127007,CONSTRUTORA SIMOSO LTDA,4,Outras,1.7272727272727273,Regulares,124237.64
127043,DEMAS CONSTRUCOES LTDA,4,HYDRA XP,3.130434782608696,Regulares,109307.88
127110,"NOVACAP - ENGENHARIA, INDUSTRIA E C",4,HYDRA XP,5.083333333333333,Frequentes,272039.59
1790503,EMPRESA BRASILEIRA DE SERVICOS E PE,4,HYDRA XP,2.4444444444444446,Regulares,92288.86
127350,CONSTRUTORA N M LTDA,4,TOP TURBO,2.696969696969697,Regulares,114153.93
127392,COMANDO DA MARINHA,4,Outras,5.8,Frequentes,423267.54
127583,PAC ENGENHARIA LTDA,4,TOP TURBO,2.5,Regulares,120860.21
127724,FERNANDES - TRANSPORTES RODOVIARIOS,4,TOP TURBO,2.8666666666666667,Regulares,116665.02
127730,COOPDIESEL-C.P.F.J.SEG.TRANSP.GERAL,4,TOP TURBO,4.571428571428571,Frequentes,359063.58
129311,FLEXSIL SISTEMA SUL BRASILEIRO DE T,4,Outras,4.846153846153846,Frequentes,151772.38
122372,DESTILARIA MENEGHETTI LTDA,4,HYDRA,4.1,Frequentes,216464.09
122373,SADA BIO-ENERGIA E AGRICULTURA LTDA,4,TOP TURBO,2.4285714285714284,Regulares,276735.91000000003
122745,TRANSPORTE E TURISMO SANTO ANTONIO,4,TOP TURBO,2.75,Regulares,179790.37
122975,MINERACAO SANTO ANTONIO DE VARGINHA,4,GEAR,3.6,Frequentes,58096.75
123140,ALLIANCE INDUSTRIA MECANICA LTDA,4,HYDRA,3.027027027027027,Regulares,201530.12
1791516,"ARMAC LOCACAO, LOGISTICA E SERVICOS",4,Outras,4.833333333333333,Frequentes,32464.83
1792270,"ARMAC LOCACAO, LOGISTICA E SERVICOS",4,TOP TURBO,7.0,Frequentes,71830.70999999999
1792380,CONSORCIO CONSTRUTOR PORTOCEM,4,TOP TURBO PRO,6.0,Frequentes,59491.17999999999
123818,NEWTON INDUSTRIA E COMERCIO LTDA.,4,HYDRA XP,1.8709677419354838,Regulares,289095.26
124537,"GUARANI INDUSTRIA, COMERCIO E SERVI",4,HYDRA XP,3.806451612903226,Frequentes,294910.7
124679,CERAMICA N.S.F. LTDA,4,Outras,4.074074074074074,Frequentes,85572.55
125355,AMG BRASIL S.A.,4,GEAR,2.064516129032258,Regulares,220795.2
125645,AGRESTE MINERACAO INDUSTRIA E COMER,4,Outras,3.238095238095238,Regulares,81756.33
121225,ALTERO DESIGN - INDUSTRIA E COMERCI,4,Outras,1.8421052631578947,Regulares,127092.83
121331,"G M ROCHA INDUSTRIA, COMERCIO E SER",4,Outras,4.0,Frequentes,30336.97
121437,MINERACAO RIO DO SAL LTDA,4,Outras,3.0588235294117645,Regulares,317847.84
121570,SM INDUSTRIA DE MINERIOS DO BRASIL,4,Outras,3.142857142857143,Regulares,38020.63
121615,PEDREIRA ITERERE INDUSTRIA E COMERC,4,TOP TURBO,2.0,Regulares,90072.88
121632,PEDREIRA ITERERE INDUSTRIA E COMERC,4,TOP TURBO,2.142857142857143,Regulares,306907.23
121822,DEGA - LOGISTICA E TRANSPORTE LTDA,4,TOP TURBO,4.5,Frequentes,257249.26
1792821,"ARMAC LOCACAO, LOGISTICA E SERVICOS",4,TOP TURBO,7.0,Frequentes,93870.99
1793009,RODOLOG LOGISTICA LTDA,4,Outras,2.4166666666666665,Regulares,76080.47
1793284,"ARMAC LOCACAO, LOGISTICA E SERVICOS",4,TOP TURBO,6.076923076923077,Frequentes,255723.67
1793484,RIALMA TRANSMISSORA DE ENERGIA V S.,4,HYDRA XP,3.3333333333333335,Regulares,99991.71
122321,AGROPECUARIA LABRUNIER LTDA,4,Outras,2.764705882352941,Regulares,293715.18
122327,AGROPECUARIA LABRUNIER LTDA,4,Outras,2.5,Regulares,178594.27
119495,ROTA BRASIL TRANSPORTES E LOGISTICA,4,Outras,19.0,Frequentes,22204.26
119523,AGROPECUARIA MARATA LTDA.,4,Outras,3.4444444444444446,Regulares,193420.02
119525,CORNELIO ADRIANO SANDERS,4,TOP TURBO,5.0,Frequentes,112289.21
119799,VESPER TRANSPORTES LTDA,4,Outras,4.25,Frequentes,72981.04
120017,TRANSWOOD TRANSPORTE E LOGISTICA LT,4,Outras,3.6666666666666665,Frequentes,298163.88
120327,LOMA TRANSPORTES RODOVIARIOS LTDA,4,TOP TURBO,2.1923076923076925,Regulares,102921.33
1793499,BRASILLOG LTDA,4,TOP TURBO,3.0,Regulares,64738.86
1795458,TRANSPREX TRANSPORTADORA LTDA,4,Outras,2.0,Regulares,128981.51
1795459,MINERACAO MORRO ALTO AREIA LTDA,4,TOP TURBO,3.8,Frequentes,113812.9
120614,A.T.L COMERCIO DE PECAS PARA TRATOR,4,Outras,2.9285714285714284,Regulares,142043.43
121089,GREAT OIL PERFURACOES NORDESTE LTDA,4,TOP TURBO,5.555555555555555,Frequentes,199354.91
121112,R.M.P. DOS SANTOS & SANTOS LIMITADA,4,TOP TURBO,3.129032258064516,Regulares,143571.39
1096926,JOLUBE TRANSPORTE RODOVIARIO DE CAR,4,TOP TURBO,5.64,Frequentes,356427.21
1096931,CENTRAL DE TRATAMENTO DE RESIDUOS S,4,TOP TURBO,2.6451612903225805,Regulares,158331.84
1096967,JUANIL TRANSPORTES RODOVIARIOS LTDA,4,TOP TURBO,3.235294117647059,Regulares,53273.03
1096991,UNIMAR TRANSPORTES LTDA,4,Outras,4.7631578947368425,Frequentes,330269.08
1097014,EMPRESA DE ENERGIA SAO MANOEL S.A.,4,Outras,1.625,Regulares,409371.43
1097985,EXPRESSO NEPOMUCENO S/A,4,Outras,1.6785714285714286,Regulares,326988.16
1098505,TURINI CONSTRUCOES LTDA,4,Outras,14.4,Frequentes,132918.59
1748793,CONSORCIO SANCHES TRIPOLONI - CONSO,4,Outras,4.5,Frequentes,173879.98
1749771,MASTERLOC LOCACAO E ENERGIA LTDA,4,TOP TURBO,1.0384615384615385,Ocasionais,301891.58
1749867,CS COMERCIO E MANUTENCAO LTDA,4,TOP TURBO,9.5,Frequentes,281773.2
1099067,C LORENZUTTI PARTICIPACOES LTDA,4,Outras,2.263157894736842,Regulares,81664.75
1099457,CRIVELLARO & FILHOS LTDA,4,HYDRA XP,5.333333333333333,Frequentes,185851.85
1100682,TERMACO TRANSPORTES S.A,4,TOP TURBO PRO,2.71875,Regulares,225858.32
117510,TRANSTODOGAZ - LOCACAO E TRANSPORTE,4,TOP TURBO PRO,2.142857142857143,Regulares,188352.15
117920,IMPERIAL TRANSPORTES DE ASFALTO LTD,4,TOP TURBO,2.3636363636363638,Regulares,280382.66
118295,GRECHI MADEIREIRA E TRANSPORTE LTDA,4,TOP TURBO,4.833333333333333,Frequentes,22004.54
118418,PEDREIRA UM VALEMIX LTDA,4,Outras,1.6296296296296295,Regulares,160327.98
1795936,TST TRANSPORTES E LOGISTICA LTDA,4,TOP TURBO PRO,2.3684210526315788,Regulares,127598.93
118546,TRANSGRAOS LTDA,4,HYDRA,1.8181818181818181,Regulares,220720.44
118722,PAC- TRATORES ALUGUEL DE MAQUINAS L,4,HYDRA XP,3.7142857142857144,Frequentes,248314.21
119098,MINERIOS DE BOM JARDIM SA,4,Outras,6.093023255813954,Frequentes,334690.83
119136,VITTA QUIMICA INDUSTRIA E COMERCIO,4,GEAR,2.8333333333333335,Regulares,88876.98
116437,MAURO SIMONETTI,4,Outras,2.5555555555555554,Regulares,159161.5
116442,IMPERMIX CONCRETO LTDA,4,HYDRA XP,3.2962962962962963,Regulares,145595.86
116705,BR CONSTRUCOES LTDA,4,Outras,2.5454545454545454,Regulares,65729.19
117144,TRANS CACULA ZANCHETT LTDA,4,Outras,3.3333333333333335,Regulares,48985.55
1798629,FISCHER S/A - AGROINDUSTRIA,4,Outras,4.142857142857143,Frequentes,128526.88
1798664,TRIESTE ENERGY OPERACOES DE OLEO E,4,HYDRA XP,5.8,Frequentes,169832.1
1798670,"GR TRANSPORTES, SERVICOS E COMERCIO",4,GEAR,5.7272727272727275,Frequentes,250309.49
1798843,"ARMAC LOCACAO, LOGISTICA E SERVICOS",4,Outras,7.5,Frequentes,107196.47
1798995,RJ VALE INFRAESTRUTURA LTDA,4,TOP TURBO,3.8947368421052633,Frequentes,80228.38
117153,TRANSPORTADORA MANDACARI LTDA,4,TOP TURBO,2.6,Regulares,146254.8
117156,SICOR BRASIL - SOCIEDADE INDUSTRIAL,4,GEAR,2.6129032258064515,Regulares,291207.25
117262,TRANSPORTADORA SAO JOSE - SAO MANUE,4,Outras,4.6,Frequentes,19130.9
117495,MAZZA ENGENHARIA LTDA,4,Outras,5.0,Frequentes,177884.7
1102635,PEDREIRA E BRITADORA CANTIERI LTDA,4,Outras,3.066666666666667,Regulares,217664.55
1102650,CONCRETO USINADO CANTIERI LTDA,4,TOP TURBO,2.4827586206896552,Regulares,159496.77
1102690,RAPIDO FEDERAL VIACAO LIMITADA,4,TOP TURBO PRO,2.7857142857142856,Regulares,111538.91
1746963,IRO INDUSTRIA DE RECICLAGEM E COMER,4,GEAR,2.5,Regulares,274841.35
1747708,EMPA S/A SERVICOS DE ENGENHARIA,4,Outras,3.0,Regulares,134345.6
1748614,ENTEC SERVICOS E LOCACOES DE EQUIPA,4,HYDRA XP,2.04,Regulares,122833.99
1748625,JARDEL JOSE PIMENTEL,4,HYDRA,3.411764705882353,Regulares,93238.6
1102763,COOPERATIVA DOS TRANSPORTADORES UNI,4,Outras,6.5,Frequentes,64801.48
1103763,PLANLOG LOGISTICA INTEGRADA LTDA,4,TOP TURBO,2.0,Regulares,99853.49
1104302,MANTISSA TRANSPORTES LTDA,4,TOP TURBO PRO,2.857142857142857,Regulares,151916.42
1104329,EH TRANSPORTES E LOGISTICA LTDA,4,TOP TURBO,2.8333333333333335,Regulares,151088.88
1106376,AC PARCERIA E TERRAPLENAGEM LTDA,4,TOP TURBO,2.2,Regulares,132173.68
115132,PAULISTA SUDESTE TRANSPORTE DE CARG,4,TOP TURBO,2.608695652173913,Regulares,162188.3
115206,PAVEL PAVIMENTADORA VERTENTES LTDA,4,TOP TURBO,3.0689655172413794,Regulares,187119.2
115553,COTALCAMP - COOPERATIVA DOS TRABALH,4,TOP TURBO,4.375,Frequentes,223967.36
115554,POLO NORTE TRANSPORTES LTDA,4,TOP TURBO PRO,2.0285714285714285,Regulares,323962.79
1800943,CONSORCIO ICARAI-OTIMA TD03,4,HYDRA XP,3.2777777777777777,Regulares,176244.3
115619,BRASMIC MINERACAO AREIA E BRITA LTD,4,HYDRA,2.7096774193548385,Regulares,131904.09
115840,VIACAO FENIX LTDA,4,TOP TURBO,3.5555555555555554,Frequentes,172780.23
116158,RESITRANS TRANSPORTES RODOVIARIOS D,4,TOP TURBO,2.896551724137931,Regulares,107446.96
111987,COOPERCAL - COOPERATIVA DE TRANSPOR,4,HYDRA,2.6666666666666665,Regulares,191336.34
112009,TERRAFAT LOCACAO DE MAQUINAS LTDA.,4,TOP TURBO,2.5625,Regulares,61903.16
112134,CRISTAL ALIMENTOS LTDA,4,TOP TURBO,2.3461538461538463,Regulares,154188.63
1802230,IMPERIO SOCIEDADE COMERCIAL DE BEBI,4,TOP TURBO,3.2142857142857144,Regulares,27626.47
1802736,J.R. SERVICOS DE TRANSPORTES LTDA,4,TOP TURBO,3.6153846153846154,Frequentes,112793.98
112830,SILVIO MILANEZ,4,Outras,2.8,Regulares,74161.19
113006,COIMBRA IMPORTACAO E EXPORTACAO LTD,4,TOP TURBO,2.588235294117647,Regulares,264865.26
113751,IBERIA TRANSPORTES E SERVICOS LTDA,4,TOP TURBO,2.3421052631578947,Regulares,146527.99
114264,VIX LOGISTICA S/A,4,Outras,3.0,Regulares,175997.11
1106379,A G M TRANSPORTES LTDA,4,TOP TURBO,2.3684210526315788,Regulares,121010.87
1106986,CDGN LOGISTICA SA,4,Outras,1.0,Ocasionais,369963.32
1108300,LINUX TRANSPORTES LTDA,4,TOP TURBO,2.586206896551724,Regulares,121682.43
1108434,MINERACAO CAFE LTDA,4,Outras,2.4814814814814814,Regulares,157759.19
1108460,A.BARRETO MAQUINAS PESADAS LTDA,4,HYDRA XP,2.413793103448276,Regulares,96356.63
1108803,TRANSDIANA EMPRESA DE TRANSPORTES L,4,TOP TURBO,1.8148148148148149,Regulares,165700.06
1745512,CMIP MINERACAO PARACATUENSE LTDA,4,TOP TURBO,3.25,Regulares,49455.85
1109091,SATEL SAFAR TERRAPLENAGEM LTDA,4,TOP TURBO,3.0,Regulares,228580.46
1109938,UNIVALE TRANSPORTES LTDA,4,TOP TURBO,3.1538461538461537,Regulares,340589.61
1110082,LATICINIOS PORTO ALEGRE INDUSTRIA E,4,Outras,2.6923076923076925,Regulares,83866.72
1111046,GRIFFI TRANSPORTES LTDA,4,TOP TURBO,1.7714285714285714,Regulares,313783.01
1111396,OFICINA MECANICA BONFANTE LTDA,4,TOP TURBO,6.0,Frequentes,88061.91
1111580,MARTINI MEAT S/A ARMAZENS GERAIS,4,Outras,3.0,Regulares,76221.57
110742,TRANSPORTADORA DALASTRA LTDA,4,TOP TURBO,2.6206896551724137,Regulares,279041.19
110811,EXTRACAO E COMERCIO DE AREIA QUEVED,4,TOP TURBO,2.769230769230769,Regulares,96556.5
111098,GELOG - LOCACOES E TRANSPORTES LTDA,4,Outras,3.4,Regulares,60030.990000000005
111294,TRANSPORTADORA LONGO E ROCHA LTDA,4,TOP TURBO,3.0,Regulares,44931.76
1803857,"ARMAC LOCACAO, LOGISTICA E SERVICOS",4,Outras,8.0,Frequentes,128056.66
1804295,CBNS NEGOCIOS FLORESTAIS S/A,4,Outras,3.1538461538461537,Regulares,287617.98
111842,TRANS NETTI-TRANSPORTE E LOCACAO LT,4,TOP TURBO,2.56,Regulares,248023.1
111843,TRANSCODIL  LTDA,4,TOP TURBO PRO,1.6071428571428572,Regulares,196345.85
111898,O DA SILVA ROLIM,4,AV,1.7142857142857142,Regulares,77113.01
109548,WORK TRANSPORTES LTDA,4,TOP TURBO,2.1739130434782608,Regulares,163147.68
109761,COOP.MISTA TRANSP.CARG.EST.MG LTDA,4,TOP TURBO,3.411764705882353,Regulares,291173.68
110381,EXPRESSO COLETIVO FORQUILHINHA LTDA,4,TOP TURBO,3.12,Regulares,125475.44
110471,JM TERRAPLANAGEM E CONSTRUCOES LTDA,4,TOP TURBO,2.7037037037037037,Regulares,272944.95
110473,BRASMIC MINERACAO AREIA E BRITA S.A,4,TOP TURBO,3.1538461538461537,Regulares,40961.77
1804388,CIDADE DAS FLORES TRANSPORTES LTDA,4,Outras,4.611111111111111,Frequentes,103002.26
1804574,FX MINAS CONSTRUCOES E EMPREENDIMEN,4,HYDRA XP,8.0,Frequentes,6252.85
1804618,RM TRANSPORTES LTDA,4,TOP TURBO,3.142857142857143,Regulares,81336.04000000001
110537,TRANSPORTE UNIAO PEQUERI LTDA,4,Outras,2.0,Regulares,67286.71
110576,QUINTAL MASCARENHAS E FILHOS ENGENH,4,TOP TURBO,2.466666666666667,Regulares,59304.26
1111828,TS AGRICOLA LTDA,4,HYDRA,1.9230769230769231,Regulares,230146.51
1111987,EUCLIDES RENATO GARBUIO TRANSPORTES,4,TOP TURBO,1.6666666666666667,Regulares,158528.54
1112569,RAIMUNDO MEDEIROS JUNIOR,4,TOP TURBO,3.176470588235294,Regulares,231294.91
1744256,CONTEK ENGENHARIA S/A,4,TOP TURBO,3.8,Frequentes,78033.98
1744264,2R MINERACAO E BENEFICIAMENTO DE CA,4,Outras,3.9565217391304346,Frequentes,97571.58
1744405,TRANSBOCAYUVA TRANSPORTES LTDA,4,TOP TURBO,1.9444444444444444,Regulares,152818.24
1113720,STELLA D'ORO ALIMENTOS LTDA,4,Outras,2.0625,Regulares,67920.18
1113822,ELUX S.S. EXPRESSO LUXO SAO PAULO S,4,TOP TURBO,2.7857142857142856,Regulares,85118.86
1113924,CASTELO CONSTRUCOES E ADMINISTRACAO,4,TOP TURBO,4.875,Frequentes,52405.17
1114359,FARO CAPITAL COMERCIAL AGRICOLA LTD,4,Outras,3.3846153846153846,Regulares,144142.33000000002
1114419,FARO CAPITAL COMERCIAL AGRICOLA LTD,4,Outras,3.6666666666666665,Frequentes,203886.65
108273,JMS LOCACAO E AGROPECUARIA LTDA,4,TOP TURBO,3.2,Regulares,344377.8
108304,TRANSFLOR LTDA,4,TOP TURBO,4.560975609756097,Frequentes,314095.12
108321,AGROPECUARIA RABELLO LTDA,4,Outras,5.0,Frequentes,4825.01
1805849,STM - SERVICOS DE TRANSPORTES MUNIC,4,Outras,6.1875,Frequentes,333778.75
1807210,"ARMAC LOCACAO, LOGISTICA E SERVICOS",4,TOP TURBO,5.0,Frequentes,105804.39
1807224,RAFAEL DIB MACHADO E OUTROS,4,Outras,3.6,Frequentes,74588.23999999999
1807310,RAFAEL DIB MACHADO E OUTROS,4,Outras,3.5555555555555554,Frequentes,226786.28
1807678,POLIMIX CONCRETO LTDA,4,HYDRA XP,3.5,Regulares,43143.880000000005
109131,CENTROLOG LOGISTICA E TRANSPORTE LT,4,TOP TURBO,2.2666666666666666,Regulares,125353.91
109186,IRMAOS RIBEIRO COMERCIO DE RESIDUOS,4,TOP TURBO,3.75,Frequentes,52592.15
109428,SATEL SAFAR TERRAPLENAGEM LTDA,4,Outras,1.5555555555555556,Regulares,326485.94
108034,PEDREIRA ITAUNA LTDA,4,TOP TURBO,2.3333333333333335,Regulares,192771.75
108041,BENUNES E BENUNES LTDA,4,Outras,5.571428571428571,Frequentes,120209.74
108064,TRANSPORTES NACIONAL LTDA,4,TOP TURBO,3.0,Regulares,206828.9
108098,MINERACAO ORO-YTE LTDA,4,Outras,2.5454545454545454,Regulares,175991.76
108157,CALCARIO URUACU LTDA,4,HYDRA XP,2.1818181818181817,Regulares,190321.9
108177,VALERIANO VALENTE DE OLIVEIRA & CIA,4,Outras,7.285714285714286,Frequentes,249528.47
1808324,"ARMAC LOCACAO, LOGISTICA E SERVICOS",4,TOP TURBO,6.0,Frequentes,172043.05
1808325,CONSORCIO SQ APARECIDA SUSTENTAVEL,4,Outras,4.25,Frequentes,124698.97
1808337,PROCOPIOS TRANSPORTE E MINERAIS LTD,4,Outras,4.5,Frequentes,91320.21
1808831,FARO CAPITAL COMERCIAL AGRICOLA LTD,4,Outras,4.2,Frequentes,42035.22
1808853,RMDS TRANSPORTES LTDA,4,TOP TURBO,4.1875,Frequentes,246660.94
108206,VIACAO DOURADOS LTDA,4,TOP TURBO,3.3846153846153846,Regulares,55827.75
106090,VERDEBRITA BENEFICIAMENTO E COMERCI,4,GEAR,3.269230769230769,Regulares,320845.68
106133,KENNELAN LAVANDERIA E TINTURARIA IN,4,Outras,3.888888888888889,Frequentes,55644.95
106369,TRANSPORTE COLETIVO DE ROLANDIA LTD,4,TOP TURBO,2.3421052631578947,Regulares,250358.78
106419,MINERACAO ITAPORANGA LTDA,4,TOP TURBO,2.7,Regulares,300042.55
106532,EXPRESSO PLANALTO TRANSPORTE E LOGI,4,TOP TURBO,1.6666666666666667,Regulares,211801.67
106534,SV TRANSPORTES LTDA,4,TOP TURBO,1.6818181818181819,Regulares,98298.74
106579,DE AMORIM CONSTRUTORA DE OBRAS LTDA,4,Outras,2.5757575757575757,Regulares,299919.4
1808976,CHIBATAO NAVEGACAO E COMERCIO LTDA,4,Outras,2.0,Regulares,204136.53
1809333,MAKRO TRANSPORTES LTDA,4,HYDRA XP,3.3,Regulares,160436.53
1809570,SULESTE AMBIENTAL LTDA,4,HYDRA XP,2.1333333333333333,Regulares,77839.23
106652,CERAMICA CARMELO FIOR LTDA,4,TOP TURBO,3.7142857142857144,Frequentes,309604.71
107033,"BRAMAQ EMPILHADEIRAS, PECAS E SERVI",4,Outras,2.9705882352941178,Regulares,104148.93
107106,BRASIL BIO FUELS S.A.,4,Outras,2.6666666666666665,Regulares,146771.83
1114423,FARO CAPITAL COMERCIAL AGRICOLA LTD,4,Outras,3.7777777777777777,Frequentes,126499.4
1114428,PAULO ZUCCHI RODAS E OUTRA,4,Outras,3.0,Regulares,87835.96
1114439,FARO CAPITAL COMERCIAL AGRICOLA LTD,4,Outras,3.25,Regulares,40384.83
1114887,HAMILTON RIOS IND COM E EXP LTDA,4,GEAR,3.5714285714285716,Frequentes,347666.01
1116005,SIDERBRAS SIDERURGICA BRASILEIRA LT,4,TOP TURBO,2.619047619047619,Regulares,166545.03
1742491,IPIRA ENERGIA S.A,4,HYDRA XP,4.166666666666667,Frequentes,66509.54000000001
1742873,CITY TRANSPORTE URBANO SOROCABA LTD,4,TOP TURBO,2.933333333333333,Regulares,219868.05
1743378,MINERACAO BOA VISTA LTDA,4,Outras,2.2,Regulares,125802.26
1743470,SERGIO SOCZEK,4,TOP TURBO,3.6363636363636362,Frequentes,63328.05
1116340,F J DE LIMA LOCACAO E TRANSPORTES,4,GL 5,3.375,Regulares,147335.63
1116714,GGP INDUSTRIAL LTDA,4,TOP TURBO,3.75,Frequentes,37149.41
1116719,RR LOG TRANSPORTES E LOCACAO LTDA,4,TOP TURBO,3.4864864864864864,Regulares,236604.51
104281,VIACAO PARATY LTDA,4,TOP TURBO,5.230769230769231,Frequentes,151403.79
104288,VIACAO PARATY LTDA,4,TOP TURBO,4.761904761904762,Frequentes,214564.26
104449,MANTIQUEIRA ALIMENTOS LTDA.,4,HYDRA,2.2142857142857144,Regulares,117737.69
104611,PLENA TRANSPORTES E TURISMO LTDA,4,TOP TURBO,1.6785714285714286,Regulares,273120.6
104646,TIJUCA ALIMENTOS LTDA,4,HYDRA XP,3.6176470588235294,Frequentes,390665.48
104723,FRINEX - FRIGORIFICOS DO NORDESTE V,4,TOP TURBO,4.333333333333333,Frequentes,18478.53
1810302,EMPRESA BRASILEIRA DE SERVICOS E PE,4,Outras,1.6666666666666667,Regulares,268767.08
1810770,MINERACAO VALE VERDE LTDA,4,Outras,5.0,Frequentes,191746.78
1811114,TRANSBRASA TRANSITARIA BRASILEIRA L,4,HYDRA XP,2.4,Regulares,150691.17
105527,EXPRESSOBR TRANSPORTES E LOGISTICA,4,TOP TURBO,2.7777777777777777,Regulares,190576.08
102708,CTR PE - CENTRAL DE TRATAMENTO DE R,4,TOP TURBO,2.787878787878788,Regulares,361779.74
102739,VIX LOGISTICA S/A,4,TOP TURBO PRO,1.8571428571428572,Regulares,116228.2
103005,ILUMINAR COM. E SERV. LTDA,4,Outras,3.5641025641025643,Frequentes,112973.02
1812327,R E D MINERACAO E CONSTRUCAO LTDA,4,Outras,5.0,Frequentes,22852.56
1812357,MINERACAO BATALHENSE LTDA,4,Outras,3.5714285714285716,Frequentes,36543.78
1812452,S. BELEDELLI LTDA,4,Outras,2.7777777777777777,Regulares,34650.47
1812574,CONCEITO TRANSPORTES DE PASSAGEIROS,4,Outras,4.6,Frequentes,80187.26
1812661,MJ CONSULTORIA E ENGENHARIA LTDA,4,TOP TURBO,2.0,Regulares,185237.01
103393,CIA DE FERRO LIGAS DA BAHIA FERBASA,4,Outras,2.0714285714285716,Regulares,309666.12
103923,INDUSTRIA E COMERCIO DE GELO PRIMOR,4,Outras,1.6129032258064515,Regulares,273021.32
104185,CONSTRUTORA POLLO COMERCIO E INCORP,4,TOP TURBO,2.7666666666666666,Regulares,212701.76
1117591,FARO CAPITAL COMERCIAL AGRICOLA LTD,4,Outras,4.75,Frequentes,123734.91
1117802,CONSTRUTORA LUIZ COSTA LTDA,4,HYDRA XP,7.25,Frequentes,306955.35
1118092,DATA OPERACOES LTDA,4,TOP TURBO,2.6470588235294117,Regulares,257968.96
1118219,IPANEMA AGRICOLA S.A.,4,Outras,2.206896551724138,Regulares,168334.05
1118311,IPANEMA AGRICOLA S.A.,4,Outras,1.6842105263157894,Regulares,69170.4
1118368,VIX LOGISTICA S/A,4,Outras,1.78125,Regulares,371997.61
1741763,MINERACAO CENTRO SUL LTDA,4,HYDRA XP,3.125,Regulares,127083.0
1741792,CALMAIS INDUSTRIA DE CALCARIO LTDA,4,Outras,2.6956521739130435,Regulares,153399.22
1741959,CONSORCIO CONSTRUTOR BR-163/MT,4,Outras,7.75,Frequentes,239825.62
1742241,CAMPO ALEGRE INDUSTRIA E COMERCIO D,4,TOP TURBO,2.3,Regulares,63230.3
1119481,GRANPORT TRANSPORTE E CABOTAGEM LTD,4,HYDRA XP,4.368421052631579,Frequentes,126098.46
1119556,CALCARIO CALPONTA LTDA,4,Outras,1.9230769230769231,Regulares,47520.17
100350,CASTELINHO TRANSPORTES LTDA,4,TOP TURBO,1.9393939393939394,Regulares,213022.5
100604,TRANSPORTES JORDAN LTDA,4,Outras,1.8,Regulares,106584.89
100937,PREDILECTA ALIMENTOS LTDA,4,Outras,2.2777777777777777,Regulares,88510.46
1812672,MIGUEL ANGELO BALDUINO E OUTROS,4,TOP TURBO,5.5,Frequentes,73151.16
1813287,POTIGUAR CONSTRUTORA LTDA,4,TOP TURBO,4.333333333333333,Frequentes,28598.18
1813414,FERRO GUSA DO BRASIL LTDA,4,HYDRA,4.583333333333333,Frequentes,262877.02
1813442,DEPOTAINER SERVICOS EM CONTAINERS L,4,HYDRA XP,3.4705882352941178,Regulares,116227.61
101562,FUNDEX FUNDACOES E RECUPERACAO DE E,4,Outras,3.5357142857142856,Frequentes,196448.44
101787,MINERACAO BOA VISTA LTDA,4,Outras,3.675675675675676,Frequentes,343816.51
101894,VIACAO PARATY LTDA,4,TOP TURBO,4.25,Frequentes,208290.37
102320,DISTRIBUIDORA DE ALIMENTOS SERIDO L,4,TOP TURBO PRO,4.518518518518518,Frequentes,333566.85
97836,SERCOL - SANEAMENTO E CONSTRUCOES L,4,TOP TURBO,4.24,Frequentes,160697.4
98589,"LOTRANS - LOGISTICA, TRANSPORTES DE",4,Outras,4.666666666666667,Frequentes,123217.51
98630,TIMBAUBA S.A.,4,TOP TURBO,2.9166666666666665,Regulares,88130.23
99079,"A B S TRANSPORTE, COMERCIO DE BEBID",4,Outras,2.607142857142857,Regulares,165634.91999999998
99109,SATEL DE SANTOS TRANSPORTES LTDA,4,Outras,2.5217391304347827,Regulares,131688.0
1813612,"ARMAC LOCACAO, LOGISTICA E SERVICOS",4,HYDRA,9.0,Frequentes,10888.45
1813932,TRANSLOCAVE LTDA,4,GL 5,5.0,Frequentes,13093.49
1813933,ATLANTICO TRANSPORTES LTDA,4,TOP TURBO,5.5,Frequentes,59890.32000000001
99156,MINERACAO BARROSO INDUSTRIA E COMER,4,Outras,2.413793103448276,Regulares,123677.75
99209,J.M. INCORPORADORA E EMPREENDIMENTO,4,Outras,7.75,Frequentes,20840.41
99429,CRAGEA - COMPANHIA REGIONAL DE ARMA,4,HYDRA XP,2.2,Regulares,247456.69
99834,MARCO TULIO FERREIRA e outro(s),4,TOP TURBO,7.428571428571429,Frequentes,132488.25
99894,NOTARO ALIMENTOS LTDA,4,Outras,2.5588235294117645,Regulares,145750.96
100123,VBR LOGISTICA LTDA.,4,TOP TURBO,2.6470588235294117,Regulares,112752.26
96186,MARIA LUZIA TONELLI DE FARIA E OUTR,4,Outras,5.5,Frequentes,248551.79
96268,AGROPECUARIA ROSSATO SA,4,HYDRA,2.8823529411764706,Regulares,238620.58
96340,TRANSCASSIO LTDA,4,TOP TURBO,2.8333333333333335,Regulares,51338.41
96350,PEDREIRAS LAGE LTDA,4,Outras,3.5,Regulares,54444.97
1814646,ADAO AURELIANO RODRIGUES LTDA,4,Outras,9.0,Frequentes,9948.95
1814673,RFM TRANSPORTES LTDA,4,TOP TURBO PRO,3.6666666666666665,Frequentes,152960.91
1814822,BCN LOCACAO DE MAQUINA E TRANSPORTE,4,TOP TURBO,3.090909090909091,Regulares,212291.56
96918,F W TRANSPORTES LTDA,4,TOP TURBO,1.8333333333333333,Regulares,101843.36
96964,CELIA ROSA BOVI BASSAN,4,HYDRA,5.333333333333333,Frequentes,47734.73
97641,ESTALEIRO ATLANTICO SUL S/A EM RECU,4,Outras,2.0952380952380953,Regulares,193611.96
97702,EXPRESSO GUANABARA LTDA,4,TOP TURBO,2.638888888888889,Regulares,311965.77
1120159,MACHMELO COMERCIAL LTDA,4,TOP TURBO,4.0,Frequentes,32313.48
1120332,NUTRANE NUTRICAO ANIMAL LTDA,4,Outras,3.933333333333333,Frequentes,66093.17
1120368,VIACAO PARATY LTDA,4,TOP TURBO,5.083333333333333,Frequentes,84281.15
1120678,BY BUS TRANSPORTES LTDA,4,TOP TURBO,2.8260869565217392,Regulares,280289.84
1121420,CALCARIO NORTE-SUL LTDA,4,HYDRA XP,2.3448275862068964,Regulares,278780.5
1121472,BOITUHIDRO POCOS ARTESIANOS LTDA,4,Outras,2.46875,Regulares,132034.2
1740363,AGROZACCA ALIMENTOS LTDA,4,TOP TURBO,2.740740740740741,Regulares,227196.59
1740370,CORTEZ ENGENHARIA LTDA.,4,Outras,2.380952380952381,Regulares,277981.24
1122034,INVESTIMOVEIS EMPREENDIMENTOS S/A,4,TOP TURBO,3.076923076923077,Regulares,331347.97000000003
1122063,EXPLOFORT LOCACOES E SERVICOS EM DE,4,GEAR,5.0,Frequentes,77097.08
1122145,TRANSPORTE E TURISMO MACHADO LTDA,4,TOP TURBO,3.142857142857143,Regulares,171661.84
1122890,BRITAGO MINERACAO INDUSTRIA E COMER,4,GEAR,2.210526315789474,Regulares,184292.54
1123301,VIACAO VERDUN S/A,4,TOP TURBO PRO,2.3333333333333335,Regulares,247146.8
95270,AUTO VIACAO METROPOLITANA LTDA,4,TOP TURBO,4.142857142857143,Frequentes,260143.97
95698,LOWE COMERCIO E SERVICOS LTDA,4,TOP TURBO,4.25,Frequentes,125623.53
95749,JSL S.A.,4,Outras,1.3157894736842106,Ocasionais,165904.11000000002
1815521,CONSORCIO CAMINHOS DO MT - CCMT,4,Outras,4.5,Frequentes,317531.64
1816640,VDA AMAPA LTDA,4,Outras,3.0,Regulares,323566.4
95978,TRANSPORTE COLETIVO SAN REMO LTDA,4,Outras,3.1724137931034484,Regulares,131287.83
1123565,MARTINI MEAT S/A ARMAZENS GERAIS,4,HYDRA,4.0,Frequentes,310779.2
1123913,TRANSMILENIO TRANSPORTES E COLHEITA,4,TOP TURBO,2.0588235294117645,Regulares,225015.1
1125180,FERNANDO EDUARDO RABELO DIAS FILHO,4,Outras,6.0,Frequentes,15795.29
1126170,AGRICOLA SALUTARIS S.A,4,Outras,2.925925925925926,Regulares,107028.09
1126377,ALTO TIETE TRANSPORTES LTDA,4,GL 5,3.4444444444444446,Regulares,55838.47
1126515,YARA CRISTINA SILVA SANT'ANA,4,Outras,8.0,Frequentes,12432.21
1126558,VAMTEC RIO INSUMOS SIDERURGICOS LTD,4,GEAR,2.823529411764706,Regulares,85928.41
1735465,EMPA S/A SERVICOS DE ENGENHARIA,4,Outras,3.857142857142857,Frequentes,145756.35
1735500,VAMTEC LTDA,4,HYDRA XP,1.8846153846153846,Regulares,32597.3
1736318,PEDREIRA TOPBRITAS LTDA,4,GEAR,2.4827586206896552,Regulares,170953.82
93722,TURBO TRANSPORTES E LOGISTICA LTDA,4,TOP TURBO,1.894736842105263,Regulares,186942.0
93817,AUTO VIACAO PRESIDENTE VARGAS LTDA,4,TOP TURBO,2.717948717948718,Regulares,292318.47000000003
93898,TRANSPORTES SOUZA ARAUJO LTDA,4,Outras,3.4166666666666665,Regulares,225224.57
94048,PEDREIRA OURO FINO LTDA,4,Outras,2.6666666666666665,Regulares,53140.11
94264,SITIO BARREIRAS FRUTICULTURA LTDA,4,Outras,2.6956521739130435,Regulares,66331.45
1818060,MINAS MIX CONCRETO E PRE-MOLDADOS L,4,HYDRA XP,5.0,Frequentes,7396.5
94643,CONSTRUTORA J VICENTE LTDA,4,TOP TURBO,2.857142857142857,Regulares,95117.79
94840,LIDERANCA LOCACAO & TRANSPORTES LTD,4,TOP TURBO,3.272727272727273,Regulares,295017.45
1127532,MINERACAO SAO VICENTE LTDA,4,GEAR,2.2777777777777777,Regulares,194374.61
1127541,EDSON TRANSPORTE LOCACAO LTDA,4,TRM 5,4.024390243902439,Frequentes,317190.73
1732888,EXPRESSO NEPOMUCENO S/A,4,Outras,2.1153846153846154,Regulares,161627.56
1732890,RODOJUNIOR TRANSPORTES LTDA,4,TOP TURBO PRO,2.235294117647059,Regulares,239011.93
1734213,VILASA CONSTRUTORA S/A.,4,HYDRA,3.625,Frequentes,206344.06
1734593,GREAT OIL PERFURACOES NORDESTE LTDA,4,HYDRA XP,6.6,Frequentes,166089.23
1127877,TRANSFORTCAL LTDA,4,TOP TURBO,2.5,Regulares,114616.79
1128178,FCIA COMERCIO LTDA,4,Outras,3.4444444444444446,Regulares,36105.96
91991,NOVA TRANSPORTES LTDA.,4,Outras,2.8666666666666667,Regulares,324651.59
92154,CEREAIS BRAMIL LTDA,4,TOP TURBO,2.696969696969697,Regulares,282716.7
92156,WILSON DALTO NOGUEIRA,4,TOP TURBO,3.5,Regulares,34408.59
92164,DEVANIR AMANCIO E OUTROS,4,Outras,9.25,Frequentes,71354.11
92218,EXPRESSO MILHA LTDA,4,TOP TURBO,2.7142857142857144,Regulares,98904.39
92480,TEODORO ALBERTO SPINA E OUTROS,4,HYDRA,5.166666666666667,Frequentes,240880.88
92613,DALASTRA MONITORAMENTO DE CARGAS E,4,HYDRA XP,3.7,Frequentes,73266.89
92797,COMABEL - COMERCIO DE PRODUTOS DA C,4,Outras,3.6285714285714286,Frequentes,270862.47
1819246,BENEL TRANSPORTES E LOGISTICA LTDA,4,HYDRA XP,4.0,Frequentes,83096.42
92828,SISALANDIA FIOS NATURAIS LTDA,4,GEAR,2.4545454545454546,Regulares,176278.0
92829,"EMBRAFIOS INDUSTRIA, COMERCIO E EXP",4,GEAR,2.263157894736842,Regulares,216539.5
92938,SOLIDUS SERVICOS E CONSTRUCOES LTDA,4,Outras,3.142857142857143,Regulares,81615.47
93052,POLIMIX CONCRETO LTDA,4,GEAR,1.6666666666666667,Regulares,129221.79
90747,VIACAO RESENDENSE INTERMUNICIPAL LT,4,TRM 5,2.606060606060606,Regulares,71558.29
90774,MAXIMA LOGISTICA LTDA,4,TOP TURBO,3.130434782608696,Regulares,40599.07
90924,VIACAO VALE DO MUCURY LTDA,4,TOP TURBO,2.9642857142857144,Regulares,305720.92
90938,SANTA CORNELIA INDUSTRIA E COMERCIO,4,Outras,5.642857142857143,Frequentes,286235.39
1820343,CONTEK ENGENHARIA S/A,4,TOP TURBO,3.0,Regulares,102073.68
1821675,CORRETA AMBIENTAL LTDA,4,TOP TURBO PRO,6.333333333333333,Frequentes,33189.99
1821832,CATHAMAX CONSTRUCOES LTDA,4,TOP TURBO,2.923076923076923,Regulares,279484.68
91176,EMPRESA DE TRANSPORTES MAIRIPORA LI,4,TOP TURBO,2.0625,Regulares,293797.57
91440,COOTRAPS - COOPERATIVA DOS TRANSPOR,4,GL 5,5.0,Frequentes,290263.83
91555,VILASA CONSTRUTORA S/A.,4,TOP TURBO,3.0952380952380953,Regulares,333419.61
91769,COOPERUNA COOPERATIVA DOS TRANSPORT,4,TOP TURBO,2.4444444444444446,Regulares,260581.22
1128684,AMED S/A,4,GEAR,6.093023255813954,Frequentes,300820.92
1128757,QUATAI TRANSPORTE DE PASSAGEIROS SP,4,TOP TURBO,1.6,Regulares,173957.2
1129093,CONSTRUTORA ESCUDO INDUSTRIA E COME,4,Outras,2.75,Regulares,117572.08
1129687,TRAEL SERVICOS E COMERCIO DE TRANSF,4,AV,1.0,Ocasionais,286517.79
1130290,MINERACAO VEIGA LTDA.,4,Outras,4.303030303030303,Frequentes,260099.71
1130297,CRIATEL CERAMICA RIATE LTDA,4,TOP TURBO,3.6666666666666665,Frequentes,154625.84
1714442,CONSORCIO CONSTRUTOR BR-163/MT,4,Outras,6.5,Frequentes,75165.63
1718723,J P ANZOLIN TRANSPORTES LTDA,4,Outras,3.9411764705882355,Frequentes,52022.35
1718732,MINERACAO SAO JORGE LTDA,4,TOP TURBO,2.5714285714285716,Regulares,58026.37
1718739,DISTRITO DE IRRIGACAO DO PERIMETRO,4,Outras,6.0,Frequentes,4726.26
1130520,LASSA LATICINIOS SOBRALENSE LTDA,4,TOP TURBO,2.769230769230769,Regulares,34737.43
1823337,ANTONIO CELSO BARONI JUNQUEIRA FRAN,4,Outras,4.666666666666667,Frequentes,20080.86
1823883,CH MINERACAO E COMERCIO DE MINERIOS,4,Outras,4.25,Frequentes,117172.71
89294,PEDRA DO ITABIRA GRANITOS LTDA,4,Outras,6.533333333333333,Frequentes,117791.89
89345,SOL E MAR TRANSPORTE E TURISMO LTDA,4,TOP TURBO,2.857142857142857,Regulares,127674.14
89435,TRATORCENTER PECAS E SERVICOS LTDA,4,TOP TURBO,3.3333333333333335,Regulares,240141.51
90274,MBV - MINERACAO BELA VISTA LTDA,4,Outras,1.5862068965517242,Regulares,283475.3
90382,GAIA RODOVIAS LTDA,4,Outras,4.0,Frequentes,61250.22
1822045,SUPERTEX CONCRETO LTDA EM RECUPERAC,4,HYDRA,4.8,Frequentes,58958.04
1822384,MR LOTEAMENTO BV TERESINA SPE LTDA,4,TOP TURBO,2.875,Regulares,53157.93
86921,BRITAGRAN BRITAS E GRANITOS MINERAD,4,GEAR,1.8518518518518519,Regulares,264973.68
87139,TURIN TRANSPORTES LTDA,4,TOP TURBO,3.12,Regulares,267571.23
87523,ANTONIO RODRIGUES FERREIRA,4,Outras,4.636363636363637,Frequentes,55079.36
88563,BRASRAFIA INDUSTRIA E COMERCIO DE E,4,HYDRA XP,1.72,Regulares,202406.78
88602,UNIVALE TRANSPORTES LTDA,4,TOP TURBO,2.9047619047619047,Regulares,344136.78
88603,UNIVALE TRANSPORTES LTDA,4,TOP TURBO,2.176470588235294,Regulares,143535.05
88604,UNIVALE TRANSPORTES LTDA,4,TOP TURBO,2.2941176470588234,Regulares,120729.7
88647,COOPERATIVA DOS TRANSPORTADORES ROD,4,TOP TURBO,3.6842105263157894,Frequentes,106899.52
1130525,AHCOR LOCACAO E TRANSPORTES LTDA,4,TOP TURBO,3.4054054054054053,Regulares,108624.99
1130821,BRITAX BRITAGEM E CONSTRUCOES LTDA,4,TOP TURBO,1.6470588235294117,Regulares,96864.96
1130881,LOCALIX SERVICOS AMBIENTAIS S.A.,4,HYDRA XP,2.8461538461538463,Regulares,145122.56
1131192,MEGA MINERACAO LTDA,4,TOP TURBO,6.421052631578948,Frequentes,302975.89
1131517,COTRIJAL COOPERATIVA AGROPECUARIA E,4,HYDRA XP,1.6521739130434783,Regulares,214338.08
1713800,UBERCANA- COOP. AGROP. DOS PRODS. D,4,HYDRA XP,2.84,Regulares,314563.5
1713801,C L COMERCIO E SERVICOS DE TERRAPLE,4,TOP TURBO,4.0,Frequentes,180967.07
1714230,ADUBOS REAL S.A.,4,TOP TURBO,2.2,Regulares,88429.5
1714341,STEEL LOG - COM. LOGIST. TRANSPORT.,4,TOP TURBO,2.3333333333333335,Regulares,221720.84
1132516,LOG RIO TRANSPORTE E TURISMO LTDA,4,TOP TURBO,3.0714285714285716,Regulares,40910.61
1132921,ESTRUTURAL CONCRETO LTDA,4,TOP TURBO,3.5,Regulares,196199.31
1133569,VWI TRANSPORTES LTDA,4,TOP TURBO,3.7941176470588234,Frequentes,169220.2
85510,SICBRAS - CARBETO DE SILICIO DO BRA,4,HYDRA XP,2.3157894736842106,Regulares,47519.95
85728,AGROPECUARIA SEM FRONTEIRAS LTDA,4,Outras,3.5185185185185186,Frequentes,103246.21
85918,JEPAC CONSTRUCOES LTDA,4,TOP TURBO,2.6666666666666665,Regulares,243771.83
85968,PEDREIRA IRMAOS MACHADO LTDA,4,GEAR,3.769230769230769,Frequentes,245387.41
86486,TRANSPORTES E ARMAZENAGEM ZILLI LTD,4,TOP TURBO,3.3333333333333335,Regulares,337308.92
1133608,CONSTROESTE CONSTRUTORA E PARTICIPA,4,Outras,2.6153846153846154,Regulares,155197.83
1134043,PETROFLEX COMBUSTIVEIS DO NORDESTE,4,Outras,5.0,Frequentes,3391.83
1134426,MINERADORA DE CALCARIO SERRA DOURAD,4,HYDRA XP,3.0588235294117645,Regulares,179845.49
1135175,AMARALINA CONSTRUCOES E EMPREENDIME,4,HYDRA XP,4.928571428571429,Frequentes,234542.08
1135264,DISK - BRITA INDUSTRIA E COMERCIO D,4,Outras,2.1538461538461537,Regulares,106072.36
1712697,EMFLORS EMPREENDIMENTOS FLORESTAIS,4,Outras,2.689655172413793,Regulares,205510.99
1712809,TRANSPORTES E SERVICOS OLSEN LTDA,4,TOP TURBO,2.6923076923076925,Regulares,162594.05
1712823,MINERACAO CAJUAO LTDA,4,Outras,13.0,Frequentes,93200.23
1713601,TRANSCATARINA TRANSPORTE RODOVIARIO,4,TOP TURBO PRO,2.7333333333333334,Regulares,247065.55
1713608,TRANSPORTADORA TURISTICA SUZANO LTD,4,Outras,2.4615384615384617,Regulares,91315.38
1713609,NAVEMAZONIA NAVEGACAO LTDA,4,Outras,13.0,Frequentes,146633.19
1136533,R L LOCACOES DE CAMINHOES E MAQUINA,4,TOP TURBO,1.7826086956521738,Regulares,273462.86
1136852,CONPREM CONCRETO PREMOLDADO LTDA,4,Outras,2.0,Regulares,123102.88
81963,TRANSAUTO TRANSPORTES ESPECIALIZADO,4,TOP TURBO,4.076923076923077,Frequentes,80834.4
82420,VIACAO PENEDO LTDA,4,TOP TURBO,3.68,Frequentes,135788.7
82736,COOPERATAS COOPERATIVA DE TRABALHO,4,Outras,3.6538461538461537,Frequentes,83048.33
82902,BRITADOR OESTE LTDA,4,TOP TURBO,3.2,Regulares,48524.2
83043,A CANDIDO CIA LTDA,4,TOP TURBO,2.9130434782608696,Regulares,248263.92
1824689,SAO MIGUEL INCORPORACOES E PARTICIP,4,HYDRA,5.0,Frequentes,38113.16
1824952,ABILIO PEDRO INDUSTRIA E COMERCIO L,4,Outras,4.3076923076923075,Frequentes,127671.71
1825325,GEOCONTROLE BR SONDAGENS S.A.,4,HYDRA,8.0,Frequentes,35169.02
83417,EMPRESA SAO PAULO LTDA,4,TOP TURBO,3.6333333333333333,Frequentes,134563.16
84113,EMPRESA DE TRANSPORTES LIMOUSINE CA,4,Outras,2.576923076923077,Regulares,208528.64
84161,MERIDIONAL DISTRIBUICAO E LOGISTICA,4,TOP TURBO,1.6956521739130435,Regulares,243028.88
80203,EMPRESA DE TRANSPORTES NOSSA SENHOR,4,TOP TURBO,3.466666666666667,Regulares,133436.21
80205,MNS-COMERCIO DE PRODUTOS AGROPECUAR,4,TOP TURBO,3.689655172413793,Frequentes,254228.32
80428,JM TERRAPLANAGEM E CONSTRUCOES LTDA,4,TOP TURBO,7.0,Frequentes,269295.04
80964,VEGA S/A TRANSPORTE URBANO,4,Outras,3.9583333333333335,Frequentes,365421.03
80988,TCL - TECNOLOGIA E CONSTRUCOES LTDA,4,TOP TURBO,3.6666666666666665,Frequentes,46724.23
1825415,BOM JESUS LOCACAO DE CACAMBAS LTDA,4,Outras,3.857142857142857,Frequentes,56795.34
81137,PACKER PRESTADORA DE SERVICOS LTDA,4,Outras,2.6923076923076925,Regulares,33231.19
81934,EDUARDO DAVANCO TRANSPORTES,4,TOP TURBO PRO,4.542857142857143,Frequentes,180447.42
1137757,CLEZIO VARGAS CASADIO COMERCIO IMPO,4,Outras,11.0,Frequentes,62294.41
1138816,TSJ TRANSPORTES DE CARGAS LTDA EM R,4,TOP TURBO,2.3,Regulares,150607.77
1141796,COMPANHIA AGRICOLA MINERADORA E CON,4,HYDRA XP,3.5185185185185186,Frequentes,339490.21
1712376,PEDREIRA PRONTA ENTREGA LTDA,4,GEAR,5.0,Frequentes,17905.42
1712397,VILASA CONSTRUTORA S/A.,4,TOP TURBO,3.3333333333333335,Regulares,110710.39
1712404,VIACAO INOVARE LTDA,4,TOP TURBO,5.694444444444445,Frequentes,350179.85
1143160,CONCEITO TECNOLOGIA E PLANEJAMENTO,4,TOP TURBO,2.9,Regulares,151849.31
1143457,CONSTRUTORA ALEGRETENSE LTDA,4,Outras,2.65625,Regulares,334791.53
1143801,CONSORCIO FTS (LINHA LESTE),4,Outras,1.7894736842105263,Regulares,404650.85
78616,JOSE AUGUSTO VIEIRA,4,Outras,3.45,Regulares,242343.41
78642,JOSE AUGUSTO VIEIRA,4,HYDRA XP,2.3703703703703702,Regulares,305913.23
78786,TERMINAL SERRA AZUL LTDA,4,Outras,1.2333333333333334,Ocasionais,323299.35
78896,CONCORDIA TRANSPORTES RODOVIARIOS L,4,TOP TURBO,3.3513513513513513,Regulares,297266.82
79141,EMPRESA GERENCIAL DE PROJETOS NAVAI,4,HYDRA XP,1.6818181818181819,Regulares,151671.53
1827309,LEIFIL MOVEIS LTDA,4,TOP TURBO,4.0,Frequentes,46082.14
79314,CETRIC CENTRAL DE TRATAMENTO DE RES,4,TOP TURBO,2.7333333333333334,Regulares,235135.01
79403,VBR LOGISTICA LTDA.,4,TOP TURBO,2.625,Regulares,181354.37
79819,AMBIPAR ENVIRONMENT WASTE LOGISTIC,4,TOP TURBO,5.0,Frequentes,7939.450000000001
80000,MINERACAO SANTA MARIA LTDA,4,TOP TURBO,3.870967741935484,Frequentes,322099.93
77817,ELDORADO MINERACAO LTDA,4,GEAR,2.391304347826087,Regulares,185080.3
77915,CERAMICA TORRES LTDA,4,Outras,3.5238095238095237,Frequentes,101408.84
78152,A T M REFRIGERACAO INDUSTRIAL LTDA,4,Outras,1.9411764705882353,Regulares,356310.66
78209,AGR - AGRO RIO TRANSPORTES E COMERC,4,Outras,5.0,Frequentes,313789.01
78321,B.J.TRANSPORTES DE ITATIBA LTDA,4,TOP TURBO,3.5,Regulares,91356.86
78453,TRAVAGIN & TRAVAGIN LTDA,4,TOP TURBO,2.217391304347826,Regulares,273719.26
1828265,DINEX ENGENHARIA MINERAL LTDA,4,HYDRA,5.5,Frequentes,302577.58
1828364,"ARMAC LOCACAO, LOGISTICA E SERVICOS",4,TOP TURBO,5.6,Frequentes,44568.43
1828366,HP PECAS E SERVICOS LTDA,4,TOP TURBO,6.0,Frequentes,92570.55
1828379,ALEX CESAR DE SOUZA,4,TOP TURBO,14.0,Frequentes,57581.45
1828547,THIAGO SOUZA MACHADO,4,TOP TURBO,10.0,Frequentes,93405.17
1828578,EGTC INFRA S.A.,4,TOP TURBO,4.375,Frequentes,222294.33
1144023,FABIO LUIS DOS SANTOS BOVI E OUTRO,4,Outras,5.0,Frequentes,156317.93
1144360,HYDRO EXTRUSION BRASIL S/A,4,HYDRA XP,2.0476190476190474,Regulares,179188.23
1144361,JOMINI LOGISTICA LTDA,4,TOP TURBO,2.3333333333333335,Regulares,259584.34
1145191,SERGIO GUIMARAES,4,Outras,3.0,Regulares,374585.06
1145406,PAVIDEZ ENGENHARIA LTDA,4,Outras,3.3333333333333335,Regulares,69484.98
1146156,COMBER LOGISTICA LTDA,4,HYDRA,2.125,Regulares,393895.83
1710602,CHAMIX CONCRETOS LTDA,4,HYDRA XP,9.0,Frequentes,32097.18
1710621,SOLOFIX ENGENHARIA E FUNDACOES LTDA,4,HYDRA XP,2.4285714285714284,Regulares,130633.37
1146189,B C L A TRANSPORTES LTDA,4,TOP TURBO,2.6,Regulares,306106.0
1148094,IGOR CARDOSO SOARES,4,Outras,2.5135135135135136,Regulares,144842.82
1148314,PEMA BENEFICIAMENTO DE MINERIOS LTD,4,Outras,2.08,Regulares,209172.18
1148322,BRASILUVAS AGRICOLA LTDA,4,Outras,2.6666666666666665,Regulares,232547.96
1148326,AGROPECUARIA VALE DAS UVAS LTDA.,4,Outras,3.3055555555555554,Regulares,409253.75
75131,PRENSA JUNDIAI S/A,4,HYDRA XP,4.146341463414634,Frequentes,287102.79
75330,COOP.DE TRANSP.AUTONOMOS DE BENS DE,4,TOP TURBO,3.3333333333333335,Regulares,92189.04
75506,TRANSPORTADORA SILVA COUTO LTDA,4,TOP TURBO,3.0277777777777777,Regulares,241293.58
75592,SUCATAS S J LTDA,4,TOP TURBO,3.8780487804878048,Frequentes,414906.91
75713,BRAGHETTO & FILHOS LTDA,4,TOP TURBO,3.942857142857143,Frequentes,357019.26
76076,SOBRAL DISTRIBUIDORA DE BRITA LTDA,4,TOP TURBO,3.0,Regulares,382243.17
76145,MALIBU TRANSPORTES LTDA,4,TOP TURBO,3.260869565217391,Regulares,171443.12
76270,EMPREMON EQUIP.LTDA,4,TOP TURBO,2.347826086956522,Regulares,105827.91
76309,D.C.A. TRANSPORTES E SERVICOS LTDA,4,TOP TURBO,3.9375,Frequentes,85027.45999999999
76693,PEF COMERCIO E TRANSPORTE LTDA,4,TOP TURBO,2.85,Regulares,80698.06
73893,HP MOBILIDADE LTDA.,4,TOP TURBO,1.8484848484848484,Regulares,159311.32
73998,TRANSCORP TRANSPORTES E SERVICOS LT,4,Outras,5.8,Frequentes,334232.73
74007,ADEMIR COMERCIO DE VEICULOS E TRANS,4,Outras,2.4516129032258065,Regulares,191871.8
74369,TATUZAO TRANSPORTES RODOVIARIO LTDA,4,TOP TURBO,2.4615384615384617,Regulares,79390.88
74445,EMPRESA RODOVIARIA PIRACICABANA LTD,4,TOP TURBO,2.0,Regulares,214365.79
74452,EXPRESSO FENIX VIACAO LTDA,4,TOP TURBO,2.4615384615384617,Regulares,130842.26
1829620,FARO CAPITAL COMERCIAL AGRICOLA LTD,4,Outras,3.6,Frequentes,44421.19
1830411,DECAR AUTOPECAS DE MARILIA LTDA,4,TOP TURBO,4.111111111111111,Frequentes,77636.58
1830891,MUTUM REFLORESTADORA LTDA,4,Outras,2.3636363636363638,Regulares,91816.0
74460,MOVEIS B P LTDA,4,Outras,2.8260869565217392,Regulares,310629.4
74561,TRANSPORTADORA JOLIVAN LTDA,4,TOP TURBO PRO,2.3,Regulares,229313.56
74794,TRANSPORTADORA TRANS VARZEA LTDA,4,TOP TURBO,3.8,Frequentes,112772.16
74937,DARCY TRAVAGLIA LTDA,4,Outras,1.5862068965517242,Regulares,167028.46
1149837,VAMOS LOC.DE CAM.MAQS.E EQUIPS. S.A,4,Outras,2.272727272727273,Regulares,247809.64
1149946,TRANSMIMO LTDA,4,TOP TURBO PRO,1.5714285714285714,Regulares,105283.84
1150045,F J DA SILVA SOUZA TRANSPORTES,4,Outras,6.5,Frequentes,26771.2
1150302,MINERACAO CARAUBAS LTDA,4,TOP TURBO,4.323529411764706,Frequentes,363131.23
1150731,VALMI BLANCO MACHADO,4,Outras,6.0,Frequentes,50950.8
1708706,VILASA CONSTRUTORA S/A.,4,TOP TURBO,3.5,Regulares,135125.14
1152827,CENTROESTE COMERCIO DE PECAS LTDA,4,TOP TURBO,4.6,Frequentes,101658.73
72401,VIACAO JACAREI LIMITADA,4,TOP TURBO,2.53125,Regulares,314247.79
72402,JOSE MARIA RODRIGUES & FILHOS LTDA,4,TOP TURBO,4.5,Frequentes,10683.74
72460,AGRIMEX AGRO INDUSTRIAL MERCANTIL E,4,Outras,4.5,Frequentes,23368.29
1831209,BRITEX DO BRASIL LTDA,4,TOP TURBO,2.8,Regulares,154087.43
1831245,BRITA POTIGUAR LTDA,4,HYDRA XP,4.375,Frequentes,80408.0
1831347,TRANSPORTADORA RODOVIARIA DE CARGAS,4,TOP TURBO,8.0,Frequentes,134865.18
72494,VIACAO RIO GUAMA LTDA,4,Outras,3.05,Regulares,134166.02
72693,EMPRESA DE TRANSPORTES BRASO LISBOA,4,Outras,1.5517241379310345,Regulares,259686.84
72975,FRINSCAL - DISTRIBUIDORA E IMPORTAD,4,Outras,4.2,Frequentes,156859.83000000002
1152912,AUTO ONIBUS BRASILIA LTDA,4,TOP TURBO,2.380952380952381,Regulares,261956.29
1153009,PAULO DE CASTRO SILVA,4,Outras,5.4,Frequentes,306693.03
1153112,NATUS AMBIENTAL LTDA,4,HYDRA XP,2.3684210526315788,Regulares,74881.79
1153117,KM-KALIUM MINERACAO S/A,4,HYDRA,3.3333333333333335,Regulares,39957.85
1153137,VALMI BLANCO MACHADO,4,Outras,6.0,Frequentes,44110.44
1153802,MIBRA MINERIOS LTDA,4,GEAR,3.238095238095238,Regulares,140590.54
1154311,EXPRESSO PLANALTO TRANSPORTE E LOGI,4,TOP TURBO,1.565217391304348,Regulares,137738.02
1708010,PVF INDUSTRIA E COMERCIO DE PAPEL L,4,HYDRA XP,3.9,Frequentes,164927.11000000002
1708273,XZ TRANSPORTES E LOGISTICA LTDA,4,TOP TURBO,3.0952380952380953,Regulares,214557.36
1154811,P&P TRANSPORTES E LOGISTICA LTDA,4,Outras,3.1578947368421053,Regulares,226188.86
1154816,EXPRESSO FENIX VIACAO LTDA,4,Outras,3.3,Regulares,137159.17
71078,ELUS ENGENHARIA AMBIENTAL LTDA,4,HYDRA,1.8181818181818181,Regulares,226605.61
71081,PLACIDO'S TRANSPORTES RODOVIARIO LT,4,Outras,6.0,Frequentes,99632.27
71473,COTRAN 040 - COOPERATIVA DOS TRANSP,4,TOP TURBO,2.5757575757575757,Regulares,298352.93
71565,ALUISIO PEREIRA & CIA LTDA,4,TOP TURBO,2.5217391304347827,Regulares,156634.21
71691,ADRIJOIVE TRANSPORTES URBANOS LTDA,4,TOP TURBO,2.5652173913043477,Regulares,202789.77
71748,ARISMILDO GONZAGA DE OLIVEIRA,4,Outras,2.857142857142857,Regulares,133698.82
71801,SOLAZER TRANSPORTE E TURISMO LTDA,4,Outras,3.264705882352941,Regulares,221114.4
71822,TRANSPORTE FABIO S LTDA,4,TOP TURBO,2.4285714285714284,Regulares,173853.87
71902,BRITA IND E COM DE PEDRAS BRITADAS,4,TOP TURBO,2.4444444444444446,Regulares,264062.68
72088,PARAIBUNA TRANSPORTES LTDA,4,TOP TURBO,3.9393939393939394,Frequentes,168834.02
69927,PEDREIRA MURIAE LTDA,4,Outras,4.7,Frequentes,24961.03
69969,TRANSPORTES POLONI LTDA,4,Outras,1.9411764705882353,Regulares,93236.27
70031,MALOSSO BIOENERGIA S.A,4,Outras,3.0,Regulares,195358.55
70173,TRANSPORTES COLETIVO FARROUPILHA LT,4,Outras,3.857142857142857,Frequentes,18077.97
1831698,"ARMAC LOCACAO, LOGISTICA E SERVICOS",4,TOP TURBO,4.333333333333333,Frequentes,32234.57
1831711,"ARMAC LOCACAO, LOGISTICA E SERVICOS",4,HYDRA,5.0,Frequentes,59098.88
70471,ICOARACI PESCADOS E EXPORTACAO LTDA,4,TOP TURBO,5.5,Frequentes,188334.02
70630,ROUXINOL VIAGENS E TURISMO LTDA,4,Outras,2.2903225806451615,Regulares,165457.82
70929,FAZENI TRANSPORTES E TURISMO LTDA,4,TOP TURBO,2.5476190476190474,Regulares,209944.52
71007,EMPRESA VIACAO PIAUI LTDA,4,TOP TURBO,4.72093023255814,Frequentes,355717.45
64560,VENUS TURISTICA LTDA,4,TOP TURBO,2.0,Regulares,129863.17
64913,SANTA MARIA TRANSPORTES E FRETAMENT,4,TRM 5,3.361111111111111,Regulares,265362.48
65259,INDUSTRIA DE RACOES PATENSE LTDA EM,4,TOP TURBO,3.1666666666666665,Regulares,159341.09
65930,M A TRANSPORTES LTDA,4,TOP TURBO,2.9411764705882355,Regulares,173605.17
66020,AGENCIA DE TURISMO MONTE ALEGRE LTD,4,TOP TURBO,2.5,Regulares,113653.58
66096,CERAMICA WM LTDA,4,TOP TURBO,3.4615384615384617,Regulares,45903.71
67238,PRODUTOS ALIMENTICIOS ORLANDIA S A,4,HYDRA XP,2.7058823529411766,Regulares,149664.65
67309,VIACAO GARCIA LTDA,4,Outras,1.8888888888888888,Regulares,214200.99
1831924,LOTRAN FRETAMENTOS LTDA,4,Outras,3.7,Frequentes,125041.41
67580,COMTRASIL COMERCIO E TRANSPORTES LT,4,TOP TURBO PRO,2.0384615384615383,Regulares,475347.58
69848,TRANSPORTES TRAVISANI LTDA,4,TOP TURBO,1.6666666666666667,Regulares,203396.41
1155071,UNIUS TRANSPORTES LTDA,4,TOP TURBO,2.727272727272727,Regulares,273449.2
1155450,TUBOMAX PRE-MOLDADOS INDUSTRIA E CO,4,HYDRA XP,3.7209302325581395,Frequentes,285776.11
1155796,AUTO ONIBUS VERA CRUZ LTDA,4,TOP TURBO,2.6551724137931036,Regulares,307830.2
1705367,TRANSPORTES COLETIVOS TREVO S/A,4,TOP TURBO PRO,4.75,Frequentes,223199.37
1705402,PANSERVICE LOG LTDA,4,TOP TURBO PRO,3.125,Regulares,68441.47
1706007,TRANSPORTADORA FLECHA LTDA,4,TOP TURBO,3.0869565217391304,Regulares,331430.28
1707114,CONSTRUTORA SANCHES TRIPOLONI LTDA,4,TOP TURBO,4.444444444444445,Frequentes,303422.5
1707124,RICARDO COIMBRA LEROSA,4,Outras,2.473684210526316,Regulares,263138.67
1157330,CARIBUS TRANSPORTES E SERVICOS LTDA,4,Outras,5.25,Frequentes,72010.44
1158486,EXPRESSO SAO JOSE LTDA,4,Outras,1.2,Ocasionais,351620.23
1158488,PARNAIBA GERACAO E COMERCIALIZACAO,4,Outras,2.25,Regulares,116493.69
1158800,FER-ALVAREZ PRODUTOS SIDERURGICOS I,4,HYDRA,2.3214285714285716,Regulares,241316.25
64194,CASTRO COTTA TRANSPORTES LTDA,4,Outras,2.7857142857142856,Regulares,446592.73
64195,TURIN TRANSPORTES LTDA,4,TOP TURBO,2.121212121212121,Regulares,188039.57
1833336,"ARMAC LOCACAO, LOGISTICA E SERVICOS",4,TOP TURBO,5.0,Frequentes,97289.19
1834383,HJ ENGENHARIA DE FUNDACOES LTDA,4,Outras,6.0,Frequentes,4510.63
64406,VIACAO RIO OURO LIMITADA,4,TOP TURBO,2.3333333333333335,Regulares,226386.07
64491,PARADISO GIOVANELLA TRANSPORTES LTD,4,TOP TURBO,2.5,Regulares,303515.22000000003
64555,TAIPASTUR TRANSPORTES TURISTICOS LT,4,TOP TURBO,3.6666666666666665,Frequentes,64267.1
1159292,EMPRESA DE ONIBUS PASSARO MARRON S/,4,TOP TURBO,2.275,Regulares,103031.63
1159502,TUCANO SERVICOS DE APOIO A OLEO E G,4,HYDRA XP,3.4444444444444446,Regulares,151719.08
1159535,SERTEMIL ENGENHARIA COMERCIO E LOCA,4,TOP TURBO,2.55,Regulares,98695.51
1159563,COMPANHIA ENERGETICA DO JARI - CEJA,4,Outras,1.25,Ocasionais,341158.04
1159615,MANOEL ALBUQUERQUE DA COSTA,4,Outras,2.3076923076923075,Regulares,200307.12
1704930,JP - A CASA DA CONSTRUCAO LTDA,4,Outras,4.375,Frequentes,36865.72
1704935,FEDERACAO DAS ASSOCIACOES DO PERIME,4,GEAR,2.5454545454545454,Regulares,63460.09
1705198,PAULO ZUCCHI RODAS E OUTRA,4,Outras,5.5,Frequentes,33160.91
1705360,RESTINGA TRANSPORTES COLETIVOS LTDA,4,TOP TURBO PRO,4.333333333333333,Frequentes,123735.54
1160762,PATRAO PARTICIPACOES LTDA,4,TOP TURBO,3.0,Regulares,55551.35
1160790,NOVUM LOG LTDA,4,HYDRA XP,2.3333333333333335,Regulares,27818.58
1161804,ZIRAN NORDESTE TRANSPORTE RODOVIARI,4,Outras,2.3,Regulares,138310.89
62052,AUTO ONIBUS SANTA MARIA TRANSPORTES,4,TOP TURBO,2.8461538461538463,Regulares,253327.22
62219,VIACAO FORTE TRANSPORTE RODOVIARIO,4,TOP TURBO,3.5384615384615383,Frequentes,303019.72
62254,VIACAO LITORAL LTDA,4,TOP TURBO,3.0588235294117645,Regulares,49848.68
62316,EMPRESA NACIONAL DE PASSAGEIROS LTD,4,TOP TURBO,3.1739130434782608,Regulares,247436.49
62359,MINASBEB COMERCIO DE BEBIDAS LTDA,4,Outras,2.5,Regulares,56377.68
1835755,PORA SISTEMA DE REMOCOES LTDA,4,TOP TURBO,3.111111111111111,Regulares,134043.71
62559,FERROLENE SA INDUSTRIA E COMERCIO D,4,HYDRA XP,2.473684210526316,Regulares,279247.31
63385,TRANSNACIONAL TRANSPORTES LTDA,4,TOP TURBO,3.357142857142857,Regulares,299438.99
63469,COOPER SAO GABRIEL - COOPERATIVA DO,4,Outras,5.534883720930233,Frequentes,630067.66
63959,TRANSPORTADORA RAMPAZO LTDA,4,TOP TURBO,3.3333333333333335,Regulares,119745.33
64047,PEDREIRA SANTANA LIMITADA,4,Outras,2.8181818181818183,Regulares,343394.74
1162302,IRMAOS GONCALVES COMERCIO E INDUSTR,4,HYDRA,2.6,Regulares,260923.25
1703242,FIVE STAR OFFSHORE SERVICOS E LOCAC,4,HYDRA XP,3.0625,Regulares,194050.9
1704383,GT MINAS TRANSPORTES E DISTRIBUIDOR,4,TOP TURBO,2.103448275862069,Regulares,61086.2
1704520,CONTERP SERVICOS TECNICOS LTDA,4,Outras,3.642857142857143,Frequentes,158238.22
1164077,RICARDO BRUNORO,4,Outras,3.3846153846153846,Regulares,40847.53
1164266,CONCRETO BRITAKI LTDA,4,TOP TURBO,2.2222222222222223,Regulares,94709.2
1164396,FARO CAPITAL COMERCIAL AGRICOLA LTD,4,Outras,4.888888888888889,Frequentes,110690.4
60265,RCR LOCACAO LTDA,4,TOP TURBO,2.076923076923077,Regulares,218656.48
60454,ALTOEXPRESS CARGAS E ENCOMENDAS LTD,4,TOP TURBO,2.8947368421052633,Regulares,157328.78
60620,TRANSPORTES JOVIWAN LTDA,4,TOP TURBO,3.7142857142857144,Frequentes,38588.53
1835888,"ARMAC LOCACAO, LOGISTICA E SERVICOS",4,TOP TURBO,7.5,Frequentes,90313.49
1836220,MASSA FORT CONCRETOS ESPECIAIS LTDA,4,HYDRA,6.0,Frequentes,5083.889999999999
61258,T.Q.A. INDUSTRIA E COMERCIO LTDA,4,TOP TURBO PRO,2.0,Regulares,142142.17
61287,MINERITA MINERIOS ITAUNA LTDA,4,Outras,1.92,Regulares,295841.99
62041,UNIDAS TRANSPORTE E TURISMO LTDA,4,TRM 5,3.1363636363636362,Regulares,204708.2
59032,SANTALUCIA ALIMENTOS LTDA,4,TOP TURBO,2.2857142857142856,Regulares,223570.57
59265,BRASMIX ENGENHARIA DE CONCRETO LTDA,4,Outras,4.647058823529412,Frequentes,219349.6
59352,ELETRO HIDRO LTDA,4,TOP TURBO,5.0,Frequentes,217454.47
59474,"HYTEC CONSTRUCOES, TERRAPLENAGEM E",4,TOP TURBO,1.6923076923076923,Regulares,208958.36
1836791,CONSTRUTORA LANCELLOTI LTDA,4,Outras,6.333333333333333,Frequentes,162010.52
1836868,ECO FORTE BIOENERGIA LTDA,4,TOP TURBO,7.0,Frequentes,168841.66
59573,DANIEL TRANSPORTES LTDA,4,HYDRA XP,2.5,Regulares,137876.28
59821,EMPRESA DE TRANSPORTE SANTA MARIA L,4,TOP TURBO,2.8372093023255816,Regulares,364717.85
59869,RITER - LOCACAO E TRANSPORTES LTDA,4,HYDRA,4.25,Frequentes,40309.31
59942,VIACAO SANREMO LTDA,4,Outras,2.6818181818181817,Regulares,105918.17
60097,TRANSUR TRANSPORTE RODOVIARIO MANSU,4,TOP TURBO,3.3157894736842106,Regulares,111537.15
60204,GRANITOS S A,4,HYDRA XP,2.857142857142857,Regulares,213474.82
60207,NOVA SAFRA TRANSPORTES LTDA,4,TOP TURBO,3.40625,Regulares,209958.89
56990,PIPES EMPREENDIMENTOS LTDA,4,TOP TURBO,4.2,Frequentes,242944.76
57229,AUTO VIACAO 1001 LTDA,4,TRM 5,1.8125,Regulares,329171.1
57731,ERCAL SOLUCOES LTDA,4,Outras,3.1176470588235294,Regulares,282181.32
57736,ALLI LOGISTICA INTEGRADA LTDA,4,TOP TURBO,3.375,Regulares,137354.91
58075,AFA - TRANSPORTES LTDA,4,TOP TURBO,2.25,Regulares,161156.77
58120,TRANSPORTADORA UNIAO LTDA,4,TOP TURBO,3.4285714285714284,Regulares,41701.08
58370,FERTIAL-FERTILIZANTES DE ALAGOAS LT,4,HYDRA XP,3.066666666666667,Regulares,141479.51
1837459,CENTRAIS ELETRICAS DO NORTE DO BRAS,4,Outras,2.5,Regulares,207981.7
1837816,CONSTRUMIX TERRAPLENAGEM LTDA,4,TOP TURBO,5.0,Frequentes,69471.68000000001
1838233,TRANSPORTADORA RORATO LTDA,4,TOP TURBO,3.4444444444444446,Regulares,88297.70999999999
58890,RJG SERVICOS DE TRANSPORTE RODOVIAR,4,TOP TURBO,2.75,Regulares,326355.29
59018,EMPRESA DE ONIBUS E TURISMO PEDRO A,4,TOP TURBO,3.71875,Frequentes,110722.33
1164604,EIQ ELEPHANT INDUSTRIA QUIMICA LTDA,4,HYDRA XP,4.266666666666667,Frequentes,140710.3
1164624,UNIMAR TRANSPORTES LTDA,4,Outras,2.4516129032258065,Regulares,80274.32
1165168,CITRICULTURA MARATA LTDA,4,Outras,2.65,Regulares,134004.76
1165238,E M T CONSTRUTORA LTDA,4,Outras,3.4,Regulares,98133.93
1702177,MAKRO ENGENHARIA LTDA,4,Outras,3.3,Regulares,102769.91
1702691,BAZE TRANSPORTES LTDA,4,Outras,1.9333333333333333,Regulares,110475.72
1703112,FRAGA CONSTRUCOES E ENGENHARIA LTDA,4,HYDRA XP,3.7142857142857144,Frequentes,47988.68
1703133,ELUX S.S. EXPRESSO LUXO SAO PAULO S,4,TOP TURBO,3.375,Regulares,47372.89
1165440,PAN METAL INDUSTRIA METALURGICA LTD,4,Outras,2.9210526315789473,Regulares,367339.66
1165504,CHR TRANSPORTES RODOVIARIOS DE CARG,4,TOP TURBO,2.9166666666666665,Regulares,66564.15
1166164,TRANSCOTTA AGENCIA DE VIAGENS LTDA,4,TOP TURBO,2.0454545454545454,Regulares,88610.9
1167060,DS - COMERCIO & TRANSPORTE LTDA,4,TOP TURBO PRO,2.5,Regulares,107984.63
1167603,CONSORCIO SVC/PAVISERVICE,4,TOP TURBO,2.8333333333333335,Regulares,188649.62
55260,F.G. COMERCIO DE AREIA E BRITA LTDA,4,TOP TURBO PRO,1.9411764705882353,Regulares,73111.48
55320,VP TRANSPORTES E LOGISTICA LTDA,4,Outras,2.357142857142857,Regulares,51450.42
55716,VIX LOGISTICA S/A,4,Outras,1.6333333333333333,Regulares,256942.07
1839221,DRESTE CONSTRUTORA LIMITADA,4,Outras,4.166666666666667,Frequentes,78466.6
1839231,CONSORCIO SANCHES TRIPOLONI - JARDI,4,Outras,3.142857142857143,Regulares,86211.59
1839667,TIJUCA ALIMENTOS LTDA,4,HYDRA XP,2.4444444444444446,Regulares,136349.77
1839671,ZIGURATE CONSTRUÇÃO LTDA,4,HYDRA XP,3.8,Frequentes,27317.3
55930,EXPRESSO VERA CRUZ LTDA,4,Outras,6.142857142857143,Frequentes,403593.0
56581,SAO BENEDITO AUTO-VIA LTDA,4,TOP TURBO,3.116279069767442,Regulares,297236.32
56703,TRANSPORTES SAO CRISTOVAO LTDA,4,TOP TURBO,4.756756756756757,Frequentes,162321.31
56741,VIAMETRO TRANSPORTES URBANOS LTDA,4,Outras,3.4864864864864864,Regulares,134457.8
50526,COOPGRANEIS - COOPERATIVA DE TRANSP,4,HYDRA,1.5833333333333333,Regulares,209940.65
51076,EMAL EMPRESA DE MINERACAO ARIPUANA,4,GEAR,2.642857142857143,Regulares,113653.83
51365,PEDREIRAS CONTAGEM LTDA,4,TOP TURBO,2.433333333333333,Regulares,177714.49
51464,NOVA AMAZONAS INDUSTRIA E COMERCIO,4,TOP TURBO,3.8461538461538463,Frequentes,65356.9
1840732,SERMAC SERVICOS EM MAQUINAS E CAMIN,4,Outras,3.6666666666666665,Frequentes,18981.6
51743,AUTO VIACAO CAMPESTRE LTDA,4,TOP TURBO,2.9743589743589745,Regulares,168806.61000000002
52709,CADORE TRANSPORTES E COMERCIO LTDA,4,TOP TURBO,2.225,Regulares,150745.66
52981,NELCAR TRANSPORTES RODOVIARIOS LTDA,4,TOP TURBO,1.7727272727272727,Regulares,127247.61
53736,VIACAO CIDADE DE CAIEIRAS LIMITADA,4,Outras,3.395348837209302,Regulares,355898.81
53738,I.V.L. INDUSTRIAS VIEIRA LTDA,4,Outras,1.75,Regulares,67038.39
54128,CIDADE DAS FLORES TRANSPORTES LTDA,4,Outras,4.48,Frequentes,115755.06
54286,CONSTRUTORA SERRA DA PRATA LTDA,4,Outras,2.9565217391304346,Regulares,216677.76
48927,MARIPAV PAVIMENTACAO E CONSTRUCAO L,4,Outras,2.6666666666666665,Regulares,137826.17
49447,TRANSPORTE E TURISMO REAL BRASIL LT,4,TOP TURBO,2.6666666666666665,Regulares,312684.94
49795,AUTO VIACAO SALINEIRA LTDA,4,TOP TURBO,3.2666666666666666,Regulares,234137.46
49802,VIACAO MONTES BRANCOS LTDA,4,TOP TURBO,2.764705882352941,Regulares,239086.61
49854,AUTO ONIBUS SAO JOAO LTDA EM RECUPE,4,TOP TURBO,3.75,Frequentes,270989.12
49928,GUINDASTEC GUINDASTES E SERVICOS TE,4,TOP TURBO,2.142857142857143,Regulares,273106.74
50107,CFA CONSTRUCOES TERRAPLENAGEM E PAV,4,TOP TURBO,4.333333333333333,Frequentes,283973.94
50171,VAMTEC VITORIA LTDA,4,Outras,3.3823529411764706,Regulares,264102.99
1840826,VICENTE PESSOA DE VASCONCELOS,4,Outras,4.75,Frequentes,16926.06
1841896,JOSE ANTONIO VISSOSO,4,TOP TURBO,8.25,Frequentes,159589.57
1842231,FLAVIA SILVEIRA DE FREITAS,4,Outras,6.0,Frequentes,75605.89
50402,CALWER MINERACAO LTDA,4,Outras,4.204545454545454,Frequentes,340992.4
46502,TRANSPORTADORA ITAMARACA LTDA,4,Outras,2.4411764705882355,Regulares,483174.73
46587,SANTA CECILIA TRANSPORTES LTDA EM R,4,TOP TURBO,3.272727272727273,Regulares,164420.53
46595,VIACAO VILA RICA LIMITADA,4,Outras,4.0625,Frequentes,332016.08
46617,VIACAO MIRANTE LTDA,4,Outras,3.8,Frequentes,316974.89
46682,MANOEL BARBOSA LIMA LTDA,4,TOP TURBO,3.3333333333333335,Regulares,227150.0
46785,COMERCIO E TRANSPORTE ANA LUCIA LTD,4,TOP TURBO,3.3333333333333335,Regulares,48378.25
46863,VIACAO BOM PASTOR LTDA,4,Outras,4.333333333333333,Frequentes,20561.06
1842792,"ARMAC LOCACAO, LOGISTICA E SERVICOS",4,TOP TURBO,3.6,Frequentes,70723.63
47440,CONCRELAJE INDUSTRIA DE PRE-FABRICA,4,HYDRA,3.6666666666666665,Frequentes,193785.13
47817,MACIEL CONSTRUCOES E TERRAPLANAGENS,4,TOP TURBO,2.8,Regulares,326854.27
48363,M. Y. PORDEUS TRANSPORTES DE CARGAS,4,TOP TURBO,2.372093023255814,Regulares,363235.21
1168748,SUPER ATACADO MERCANTIL VITORIA LTD,4,TOP TURBO,5.166666666666667,Frequentes,51538.35
1168879,ELITECAR COMERCIO DE PECAS E SERVIC,4,Outras,4.125,Frequentes,112733.7
1170059,ATUAL TRANSPORTES RODOVIARIOS E LOG,4,TOP TURBO PRO,1.9166666666666667,Regulares,89649.32
1170462,MORAES COMERCIO DE PECAS ACESSORIOS,4,Outras,8.0,Frequentes,12839.23
1170498,JOELSON AMORIM DA COSTA,4,TOP TURBO,5.6875,Frequentes,148919.27
1170761,CONSTRUTORA VIEIRA LTDA.,4,HYDRA XP,2.6470588235294117,Regulares,147747.08
1170786,VALE MADEIRAS LTDA,4,Outras,6.0,Frequentes,11850.36
1170787,RDA CONSTRUCOES LTDA.,4,Outras,3.727272727272727,Frequentes,90223.78
1699556,BTR BRASILIA TRANSPORTES RODOVIARIO,4,Outras,3.125,Regulares,119965.46
1699565,O.B. LOCACAO E COMERCIO DE EMPILHAD,4,Outras,7.5,Frequentes,181706.98
1700524,FALK CONSTRUTORA LTDA,4,TOP TURBO,3.7142857142857144,Frequentes,91373.46
1700949,P. CRISTAL COMERCIO DE PECAS E SERV,4,HYDRA,21.0,Frequentes,29185.36
1700951,GRANSAF - GRANITOS SAO FRANCISCO LT,4,Outras,5.681818181818182,Frequentes,117663.31
1701544,TRANSPORTES JOVIWAN LTDA,4,TOP TURBO PRO,3.1,Regulares,76081.45999999999
1701634,FRAGA CONSTRUCOES E ENGENHARIA LTDA,4,HYDRA XP,4.5,Frequentes,34424.66
43565,JSL S.A.,4,TOP TURBO,1.6153846153846154,Regulares,204662.34
43581,VENETUR TURISMO LTDA,4,TOP TURBO,3.6774193548387095,Frequentes,198427.55
1844503,MEGA MINERACAO LTDA,4,Outras,4.571428571428571,Frequentes,56546.84
1844997,MINERSUL MINERADORA LTDA.,4,GEAR,3.111111111111111,Regulares,64086.44
1845017,MATHEUS MANSANO MOSCARDINI E OUTRO,4,TOP TURBO,7.0,Frequentes,113766.82
43679,VERONA TRANSPORTES LTDA,4,Outras,1.7941176470588236,Regulares,232727.13
45201,YAKULT S/A. INDUSTRIA E COMERCIO,4,HYDRA,2.391304347826087,Regulares,153512.81
45259,GARCA POCOS ARTESIANOS E CONSTRUTOR,4,HYDRA,2.888888888888889,Regulares,303420.02
46161,VIACAO RIO TINTO LTDA,4,TOP TURBO,4.897435897435898,Frequentes,261158.63
46213,TRANSCELESTIAL TRANSPORTES LTDA,4,TOP TURBO,2.7777777777777777,Regulares,136939.07
46296,EXPRESSO GUANABARA LTDA,4,TOP TURBO,2.8,Regulares,239302.92
1170953,SERGIO ACCIOLY CHUEKE MINERACAO LTD,4,HYDRA XP,4.346153846153846,Frequentes,116594.02
1171475,BERNATRANS TRANSPORTES URBANOS S.A,4,Outras,1.7142857142857142,Regulares,199392.46
1171657,BELLY GRANITOS EXPORTACAO E IMPORTA,4,HYDRA,3.111111111111111,Regulares,86267.01
1698919,COPASUL COOPERATIVA AGRICOLA SUL MA,4,Outras,15.0,Frequentes,270142.56
1171669,ALVARO AGOSTINHO SANTIN E OUTROS,4,GL 5,7.0,Frequentes,15987.22
1172978,WL TRANSPORTES LTDA,4,TOP TURBO,9.10344827586207,Frequentes,160875.07
1173368,PROCEL PROJETOS E CONSTRUCOES ELETR,4,HYDRA XP,1.5588235294117647,Regulares,369708.33
1173890,COPASUL COOPERATIVA AGRICOLA SUL MA,4,Outras,6.0,Frequentes,137881.71
41595,EMPRESA VIACAO SAO JOSE LTDA,4,Outras,6.17948717948718,Frequentes,297231.99
41655,SILAS-SERVICOS DE TRANSPORTES URBAN,4,TOP TURBO,2.6538461538461537,Regulares,104981.41
41839,TNS TRANSPORTES & LOGISTICA LTDA,4,TOP TURBO,2.7058823529411766,Regulares,102310.82
42287,TRANSVICON TRANSPORTES VITORIA DA C,4,TOP TURBO PRO,2.5405405405405403,Regulares,383396.41
42506,A S TRANSPORTES LTDA,4,TOP TURBO,1.7,Regulares,268932.83
1845755,"ARMAC LOCACAO, LOGISTICA E SERVICOS",4,TOP TURBO,8.5,Frequentes,29818.63
42837,MADEIREIRA CALIFORNIA LTDA,4,Outras,3.8333333333333335,Frequentes,55419.04
43045,VIACAO SANDRA LTDA,4,TOP TURBO,2.037037037037037,Regulares,172099.06
43156,VIACAO PINHEIRAL LTDA,4,TOP TURBO,4.0,Frequentes,44450.14
43339,VIACAO CLEWIS LTDA.,4,TOP TURBO,7.0,Frequentes,21745.78
40680,TRANS PAM PITANGUEIRAS TRANSPORTES,4,Outras,2.7222222222222223,Regulares,75120.31
40748,ONIBUS COLETIVOS E TRANSPORTES LTDA,4,Outras,3.125,Regulares,71725.86
40839,TRANSPORTES CARVALHO LTDA,4,HYDRA XP,2.4411764705882355,Regulares,263203.69
41105,TECLA CONSTRUCOES LTDA,4,Outras,3.1470588235294117,Regulares,155834.26
41407,RAPIDO LUXO CAMPINAS LTDA,4,TOP TURBO,2.0,Regulares,259764.08
41447,VIACAO CIDADE DE CAIEIRAS LIMITADA,4,Outras,2.8333333333333335,Regulares,224233.66
41449,EMPRESA  DE TRANSPORTES ITATIBENSE,4,TOP TURBO,1.4848484848484849,Ocasionais,206778.42
41452,URUBUPUNGA TRANSPORTES E TURISMO LT,4,Outras,2.8205128205128207,Regulares,189177.91
1845772,"ARMAC LOCACAO, LOGISTICA E SERVICOS",4,TOP TURBO,10.0,Frequentes,28911.78
1845784,"ARMAC LOCACAO, LOGISTICA E SERVICOS",4,TOP TURBO,6.0,Frequentes,14887.18
1846104,EMPA S/A SERVICOS DE ENGENHARIA,4,HYDRA,4.0,Frequentes,44884.77
41550,TRANSPORTES JANGADA LTDA,4,TOP TURBO,3.4285714285714284,Regulares,249794.52
1173916,S.S.B. ENERGIA RENOVAVEL LTDA,4,HYDRA XP,2.7777777777777777,Regulares,340854.24
1174319,NOVA AGRO AGROPECUARIA LTDA,4,HYDRA XP,2.375,Regulares,325846.24
1174617,IDALVO DALCIN RIGON E FILHOS LTDA,4,TOP TURBO,3.391304347826087,Regulares,142460.92
1175285,EUCLIDES RENATO GARBUIO TRANSPORTES,4,Outras,1.8421052631578947,Regulares,102332.66
1175648,INDUSTRIA E COMERCIO DE SABAO GUARA,4,HYDRA XP,3.1714285714285713,Regulares,204336.29
1175922,ASSOCIACAO DOS TRANSPORTES OPCIONAI,4,TOP TURBO,3.2666666666666666,Regulares,40381.45
1696826,FORTCARGO TRANSPORTES LTDA,4,Outras,12.0,Frequentes,22218.64
1697820,MAKRO ENGENHARIA LTDA,4,Outras,3.6666666666666665,Frequentes,276407.57
1698343,CONSTRUTORA ATERPA S/A.,4,Outras,7.5,Frequentes,40883.46
1175923,MR2 RENTAL ENGENHARIA LTDA,4,TOP TURBO,4.761904761904762,Frequentes,339915.34
1176302,INDUSTRIAS CERAMICAS MATIELI LTDA,4,HYDRA XP,2.9318181818181817,Regulares,275166.2
38357,VIACAO PAVUNENSE SA EM RECUPERACAO,4,TOP TURBO,2.3,Regulares,173788.16999999998
38643,LUCENA TRANSPORTES LTDA,4,TOP TURBO,2.5294117647058822,Regulares,220488.19
1846562,OTIMA TRANSPORTES DE SALVADOR SPE S,4,TOP TURBO,3.6363636363636362,Frequentes,337659.03
1846568,OTIMA TRANSPORTES DE SALVADOR SPE S,4,Outras,4.363636363636363,Frequentes,305135.49
38960,CARVALHO TRANSPORTES E ENGENHARIA L,4,TOP TURBO,3.78125,Frequentes,244037.87
39141,PLM CONSTRUCOES E COMERCIO LTDA,4,Outras,3.176470588235294,Regulares,173304.61000000002
39652,SAFETLINE EQUIPAMENTOS DE SEGURANCA,4,HYDRA,5.6923076923076925,Frequentes,51939.9
40044,FURNAS - CENTRAIS ELETRICAS S.A.,4,AV,4.0,Frequentes,61263.59
40542,JSL S/A.,4,Outras,1.75,Regulares,146298.24
31831,FRIGOTIL - FRIGORIFICO DE TIMON S/A,4,Outras,2.7435897435897436,Regulares,292525.29
32002,COMPANHIA SETELAGOANA DE SIDERURGIA,4,Outras,3.6153846153846154,Frequentes,212006.88
32021,AUTO OMNIBUS NOVA SUISSA S/A,4,TOP TURBO PRO,1.8333333333333333,Regulares,365710.2
32155,VAMTEC LTDA,4,Outras,3.357142857142857,Regulares,88006.98
32612,COMPANHIA HIDRO ELETRICA DO SAO FRA,4,Outras,2.0,Regulares,237836.31
1846744,OTIMA TRANSPORTES DE SALVADOR SPE S,4,TOP TURBO,3.5454545454545454,Frequentes,327827.59
1846748,"ARMAC LOCACAO, LOGISTICA E SERVICOS",4,TOP TURBO PRO,4.333333333333333,Frequentes,19641.4
1846811,LIMPEBRAS ENGENHARIA AMBIENTAL LTDA,4,HYDRA,2.375,Regulares,85599.26999999999
33049,ACUCAR E ALCOOL BANDEIRANTES S.A.,4,Outras,3.0454545454545454,Regulares,325899.02
33083,AGRICOLA HORIZONTE LTDA,4,HYDRA XP,2.764705882352941,Regulares,216240.03
37081,A MADEIRA INDUSTRIA E COMERCIO LTDA,4,Outras,2.4444444444444446,Regulares,108482.69
37896,EUCLIDES RENATO GARBUIO TRANSPORTES,4,Outras,2.75,Regulares,101503.64
38344,SOTREL EQUIPAMENTOS LTDA,4,HYDRA XP,4.851851851851852,Frequentes,294050.31
1176328,TRANSPORTADORA TURISTICA SUZANO LTD,4,Outras,3.2083333333333335,Regulares,329091.01
1176357,DURO NA QUEDA CONSTRUCOES LTDA,4,TOP TURBO,2.7857142857142856,Regulares,294121.25
1176359,J.A. CONSTRUCOES LTDA,4,TOP TURBO,3.4444444444444446,Regulares,52671.81
1176372,BARRETOS DISTRIBUIDORA DE ALIMENTOS,4,TOP TURBO,2.857142857142857,Regulares,55271.47
1206590,AGROFOODS BRASIL ALIMENTO S/A,4,GEAR,2.6774193548387095,Regulares,203706.97
1314014,BSB CONSTRUCOES LTDA,4,TOP TURBO,4.511627906976744,Frequentes,341021.5
1319712,TRANSPORTADORA CORTESIA LTDA,4,TOP TURBO PRO,2.6666666666666665,Regulares,122583.48
1695596,MINERADORA BOA ESPERANCA LTDA,4,HYDRA XP,2.7777777777777777,Regulares,86686.25
1406303,MBB ENERGIA RENOVAVEL LTDA,4,HYDRA XP,2.875,Regulares,128910.01
1568722,MAPE TRANSPORTES LTDA,4,TOP TURBO,3.2,Regulares,103376.76
22027,CHARQUEADAS TRANSPORTES LTDA,4,TOP TURBO,5.090909090909091,Frequentes,318548.22
22334,EXPRESSO SANTA CRUZ LTDA,4,TOP TURBO,4.4,Frequentes,19596.47
22683,TEMA TRANSPORTES ESPECIAL DE MANAUS,4,TOP TURBO,2.772727272727273,Regulares,319965.6
28403,COMANDO DA MARINHA,4,Outras,8.0,Frequentes,191693.82
28423,COMANDO DA MARINHA,4,TOP TURBO,2.2142857142857144,Regulares,35804.29
1847629,GONTIJO ENGENHARIA E FUNDACOES ESPE,4,HYDRA,3.375,Regulares,137390.13
30846,CONSTRUTORA TRIPOLONI LTDA,4,Outras,3.28,Regulares,301540.1
1569891,FONTANA'S TRANSPORTES LTDA,4,TOP TURBO,3.0,Regulares,62115.69
1570853,TMK ENGENHARIA S.A.,4,TOP TURBO,1.7647058823529411,Regulares,201238.3
1572090,CS BRASIL FROTAS S.A.,4,Outras,1.55,Regulares,244943.92
1693532,JULIANA APARECIDA LARA CARVALHO,4,TOP TURBO,2.875,Regulares,68264.46
1693533,EXPRESSO FENIX VIACAO LTDA,4,Outras,9.0,Frequentes,25284.64
1693636,EXPLOFORT - EXPLOSIVOS FORTALEZA LT,4,GEAR,4.8,Frequentes,307891.21
1694973,"G DOS SANTOS GONCALVES SERVICOS, TR",4,TOP TURBO,6.0,Frequentes,282759.9
1572307,SC MINAS TRANSPORTES LTDA.,4,TOP TURBO PRO,1.7083333333333333,Regulares,263760.58
1572473,CREDICAR LOCADORA DE VEICULOS LTDA,4,Outras,2.4,Regulares,116457.37
1572790,CITY TRANSPORTES URBANO GLOBAL LTDA,4,TOP TURBO,2.4615384615384617,Regulares,183961.03
1572878,CS BRASIL FROTAS S.A.,4,Outras,1.75,Regulares,229364.75
1573163,R&D MINERACAO E CONSTRUCAO LTDA,4,Outras,9.3,Frequentes,342279.45
1574204,NEPOMUCENO CARGAS LTDA.,4,TOP TURBO,2.6857142857142855,Regulares,284987.87
20571,TRANSPORTADORA TRANSLEONE LTDA,4,TOP TURBO,3.2142857142857144,Regulares,180213.23
21487,SIMONAGGIO & CIA LTDA.,4,HYDRA XP,3.8214285714285716,Frequentes,234671.91
1849179,PELICANO CONSTRUCOES S.A.,4,Outras,10.0,Frequentes,31772.76
21622,VIACAO MONTENEGRO S A,4,TOP TURBO,2.925925925925926,Regulares,107772.54
21669,HELMUT TESSMANN IND E COM DE OLEOS,4,GEAR,1.894736842105263,Regulares,179157.03
21773,BASSO & PANCOTTE LTDA,4,TOP TURBO,1.6923076923076923,Regulares,124323.0
18399,TWM TRANSPORTES ESPECIAIS LTDA,4,Outras,4.5,Frequentes,81381.12
19023,BRASILUX TINTAS TECNICAS LTDA,4,TOP TURBO,2.4285714285714284,Regulares,93606.33
19324,PIONEIRA TRANSPORTE COLETIVO LTDA,4,TOP TURBO,2.588235294117647,Regulares,275179.57
19523,ESCOLL ENGENHARIA DE SOLOS E CONCRE,4,Outras,3.951219512195122,Frequentes,210902.77
1849483,BOBIG TRANSPORTES E LOGISTICA LTDA,4,TOP TURBO,5.2,Frequentes,119323.29
1849960,D'GRANEL TRANSPORTES E COMERCIO LTD,4,Outras,3.4444444444444446,Regulares,268449.6
1850050,PNEUS POMPEIA LTDA,4,Outras,6.25,Frequentes,40018.36
1850221,"ZANAPLAST INDUSTRIA, COMERCIO, IMPO",4,TOP TURBO,3.142857142857143,Regulares,178457.45
20022,CATTANI SA TRANSPORTES E TURISMO,4,TOP TURBO,1.8611111111111112,Regulares,172544.97
1574282,SOLAR BRITAGEM LTDA,4,HYDRA XP,7.166666666666667,Frequentes,166445.1
1574903,S.MAGALHAES S.A. LOGISTICA EM COMER,4,HYDRA XP,3.0606060606060606,Regulares,232570.54
1575016,JARUMA RODOFLUVIAL LTDA,4,TOP TURBO,3.1875,Regulares,73593.62
1575221,VITAL ENGENHARIA AMBIENTAL S/A,4,HYDRA XP,2.9523809523809526,Regulares,271727.19
1575309,TRANSQUALITY TRANSPORTES DE COMBUST,4,Outras,7.833333333333333,Frequentes,60655.63
1690237,RACA BIOMASSA LTDA,4,HYDRA XP,1.8387096774193548,Regulares,297261.03
1690436,WTC LOCACAO DE EQUIPAMENTOS DE TRAN,4,TOP TURBO,2.6538461538461537,Regulares,135119.42
1691407,RM INDUSTRIA DE PAPEIS E EMBALAGENS,4,HYDRA XP,3.6,Frequentes,65634.52
1577489,R. MELO CONSTRUTORA LTDA,4,Outras,2.6666666666666665,Regulares,49616.19
1579169,MINERACAO MOZONDO LTDA.,4,Outras,3.3703703703703702,Regulares,378910.87
1580885,BRITAPLAN MINERACAO LTDA,4,Outras,1.5625,Regulares,333305.36
17207,ROTAVI INDUSTRIAL LTDA EM RECUPERAC,4,HYDRA XP,2.75,Regulares,101889.99
17445,CARBONIFERA DO CAMBUI LTDA,4,HYDRA XP,3.0,Regulares,355803.71
17484,VERALLIA BRASIL S.A.,4,Outras,1.4642857142857142,Ocasionais,274373.93
17528,AGIS MINERACAO LTDA.,4,HYDRA XP,3.5,Regulares,165309.03
17560,CESP - COMPANHIA ENERGETICA DE SAO,4,Outras,1.4285714285714286,Ocasionais,313140.88
1850695,"ARMAC LOCACAO, LOGISTICA E SERVICOS",4,TOP TURBO,7.0,Frequentes,125784.51
1851455,MARCIA MIRANDA TRANSPORTES LTDA,4,GL 5,4.333333333333333,Frequentes,55374.8
17677,TRANSPORTES DELLA VOLPE S A COMERCI,4,TOP TURBO,2.5384615384615383,Regulares,184129.64
17782,COMTEC-TERRAPLENAGEM E CONSTRUCOES,4,TOP TURBO,2.235294117647059,Regulares,76866.7
16642,TRANSPORTADORA TRANS VARZEA LTDA,4,TOP TURBO,3.84375,Frequentes,261524.85
16649,TELETUSA TELEFONIA E CONSTRUCOES LT,4,TOP TURBO,3.3333333333333335,Regulares,42996.29
16673,USINA CAROLO S/A-ACUCAR E ALCOOL,4,Outras,4.0,Frequentes,67260.1
1851497,PAVIDEZ ENGENHARIA LTDA,4,Outras,5.333333333333333,Frequentes,50037.61
1852155,EXPRESSO NEPOMUCENO S/A,4,Outras,4.375,Frequentes,114831.77
16683,PEDREIRA SIQUEIRA LTDA,4,GEAR,3.8333333333333335,Frequentes,196193.1
16781,TRANSNOVAG TRANSPORTES SA,4,TOP TURBO,2.466666666666667,Regulares,132315.5
16978,DNP - TERRAPLENAGEM E PAVIMENTADORA,4,Outras,1.875,Regulares,102750.56
1581051,PEDREIRA SOUZA E OLIVEIRA LTDA,4,Outras,3.3,Regulares,336414.26
1585492,TRATEMI TRANSPORTE TERRAPLENAGEM E,4,TOP TURBO,2.5,Regulares,205994.07
1585503,POTIGUAR CONSTRUTORA LTDA,4,Outras,4.045454545454546,Frequentes,204482.84
1689585,CONSTRUTORA MATOS TEIXEIRA LTDA.,4,TOP TURBO,2.4285714285714284,Regulares,120329.69
1689606,BRITA POTIGUAR LTDA,4,Outras,4.25,Frequentes,75695.1
1690019,WSG TRANSPORTADORA LTDA,4,TOP TURBO,5.285714285714286,Frequentes,270481.75
1690041,49.273.120 CARLOS GABRIEL CARDOSO S,4,Outras,3.3125,Regulares,139505.65
1585763,TRANS LORENZO TRANSPORTES LTDA,4,TOP TURBO,3.8,Frequentes,43362.16
1586065,CONSORCIO CORREDOR SUDESTE,4,TOP TURBO,3.75,Frequentes,77212.25
1586629,PAULO DE CASTRO SILVA,4,Outras,3.607142857142857,Frequentes,344514.7
1586641,CONSTRUTORA COLARES LINHARES S A,4,TOP TURBO,3.9,Frequentes,93342.47
1587173,CONSORCIO PRICE LIST NORTE,4,Outras,8.0,Frequentes,30644.72
1587761,CS BRASIL FROTAS S.A.,4,Outras,1.0714285714285714,Ocasionais,278273.97
16174,BOMBRIL S/A,4,GEAR,2.037037037037037,Regulares,191485.08
16182,"HAPPENING EMPREENDIMENTOS, IMPORTAC",4,Outras,2.0357142857142856,Regulares,144212.93
16207,JOMAR-OIL-TRANSP-REV-RET DE DERIVAD,4,Outras,11.5,Frequentes,58637.84
16220,AUTO ONIBUS TRES IRMAOS LTDA,4,Outras,3.0,Regulares,115419.77
16232,VIACAO JUNDIAIENSE LTDA,4,Outras,4.0,Frequentes,59301.39
16265,KARINA PLASTICOS LTDA,4,Outras,2.4166666666666665,Regulares,175644.87
1853231,EMPRESA DE TRANSPORTES AGUIA DOURAD,4,Outras,7.0,Frequentes,69269.39
1853445,JOSE DOS REIS SILVA FILHO,4,TOP TURBO,12.0,Frequentes,64341.23
16293,EMPRESA DE TRANSPORTES COVRE LTDA,4,Outras,3.0,Regulares,81977.06
16387,JSL S.A.,4,Outras,1.7777777777777777,Regulares,190520.12
16506,PRODUTOS ALIMENTICIOS ORLANDIA S A,4,HYDRA XP,2.1052631578947367,Regulares,126558.92
14663,HELENO TUR TRANSPORTES LTDA,4,Outras,3.566666666666667,Frequentes,166098.82
15006,EMPRESAS REUNIDAS PAULISTA DE TRANS,4,TOP TURBO PRO,2.3793103448275863,Regulares,355119.8
15140,TRANSMIMO LTDA,4,TOP TURBO PRO,2.6785714285714284,Regulares,383889.73
15275,3M DO BRASIL LTDA,4,Outras,2.6538461538461537,Regulares,211609.06
15655,OLHOS D AGUA INDUSTRIA E COMERCIO D,4,Outras,4.75,Frequentes,90840.0
1853535,FRANCISCO CORANDIM,4,TOP TURBO,5.5,Frequentes,105516.19
15936,BB TRANSPORTE E TURISMO LIMITADA,4,TOP TURBO,2.142857142857143,Regulares,353206.67
15978,EMPRESA DE ONIBUS VILA GALVAO LIMIT,4,Outras,3.064516129032258,Regulares,279828.74
15997,PEDREIRA SERRANA LTDA,4,GEAR,2.2142857142857144,Regulares,108963.63
1587924,MAIS MINERACAO LTDA,4,HYDRA XP,2.4545454545454546,Regulares,319419.44
1588163,R&D MINERACAO E CONSTRUCAO LTDA,4,TOP TURBO,3.111111111111111,Regulares,340472.38
1589000,MINERACAO THOMAZINI LTDA,4,TOP TURBO,4.0,Frequentes,47246.04
1589378,TRANSPORTADORA GOMES E GONCALVES LT,4,TOP TURBO,2.6470588235294117,Regulares,150236.15
1687765,AAVA LOCACOES E TRANSPORTES LTDA,4,Outras,2.484848484848485,Regulares,101902.35
1687807,SANTOS TRANSPORTES DE CARGAS LTDA,4,TOP TURBO,4.8,Frequentes,93826.36
1688507,R E D MINERACAO E CONSTRUCAO LTDA,4,Outras,2.75,Regulares,100110.8
1688601,TRANSBRASILIANA - CONCESSIONARIA DE,4,TOP TURBO,5.583333333333333,Frequentes,268128.13
1688602,FORTCARGO TRANSPORTES LTDA,4,Outras,16.25,Frequentes,135282.82
1688606,POTY CONSTRUTORA E EMPREENDIMENTOS,4,Outras,4.833333333333333,Frequentes,318821.72000000003
1589519,RAFAEL COIMBRA SOARES 03546367235,4,Outras,3.64,Frequentes,171134.49
1589721,RICON - GEOLOGIA E CONSTRUCAO CIVIL,4,Outras,2.4444444444444446,Regulares,49910.18
1859946,WMG SERVICOS LTDA,4,TOP TURBO,4.5,Frequentes,13468.74
13551,VIACAO PIAUIENSE LTDA,4,TOP TURBO,2.3333333333333335,Regulares,181053.39
13733,SANTA ZITA TRANSPORTES COLETIVOS LT,4,TOP TURBO PRO,2.5454545454545454,Regulares,191843.35
13952,BRITENG BRITAGEM E CONSTRUCOES LTDA,4,TOP TURBO,2.2,Regulares,243848.19
14222,TRANSPORTES E SERVICOS ASTRO LTDA,4,Outras,5.076923076923077,Frequentes,306710.72
14259,AUTO VIACAO SAO JOSE LTDA,4,TOP TURBO PRO,1.4333333333333333,Ocasionais,357610.54
14279,E M SANTOS AGROINDUSTRIA COMERCIO L,4,Outras,2.6333333333333333,Regulares,108321.27
14304,TRANSABRIL TRANSPORTADORA ABRIL LTD,4,TOP TURBO,2.772727272727273,Regulares,61531.37
1857275,PAVICAN PAVIMENTACAO E TERRAPLENAGE,4,TOP TURBO,6.0,Frequentes,44596.79
1857542,VALDIR TURRA CARPENEDO,4,Outras,5.0,Frequentes,42754.65
14529,CONSTRUTORA TRIANGULO DO BRASIL LTD,4,TOP TURBO,4.787878787878788,Frequentes,204258.18
14629,AUTO VIACAO OURO VERDE LTDA,4,TOP TURBO PRO,1.1666666666666667,Ocasionais,207819.82
12519,VIACAO DEDO DE DEUS LTDA,4,Outras,1.7878787878787878,Regulares,163196.99
12520,VIACAO TERESOPOLIS E TURISMO LTDA,4,TOP TURBO PRO,2.3095238095238093,Regulares,302015.64
12581,DISTRIBUIDORA DE BEBIDAS SAO RAFAEL,4,TOP TURBO,4.967741935483871,Frequentes,328278.57
12585,VIACAO AGULHAS NEGRAS LTDA,4,TOP TURBO,4.333333333333333,Frequentes,17814.45
12815,BEL TOUR TURISMO E TRANSPORTES LTDA,4,TOP TURBO,3.3513513513513513,Regulares,358386.19
12852,CASAS GUANABARA COMESTIVEIS LTDA,4,Outras,5.5,Frequentes,211949.25
13549,VIACAO SANTANA LTDA,4,TOP TURBO,4.181818181818182,Frequentes,373267.28
1858245,"ARMAC LOCACAO, LOGISTICA E SERVICOS",4,TOP TURBO,6.5,Frequentes,19265.78
1858341,SOUZA TRANSPORTADORA E APOIO ADMINI,4,TOP TURBO,5.5,Frequentes,124306.58
1858567,CONSTRUTORA NOBREGA PIMENTA LTDA,4,Outras,5.5,Frequentes,98841.05
1859082,SARA ELOYSA CRUZ ALBANEZ,4,Outras,6.0,Frequentes,11999.63
1859546,M.M.J.A. PARTICIPACOES LTDA,4,HYDRA XP,6.0,Frequentes,26228.31
1590577,R S TRANSPORTES E CARGAS LTDA,4,TOP TURBO,3.8333333333333335,Frequentes,174254.89
1591821,FORNECEDORA ENGELOG LOCACOES E SERV,4,HYDRA XP,2.6666666666666665,Regulares,158851.29
1592251,CONSTRUTORA SIMOSO LTDA,4,Outras,3.142857142857143,Regulares,91852.31
1592381,KRM TRANSPORTES LTDA,4,TOP TURBO,2.392857142857143,Regulares,330804.4
1675262,"E COSTA SILVA SERVICO, TRANSPORTE E",4,TOP TURBO,4.75,Frequentes,277579.23
1683331,VILASA CONSTRUTORA S/A.,4,TOP TURBO,2.875,Regulares,100908.8
1683550,PETERRA ALUGUEL DE EQUIPAMENTOS LTD,4,Outras,2.857142857142857,Regulares,158350.99
1683560,AMBIPAR ENVIRONMENTAL NORDESTE LTDA,4,HYDRA XP,2.473684210526316,Regulares,96127.23
1683661,TRANSMIMO LTDA,4,TOP TURBO PRO,2.2777777777777777,Regulares,122535.99
1684197,GRAMAZINI MINERACAO LTDA,4,HYDRA XP,3.5555555555555554,Frequentes,136705.31
1684294,CAPE IGARASSU INDUSTRIA E COMERCIO,4,Outras,2.212121212121212,Regulares,133361.76
1592874,COMBIO ENERGIA S.A.,4,HYDRA XP,2.0952380952380953,Regulares,92654.01
1593121,MANLOC LOCACOES E SERVICOS DE MAQUI,4,HYDRA XP,4.625,Frequentes,65504.5
12294,TRANSPORTADORA FROSSARD LTDA,4,TOP TURBO,2.34375,Regulares,130956.16
12358,TRANSPORTE SAO LUIZ LTDA,4,Outras,2.5405405405405403,Regulares,245920.3
12406,COLETIVOS SAO GERALDO LIMITADA,4,TOP TURBO,2.625,Regulares,153459.09
12426,COPAPA CIA PADUANA DE PAPEIS,4,GEAR,2.4722222222222223,Regulares,156102.64
12429,RIO LAGOS TRANSPORTES LTDA,4,TOP TURBO,3.813953488372093,Frequentes,262113.69
12468,EXPRESSO GARCIA LTDA,4,TOP TURBO PRO,2.135135135135135,Regulares,149903.28
12476,VIACAO PRAIA SOL LTDA,4,Outras,2.0357142857142856,Regulares,494591.74
1860295,AXOR SERVICOS E SOLUCOES LTDA,4,Outras,9.666666666666666,Frequentes,408191.16
1861771,B G COMERCIO DE MERCADORIAS EM GERA,4,TOP TURBO,5.0,Frequentes,380635.68
11809,FRISA FRIGORIFICO RIO DOCE S A,4,GEAR,3.125,Regulares,108170.0
11881,VIACAO GRANDE VITORIA S.A - EM RECU,4,TOP TURBO,2.1,Regulares,164333.45
11894,AGRIMEX AGRO INDUSTRIAL MERCANTIL E,4,HYDRA XP,2.108108108108108,Regulares,271991.07
11966,VIACAO BARRA DO PIRAI TURISMO LTDA,4,TOP TURBO,3.6,Frequentes,67176.37
1862259,J. O. MONTEIRO LOCACAO DE MAQUINAS,4,Outras,8.25,Frequentes,115301.3
1862314,TRANSBRASA TRANSITARIA BRASILEIRA L,4,HYDRA XP,3.6666666666666665,Frequentes,79834.68
1863718,T5S - TERMINAL E ARMAZEM LTDA,4,Outras,6.25,Frequentes,39967.43
12209,AUTO VIACAO 1001 LTDA,4,TRM 5,1.4333333333333333,Ocasionais,247951.23
12211,AUTO VIACAO 1001 LTDA,4,TRM 5,2.0,Regulares,124976.42
12215,AUTO LOTACAO INGA LTDA,4,Outras,2.0476190476190474,Regulares,136283.32
12231,VIACAO PENDOTIBA SA,4,TOP TURBO PRO,2.1818181818181817,Regulares,298258.32
12261,TRANSPORTADORA NORTE FLUMINENSE DE,4,TOP TURBO,1.903225806451613,Regulares,186598.8
1593127,INDUSTRIA DE GESSOS ESPECIAIS LTDA,4,Outras,4.708333333333333,Frequentes,174333.08
1593240,"PARATY FRETAMENTO, TURISMO E TRANSP",4,TOP TURBO,2.8461538461538463,Regulares,102356.76
1593241,BWA TRANSPORTES ESPECIALIZADOS LTDA,4,TOP TURBO,3.8372093023255816,Frequentes,406689.29
1670511,FILIPAK TRANSPORTES LTDA,4,GL 5,1.9047619047619047,Regulares,115163.91
1670863,GREAT OIL PERFURACOES NORDESTE LTDA,4,TOP TURBO,3.5714285714285716,Frequentes,211960.38
1671047,NORDAL NORTE MODAL TRANSPORTES LTDA,4,TOP TURBO,3.1052631578947367,Regulares,64686.46
1594440,INDUSTRIA E COMERCIO SANTA TEREZINH,4,TOP TURBO,3.977272727272727,Frequentes,317882.26
1594673,POTIGUAR CONSTRUTORA LTDA,4,Outras,3.6666666666666665,Frequentes,41036.27
1595225,RODOCELL TRANSPORTE E LOGISTICA LTD,4,Outras,2.3636363636363638,Regulares,143568.33
11225,INDUSTRIA DE GESSOS ESPECIAIS LTDA,4,Outras,6.0,Frequentes,37088.61
11392,JM TERRAPLANAGEM E CONSTRUCOES LTDA,4,TOP TURBO,2.1333333333333333,Regulares,100303.04
11412,EXPRESSO MIRACEMA LTDA,4,Outras,2.4,Regulares,105429.18
11504,REAL EXPRESSO LIMITADA,4,TOP TURBO PRO,2.125,Regulares,397587.28
11514,RAPIDO FEDERAL VIACAO LIMITADA,4,TOP TURBO PRO,2.5,Regulares,116403.93
11592,ALTIVO PEDRAS LTDA,4,TOP TURBO,2.8,Regulares,104805.6
11677,BRITACAL IND E COM DE BRITA E CALCA,4,Outras,8.0,Frequentes,311209.29
11808,FRISA FRIGORIFICO RIO DOCE S A,4,TOP TURBO,2.975609756097561,Regulares,322794.92
10552,ERCAL EMPRESAS REUNIDAS DE CALCARIO,4,Outras,5.0,Frequentes,338168.66000000003
10642,CONSTRUTORA NOBREGA PIMENTA LTDA,4,TOP TURBO PRO,1.7307692307692308,Regulares,144300.28
10662,COLETUR COLETIVOS URBANOS SOCIEDADE,4,TOP TURBO PRO,2.4516129032258065,Regulares,251937.77
10731,ALUISIO PEREIRA & CIA LTDA,4,Outras,6.0,Frequentes,51121.02
10840,EMPRESA DE TRANSPORTES ALCACE LTDA,4,Outras,3.4193548387096775,Regulares,283530.72000000003
1869792,MAURO TEODORO NEVES,4,TOP TURBO,15.0,Frequentes,84327.58
1869822,EXE MINERACAO MARANHAO LTDA,4,GEAR,4.0,Frequentes,47456.810000000005
11079,DRESTE CONSTRUTORA LIMITADA,4,Outras,3.8421052631578947,Frequentes,227160.99
11131,EXPRESSO UNIR LTDA,4,Outras,2.1176470588235294,Regulares,195015.66
11174,TRANSPORTES COLETIVO CIDADE VERDE L,4,TOP TURBO,3.5,Regulares,61847.53
1596838,CHAMONIX MIX LTDA,4,TOP TURBO,2.324324324324324,Regulares,306122.45
1599989,FLIP SERVICOS E EVENTOS LTDA,4,TOP TURBO,4.5,Frequentes,128058.49
1600696,R E D MINERACAO E CONSTRUCAO LTDA,4,Outras,5.0,Frequentes,26489.7
1600830,IMPACTO LOCADORA DE MAQUINAS LTDA,4,TOP TURBO,2.235294117647059,Regulares,158860.35
1602286,PEDRAMAR TRANSPORTES DE CARGAS E LO,4,Outras,4.333333333333333,Frequentes,10683.24
1602922,PAVIDEZ ENGENHARIA LTDA,4,TOP TURBO,4.0,Frequentes,59570.81
1602924,CONSTRUTORA SANCHES TRIPOLONI LTDA,4,TOP TURBO,3.0,Regulares,296966.11
1664562,H & R CONSTRUTORA E INCORPORADORA L,4,TOP TURBO,4.8125,Frequentes,318262.93
1664782,H. DELPUPO MORO LOCADORA DE VEICULO,4,TOP TURBO,4.666666666666667,Frequentes,59765.03
1664802,ARTHUR MILANI MELO 16306415700,4,Outras,20.0,Frequentes,41853.38
1665367,COMTRASIL COMERCIO E TRANSPORTES LT,4,TOP TURBO PRO,1.6,Regulares,335874.4
1668942,G. R. FROTA LTDA,4,TOP TURBO,4.333333333333333,Frequentes,225515.59
10189,LIARTE METALQUIMICA LTDA,4,GEAR,6.0,Frequentes,3407.78
10282,RIMA INDUSTRIAL S/A,4,TOP TURBO,2.4545454545454546,Regulares,68885.53
10284,RIMA INDUSTRIAL S/A,4,TOP TURBO,1.826086956521739,Regulares,106675.9
10285,RIMA INDUSTRIAL S/A,4,AV,1.5333333333333334,Regulares,131616.29
10286,RIMA INDUSTRIAL S/A,4,HYDRA XP,2.2083333333333335,Regulares,68082.98
10333,ROTAS DE VIACAO DO TRIANGULO LTDA -,4,TOP TURBO,4.166666666666667,Frequentes,57545.41
10372,BRASMIX ENGENHARIA DE CONCRETO LTDA,4,Outras,4.638888888888889,Frequentes,218209.76
10375,BRASMIX ENGENHARIA DE CONCRETO LTDA,4,TOP TURBO,4.0,Frequentes,41659.77
10380,BRASMIX ENGENHARIA DE CONCRETO LTDA,4,TOP TURBO,3.4,Regulares,39611.29
9413,CETREL S.A.,4,GEAR,2.3076923076923075,Regulares,311566.26
9493,SANSUY S/A INDUSTRIA DE PLASTICOS E,4,Outras,2.871794871794872,Regulares,305938.47
9550,FABRICA DE PAPEL DA BAHIA S A,4,HYDRA XP,4.024390243902439,Frequentes,219073.95
9603,UNIMETAL INDUSTRIA COMERCIO E EMPRE,4,Outras,2.5714285714285716,Regulares,113166.47
9686,TRR NIPOBRAS CHAPADAO GAUCHO LTDA,4,TOP TURBO,2.2857142857142856,Regulares,114482.05
9768,EMTRAM EMPRESA DE TRANSPORTES MACAU,4,Outras,2.869565217391304,Regulares,213570.73
9776,VIACAO SANTA CLARA LTDA,4,Outras,4.575,Frequentes,302248.35
9929,VIACAO ANDRADE LTDA,4,Outras,3.0,Regulares,86204.77
1873202,CONSTRUTORA ATERPA S/A.,4,Outras,11.0,Frequentes,34270.96
1873434,BRITAMIX CONCRETOS E SERVICOS PARA,4,Outras,12.0,Frequentes,31145.26
1668961,G R MINERAIS LTDA,4,TOP TURBO,6.5,Frequentes,92196.34
1604192,R&D MINERACAO E CONSTRUCAO LTDA,4,TOP TURBO,3.7222222222222223,Frequentes,219131.21
1604231,LION MINING MINERADORA LTDA,4,HYDRA XP,3.2,Regulares,150841.79
1605248,CONSORCIO RECIFE DE TRANSPORTE,4,Outras,3.4705882352941178,Regulares,469189.03
1605727,JOSE AUGUSTO VIEIRA,4,Outras,2.6,Regulares,146717.87
1605755,SILVA NETTO E HAUENSTEIN LTDA,4,Outras,3.3333333333333335,Regulares,64320.9
1606017,J L VASCONCELOS GONDINHO LOCACOES D,4,TOP TURBO,2.4285714285714284,Regulares,104116.39
1663597,PEDRO FERNANDO FERREIRA,4,Outras,4.0,Frequentes,61589.92
1663700,S.C. COMERCIO E TRANSPORTE DE MATER,4,TOP TURBO,5.333333333333333,Frequentes,67032.06
1663922,FRANGOSAJ - IND. E COM. DE AVES LTD,4,Outras,1.9090909090909092,Regulares,113344.64
1664180,TG-TRANSPORTE E COMERCIO LTDA,4,TOP TURBO,4.571428571428571,Frequentes,58559.57
1606667,EXPRESSO NEPOMUCENO S/A,4,Outras,2.4615384615384617,Regulares,183937.16
7964,MARAPONGA TRANSPORTES LTDA,4,TOP TURBO,2.5238095238095237,Regulares,342356.64
8285,TRANSNACIONAL TRANSPORTES URBANOS L,4,TOP TURBO,2.923076923076923,Regulares,90127.04
8374,VIACAO SANTA ROSA LTDA,4,TOP TURBO,3.875,Frequentes,134950.29
8438,BENTONISA BENTONITA DO NORDESTE S A,4,Outras,5.840909090909091,Frequentes,489744.97
8502,R FURLANI ENGENHARIA LTDA,4,Outras,5.090909090909091,Frequentes,350533.15
8590,ITAPICURU AGRO INDUSTRIAL SA,4,Outras,2.6666666666666665,Regulares,122133.31
8702,ONDUNORTE CIA DE PAPEIS E PAPELAO O,4,GEAR,9.0,Frequentes,157608.24
8742,INDUSTRIAS DUREINO S. A.,4,HYDRA XP,2.096774193548387,Regulares,131240.58
8978,GUARAVES GUARABIRA AVES LTDA,4,TOP TURBO,2.1666666666666665,Regulares,49001.55
9139,MINERACAO BARRETO SA,4,TOP TURBO,2.95,Regulares,223564.24
9164,EXPRESSO BRASILEIRO TRANSPORTES LTD,4,Outras,4.565217391304348,Frequentes,303373.86
9257,HIDROCON-HIDROG. CONSULTORES LTDA,4,TOP TURBO,4.6,Frequentes,42079.93
1607220,PORTAL AGRO COMERCIO E SERVICOS LTD,4,TOP TURBO PRO,5.0,Frequentes,14347.25
1607957,TUPI - TRANSPORTE URBANO DE PIRACIC,4,TOP TURBO,2.736842105263158,Regulares,300394.82
1608521,MGL SOLUCOES EM ENGENHARIA LTDA,4,TOP TURBO,2.12,Regulares,221537.93
1608971,KAVAK TECNOLOGIA E COMERCIO DE VEIC,4,Outras,2.4,Regulares,293322.85
1662651,INCO EMPREENDIMENTOS IMOBILIARIOS S,4,Outras,3.0285714285714285,Regulares,216913.5
1663040,CONSTRUTORA A GASPAR S/A,4,Outras,4.0,Frequentes,76614.47
1612521,TRANSMARQUES LOCACAO E TRANSPORTE L,4,TOP TURBO,3.7,Frequentes,382182.16
1612887,NEW AGE LOCACOES DE MAQUINAS E VEIC,4,Outras,2.4782608695652173,Regulares,31098.94
7732,EMTRACOL EMPRESA DE TRANSPORTES COL,4,TOP TURBO,2.108108108108108,Regulares,256487.5
7818,TRANSCOL TRANSPORTES COLETIVOS LTDA,4,TOP TURBO,2.8974358974358974,Regulares,342036.68
7851,STARGESSO INDUSTRIAL LTDA,4,HYDRA XP,4.5,Frequentes,141888.47
7877,CHAVES SA MINERACAO E INDUSTRIA,4,HYDRA XP,5.0,Frequentes,116540.33
7885,COMPANHIA DE ALIMENTOS DO NORDESTE,4,Outras,3.3636363636363638,Regulares,240350.63
7909,AUTO VIACAO FORTALEZA LTDA,4,Outras,2.0,Regulares,174495.42
7918,ORGANIZACAO G NEVES LTDA,4,TOP TURBO,2.185185185185185,Regulares,87405.44
7926,CERAMA TRANSPORTES LTDA,4,TOP TURBO,2.0,Regulares,280043.17
7929,VIACAO PRINCESA DOS INHAMUNS LTDA,4,Outras,3.0930232558139537,Regulares,263034.83
1881593,OURO VERDE EMPREENDIMENTOS RURAIS L,4,Outras,13.0,Frequentes,397127.33
6976,TRANSPORTES BERTOLINI LTDA,4,TOP TURBO,1.826086956521739,Regulares,241226.71
7157,VEGA S/A TRANSPORTE URBANO,4,Outras,3.7142857142857144,Frequentes,323731.8
1887391,TRANSAGRO TRANSPORTE MANUTENCAO LTD,4,TOP TURBO,5.0,Frequentes,53111.64
1887621,TEC MANUTENCAO LTDA,4,TOP TURBO,30.0,Frequentes,137937.34
7472,CERAMICA LIVRAMENTO LTDA,4,Outras,3.85,Frequentes,381945.88
7480,TRANSPORTADORA ROLIM LTDA,4,TOP TURBO,3.5652173913043477,Frequentes,90939.73
7608,TAGUATUR TAGUATINGA TRANSPORTES E T,4,TOP TURBO,3.75,Frequentes,276902.66
7609,TAGUATUR TAGUATINGA TRANSPORTES E T,4,TOP TURBO,3.6363636363636362,Frequentes,277663.35
1616727,MAIS MINERACAO LTDA,4,GEAR,2.4375,Regulares,168189.36
1617557,TRANSPORTE RODOVIARIO TUIU LTDA,4,TOP TURBO,6.5,Frequentes,10010.59
1617570,MAE RAINHA URBANISMO LTDA,4,Outras,2.5,Regulares,127876.23
1622453,NEXUS MANGANES S.A.,4,HYDRA XP,1.9411764705882353,Regulares,214641.8
1622959,OMX CONCRETO LTDA,4,HYDRA,5.269230769230769,Frequentes,280150.84
1623406,BRITASUL INDUSTRIA E MINERACAO LTDA,4,Outras,5.111111111111111,Frequentes,188744.57
1623480,TERRAPLANAGEM OURO VERDE LTDA,4,HYDRA,4.5,Frequentes,76277.89
1623491,CRISTAL EMPREENDIMENTOS IMOBILIARIO,4,TOP TURBO,1.6666666666666667,Regulares,247527.35
1623856,RODOVIARIA GRAVATAENSE LTDA,4,TOP TURBO,4.416666666666667,Frequentes,159792.25
1625101,DM COMERCIO E SERVICOS LTDA,4,Outras,2.4615384615384617,Regulares,173578.63
4460,CARBOBRAS - CARBONOS BRASILEIROS LT,4,Outras,5.0,Frequentes,100529.92
5171,MARIA LUIZA CONSTRUCOES E EMPREENDI,4,Outras,4.8,Frequentes,57234.23
5182,"UNIMETAL SAO VICENTE INDUSTRIA, COM",4,TOP TURBO,3.8666666666666667,Frequentes,90297.01
5303,VIACAO CIDADE MORENA LTDA,4,TOP TURBO,1.9285714285714286,Regulares,175372.97
5402,CENTRAIS CONSTRUCOES PESADAS S/A,4,TOP TURBO,6.5,Frequentes,11656.01
5501,ALPHA PLAST-INDUSTRIA E COMERCIO LT,4,HYDRA XP,1.9,Regulares,422448.77
5643,CAIEIRA NOSSA SENHORA DA GUIA MINER,4,Outras,1.9444444444444444,Regulares,104825.25
1892177,EDSON VINICIUS JORGE CRISTINO,4,TOP TURBO,5.5,Frequentes,117964.61
1625367,RDA CONSTRUCOES LTDA.,4,Outras,4.0,Frequentes,180860.82
1626660,OURO BRANCO TRANSPORTES LTDA,4,Outras,4.636363636363637,Frequentes,170680.28
1626672,VDA LOGISTICA LTDA,4,Outras,2.2142857142857144,Regulares,146687.98
1626937,LOC MAIS LOCACOES E SERVICOS LTDA,4,TOP TURBO,6.818181818181818,Frequentes,154174.48
1658944,PORTAL DO OESTE AGRICOLA LTDA,4,TOP TURBO,4.2,Frequentes,33010.18
1659718,BELEM BIOENERGIA BRASIL S/A,4,Outras,2.111111111111111,Regulares,317281.69
1660370,CEDRO LOCADORA E TRANSPORTADORA LTD,4,TOP TURBO,2.888888888888889,Regulares,75627.27
1660530,CELSO DE MORAIS ANDRADE NETO,4,HYDRA XP,4.6,Frequentes,66040.43000000001
1660622,CONSORCIO SCK,4,TOP TURBO PRO,2.526315789473684,Regulares,320655.25
1660891,FAZENDAO INDUSTRIA DA MINERACAO LTD,4,TOP TURBO,3.380952380952381,Regulares,291395.26
2627,MINERADORA PEDRIX LTDA,4,Outras,1.9565217391304348,Regulares,154295.93
2840,SALINA DIAMANTE BRANCO LTDA,4,HYDRA XP,3.8,Frequentes,316535.23
2907,PLM CONSTRUCOES E COMERCIO LTDA,4,Outras,3.619047619047619,Frequentes,264451.53
1895947,FORSHIP ENGENHARIA S/A,4,HYDRA XP,12.0,Frequentes,96253.64
3162,SUDESTE PAULISTA COMERCIO DE METAIS,4,HYDRA XP,2.5454545454545454,Regulares,273300.08
3178,NOTARO ALIMENTOS LTDA,4,Outras,1.911764705882353,Regulares,222453.69
3704,CAVALO MARINHO COMBUSTIVEIS LTDA,4,TOP TURBO,3.5,Regulares,143035.92
1627094,A. R. LOCACAO E SERVICOS LTDA,4,TOP TURBO,3.0,Regulares,136804.88
1628183,TORNEADORA JK LTDA,4,HYDRA XP,2.9473684210526314,Regulares,113217.64
1629026,F L TRANSPORTES E SERVICOS LTDA,4,TOP TURBO,1.9166666666666667,Regulares,101841.38
1629050,NORTES TRANSPORTE COMERCIO E SERVIC,4,Outras,11.0,Frequentes,14119.24
1629223,TRR PETRO PORA DIESEL LTDA,4,Outras,2.9411764705882355,Regulares,407610.82
1657046,NEW IRRIGACAO LTDA,4,GEAR,2.6153846153846154,Regulares,57874.52
1657247,CONSORCIO RECIFE AMBIENTAL,4,Outras,2.357142857142857,Regulares,56837.84
1657663,VDA LOGISTICA LTDA,4,Outras,4.166666666666667,Frequentes,326402.84
1629826,CONSTRUTORA J VICENTE LTDA,4,TOP TURBO,3.857142857142857,Frequentes,132336.56
1629855,EXPRESSO FENIX VIACAO LTDA,4,Outras,2.3333333333333335,Regulares,87855.56
1629857,ALYA CONSTRUTORA S/A,4,Outras,3.5714285714285716,Frequentes,193601.71
1629865,MINERACAO SAO VICENTE LTDA,4,TOP TURBO,2.5277777777777777,Regulares,185535.54
1901764,CONSORCIO INCIMMET R&D,4,Outras,6.0,Frequentes,96533.56
1895988,MINAS INDUSTRIA DE GORDURAS E PROTE,4,Outras,6.0,Frequentes,51805.28
1630053,EZEQUIEL CHAVES DA SILVA,4,TOP TURBO PRO,1.95,Regulares,59868.86
1631252,LEE TRANSPORTES LTDA,4,TOP TURBO,3.1025641025641026,Regulares,261884.93
1631876,VIACAO SANTA CLARA LTDA,4,Outras,3.375,Regulares,87303.76
1632571,SISTERMI LOCACAO DE MAQUINAS E EQUI,4,TOP TURBO,4.333333333333333,Frequentes,19958.34
1632573,BENGESSO MINERACAO LTDA,4,TOP TURBO,3.1,Regulares,161970.42
1653524,ALYA CONSTRUTORA S/A,4,HYDRA XP,2.2857142857142856,Regulares,169569.38
1654539,3R FAZENDA BELEM S.A.,4,HYDRA XP,4.2,Frequentes,65518.9
1654549,CONTEK ENGENHARIA S/A,4,TOP TURBO,4.0,Frequentes,197386.06
1654550,VALOREM AGRONEGOCIOS CPN LTDA,4,Outras,10.0,Frequentes,7582.95
1654911,"TONIOLO, BUSNELLO S/A - TUNEIS, TER",4,HYDRA XP,3.0,Regulares,122119.0
1633449,CALCARIO ALIANCA DE PARANATINGA E M,4,TOP TURBO,2.5,Regulares,80554.26
1633940,AMBIPAR ENVIRONMENTAL SOLUTIONS - S,4,Outras,5.0,Frequentes,30962.2
1634265,NOVALUZ SERVICOS DE ITABIRA LTDA,4,TOP TURBO,3.1578947368421053,Regulares,319557.84
1634796,CASSOL PRE-FABRICADOS LTDA,4,Outras,3.111111111111111,Regulares,46529.05
1635366,JOSE IVAN DE OLIVEIRA LOCACOES,4,TOP TURBO,4.75,Frequentes,20863.62
1637908,ENGIE SOLUCOES DE OPERACAO E MANUTE,4,Outras,1.4166666666666667,Ocasionais,231024.61
1637922,ENGIE SOLUCOES DE OPERACAO E MANUTE,4,Outras,1.0555555555555556,Ocasionais,397958.41
1651627,NEPOMUCENO CARGAS LTDA.,4,Outras,2.8260869565217392,Regulares,236264.33
1640134,CS BRASIL FROTAS S.A.,4,Outras,1.4444444444444444,Ocasionais,238005.81
1641298,CONSORCIO GURUPI,4,Outras,7.0,Frequentes,57503.2
1641302,DOMUS - ENG. E PARTICIPACAO EIRELI,4,Outras,4.333333333333333,Frequentes,51540.77
1641309,CONSTRUTORA SANCHES TRIPOLONI LTDA,4,Outras,4.0,Frequentes,162506.91
1642097,J DANTAS S/A ENGENHARIA E CONSTRUCO,4,HYDRA XP,4.0,Frequentes,43005.96
1642296,VIACAO PARATY LTDA,4,TOP TURBO,4.777777777777778,Frequentes,62515.09
1642398,MINERACAO ALTO BONITO LTDA,4,Outras,5.382352941176471,Frequentes,226332.28
1642556,MINERACAO SAO VICENTE LTDA,4,GEAR,2.588235294117647,Regulares,230434.91
1642777,VIACAO LIMA E SILVA LTDA,4,Outras,2.1818181818181817,Regulares,169899.71
1643233,FREITAS LOG AGRONEGOCIOS LTDA,4,Outras,3.1,Regulares,96904.73
1650280,CONSTRUTORA OTIMA LTDA,4,Outras,4.875,Frequentes,376685.95
1650285,MARCAS EXCLUSIVAS DISTRIBUIDORA LTD,4,TOP TURBO,4.444444444444445,Frequentes,60466.91
1650821,TPLAN OBRAS DE INFRAESTRUTURA LTDA.,4,TOP TURBO,5.90625,Frequentes,266668.5
1643323,FRIX LOGISTICA S/A,4,TOP TURBO,2.9743589743589745,Regulares,288472.09
1901882,ELZA ZANUTO LENCONI,4,TOP TURBO,13.0,Frequentes,207649.61
1646552,TRR PATRAO DIESEL LTDA,4,TOP TURBO,6.0,Frequentes,46364.48
1647020,EXPRESSO NEPOMUCENO S/A,4,Outras,3.823529411764706,Frequentes,44931.51
1647110,"TONIOLO, BUSNELLO S/A - TUNEIS, TER",4,HYDRA XP,3.75,Frequentes,225811.4
1647111,D'GRANEL TRANSPORTES E COMERCIO LTD,4,Outras,2.4210526315789473,Regulares,167390.55
1647116,ZB - TRANSPORTES E LOGISTICA LTDA,4,Outras,2.95,Regulares,53972.53
1647341,CENTRO OESTE LOG TRANSPORTES LTDA,4,TOP TURBO PRO,3.4166666666666665,Regulares,140585.06
1647543,EXE MINERAL - ENGENHARIA E MINERACA,4,TOP TURBO,3.076923076923077,Regulares,153006.99
1648154,MARIA LUIZA CONSTRUCOES E EMPREENDI,4,TOP TURBO,4.4,Frequentes,59903.84
