cnpj_basico,cnae_mais_frequente,cnae_descricao,n_estabelecimentos_encontrados,n_cnaes_distintos
11490163,4110700,Incorporação de empreendimentos imobiliários,21,1
21314559,7711000,Locação de automóveis sem condutor,368,2
40261035,4930202,"Transporte rodoviário de carga, exceto produtos perigosos e mudanças, intermunicipal, interestadual e internacional",37,1
07191228,4632001,Comércio atacadista de cereais e leguminosas beneficiados,107,10
07196033,1122401,Fabricação de refrigerantes,104,8
09082724,4930202,"Transporte rodoviário de carga, exceto produtos perigosos e mudanças, intermunicipal, interestadual e internacional",2,1
03327988,0710301,Extração de minério de ferro,14,3
05866280,1020102,"Fabricação de conservas de peixes, crustáceos e moluscos",3,2
05651892,4672900,Comércio atacadista de ferragens e ferramentas,11,6
07436787,0810002,Extração de granito e beneficiamento associado,13,4
30511844,2341900,Fabricação de produtos cerâmicos refratários,17,5
31023302,0810002,Extração de granito e beneficiamento associado,34,12
14898558,4671100,Comércio atacadista de madeira e produtos derivados,4,1
00472805,4684299,Comércio atacadista de outros produtos químicos e petroquímicos não especificados anteriormente,49,13
23373000,7711000,Locação de automóveis sem condutor,46,1
08044340,0113000,Cultivo de cana-de-açúcar,56,1
03187435,0899199,Extração de outros minerais não-metálicos não especificados anteriormente,11,4
84010040,4731800,Comércio varejista de combustíveis para veículos automotores,74,4
18119493,4930202,"Transporte rodoviário de carga, exceto produtos perigosos e mudanças, intermunicipal, interestadual e internacional",6,1
10903047,4632003,"Comércio atacadista de cereais e leguminosas beneficiados, farinhas, amidos e féculas, com atividade de fracionamento e acondicionamento associada",9,3
00000036,5222200,Terminais rodoviários e ferroviários,1,1
00067365,8650099,Atividades de profissionais da área de saúde não especificadas anteriormente,1,1
03585304,4299599,Outras obras de engenharia civil não especificadas anteriormente,19,2
00000067,9430800,Atividades de associações de defesa de direitos sociais,1,1
00487626,4120400,Construção de edifícios,4,3
03380763,4635499,Comércio atacadista de bebidas não especificadas anteriormente,20,5
05441551,3511501,Geração de energia elétrica,7,1
10407005,4921302,"Transporte rodoviário coletivo de passageiros, com itinerário fixo, intermunicipal em região metropolitana",5,2
32285454,4922102,"Transporte rodoviário coletivo de passageiros, com itinerário fixo, interestadual",49,3
12931796,4930201,"Transporte rodoviário de carga, exceto produtos perigosos e mudanças, municipal.",4,2
13829957,4684299,Comércio atacadista de outros produtos químicos e petroquímicos não especificados anteriormente,22,5
15102924,1112700,Fabricação de vinho,3,2
15141799,0230600,Atividades de apoio à produção florestal,91,13
18891036,0210101,Cultivo de eucalipto,15,4
19166180,1032599,"Fabricação de conservas de legumes e outros vegetais, exceto palmito",29,9
19350180,4922102,"Transporte rodoviário coletivo de passageiros, com itinerário fixo, interestadual",124,7
20448221,4922101,"Transporte rodoviário coletivo de passageiros, com itinerário fixo, intermunicipal, exceto em região metropolitana",34,4
25634551,4922102,"Transporte rodoviário coletivo de passageiros, com itinerário fixo, interestadual",113,5
22768840,4211101,Construção de rodovias e ferrovias,7,2
27183425,4211101,Construção de rodovias e ferrovias,28,3
27515154,2031200,Fabricação de resinas termoplásticas,22,9
27999572,0210101,Cultivo de eucalipto,4,3
33498551,4921302,"Transporte rodoviário coletivo de passageiros, com itinerário fixo, intermunicipal em região metropolitana",7,4
36346393,0810002,Extração de granito e beneficiamento associado,24,2
43338797,0893200,Extração de gemas (pedras preciosas e semipreciosas),9,4
43646975,4930203,Transporte rodoviário de produtos perigosos,4,3
43963933,4922101,"Transporte rodoviário coletivo de passageiros, com itinerário fixo, intermunicipal, exceto em região metropolitana",37,3
52311529,0131800,Cultivo de laranja,128,19
58188756,7490101,"Serviços de tradução, interpretação e similares",39,9
06941602,3511501,Geração de energia elétrica,3,1
66473554,4921302,"Transporte rodoviário coletivo de passageiros, com itinerário fixo, intermunicipal em região metropolitana",10,2
84447804,3091101,Fabricação de motocicletas,6,3
91501783,0133407,Cultivo de maçã,20,5
92779503,4211101,Construção de rodovias e ferrovias,27,4
80229461,4921301,"Transporte rodoviário coletivo de passageiros, com itinerário fixo, municipal",5,2
46887139,5229099,Outras atividades auxiliares dos transportes terrestres não especificadas anteriormente,3,2
27191022,4930202,"Transporte rodoviário de carga, exceto produtos perigosos e mudanças, intermunicipal, interestadual e internacional",2,1
28662500,4921301,"Transporte rodoviário coletivo de passageiros, com itinerário fixo, municipal",2,1
60960473,4930202,"Transporte rodoviário de carga, exceto produtos perigosos e mudanças, intermunicipal, interestadual e internacional",19,2
33263906,4921301,"Transporte rodoviário coletivo de passageiros, com itinerário fixo, municipal",1,1
07915660,0134200,Cultivo de café,4,1
29225976,0810099,Extração e britamento de pedras e outros materiais para construção e beneficiamento associado,3,2
05849495,4921301,"Transporte rodoviário coletivo de passageiros, com itinerário fixo, municipal",21,5
01923189,4520001,Serviços de manutenção e reparação mecânica de veículos automotores,1,1
02360122,4930202,"Transporte rodoviário de carga, exceto produtos perigosos e mudanças, intermunicipal, interestadual e internacional",10,2
02162259,2920401,Fabricação de caminhões e ônibus,14,10
18206243,4930201,"Transporte rodoviário de carga, exceto produtos perigosos e mudanças, municipal.",7,3
65306953,4930202,"Transporte rodoviário de carga, exceto produtos perigosos e mudanças, intermunicipal, interestadual e internacional",4,1
30741987,4921301,"Transporte rodoviário coletivo de passageiros, com itinerário fixo, municipal",3,2
04708905,4731800,Comércio varejista de combustíveis para veículos automotores,5,1
08193857,0141502,Produção de sementes certificadas de forrageiras para formação de pasto,1,1
06982741,3511501,Geração de energia elétrica,2,1
08166947,0134200,Cultivo de café,5,1
57012098,4930202,"Transporte rodoviário de carga, exceto produtos perigosos e mudanças, intermunicipal, interestadual e internacional",21,3
09580824,8422100,Defesa,2,1
13471578,4930203,Transporte rodoviário de produtos perigosos,14,2
11161185,4930202,"Transporte rodoviário de carga, exceto produtos perigosos e mudanças, intermunicipal, interestadual e internacional",1,1
09182142,4930202,"Transporte rodoviário de carga, exceto produtos perigosos e mudanças, intermunicipal, interestadual e internacional",4,4
79458584,4930202,"Transporte rodoviário de carga, exceto produtos perigosos e mudanças, intermunicipal, interestadual e internacional",23,1
00873894,7711000,Locação de automóveis sem condutor,38,3
06314327,4693100,"Comércio atacadista de mercadorias em geral, sem predominância de alimentos ou de insumos agropecuários",16,5
10339976,4744005,Comércio varejista de materiais de construção não especificados anteriormente,2,2
09524656,4634601,Comércio atacadista de carnes bovinas e suínas e derivados,5,2
62546387,4639701,Comércio atacadista de produtos alimentícios em geral,18,5
24443608,4679604,Comércio atacadista especializado de materiais de construção não especificados anteriormente,11,8
14233397,4930202,"Transporte rodoviário de carga, exceto produtos perigosos e mudanças, intermunicipal, interestadual e internacional",8,1
03801924,0151201,Criação de bovinos para corte,29,3
72073117,4921302,"Transporte rodoviário coletivo de passageiros, com itinerário fixo, intermunicipal em região metropolitana",4,2
19694110,3511501,Geração de energia elétrica,2,1
20554417,0155501,Criação de frangos para corte,1,1
15809486,1066000,Fabricação de alimentos para animais,13,11
02391271,1066000,Fabricação de alimentos para animais,13,7
98593668,4922101,"Transporte rodoviário coletivo de passageiros, com itinerário fixo, intermunicipal, exceto em região metropolitana",5,2
23636967,6810201,Compra e venda de imóveis próprios,1,1
20980329,4213800,"Obras de urbanização - ruas, praças e calçadas",1,1
23514829,4930202,"Transporte rodoviário de carga, exceto produtos perigosos e mudanças, intermunicipal, interestadual e internacional",8,1
68534270,2513600,Fabricação de obras de caldeiraria pesada,6,2
02200917,4211101,Construção de rodovias e ferrovias,2,2
34660849,4632001,Comércio atacadista de cereais e leguminosas beneficiados,3,1
08925365,4930202,"Transporte rodoviário de carga, exceto produtos perigosos e mudanças, intermunicipal, interestadual e internacional",16,1
17273767,4930202,"Transporte rodoviário de carga, exceto produtos perigosos e mudanças, intermunicipal, interestadual e internacional",5,1
39858391,3811400,Coleta de resíduos não-perigosos,3,2
04382714,2330305,Preparação de massa de concreto e argamassa para construção,4,1
01528374,7112000,Serviços de engenharia,22,3
33764510,4530703,Comércio a varejo de peças e acessórios novos para veículos automotores,1,1
19942283,4211101,Construção de rodovias e ferrovias,12,3
40731699,4930202,"Transporte rodoviário de carga, exceto produtos perigosos e mudanças, intermunicipal, interestadual e internacional",1,1
00068691,2869100,"Fabricação de máquinas e equipamentos para uso industrial específico não especificados anteriormente, peças e acessórios",3,2
46569957,3511501,Geração de energia elétrica,1,1
14160269,5021102,"Transporte por navegação interior de carga, intermunicipal, interestadual e internacional, exceto travessia",4,1
47934761,7739099,"Aluguel de outras máquinas e equipamentos comerciais e industriais não especificados anteriormente, sem operador",1,1
13080626,2330305,Preparação de massa de concreto e argamassa para construção,15,2
01197205,4222701,"Construção de redes de abastecimento de água, coleta de esgoto e construções correlatas, exceto obras de irrigação",2,1
03611978,4120400,Construção de edifícios,2,1
33588168,7732201,"Aluguel de máquinas e equipamentos para construção sem operador, exceto andaimes",5,1
56937989,4930202,"Transporte rodoviário de carga, exceto produtos perigosos e mudanças, intermunicipal, interestadual e internacional",1,1
09619469,0151201,Criação de bovinos para corte,17,4
54305037,8211300,Serviços combinados de escritório e apoio administrativo,4,2
13196196,2320600,Fabricação de cimento,4,3
33309404,4930202,"Transporte rodoviário de carga, exceto produtos perigosos e mudanças, intermunicipal, interestadual e internacional",9,2
37831567,3811400,Coleta de resíduos não-perigosos,10,3
35294771,4922101,"Transporte rodoviário coletivo de passageiros, com itinerário fixo, intermunicipal, exceto em região metropolitana",4,1
07258209,4930202,"Transporte rodoviário de carga, exceto produtos perigosos e mudanças, intermunicipal, interestadual e internacional",6,1
12288046,4646002,Comércio atacadista de produtos de higiene pessoal,7,2
00074905,6462000,Holdings de instituições não-financeiras,1,1
03585982,4929902,"Transporte rodoviário coletivo de passageiros, sob regime de fretamento, intermunicipal, interestadual e internacional",2,2
00367104,2229399,Fabricação de artefatos de material plástico para outros usos não especificados anteriormente,1,1
10319846,2320600,Fabricação de cimento,16,6
15120066,1721400,Fabricação de papel,6,2
27583202,4921301,"Transporte rodoviário coletivo de passageiros, com itinerário fixo, municipal",2,1
33103862,4921301,"Transporte rodoviário coletivo de passageiros, com itinerário fixo, municipal",4,1
02782342,4930202,"Transporte rodoviário de carga, exceto produtos perigosos e mudanças, intermunicipal, interestadual e internacional",3,1
53886768,4930202,"Transporte rodoviário de carga, exceto produtos perigosos e mudanças, intermunicipal, interestadual e internacional",5,2
80247943,4930202,"Transporte rodoviário de carga, exceto produtos perigosos e mudanças, intermunicipal, interestadual e internacional",8,1
87439626,2219600,Fabricação de artefatos de borracha não especificados anteriormente,4,2
88961974,4930202,"Transporte rodoviário de carga, exceto produtos perigosos e mudanças, intermunicipal, interestadual e internacional",15,2
80418205,0500301,Extração de carvão mineral,2,2
45750411,1531901,Fabricação de calçados de couro,4,3
30777114,4921301,"Transporte rodoviário coletivo de passageiros, com itinerário fixo, municipal",4,3
89456008,4930202,"Transporte rodoviário de carga, exceto produtos perigosos e mudanças, intermunicipal, interestadual e internacional",2,1
33273079,4921301,"Transporte rodoviário coletivo de passageiros, com itinerário fixo, municipal",4,1
06044367,0810009,Extração de basalto e beneficiamento associado,3,2
54579107,4930203,Transporte rodoviário de produtos perigosos,3,1
01594992,2941700,Fabricação de peças e acessórios para o sistema motor de veículos automotores,2,2
00083266,4781400,Comércio varejista de artigos do vestuário e acessórios,2,1
01796430,4930203,Transporte rodoviário de produtos perigosos,2,1
08777540,4930202,"Transporte rodoviário de carga, exceto produtos perigosos e mudanças, intermunicipal, interestadual e internacional",2,1
09074183,5221400,"Concessionárias de rodovias, pontes, túneis e serviços relacionados",4,1
10661303,4940000,Transporte dutoviário,1,1
10672263,4120400,Construção de edifícios,1,1
03647936,4213800,"Obras de urbanização - ruas, praças e calçadas",2,1
13434315,4930202,"Transporte rodoviário de carga, exceto produtos perigosos e mudanças, intermunicipal, interestadual e internacional",6,2
18572206,0151201,Criação de bovinos para corte,8,6
21103907,4930202,"Transporte rodoviário de carga, exceto produtos perigosos e mudanças, intermunicipal, interestadual e internacional",1,1
23778652,0134200,Cultivo de café,2,1
08645856,4930203,Transporte rodoviário de produtos perigosos,5,1
11252153,4930202,"Transporte rodoviário de carga, exceto produtos perigosos e mudanças, intermunicipal, interestadual e internacional",10,1
24994943,4691500,"Comércio atacadista de mercadorias em geral, com predominância de produtos alimentícios",1,1
05338882,1733800,Fabricação de chapas e de embalagens de papelão ondulado,3,1
05730396,4922101,"Transporte rodoviário coletivo de passageiros, com itinerário fixo, intermunicipal, exceto em região metropolitana",9,1
13491552,0210101,Cultivo de eucalipto,3,1
18500734,4930202,"Transporte rodoviário de carga, exceto produtos perigosos e mudanças, intermunicipal, interestadual e internacional",4,1
28365123,3314707,Manutenção e reparação de máquinas e aparelhos de refrigeração e ventilação para uso industrial e comercial,1,1
07570829,4930202,"Transporte rodoviário de carga, exceto produtos perigosos e mudanças, intermunicipal, interestadual e internacional",5,1
33811801,3313999,"Manutenção e reparação de máquinas, aparelhos e materiais elétricos não especificados anteriormente",1,1
39830947,4930202,"Transporte rodoviário de carga, exceto produtos perigosos e mudanças, intermunicipal, interestadual e internacional",8,3
33666065,4921301,"Transporte rodoviário coletivo de passageiros, com itinerário fixo, municipal",3,1
16668247,1621800,"Fabricação de madeira laminada e de chapas de madeira compensada, prensada e aglomerada",4,2
26429471,4930202,"Transporte rodoviário de carga, exceto produtos perigosos e mudanças, intermunicipal, interestadual e internacional",7,1
06096335,4687701,Comércio atacadista de resíduos de papel e papelão,2,1
22849328,4930203,Transporte rodoviário de produtos perigosos,7,1
51197647,4211101,Construção de rodovias e ferrovias,1,1
36443753,4530703,Comércio a varejo de peças e acessórios novos para veículos automotores,2,2
52606798,4921301,"Transporte rodoviário coletivo de passageiros, com itinerário fixo, municipal",1,1
13311034,7732201,"Aluguel de máquinas e equipamentos para construção sem operador, exceto andaimes",3,1
04637026,4930203,Transporte rodoviário de produtos perigosos,3,1
08672803,1323500,Tecelagem de fios de fibras artificiais e sintéticas,3,2
06069123,4312600,Perfurações e sondagens,4,1
79469714,4930202,"Transporte rodoviário de carga, exceto produtos perigosos e mudanças, intermunicipal, interestadual e internacional",3,1
09054601,4399104,Serviços de operação e fornecimento de equipamentos para transporte e elevação de cargas e pessoas para uso em obras,4,2
20480467,4930202,"Transporte rodoviário de carga, exceto produtos perigosos e mudanças, intermunicipal, interestadual e internacional",3,1
00063684,7490101,"Serviços de tradução, interpretação e similares",1,1
03838222,3701100,Gestão de redes de esgoto,2,1
03935768,4930203,Transporte rodoviário de produtos perigosos,2,2
04172876,4930201,"Transporte rodoviário de carga, exceto produtos perigosos e mudanças, municipal.",1,1
12066346,4120400,Construção de edifícios,7,2
44230779,0810099,Extração e britamento de pedras e outros materiais para construção e beneficiamento associado,4,2
49383250,2121101,Fabricação de medicamentos alopáticos para uso humano,4,1
75524413,4921301,"Transporte rodoviário coletivo de passageiros, com itinerário fixo, municipal",3,1
77895928,4921301,"Transporte rodoviário coletivo de passageiros, com itinerário fixo, municipal",3,3
01495691,4929902,"Transporte rodoviário coletivo de passageiros, sob regime de fretamento, intermunicipal, interestadual e internacional",1,1
80273881,4930202,"Transporte rodoviário de carga, exceto produtos perigosos e mudanças, intermunicipal, interestadual e internacional",8,1
44632347,0810099,Extração e britamento de pedras e outros materiais para construção e beneficiamento associado,4,4
29667227,2033900,Fabricação de elastômeros,12,4
31479108,0311604,Atividades de apoio à pesca em água salgada,1,1
06849988,2342702,"Fabricação de artefatos de cerâmica e barro cozido para uso na construção, exceto azulejos e pisos",3,1
07287580,4930202,"Transporte rodoviário de carga, exceto produtos perigosos e mudanças, intermunicipal, interestadual e internacional",6,2
36355030,4921301,"Transporte rodoviário coletivo de passageiros, com itinerário fixo, municipal",2,1
08269898,0134200,Cultivo de café,3,1
64502289,4321500,Instalação e manutenção elétrica,2,2
09557587,8422100,Defesa,2,1
10760580,4930202,"Transporte rodoviário de carga, exceto produtos perigosos e mudanças, intermunicipal, interestadual e internacional",1,1
68405778,4930202,"Transporte rodoviário de carga, exceto produtos perigosos e mudanças, intermunicipal, interestadual e internacional",3,1
16726303,1610205,Serviço de tratamento de madeira realizado sob contrato,1,1
09582350,8422100,Defesa,2,1
23186195,3103900,"Fabricação de móveis de outros materiais, exceto madeira e metal",1,1
07004424,4929902,"Transporte rodoviário coletivo de passageiros, sob regime de fretamento, intermunicipal, interestadual e internacional",5,1
59598029,4211101,Construção de rodovias e ferrovias,8,4
35218174,4299599,Outras obras de engenharia civil não especificadas anteriormente,1,1
41420939,2399199,Fabricação de outros produtos de minerais não-metálicos não especificados anteriormente,1,1
11727497,1066000,Fabricação de alimentos para animais,2,2
47483716,3811400,Coleta de resíduos não-perigosos,1,1
16659619,3811400,Coleta de resíduos não-perigosos,2,1
62016034,4211101,Construção de rodovias e ferrovias,1,1
00099930,4755501,Comércio varejista de tecidos,1,1
01527825,4930202,"Transporte rodoviário de carga, exceto produtos perigosos e mudanças, intermunicipal, interestadual e internacional",3,1
00986410,2071100,"Fabricação de tintas, vernizes, esmaltes e lacas",1,1
00987763,4929902,"Transporte rodoviário coletivo de passageiros, sob regime de fretamento, intermunicipal, interestadual e internacional",1,1
07095509,4299599,Outras obras de engenharia civil não especificadas anteriormente,2,2
26389015,3313901,"Manutenção e reparação de geradores, transformadores e motores elétricos",2,1
34963066,4921301,"Transporte rodoviário coletivo de passageiros, com itinerário fixo, municipal",1,1
17397670,4921301,"Transporte rodoviário coletivo de passageiros, com itinerário fixo, municipal",3,1
06108102,4930202,"Transporte rodoviário de carga, exceto produtos perigosos e mudanças, intermunicipal, interestadual e internacional",1,1
00007251,4520005,"Serviços de lavagem, lubrificação e polimento de veículos automotores",1,1
34122432,1012101,Abate de aves,4,4
04497756,4530703,Comércio a varejo de peças e acessórios novos para veículos automotores,9,4
09339286,4930202,"Transporte rodoviário de carga, exceto produtos perigosos e mudanças, intermunicipal, interestadual e internacional",1,1
02968391,4930202,"Transporte rodoviário de carga, exceto produtos perigosos e mudanças, intermunicipal, interestadual e internacional",3,1
14767118,0133499,Cultivo de frutas de lavoura permanente não especificadas anteriormente,1,1
72812852,4930202,"Transporte rodoviário de carga, exceto produtos perigosos e mudanças, intermunicipal, interestadual e internacional",4,2
04535651,4921301,"Transporte rodoviário coletivo de passageiros, com itinerário fixo, municipal",2,1
09600534,0990403,Atividades de apoio à extração de minerais não-metálicos,3,2
26469628,3511501,Geração de energia elétrica,1,1
26574250,5211702,Guarda-móveis,3,2
30272428,4213800,"Obras de urbanização - ruas, praças e calçadas",1,1
34314216,4930201,"Transporte rodoviário de carga, exceto produtos perigosos e mudanças, municipal.",3,1
51284743,4687702,"Comércio atacadista de resíduos e sucatas não-metálicos, exceto de papel e papelão",4,3
49162760,4930201,"Transporte rodoviário de carga, exceto produtos perigosos e mudanças, municipal.",1,1
53461262,1061901,Beneficiamento de arroz,1,1
03785719,4211101,Construção de rodovias e ferrovias,2,1
00017688,4744001,Comércio varejista de ferragens e ferramentas,1,1
00000020,9511800,Reparação e manutenção de computadores e de equipamentos periféricos,1,1
01857439,4784900,Comércio varejista de gás liqüefeito de petróleo (GLP),7,1
03270896,4773300,Comércio varejista de artigos médicos e ortopédicos,2,2
20127759,4921301,"Transporte rodoviário coletivo de passageiros, com itinerário fixo, municipal",1,1
77058006,4921302,"Transporte rodoviário coletivo de passageiros, com itinerário fixo, intermunicipal em região metropolitana",2,2
04879275,4211101,Construção de rodovias e ferrovias,1,1
26481317,7732201,"Aluguel de máquinas e equipamentos para construção sem operador, exceto andaimes",1,1
04538778,1621800,"Fabricação de madeira laminada e de chapas de madeira compensada, prensada e aglomerada",2,1
04448716,3831999,"Recuperação de materiais metálicos, exceto alumínio",1,1
00014148,4712100,"Comércio varejista de mercadorias em geral, com predominância de produtos alimentícios - minimercados, mercearias e armazéns",1,1
61381943,4211101,Construção de rodovias e ferrovias,11,4
06125505,2222600,Fabricação de embalagens de material plástico,1,1
10471064,3312102,"Manutenção e reparação de aparelhos e instrumentos de medida, teste e controle",1,1
07175375,4922102,"Transporte rodoviário coletivo de passageiros, com itinerário fixo, interestadual",5,2
90228214,2219600,Fabricação de artefatos de borracha não especificados anteriormente,2,1
13202747,4530705,Comércio a varejo de pneumáticos e câmaras-de-ar,1,1
28690900,4742300,Comércio varejista de material elétrico,1,1
45866316,2599399,Fabricação de outros produtos de metal não especificados anteriormente,3,2
26365747,4930202,"Transporte rodoviário de carga, exceto produtos perigosos e mudanças, intermunicipal, interestadual e internacional",1,1
38239725,3511501,Geração de energia elétrica,1,1
37770370,4742300,Comércio varejista de material elétrico,1,1
36146575,5221400,"Concessionárias de rodovias, pontes, túneis e serviços relacionados",1,1
10667134,2599399,Fabricação de outros produtos de metal não especificados anteriormente,6,2
46027524,7732201,"Aluguel de máquinas e equipamentos para construção sem operador, exceto andaimes",1,1
63517098,0210101,Cultivo de eucalipto,3,1
49191162,6493000,Administração de consórcios para aquisição de bens e direitos,1,1
15020020,4930202,"Transporte rodoviário de carga, exceto produtos perigosos e mudanças, intermunicipal, interestadual e internacional",2,2
00000018,8888888,Atividade Econônica não informada,1,1
00000059,9430800,Atividades de associações de defesa de direitos sociais,1,1
00090386,4721102,Padaria e confeitaria com predominância de revenda,1,1
01881662,2219600,Fabricação de artefatos de borracha não especificados anteriormente,3,1
05401407,4213800,"Obras de urbanização - ruas, praças e calçadas",1,1
04861311,4930203,Transporte rodoviário de produtos perigosos,3,2
15122187,4291000,"Obras portuárias, marítimas e fluviais",3,2
08054995,7112000,Serviços de engenharia,2,1
08952522,4930202,"Transporte rodoviário de carga, exceto produtos perigosos e mudanças, intermunicipal, interestadual e internacional",1,1
09467474,7732201,"Aluguel de máquinas e equipamentos para construção sem operador, exceto andaimes",1,1
09070704,4391600,Obras de fundações,2,2
27185201,7112000,Serviços de engenharia,1,1
47399000,5510801,Hotéis,1,1
00132114,4223500,"Construção de redes de transportes por dutos, exceto para água e esgoto",2,1
57623761,0810009,Extração de basalto e beneficiamento associado,4,4
13349563,4930201,"Transporte rodoviário de carga, exceto produtos perigosos e mudanças, municipal.",6,1
00005603,8888888,Atividade Econônica não informada,1,1
01962300,4921302,"Transporte rodoviário coletivo de passageiros, com itinerário fixo, intermunicipal em região metropolitana",4,1
14072714,4774100,Comércio varejista de artigos de óptica,2,2
06963567,2731700,Fabricação de aparelhos e equipamentos para distribuição e controle de energia elétrica,1,1
04826023,4921301,"Transporte rodoviário coletivo de passageiros, com itinerário fixo, municipal",1,1
03230112,4313400,Obras de terraplenagem,1,1
05989551,4929901,"Transporte rodoviário coletivo de passageiros, sob regime de fretamento, municipal",3,2
20490472,4930202,"Transporte rodoviário de carga, exceto produtos perigosos e mudanças, intermunicipal, interestadual e internacional",1,1
10892021,5212500,Carga e descarga,1,1
30775399,7739099,"Aluguel de outras máquinas e equipamentos comerciais e industriais não especificados anteriormente, sem operador",3,1
14054065,4921301,"Transporte rodoviário coletivo de passageiros, com itinerário fixo, municipal",1,1
29201747,7112000,Serviços de engenharia,1,1
43814859,7112000,Serviços de engenharia,1,1
43091153,3821100,Tratamento e disposição de resíduos não-perigosos,1,1
44935685,4313400,Obras de terraplenagem,1,1
46954377,4299599,Outras obras de engenharia civil não especificadas anteriormente,2,1
00060520,5611203,"Lanchonetes, casas de chá, de sucos e similares",1,1
00000037,9420100,Atividades de organizações sindicais,1,1
13057440,3821100,Tratamento e disposição de resíduos não-perigosos,1,1
46574475,4912402,Transporte ferroviário de passageiros municipal e em região metropolitana,2,1
07686322,4211101,Construção de rodovias e ferrovias,1,1
67171769,4930202,"Transporte rodoviário de carga, exceto produtos perigosos e mudanças, intermunicipal, interestadual e internacional",1,1
00003073,4789004,Comércio varejista de animais vivos e de artigos e alimentos para animais de estimação,1,1
00132781,0810099,Extração e britamento de pedras e outros materiais para construção e beneficiamento associado,1,1
00000032,8112500,Condomínios prediais,1,1
08204419,7732201,"Aluguel de máquinas e equipamentos para construção sem operador, exceto andaimes",1,1
11855413,5212500,Carga e descarga,1,1
17745056,4930201,"Transporte rodoviário de carga, exceto produtos perigosos e mudanças, municipal.",1,1
11681460,0113000,Cultivo de cana-de-açúcar,1,1
22618188,4292802,Obras de montagem industrial,1,1
39403409,3314710,Manutenção e reparação de máquinas e equipamentos para uso geral não especificados anteriormente,1,1
30796425,4930201,"Transporte rodoviário de carga, exceto produtos perigosos e mudanças, municipal.",1,1
50421337,3314710,Manutenção e reparação de máquinas e equipamentos para uso geral não especificados anteriormente,1,1
53471219,1099604,Fabricação de gelo comum,1,1
63119095,4211101,Construção de rodovias e ferrovias,1,1
00555887,3312103,Manutenção e reparação de aparelhos eletromédicos e eletroterapêuticos e equipamentos de irradiação,1,1
04051795,5250803,"Agenciamento de cargas, exceto para o transporte marítimo",1,1
10883162,4930203,Transporte rodoviário de produtos perigosos,1,1
10976297,4313400,Obras de terraplenagem,1,1
11515451,0810002,Extração de granito e beneficiamento associado,1,1
97528318,4930201,"Transporte rodoviário de carga, exceto produtos perigosos e mudanças, municipal.",1,1
19652702,4313400,Obras de terraplenagem,1,1
28541171,7112000,Serviços de engenharia,1,1
26837290,3313901,"Manutenção e reparação de geradores, transformadores e motores elétricos",1,1
55151863,3314702,"Manutenção e reparação de equipamentos hidráulicos e pneumáticos, exceto válvulas",1,1
28679017,4921301,"Transporte rodoviário coletivo de passageiros, com itinerário fixo, municipal",3,2
06084516,4921301,"Transporte rodoviário coletivo de passageiros, com itinerário fixo, municipal",1,1
00000038,8690999,Outras atividades de atenção à saúde humana não especificadas anteriormente,1,1
00060029,4619200,Representantes comerciais e agentes do comércio de mercadorias em geral não especializado,1,1
70430681,4789099,Comércio varejista de outros produtos não especificados anteriormente,2,2
04676236,0810099,Extração e britamento de pedras e outros materiais para construção e beneficiamento associado,1,1
08664187,2229302,Fabricação de artefatos de material plástico para usos industriais,1,1
04713363,4211101,Construção de rodovias e ferrovias,1,1
10725679,4672900,Comércio atacadista de ferragens e ferramentas,3,3
41550112,4922102,"Transporte rodoviário coletivo de passageiros, com itinerário fixo, interestadual",92,5
30689889,4930202,"Transporte rodoviário de carga, exceto produtos perigosos e mudanças, intermunicipal, interestadual e internacional",21,1
32318949,4930202,"Transporte rodoviário de carga, exceto produtos perigosos e mudanças, intermunicipal, interestadual e internacional",2,1
59320820,2222600,Fabricação de embalagens de material plástico,22,5
19199348,4930202,"Transporte rodoviário de carga, exceto produtos perigosos e mudanças, intermunicipal, interestadual e internacional",61,3
79114450,4692300,"Comércio atacadista de mercadorias em geral, com predominância de insumos agropecuários",311,46
81804684,4930202,"Transporte rodoviário de carga, exceto produtos perigosos e mudanças, intermunicipal, interestadual e internacional",28,4
02302100,3514000,Distribuição de energia elétrica,59,3
04787941,4922102,"Transporte rodoviário coletivo de passageiros, com itinerário fixo, interestadual",13,2
04140159,4930202,"Transporte rodoviário de carga, exceto produtos perigosos e mudanças, intermunicipal, interestadual e internacional",1,1
13786785,2342701,Fabricação de azulejos e pisos,20,7
14492342,4922101,"Transporte rodoviário coletivo de passageiros, com itinerário fixo, intermunicipal, exceto em região metropolitana",27,3
78352663,4921302,"Transporte rodoviário coletivo de passageiros, com itinerário fixo, intermunicipal em região metropolitana",39,6
18316968,6810202,Aluguel de imóveis próprios,4,3
19059849,4731800,Comércio varejista de combustíveis para veículos automotores,26,6
00932703,4930202,"Transporte rodoviário de carga, exceto produtos perigosos e mudanças, intermunicipal, interestadual e internacional",5,1
23640204,0721901,Extração de minério de alumínio,119,9
23805088,4921301,"Transporte rodoviário coletivo de passageiros, com itinerário fixo, municipal",5,3
27535996,4399104,Serviços de operação e fornecimento de equipamentos para transporte e elevação de cargas e pessoas para uso em obras,19,7
30194450,4930203,Transporte rodoviário de produtos perigosos,3,2
33197187,4921301,"Transporte rodoviário coletivo de passageiros, com itinerário fixo, municipal",3,1
01071353,4930202,"Transporte rodoviário de carga, exceto produtos perigosos e mudanças, intermunicipal, interestadual e internacional",2,1
53309845,4622200,Comércio atacadista de soja,36,9
86532538,2349499,Fabricação de produtos cerâmicos não-refratários não especificados anteriormente,60,14
42540211,3511501,Geração de energia elétrica,10,2
42934489,4930202,"Transporte rodoviário de carga, exceto produtos perigosos e mudanças, intermunicipal, interestadual e internacional",18,2
45992724,4921301,"Transporte rodoviário coletivo de passageiros, com itinerário fixo, municipal",26,4
52134798,4930202,"Transporte rodoviário de carga, exceto produtos perigosos e mudanças, intermunicipal, interestadual e internacional",21,3
57497539,2211100,Fabricação de pneumáticos e de câmaras-de-ar,55,12
58551243,0132600,Cultivo de uva,7,3
20292256,4930202,"Transporte rodoviário de carga, exceto produtos perigosos e mudanças, intermunicipal, interestadual e internacional",1,1
61079232,2031200,Fabricação de resinas termoplásticas,14,6
61550497,4211101,Construção de rodovias e ferrovias,37,3
61563557,4922101,"Transporte rodoviário coletivo de passageiros, com itinerário fixo, intermunicipal, exceto em região metropolitana",68,7
66607219,4663000,Comércio atacadista de Máquinas e equipamentos para uso industrial; partes e peças,3,3
68979111,4930202,"Transporte rodoviário de carga, exceto produtos perigosos e mudanças, intermunicipal, interestadual e internacional",16,2
01082569,4921302,"Transporte rodoviário coletivo de passageiros, com itinerário fixo, intermunicipal em região metropolitana",2,1
07037123,3811400,Coleta de resíduos não-perigosos,12,2
03222609,1322700,"Tecelagem de fios de fibras têxteis naturais, exceto algodão",2,2
42509257,0729404,"Extração de minérios de cobre, chumbo, zinco e outros minerais metálicos não-ferrosos não especificados anteriormente",10,3
61215364,4683400,"Comércio atacadista de defensivos agrícolas, adubos, fertilizantes e corretivos do solo",6,3
24606519,5211701,Armazéns gerais - emissão de warrant,3,2
07532851,4929902,"Transporte rodoviário coletivo de passageiros, sob regime de fretamento, intermunicipal, interestadual e internacional",1,1
52311289,2833000,"Fabricação de máquinas e equipamentos para a agricultura e pecuária, peças e acessórios, exceto para irrigação",3,2
06176339,1749400,"Fabricação de produtos de pastas celulósicas, papel, cartolina, papel-cartão e papelão ondulado não especificados anteriormente",5,2
78388402,4929902,"Transporte rodoviário coletivo de passageiros, sob regime de fretamento, intermunicipal, interestadual e internacional",7,3
06789311,4930202,"Transporte rodoviário de carga, exceto produtos perigosos e mudanças, intermunicipal, interestadual e internacional",8,2
04900868,4921301,"Transporte rodoviário coletivo de passageiros, com itinerário fixo, municipal",4,1
00747897,4312600,Perfurações e sondagens,17,4
03433003,4930202,"Transporte rodoviário de carga, exceto produtos perigosos e mudanças, intermunicipal, interestadual e internacional",3,3
00990842,2431800,Produção de tubos de aço com costura,3,1
15542095,4681801,"Comércio atacadista de álcool carburante, biodiesel, gasolina e demais derivados de petróleo, exceto lubrificantes, não realizado por transportador re",9,5
09184119,2330302,Fabricação de artefatos de cimento para uso na construção,1,1
02957104,4632002,"Comércio atacadista de farinhas, amidos e féculas",15,5
01759112,5211701,Armazéns gerais - emissão de warrant,28,1
12407691,4930202,"Transporte rodoviário de carga, exceto produtos perigosos e mudanças, intermunicipal, interestadual e internacional",18,4
10965693,4922102,"Transporte rodoviário coletivo de passageiros, com itinerário fixo, interestadual",57,4
13631347,4930202,"Transporte rodoviário de carga, exceto produtos perigosos e mudanças, intermunicipal, interestadual e internacional",28,4
13807082,4930202,"Transporte rodoviário de carga, exceto produtos perigosos e mudanças, intermunicipal, interestadual e internacional",1,1
14854559,4930203,Transporte rodoviário de produtos perigosos,4,2
03006548,4221903,Manutenção de redes de distribuição de energia elétrica,22,7
17332857,7719599,"Locação de outros meios de transporte não especificados anteriormente, sem condutor",2,1
17587351,1052000,Fabricação de laticínios,2,2
05832555,0133405,Cultivo de coco-da-baía,7,3
13778827,4930202,"Transporte rodoviário de carga, exceto produtos perigosos e mudanças, intermunicipal, interestadual e internacional",1,1
13841647,5250804,Organização logística do transporte de carga,8,2
70176425,8299701,"Medição de consumo de energia elétrica, gás e água",14,5
07322382,1932200,"Fabricação de biocombustíveis, exceto álcool",19,3
12684651,0311602,Pesca de crustáceos e moluscos em água salgada,1,1
22399702,0810099,Extração e britamento de pedras e outros materiais para construção e beneficiamento associado,1,1
02939124,4929902,"Transporte rodoviário coletivo de passageiros, sob regime de fretamento, intermunicipal, interestadual e internacional",7,1
00670232,4110700,Incorporação de empreendimentos imobiliários,7,5
13051611,4930202,"Transporte rodoviário de carga, exceto produtos perigosos e mudanças, intermunicipal, interestadual e internacional",5,1
73194615,0810006,"Extração de areia, cascalho ou pedregulho e beneficiamento associado",5,4
20862617,4722902,Peixaria,1,1
18097503,2330302,Fabricação de artefatos de cimento para uso na construção,1,1
28720522,4921302,"Transporte rodoviário coletivo de passageiros, com itinerário fixo, intermunicipal em região metropolitana",3,2
26762312,4930202,"Transporte rodoviário de carga, exceto produtos perigosos e mudanças, intermunicipal, interestadual e internacional",1,1
61683652,4930202,"Transporte rodoviário de carga, exceto produtos perigosos e mudanças, intermunicipal, interestadual e internacional",12,1
05950799,4930202,"Transporte rodoviário de carga, exceto produtos perigosos e mudanças, intermunicipal, interestadual e internacional",10,2
28122878,0141501,"Produção de sementes certificadas, exceto de forrageiras para pasto",1,1
65744138,4930202,"Transporte rodoviário de carga, exceto produtos perigosos e mudanças, intermunicipal, interestadual e internacional",16,2
10444161,4753900,Comércio varejista especializado de eletrodomésticos e equipamentos de áudio e vídeo,6,2
14707364,4662100,"Comércio atacadista de máquinas, equipamentos para terraplenagem, mineração e construção; partes e peças",15,6
03710040,4930202,"Transporte rodoviário de carga, exceto produtos perigosos e mudanças, intermunicipal, interestadual e internacional",6,1
13520755,4930202,"Transporte rodoviário de carga, exceto produtos perigosos e mudanças, intermunicipal, interestadual e internacional",3,1
40331592,5030102,Navegação de apoio portuário,1,1
40829988,7732201,"Aluguel de máquinas e equipamentos para construção sem operador, exceto andaimes",6,2
09122002,8211300,Serviços combinados de escritório e apoio administrativo,2,2
18018381,4924800,Transporte escolar,5,1
04506123,1020101,"Preservação de peixes, crustáceos e moluscos",19,8
05855974,2099199,Fabricação de outros produtos químicos não especificados anteriormente,6,3
09642280,0810099,Extração e britamento de pedras e outros materiais para construção e beneficiamento associado,5,1
08720365,4930202,"Transporte rodoviário de carga, exceto produtos perigosos e mudanças, intermunicipal, interestadual e internacional",7,1
01831822,4120400,Construção de edifícios,2,2
10307895,4930202,"Transporte rodoviário de carga, exceto produtos perigosos e mudanças, intermunicipal, interestadual e internacional",27,1
40181203,4921302,"Transporte rodoviário coletivo de passageiros, com itinerário fixo, intermunicipal em região metropolitana",5,1
72071541,4679699,Comércio atacadista de materiais de construção em geral,8,5
22369569,4684299,Comércio atacadista de outros produtos químicos e petroquímicos não especificados anteriormente,5,1
21933935,0210107,Extração de madeira em florestas plantadas,6,2
02498705,3831901,Recuperação de sucatas de alumínio,4,1
34705080,4922102,"Transporte rodoviário coletivo de passageiros, com itinerário fixo, interestadual",4,1
03169677,4930202,"Transporte rodoviário de carga, exceto produtos perigosos e mudanças, intermunicipal, interestadual e internacional",7,1
61090089,4520001,Serviços de manutenção e reparação mecânica de veículos automotores,1,1
01090465,4930202,"Transporte rodoviário de carga, exceto produtos perigosos e mudanças, intermunicipal, interestadual e internacional",3,1
44801942,4930202,"Transporte rodoviário de carga, exceto produtos perigosos e mudanças, intermunicipal, interestadual e internacional",21,2
00000016,8219901,Fotocópias,1,1
00094279,9430800,Atividades de associações de defesa de direitos sociais,1,1
06955557,4930202,"Transporte rodoviário de carga, exceto produtos perigosos e mudanças, intermunicipal, interestadual e internacional",7,2
07277575,1733800,Fabricação de chapas e de embalagens de papelão ondulado,6,2
07933914,2411300,Produção de ferro-gusa,10,4
15115504,2019399,Fabricação de outros produtos químicos inorgânicos não especificados anteriormente,7,4
04271910,4930202,"Transporte rodoviário de carga, exceto produtos perigosos e mudanças, intermunicipal, interestadual e internacional",1,1
25431016,4922101,"Transporte rodoviário coletivo de passageiros, com itinerário fixo, intermunicipal, exceto em região metropolitana",4,2
30778013,7732201,"Aluguel de máquinas e equipamentos para construção sem operador, exceto andaimes",4,2
06088176,3313901,"Manutenção e reparação de geradores, transformadores e motores elétricos",1,1
33646969,4921301,"Transporte rodoviário coletivo de passageiros, com itinerário fixo, municipal",4,1
35972454,0810002,Extração de granito e beneficiamento associado,8,5
42135913,0134200,Cultivo de café,9,3
48748230,4921301,"Transporte rodoviário coletivo de passageiros, com itinerário fixo, municipal",5,1
50155134,2441502,Produção de laminados de alumínio,10,4
52611571,2391501,"Britamento de pedras, exceto associado à extração",3,2
55973762,0810099,Extração e britamento de pedras e outros materiais para construção e beneficiamento associado,8,7
76012012,4921302,"Transporte rodoviário coletivo de passageiros, com itinerário fixo, intermunicipal em região metropolitana",1,1
03014234,4921302,"Transporte rodoviário coletivo de passageiros, com itinerário fixo, intermunicipal em região metropolitana",2,1
64324981,4929902,"Transporte rodoviário coletivo de passageiros, sob regime de fretamento, intermunicipal, interestadual e internacional",9,5
07122025,4930202,"Transporte rodoviário de carga, exceto produtos perigosos e mudanças, intermunicipal, interestadual e internacional",2,2
61693461,2731700,Fabricação de aparelhos e equipamentos para distribuição e controle de energia elétrica,2,2
07430059,2710402,"Fabricação de transformadores, indutores, conversores, sincronizadores e semelhantes, peças e acessórios",1,1
06291900,4921301,"Transporte rodoviário coletivo de passageiros, com itinerário fixo, municipal",2,1
04193033,1610203,Serrarias com desdobramento de madeira em bruto,5,4
44689768,4930202,"Transporte rodoviário de carga, exceto produtos perigosos e mudanças, intermunicipal, interestadual e internacional",10,2
10640173,4930202,"Transporte rodoviário de carga, exceto produtos perigosos e mudanças, intermunicipal, interestadual e internacional",4,1
09377131,7739099,"Aluguel de outras máquinas e equipamentos comerciais e industriais não especificados anteriormente, sem operador",2,2
05018123,0230600,Atividades de apoio à produção florestal,12,2
41070889,7911200,Agências de viagens,6,3
13109982,2822402,"Fabricação de máquinas, equipamentos e aparelhos para transporte e elevação de cargas, peças e acessórios",1,1
10965623,2013401,Fabricação de adubos e fertilizantes organo-minerais,3,2
05651966,4644301,Comércio atacadista de medicamentos e drogas de uso humano,17,2
19169614,4921301,"Transporte rodoviário coletivo de passageiros, com itinerário fixo, municipal",6,2
45615184,4687703,Comércio atacadista de resíduos e sucatas metálicos,6,2
18538045,4922102,"Transporte rodoviário coletivo de passageiros, com itinerário fixo, interestadual",11,1
17364487,3313901,"Manutenção e reparação de geradores, transformadores e motores elétricos",2,2
30182639,1052000,Fabricação de laticínios,1,1
27853182,4211101,Construção de rodovias e ferrovias,14,2
30937909,1932200,"Fabricação de biocombustíveis, exceto álcool",1,1
35478685,4511104,Comércio por atacado de caminhões novos e usados,4,1
19238174,4930202,"Transporte rodoviário de carga, exceto produtos perigosos e mudanças, intermunicipal, interestadual e internacional",8,2
38948791,4930202,"Transporte rodoviário de carga, exceto produtos perigosos e mudanças, intermunicipal, interestadual e internacional",13,1
31995680,4221903,Manutenção de redes de distribuição de energia elétrica,1,1
18103185,1012101,Abate de aves,2,2
07778667,4639701,Comércio atacadista de produtos alimentícios em geral,3,3
38711127,2342701,Fabricação de azulejos e pisos,2,1
05797607,2222600,Fabricação de embalagens de material plástico,6,4
30810486,3831999,"Recuperação de materiais metálicos, exceto alumínio",4,2
20082362,7112000,Serviços de engenharia,4,2
66966359,0810006,"Extração de areia, cascalho ou pedregulho e beneficiamento associado",5,2
17201666,4921301,"Transporte rodoviário coletivo de passageiros, com itinerário fixo, municipal",2,1
00000075,9491000,Atividades de organizações religiosas ou filosóficas,1,1
00005149,4761003,Comércio varejista de artigos de papelaria,1,1
00008723,5611203,"Lanchonetes, casas de chá, de sucos e similares",1,1
47497367,4330499,Outras obras de acabamento da construção,18,6
44632610,2342702,"Fabricação de artefatos de cerâmica e barro cozido para uso na construção, exceto azulejos e pisos",1,1
81067860,2229399,Fabricação de artefatos de material plástico para outros usos não especificados anteriormente,2,1
81305377,4921302,"Transporte rodoviário coletivo de passageiros, com itinerário fixo, intermunicipal em região metropolitana",2,2
09929134,4921301,"Transporte rodoviário coletivo de passageiros, com itinerário fixo, municipal",1,1
16294266,4930203,Transporte rodoviário de produtos perigosos,7,3
00255218,9430800,Atividades de associações de defesa de direitos sociais,1,1
09530502,4921301,"Transporte rodoviário coletivo de passageiros, com itinerário fixo, municipal",1,1
05922371,4930202,"Transporte rodoviário de carga, exceto produtos perigosos e mudanças, intermunicipal, interestadual e internacional",4,3
05601232,4930203,Transporte rodoviário de produtos perigosos,6,2
00900779,4789099,Comércio varejista de outros produtos não especificados anteriormente,5,3
05978260,4930202,"Transporte rodoviário de carga, exceto produtos perigosos e mudanças, intermunicipal, interestadual e internacional",4,2
16684816,1610203,Serrarias com desdobramento de madeira em bruto,2,2
10194297,4930202,"Transporte rodoviário de carga, exceto produtos perigosos e mudanças, intermunicipal, interestadual e internacional",4,1
11179185,4691500,"Comércio atacadista de mercadorias em geral, com predominância de produtos alimentícios",4,2
26771075,7711000,Locação de automóveis sem condutor,1,1
31382646,4520001,Serviços de manutenção e reparação mecânica de veículos automotores,1,1
32079726,3313901,"Manutenção e reparação de geradores, transformadores e motores elétricos",3,2
17416722,4930202,"Transporte rodoviário de carga, exceto produtos perigosos e mudanças, intermunicipal, interestadual e internacional",3,1
36690688,4930202,"Transporte rodoviário de carga, exceto produtos perigosos e mudanças, intermunicipal, interestadual e internacional",1,1
33185329,4930202,"Transporte rodoviário de carga, exceto produtos perigosos e mudanças, intermunicipal, interestadual e internacional",2,2
35363181,4520001,Serviços de manutenção e reparação mecânica de veículos automotores,1,1
04763393,4930202,"Transporte rodoviário de carga, exceto produtos perigosos e mudanças, intermunicipal, interestadual e internacional",13,1
52973303,4921301,"Transporte rodoviário coletivo de passageiros, com itinerário fixo, municipal",1,1
29127993,4789099,Comércio varejista de outros produtos não especificados anteriormente,6,2
00000002,4120400,Construção de edifícios,1,1
03581702,1031700,Fabricação de conservas de frutas,4,3
07060755,3511501,Geração de energia elétrica,2,1
26070128,8299799,Outras atividades de serviços prestados principalmente às empresas não especificadas anteriormente,1,1
08005860,0810002,Extração de granito e beneficiamento associado,3,2
02743574,3511501,Geração de energia elétrica,2,1
89308779,4929902,"Transporte rodoviário coletivo de passageiros, sob regime de fretamento, intermunicipal, interestadual e internacional",2,1
56220791,0810006,"Extração de areia, cascalho ou pedregulho e beneficiamento associado",4,2
07877712,4930201,"Transporte rodoviário de carga, exceto produtos perigosos e mudanças, municipal.",1,1
08578948,4930201,"Transporte rodoviário de carga, exceto produtos perigosos e mudanças, municipal.",3,1
10495660,7732201,"Aluguel de máquinas e equipamentos para construção sem operador, exceto andaimes",1,1
10553330,5021102,"Transporte por navegação interior de carga, intermunicipal, interestadual e internacional, exceto travessia",1,1
10745687,2019399,Fabricação de outros produtos químicos inorgânicos não especificados anteriormente,3,1
10873769,4663000,Comércio atacadista de Máquinas e equipamentos para uso industrial; partes e peças,1,1
07512519,3511501,Geração de energia elétrica,3,1
13515092,7739099,"Aluguel de outras máquinas e equipamentos comerciais e industriais não especificados anteriormente, sem operador",2,1
11796408,4753900,Comércio varejista especializado de eletrodomésticos e equipamentos de áudio e vídeo,2,2
09580252,8422100,Defesa,2,1
17441792,5231102,Atividades do Operador Portuário,2,1
02709163,3011301,Construção de embarcações de grande porte,7,2
21944114,4912402,Transporte ferroviário de passageiros municipal e em região metropolitana,1,1
13188854,1041400,"Fabricação de óleos vegetais em bruto, exceto óleo de milho",4,2
12687427,4930202,"Transporte rodoviário de carga, exceto produtos perigosos e mudanças, intermunicipal, interestadual e internacional",1,1
34397536,4679699,Comércio atacadista de materiais de construção em geral,1,1
39805770,4922102,"Transporte rodoviário coletivo de passageiros, com itinerário fixo, interestadual",1,1
42324684,4520001,Serviços de manutenção e reparação mecânica de veículos automotores,1,1
36555352,4930203,Transporte rodoviário de produtos perigosos,1,1
39980175,2229301,Fabricação de artefatos de material plástico para uso pessoal e doméstico,5,2
48991366,7732201,"Aluguel de máquinas e equipamentos para construção sem operador, exceto andaimes",1,1
54509820,4530703,Comércio a varejo de peças e acessórios novos para veículos automotores,1,1
28131759,4313400,Obras de terraplenagem,4,2
00000074,8690901,Atividades de práticas integrativas e complementares em saúde humana,1,1
00171428,4921301,"Transporte rodoviário coletivo de passageiros, com itinerário fixo, municipal",1,1
00000062,8512100,Educação infantil - pré-escola,1,1
00821318,4930203,Transporte rodoviário de produtos perigosos,3,1
02549843,4929902,"Transporte rodoviário coletivo de passageiros, sob regime de fretamento, intermunicipal, interestadual e internacional",5,2
30905111,4299599,Outras obras de engenharia civil não especificadas anteriormente,2,1
06315183,3511501,Geração de energia elétrica,2,1
46149456,1733800,Fabricação de chapas e de embalagens de papelão ondulado,3,1
65940892,4930202,"Transporte rodoviário de carga, exceto produtos perigosos e mudanças, intermunicipal, interestadual e internacional",2,1
51874188,4929902,"Transporte rodoviário coletivo de passageiros, sob regime de fretamento, intermunicipal, interestadual e internacional",1,1
08213355,0134200,Cultivo de café,2,1
09686157,0133499,Cultivo de frutas de lavoura permanente não especificadas anteriormente,1,1
07103898,4672900,Comércio atacadista de ferragens e ferramentas,2,2
17223663,4930202,"Transporte rodoviário de carga, exceto produtos perigosos e mudanças, intermunicipal, interestadual e internacional",1,1
24913685,3511501,Geração de energia elétrica,1,1
97338099,4921301,"Transporte rodoviário coletivo de passageiros, com itinerário fixo, municipal",2,1
39671152,4930202,"Transporte rodoviário de carga, exceto produtos perigosos e mudanças, intermunicipal, interestadual e internacional",1,1
47719468,4661300,"Comércio atacadista de máquinas, aparelhos e equipamentos para uso agropecuário; partes e peças",1,1
54323785,4929902,"Transporte rodoviário coletivo de passageiros, sob regime de fretamento, intermunicipal, interestadual e internacional",3,1
59048669,4930203,Transporte rodoviário de produtos perigosos,1,1
00001188,4929902,"Transporte rodoviário coletivo de passageiros, sob regime de fretamento, intermunicipal, interestadual e internacional",1,1
19791227,1321900,Tecelagem de fios de algodão,1,1
60036597,2512800,Fabricação de esquadrias de metal,2,2
72455587,4781400,Comércio varejista de artigos do vestuário e acessórios,2,2
30075428,4921301,"Transporte rodoviário coletivo de passageiros, com itinerário fixo, municipal",2,2
13424449,4681802,Comércio atacadista de combustíveis realizado por transportador retalhista (T.R.R.),3,2
15203247,4930202,"Transporte rodoviário de carga, exceto produtos perigosos e mudanças, intermunicipal, interestadual e internacional",2,1
00587085,4930202,"Transporte rodoviário de carga, exceto produtos perigosos e mudanças, intermunicipal, interestadual e internacional",2,1
73654741,4622200,Comércio atacadista de soja,2,1
20979938,4687702,"Comércio atacadista de resíduos e sucatas não-metálicos, exceto de papel e papelão",1,1
21421257,5231102,Atividades do Operador Portuário,3,1
14075158,4921301,"Transporte rodoviário coletivo de passageiros, com itinerário fixo, municipal",1,1
28515300,3511501,Geração de energia elétrica,1,1
35956652,6810203,Loteamento de imóveis próprios,1,1
19749574,4930202,"Transporte rodoviário de carga, exceto produtos perigosos e mudanças, intermunicipal, interestadual e internacional",3,1
18985180,4312600,Perfurações e sondagens,2,1
58428867,4689301,"Comércio atacadista de produtos da extração mineral, exceto combustíveis",1,1
00005031,4712100,"Comércio varejista de mercadorias em geral, com predominância de produtos alimentícios - minimercados, mercearias e armazéns",1,1
03788359,4930202,"Transporte rodoviário de carga, exceto produtos perigosos e mudanças, intermunicipal, interestadual e internacional",1,1
81703126,2399101,"Decoração, lapidação, gravação, vitrificação e outros trabalhos em cerâmica, louça, vidro e cristal",2,2
03794552,3511501,Geração de energia elétrica,1,1
06325805,7911200,Agências de viagens,2,1
15113424,1721400,Fabricação de papel,1,1
21233901,4921301,"Transporte rodoviário coletivo de passageiros, com itinerário fixo, municipal",1,1
19371553,0161003,"Serviço de preparação de terreno, cultivo e colheita",2,1
00002063,6912500,Cartórios,1,1
00021192,4755501,Comércio varejista de tecidos,1,1
11220193,3511501,Geração de energia elétrica,1,1
11591124,4530703,Comércio a varejo de peças e acessórios novos para veículos automotores,1,1
12184169,7731400,Aluguel de máquinas e equipamentos agrícolas sem operador,1,1
12359986,7719599,"Locação de outros meios de transporte não especificados anteriormente, sem condutor",1,1
17337846,4921301,"Transporte rodoviário coletivo de passageiros, com itinerário fixo, municipal",1,1
17905113,4930201,"Transporte rodoviário de carga, exceto produtos perigosos e mudanças, municipal.",1,1
24639231,4930201,"Transporte rodoviário de carga, exceto produtos perigosos e mudanças, municipal.",1,1
19094602,4520001,Serviços de manutenção e reparação mecânica de veículos automotores,1,1
14646268,4930202,"Transporte rodoviário de carga, exceto produtos perigosos e mudanças, intermunicipal, interestadual e internacional",1,1
09264052,7732201,"Aluguel de máquinas e equipamentos para construção sem operador, exceto andaimes",2,1
69717643,4930202,"Transporte rodoviário de carga, exceto produtos perigosos e mudanças, intermunicipal, interestadual e internacional",1,1
07556881,5030102,Navegação de apoio portuário,1,1
05210535,3511501,Geração de energia elétrica,1,1
23299478,4313400,Obras de terraplenagem,1,1
22469527,7711000,Locação de automóveis sem condutor,1,1
31229721,4929901,"Transporte rodoviário coletivo de passageiros, sob regime de fretamento, municipal",1,1
36130395,1012103,Frigorífico - abate de suínos,1,1
31016787,2710402,"Fabricação de transformadores, indutores, conversores, sincronizadores e semelhantes, peças e acessórios",1,1
50667613,7711000,Locação de automóveis sem condutor,1,1
26164539,0810099,Extração e britamento de pedras e outros materiais para construção e beneficiamento associado,2,1
53570443,0810099,Extração e britamento de pedras e outros materiais para construção e beneficiamento associado,1,1
54981786,3821100,Tratamento e disposição de resíduos não-perigosos,1,1
55704685,4211101,Construção de rodovias e ferrovias,1,1
00074670,4930202,"Transporte rodoviário de carga, exceto produtos perigosos e mudanças, intermunicipal, interestadual e internacional",2,1
00006813,4644301,Comércio atacadista de medicamentos e drogas de uso humano,1,1
02029142,4211101,Construção de rodovias e ferrovias,1,1
05760401,2511000,Fabricação de estruturas metálicas,1,1
09469807,4930202,"Transporte rodoviário de carga, exceto produtos perigosos e mudanças, intermunicipal, interestadual e internacional",1,1
11821679,0810006,"Extração de areia, cascalho ou pedregulho e beneficiamento associado",1,1
13708347,4662100,"Comércio atacadista de máquinas, equipamentos para terraplenagem, mineração e construção; partes e peças",1,1
17101079,3313901,"Manutenção e reparação de geradores, transformadores e motores elétricos",1,1
22755746,5211701,Armazéns gerais - emissão de warrant,1,1
26303725,2710402,"Fabricação de transformadores, indutores, conversores, sincronizadores e semelhantes, peças e acessórios",1,1
27852039,4921302,"Transporte rodoviário coletivo de passageiros, com itinerário fixo, intermunicipal em região metropolitana",1,1
43407597,4923002,Serviço de transporte de passageiros - locação de automóveis com motorista,1,1
43944876,7732201,"Aluguel de máquinas e equipamentos para construção sem operador, exceto andaimes",1,1
44363037,2330305,Preparação de massa de concreto e argamassa para construção,1,1
51800374,4211101,Construção de rodovias e ferrovias,1,1
06133785,0810004,Extração de calcário e dolomita e beneficiamento associado,1,1
06303383,7711000,Locação de automóveis sem condutor,1,1
58739426,4930203,Transporte rodoviário de produtos perigosos,2,1
07337105,7112000,Serviços de engenharia,1,1
82693318,4930201,"Transporte rodoviário de carga, exceto produtos perigosos e mudanças, municipal.",1,1
83286443,4921301,"Transporte rodoviário coletivo de passageiros, com itinerário fixo, municipal",1,1
72060999,7210000,Pesquisa e desenvolvimento experimental em ciências físicas e naturais,1,1
00000086,8299799,Outras atividades de serviços prestados principalmente às empresas não especificadas anteriormente,1,1
53492523,7711000,Locação de automóveis sem condutor,2,1
49576415,4930203,Transporte rodoviário de produtos perigosos,1,1
00003519,2099199,Fabricação de outros produtos químicos não especificados anteriormente,1,1
04532951,7732201,"Aluguel de máquinas e equipamentos para construção sem operador, exceto andaimes",1,1
07159894,4399104,Serviços de operação e fornecimento de equipamentos para transporte e elevação de cargas e pessoas para uso em obras,1,1
24357758,4221903,Manutenção de redes de distribuição de energia elétrica,1,1
84656164,5030102,Navegação de apoio portuário,1,1
31598956,4921301,"Transporte rodoviário coletivo de passageiros, com itinerário fixo, municipal",1,1
41952235,4399105,Perfuração e construção de poços de água,1,1
26178616,4930202,"Transporte rodoviário de carga, exceto produtos perigosos e mudanças, intermunicipal, interestadual e internacional",24,4
19567442,4930202,"Transporte rodoviário de carga, exceto produtos perigosos e mudanças, intermunicipal, interestadual e internacional",4,1
03612518,4930202,"Transporte rodoviário de carga, exceto produtos perigosos e mudanças, intermunicipal, interestadual e internacional",20,1
00242184,7732201,"Aluguel de máquinas e equipamentos para construção sem operador, exceto andaimes",50,5
56679871,4391600,Obras de fundações,5,1
83163576,4930202,"Transporte rodoviário de carga, exceto produtos perigosos e mudanças, intermunicipal, interestadual e internacional",25,6
06346461,4921301,"Transporte rodoviário coletivo de passageiros, com itinerário fixo, municipal",3,2
01456021,4930202,"Transporte rodoviário de carga, exceto produtos perigosos e mudanças, intermunicipal, interestadual e internacional",6,1
02077618,4692300,"Comércio atacadista de mercadorias em geral, com predominância de insumos agropecuários",69,13
03708458,4930202,"Transporte rodoviário de carga, exceto produtos perigosos e mudanças, intermunicipal, interestadual e internacional",7,1
03779994,0155501,Criação de frangos para corte,26,4
06151340,2411300,Produção de ferro-gusa,4,1
13647862,4399105,Perfuração e construção de poços de água,4,1
13956651,1312000,"Preparação e fiação de fibras têxteis naturais, exceto algodão",9,3
02518353,1052000,Fabricação de laticínios,2,2
15606007,0210101,Cultivo de eucalipto,29,4
18710988,2330305,Preparação de massa de concreto e argamassa para construção,53,4
17766825,4399199,Serviços especializados para construção não especificados anteriormente,8,3
19553676,0810004,Extração de calcário e dolomita e beneficiamento associado,3,1
21255567,1321900,Tecelagem de fios de algodão,24,9
28142800,4671100,Comércio atacadista de madeira e produtos derivados,90,7
06051717,0810099,Extração e britamento de pedras e outros materiais para construção e beneficiamento associado,1,1
06635285,0810002,Extração de granito e beneficiamento associado,25,8
37020260,1012101,Abate de aves,12,5
01145821,2511000,Fabricação de estruturas metálicas,1,1
46014122,4922101,"Transporte rodoviário coletivo de passageiros, com itinerário fixo, intermunicipal, exceto em região metropolitana",30,3
47254461,2221800,Fabricação de laminados planos e tubulares de material plástico,27,5
47595863,2342701,Fabricação de azulejos e pisos,18,5
58138058,5211701,Armazéns gerais - emissão de warrant,28,6
20343885,0899199,Extração de outros minerais não-metálicos não especificados anteriormente,1,1
82648742,4921301,"Transporte rodoviário coletivo de passageiros, com itinerário fixo, municipal",9,3
82743832,4211101,Construção de rodovias e ferrovias,7,4
03257777,4211101,Construção de rodovias e ferrovias,2,1
42445403,0724301,Extração de minério de metais preciosos,5,2
31675747,4921302,"Transporte rodoviário coletivo de passageiros, com itinerário fixo, intermunicipal em região metropolitana",1,1
72432727,4120400,Construção de edifícios,5,1
17246638,0710301,Extração de minério de ferro,4,1
17255696,4211101,Construção de rodovias e ferrovias,3,3
07534580,3811400,Coleta de resíduos não-perigosos,4,3
26970103,0891600,"Extração de minerais para fabricação de adubos, fertilizantes e outros produtos químicos",14,5
08034991,0151201,Criação de bovinos para corte,6,1
01751967,4921301,"Transporte rodoviário coletivo de passageiros, com itinerário fixo, municipal",12,2
07945637,2542000,"Fabricação de artigos de serralheria, exceto esquadrias",1,1
77955532,4211101,Construção de rodovias e ferrovias,18,2
02091250,3811400,Coleta de resíduos não-perigosos,4,2
06152551,4530703,Comércio a varejo de peças e acessórios novos para veículos automotores,1,1
06232585,4930202,"Transporte rodoviário de carga, exceto produtos perigosos e mudanças, intermunicipal, interestadual e internacional",2,1
07391475,1020101,"Preservação de peixes, crustáceos e moluscos",1,1
09383084,4930201,"Transporte rodoviário de carga, exceto produtos perigosos e mudanças, municipal.",9,3
60594538,2399101,"Decoração, lapidação, gravação, vitrificação e outros trabalhos em cerâmica, louça, vidro e cristal",21,9
76987544,0111399,Cultivo de outros cereais não especificados anteriormente,5,2
14804587,8112500,Condomínios prediais,1,1
72096100,2813500,"Fabricação de válvulas, registros e dispositivos semelhantes, peças e acessórios",1,1
25778390,4683400,"Comércio atacadista de defensivos agrícolas, adubos, fertilizantes e corretivos do solo",12,4
19451038,4930202,"Transporte rodoviário de carga, exceto produtos perigosos e mudanças, intermunicipal, interestadual e internacional",58,2
89823918,4930202,"Transporte rodoviário de carga, exceto produtos perigosos e mudanças, intermunicipal, interestadual e internacional",48,1
03532447,3511501,Geração de energia elétrica,8,3
02870124,4930202,"Transporte rodoviário de carga, exceto produtos perigosos e mudanças, intermunicipal, interestadual e internacional",38,2
92678440,1610203,Serrarias com desdobramento de madeira em bruto,16,1
05241721,7990200,Serviços de reservas e outros serviços de turismo não especificados anteriormente,7,4
01814174,4211101,Construção de rodovias e ferrovias,10,1
00085040,6920601,Atividades de contabilidade,2,1
00437218,4211101,Construção de rodovias e ferrovias,3,1
10840738,4313400,Obras de terraplenagem,1,1
10208566,4683400,"Comércio atacadista de defensivos agrícolas, adubos, fertilizantes e corretivos do solo",23,14
20327997,2342702,"Fabricação de artefatos de cerâmica e barro cozido para uso na construção, exceto azulejos e pisos",1,1
17785304,2412100,Produção de ferroligas,9,5
80410343,2013401,Fabricação de adubos e fertilizantes organo-minerais,6,2
01682695,4634602,Comércio atacadista de aves abatidas e derivados,34,17
10260249,4674500,Comércio atacadista de cimento,22,5
10869844,0115600,Cultivo de soja,9,2
19445702,4399199,Serviços especializados para construção não especificados anteriormente,1,1
19852831,0810004,Extração de calcário e dolomita e beneficiamento associado,2,2
73811234,4633801,"Comércio atacadista de frutas, verduras, raízes, tubérculos, hortaliças e legumes frescos",4,2
11455829,4930202,"Transporte rodoviário de carga, exceto produtos perigosos e mudanças, intermunicipal, interestadual e internacional",49,2
14102782,5222200,Terminais rodoviários e ferroviários,10,1
13510159,4110700,Incorporação de empreendimentos imobiliários,1,1
25461857,4930202,"Transporte rodoviário de carga, exceto produtos perigosos e mudanças, intermunicipal, interestadual e internacional",1,1
01744153,4211101,Construção de rodovias e ferrovias,12,1
14710306,6810201,Compra e venda de imóveis próprios,1,1
18788970,0151201,Criação de bovinos para corte,7,1
20895426,4635402,"Comércio atacadista de cerveja, chope e refrigerante",5,2
27181949,4211101,Construção de rodovias e ferrovias,1,1
19521040,1099604,Fabricação de gelo comum,2,2
22902476,4930202,"Transporte rodoviário de carga, exceto produtos perigosos e mudanças, intermunicipal, interestadual e internacional",6,1
13861254,5021102,"Transporte por navegação interior de carga, intermunicipal, interestadual e internacional, exceto travessia",5,1
34766054,4313400,Obras de terraplenagem,1,1
35045758,4530703,Comércio a varejo de peças e acessórios novos para veículos automotores,1,1
05824316,1610203,Serrarias com desdobramento de madeira em bruto,3,2
07922139,7711000,Locação de automóveis sem condutor,6,2
07632502,4930201,"Transporte rodoviário de carga, exceto produtos perigosos e mudanças, municipal.",8,2
01203383,4922102,"Transporte rodoviário coletivo de passageiros, com itinerário fixo, interestadual",19,4
26277170,4211101,Construção de rodovias e ferrovias,8,1
24475814,0810002,Extração de granito e beneficiamento associado,5,2
04918453,1099699,Fabricação de outros produtos alimentícios não especificados anteriormente,8,2
24221207,1013902,Preparação de subprodutos do abate,2,1
09433294,4930202,"Transporte rodoviário de carga, exceto produtos perigosos e mudanças, intermunicipal, interestadual e internacional",13,1
15479034,7711000,Locação de automóveis sem condutor,4,2
23612315,4930201,"Transporte rodoviário de carga, exceto produtos perigosos e mudanças, municipal.",7,2
13550095,4930202,"Transporte rodoviário de carga, exceto produtos perigosos e mudanças, intermunicipal, interestadual e internacional",3,1
59225698,4120400,Construção de edifícios,17,2
51383782,0115600,Cultivo de soja,7,2
51864996,2539001,"Serviços de usinagem, tornearia e solda",1,1
02987873,4632003,"Comércio atacadista de cereais e leguminosas beneficiados, farinhas, amidos e féculas, com atividade de fracionamento e acondicionamento associada",18,7
56813280,4623109,Comércio atacadista de alimentos para animais,9,3
52387923,4622200,Comércio atacadista de soja,18,7
11701319,5211799,"Depósitos de mercadorias para terceiros, exceto armazéns gerais e guarda-móveis",9,2
12211981,4922101,"Transporte rodoviário coletivo de passageiros, com itinerário fixo, intermunicipal, exceto em região metropolitana",3,2
03496757,8211300,Serviços combinados de escritório e apoio administrativo,6,5
33845322,7739099,"Aluguel de outras máquinas e equipamentos comerciais e industriais não especificados anteriormente, sem operador",27,1
08220952,4321500,Instalação e manutenção elétrica,19,3
15416473,4930201,"Transporte rodoviário de carga, exceto produtos perigosos e mudanças, municipal.",3,2
03690113,4731800,Comércio varejista de combustíveis para veículos automotores,6,2
04487080,4312600,Perfurações e sondagens,4,2
00000078,9430800,Atividades de associações de defesa de direitos sociais,1,1
02162905,0134200,Cultivo de café,7,2
03787516,4930202,"Transporte rodoviário de carga, exceto produtos perigosos e mudanças, intermunicipal, interestadual e internacional",11,3
18422469,4530705,Comércio a varejo de pneumáticos e câmaras-de-ar,4,4
28434280,4930202,"Transporte rodoviário de carga, exceto produtos perigosos e mudanças, intermunicipal, interestadual e internacional",9,1
33474065,4921301,"Transporte rodoviário coletivo de passageiros, com itinerário fixo, municipal",3,2
51467132,0893200,Extração de gemas (pedras preciosas e semipreciosas),12,6
54248547,4930201,"Transporte rodoviário de carga, exceto produtos perigosos e mudanças, municipal.",10,5
61099826,4211101,Construção de rodovias e ferrovias,21,1
49034010,0810099,Extração e britamento de pedras e outros materiais para construção e beneficiamento associado,2,2
31468911,4930201,"Transporte rodoviário de carga, exceto produtos perigosos e mudanças, municipal.",2,2
60101300,0810099,Extração e britamento de pedras e outros materiais para construção e beneficiamento associado,6,4
01369005,2822402,"Fabricação de máquinas, equipamentos e aparelhos para transporte e elevação de cargas, peças e acessórios",2,2
79390530,0810006,"Extração de areia, cascalho ou pedregulho e beneficiamento associado",7,4
47585377,4930202,"Transporte rodoviário de carga, exceto produtos perigosos e mudanças, intermunicipal, interestadual e internacional",3,2
13928488,4921301,"Transporte rodoviário coletivo de passageiros, com itinerário fixo, municipal",1,1
15525426,4663000,Comércio atacadista de Máquinas e equipamentos para uso industrial; partes e peças,2,1
15800153,4930202,"Transporte rodoviário de carga, exceto produtos perigosos e mudanças, intermunicipal, interestadual e internacional",1,1
16880735,4930202,"Transporte rodoviário de carga, exceto produtos perigosos e mudanças, intermunicipal, interestadual e internacional",11,2
01972480,4672900,Comércio atacadista de ferragens e ferramentas,8,2
06101470,4930203,Transporte rodoviário de produtos perigosos,6,2
00000014,9430800,Atividades de associações de defesa de direitos sociais,3,1
19464215,7112000,Serviços de engenharia,2,2
19473466,4929902,"Transporte rodoviário coletivo de passageiros, sob regime de fretamento, intermunicipal, interestadual e internacional",2,1
21403127,4530703,Comércio a varejo de peças e acessórios novos para veículos automotores,2,1
21553177,4922101,"Transporte rodoviário coletivo de passageiros, com itinerário fixo, intermunicipal, exceto em região metropolitana",8,2
31974104,4921301,"Transporte rodoviário coletivo de passageiros, com itinerário fixo, municipal",7,1
36376804,4930202,"Transporte rodoviário de carga, exceto produtos perigosos e mudanças, intermunicipal, interestadual e internacional",13,1
06698001,4693100,"Comércio atacadista de mercadorias em geral, sem predominância de alimentos ou de insumos agropecuários",5,1
06234633,4684299,Comércio atacadista de outros produtos químicos e petroquímicos não especificados anteriormente,3,2
04131341,0810099,Extração e britamento de pedras e outros materiais para construção e beneficiamento associado,3,3
06116568,4930202,"Transporte rodoviário de carga, exceto produtos perigosos e mudanças, intermunicipal, interestadual e internacional",2,1
03354650,4313400,Obras de terraplenagem,2,1
16583748,0133499,Cultivo de frutas de lavoura permanente não especificadas anteriormente,17,5
02649005,0810004,Extração de calcário e dolomita e beneficiamento associado,6,1
05347928,0115600,Cultivo de soja,5,1
00000147,8299799,Outras atividades de serviços prestados principalmente às empresas não especificadas anteriormente,2,2
00348040,4930202,"Transporte rodoviário de carga, exceto produtos perigosos e mudanças, intermunicipal, interestadual e internacional",3,1
02609799,0810002,Extração de granito e beneficiamento associado,6,2
00749040,4930202,"Transporte rodoviário de carga, exceto produtos perigosos e mudanças, intermunicipal, interestadual e internacional",1,1
05991437,3512300,Transmissão de energia elétrica,4,1
04218335,5822101,Edição integrada à impressão de jornais diários,1,1
14610398,2330399,"Fabricação de outros artefatos e produtos de concreto, cimento, fibrocimento, gesso e materiais semelhantes",5,2
01175903,4930202,"Transporte rodoviário de carga, exceto produtos perigosos e mudanças, intermunicipal, interestadual e internacional",1,1
51321990,4921302,"Transporte rodoviário coletivo de passageiros, com itinerário fixo, intermunicipal em região metropolitana",5,3
59752048,2399199,Fabricação de outros produtos de minerais não-metálicos não especificados anteriormente,7,2
83303404,4930202,"Transporte rodoviário de carga, exceto produtos perigosos e mudanças, intermunicipal, interestadual e internacional",6,1
61319588,4213800,"Obras de urbanização - ruas, praças e calçadas",1,1
85099471,4930202,"Transporte rodoviário de carga, exceto produtos perigosos e mudanças, intermunicipal, interestadual e internacional",4,2
06625313,0155501,Criação de frangos para corte,8,5
03564702,4930202,"Transporte rodoviário de carga, exceto produtos perigosos e mudanças, intermunicipal, interestadual e internacional",1,1
00639179,4637199,Comércio atacadista especializado em outros produtos alimentícios não especificados anteriormente,2,2
00007155,5611201,Restaurantes e similares,1,1
43631191,1330800,Fabricação de tecidos de malha,11,4
11104329,4930202,"Transporte rodoviário de carga, exceto produtos perigosos e mudanças, intermunicipal, interestadual e internacional",1,1
04413977,2229301,Fabricação de artefatos de material plástico para uso pessoal e doméstico,7,6
04127762,4711302,"Comércio varejista de mercadorias em geral, com predominância de produtos alimentícios - supermercados",3,1
17979757,4930202,"Transporte rodoviário de carga, exceto produtos perigosos e mudanças, intermunicipal, interestadual e internacional",1,1
08528222,0810099,Extração e britamento de pedras e outros materiais para construção e beneficiamento associado,1,1
18607519,1052000,Fabricação de laticínios,3,1
62379813,4930202,"Transporte rodoviário de carga, exceto produtos perigosos e mudanças, intermunicipal, interestadual e internacional",13,2
11357110,8230001,"Serviços de organização de feiras, congressos, exposições e festas",1,1
05115544,1013902,Preparação de subprodutos do abate,2,1
05151226,4930202,"Transporte rodoviário de carga, exceto produtos perigosos e mudanças, intermunicipal, interestadual e internacional",8,2
08218726,4930202,"Transporte rodoviário de carga, exceto produtos perigosos e mudanças, intermunicipal, interestadual e internacional",3,1
30653585,4684299,Comércio atacadista de outros produtos químicos e petroquímicos não especificados anteriormente,2,2
35793976,7210000,Pesquisa e desenvolvimento experimental em ciências físicas e naturais,1,1
47856063,4732600,Comércio varejista de lubrificantes,1,1
04807836,3839499,Recuperação de materiais não especificados anteriormente,5,5
04694548,5211799,"Depósitos de mercadorias para terceiros, exceto armazéns gerais e guarda-móveis",3,2
55727157,7020400,"Atividades de consultoria em gestão empresarial, exceto consultoria técnica específica",1,1
18591777,4930202,"Transporte rodoviário de carga, exceto produtos perigosos e mudanças, intermunicipal, interestadual e internacional",5,1
15933237,4930203,Transporte rodoviário de produtos perigosos,5,2
03706680,2592602,"Fabricação de produtos de trefilados de metal, exceto padronizados",2,1
00024374,5611203,"Lanchonetes, casas de chá, de sucos e similares",1,1
02298244,4687703,Comércio atacadista de resíduos e sucatas metálicos,1,1
07844087,2833000,"Fabricação de máquinas e equipamentos para a agricultura e pecuária, peças e acessórios, exceto para irrigação",5,2
25019563,4921301,"Transporte rodoviário coletivo de passageiros, com itinerário fixo, municipal",4,1
03687067,9411100,Atividades de organizações associativas patronais e empresariais,1,1
89271894,4530703,Comércio a varejo de peças e acessórios novos para veículos automotores,2,2
75809442,4930202,"Transporte rodoviário de carga, exceto produtos perigosos e mudanças, intermunicipal, interestadual e internacional",2,2
10383159,4930203,Transporte rodoviário de produtos perigosos,2,2
14897682,3315500,Manutenção e reparação de veículos ferroviários,1,1
08493791,2660400,Fabricação de aparelhos eletromédicos e eletroterapêuticos e equipamentos de irradiação,1,1
13817774,9430800,Atividades de associações de defesa de direitos sociais,1,1
25224614,4921301,"Transporte rodoviário coletivo de passageiros, com itinerário fixo, municipal",1,1
19064035,4639701,Comércio atacadista de produtos alimentícios em geral,3,1
35855877,4213800,"Obras de urbanização - ruas, praças e calçadas",1,1
26748019,2833000,"Fabricação de máquinas e equipamentos para a agricultura e pecuária, peças e acessórios, exceto para irrigação",3,2
41696350,4930202,"Transporte rodoviário de carga, exceto produtos perigosos e mudanças, intermunicipal, interestadual e internacional",1,1
09042829,4930202,"Transporte rodoviário de carga, exceto produtos perigosos e mudanças, intermunicipal, interestadual e internacional",3,2
03459945,4930202,"Transporte rodoviário de carga, exceto produtos perigosos e mudanças, intermunicipal, interestadual e internacional",3,1
25021692,7911200,Agências de viagens,3,3
00000001,9430800,Atividades de associações de defesa de direitos sociais,1,1
02785261,4930201,"Transporte rodoviário de carga, exceto produtos perigosos e mudanças, municipal.",2,2
62674247,7711000,Locação de automóveis sem condutor,1,1
07777267,0810009,Extração de basalto e beneficiamento associado,1,1
12463689,4921301,"Transporte rodoviário coletivo de passageiros, com itinerário fixo, municipal",1,1
14012270,4921301,"Transporte rodoviário coletivo de passageiros, com itinerário fixo, municipal",1,1
21112261,2732500,Fabricação de material elétrico para instalações em circuito de consumo,1,1
52928736,7732201,"Aluguel de máquinas e equipamentos para construção sem operador, exceto andaimes",8,3
07662972,4687701,Comércio atacadista de resíduos de papel e papelão,2,1
31889563,4313400,Obras de terraplenagem,1,1
33773353,4930202,"Transporte rodoviário de carga, exceto produtos perigosos e mudanças, intermunicipal, interestadual e internacional",2,1
40551833,7711000,Locação de automóveis sem condutor,1,1
48112659,3821100,Tratamento e disposição de resíduos não-perigosos,1,1
48200642,6493000,Administração de consórcios para aquisição de bens e direitos,1,1
58569183,4921301,"Transporte rodoviário coletivo de passageiros, com itinerário fixo, municipal",1,1
64403764,4520001,Serviços de manutenção e reparação mecânica de veículos automotores,1,1
00007005,9430800,Atividades de associações de defesa de direitos sociais,1,1
01478057,4530703,Comércio a varejo de peças e acessórios novos para veículos automotores,3,3
05794941,4930202,"Transporte rodoviário de carga, exceto produtos perigosos e mudanças, intermunicipal, interestadual e internacional",1,1
07568434,2330399,"Fabricação de outros artefatos e produtos de concreto, cimento, fibrocimento, gesso e materiais semelhantes",2,2
22168975,4930202,"Transporte rodoviário de carga, exceto produtos perigosos e mudanças, intermunicipal, interestadual e internacional",2,1
61077079,2219600,Fabricação de artefatos de borracha não especificados anteriormente,3,3
15376197,4313400,Obras de terraplenagem,2,2
72167190,4921301,"Transporte rodoviário coletivo de passageiros, com itinerário fixo, municipal",1,1
54473319,4399105,Perfuração e construção de poços de água,2,1
00006215,4722901,Comércio varejista de carnes - açougues,1,1
03349298,4930201,"Transporte rodoviário de carga, exceto produtos perigosos e mudanças, municipal.",1,1
61065264,2840200,"Fabricação de máquinas-ferramenta, peças e acessórios",2,1
33798026,8550302,"Atividades de apoio à educação, exceto caixas escolares",1,1
08046498,4120400,Construção de edifícios,2,2
08183516,4744099,Comércio varejista de materiais de construção em geral,1,1
17536615,1041400,"Fabricação de óleos vegetais em bruto, exceto óleo de milho",1,1
08492211,5211701,Armazéns gerais - emissão de warrant,1,1
26444799,2211100,Fabricação de pneumáticos e de câmaras-de-ar,2,2
34567306,1069400,Moagem e fabricação de produtos de origem vegetal não especificados anteriormente,1,1
32485369,2391503,"Aparelhamento de placas e execução de trabalhos em mármore, granito, ardósia e outras pedras",7,3
43278007,4211101,Construção de rodovias e ferrovias,1,1
42018981,4329104,"Montagem e instalação de sistemas e equipamentos de iluminação e sinalização em vias públicas, portos e aeroportos",1,1
12823282,4921301,"Transporte rodoviário coletivo de passageiros, com itinerário fixo, municipal",3,2
51531373,4930202,"Transporte rodoviário de carga, exceto produtos perigosos e mudanças, intermunicipal, interestadual e internacional",1,1
15191786,0729404,"Extração de minérios de cobre, chumbo, zinco e outros minerais metálicos não-ferrosos não especificados anteriormente",4,2
58804025,2731700,Fabricação de aparelhos e equipamentos para distribuição e controle de energia elétrica,2,1
46742708,4744001,Comércio varejista de ferragens e ferramentas,1,1
05291545,0810004,Extração de calcário e dolomita e beneficiamento associado,1,1
04135419,2330302,Fabricação de artefatos de cimento para uso na construção,1,1
01444368,4930202,"Transporte rodoviário de carga, exceto produtos perigosos e mudanças, intermunicipal, interestadual e internacional",1,1
07209470,2342702,"Fabricação de artefatos de cerâmica e barro cozido para uso na construção, exceto azulejos e pisos",1,1
33328063,0810099,Extração e britamento de pedras e outros materiais para construção e beneficiamento associado,1,1
02896951,7732201,"Aluguel de máquinas e equipamentos para construção sem operador, exceto andaimes",1,1
42793190,7112000,Serviços de engenharia,2,2
14933477,3314704,Manutenção e reparação de compressores,1,1
92693829,4921301,"Transporte rodoviário coletivo de passageiros, com itinerário fixo, municipal",2,1
21652038,2330305,Preparação de massa de concreto e argamassa para construção,1,1
15595943,4930202,"Transporte rodoviário de carga, exceto produtos perigosos e mudanças, intermunicipal, interestadual e internacional",1,1
13345100,6810201,Compra e venda de imóveis próprios,1,1
27739081,4711301,"Comércio varejista de mercadorias em geral, com predominância de produtos alimentícios - hipermercados",2,1
61070632,4930202,"Transporte rodoviário de carga, exceto produtos perigosos e mudanças, intermunicipal, interestadual e internacional",1,1
00008819,7723300,"Aluguel de objetos do vestuário, jóias e acessórios",1,1
92697093,4921301,"Transporte rodoviário coletivo de passageiros, com itinerário fixo, municipal",1,1
00083544,6810202,Aluguel de imóveis próprios,1,1
03893705,2219600,Fabricação de artefatos de borracha não especificados anteriormente,1,1
10263004,4930202,"Transporte rodoviário de carga, exceto produtos perigosos e mudanças, intermunicipal, interestadual e internacional",2,1
11324276,4930202,"Transporte rodoviário de carga, exceto produtos perigosos e mudanças, intermunicipal, interestadual e internacional",2,1
08223614,4921301,"Transporte rodoviário coletivo de passageiros, com itinerário fixo, municipal",1,1
21185633,4930201,"Transporte rodoviário de carga, exceto produtos perigosos e mudanças, municipal.",5,3
34088111,4930201,"Transporte rodoviário de carga, exceto produtos perigosos e mudanças, municipal.",1,1
48318399,4924800,Transporte escolar,1,1
33521931,4921301,"Transporte rodoviário coletivo de passageiros, com itinerário fixo, municipal",1,1
08797337,4930202,"Transporte rodoviário de carga, exceto produtos perigosos e mudanças, intermunicipal, interestadual e internacional",1,1
15752712,4930202,"Transporte rodoviário de carga, exceto produtos perigosos e mudanças, intermunicipal, interestadual e internacional",1,1
10995939,4313400,Obras de terraplenagem,1,1
22335578,3321000,Instalação de máquinas e equipamentos industriais,1,1
23727532,3314712,Manutenção e reparação de tratores agrícolas,1,1
28662477,4744002,Comércio varejista de madeira e artefatos,1,1
35160379,4663000,Comércio atacadista de Máquinas e equipamentos para uso industrial; partes e peças,1,1
41163192,4923002,Serviço de transporte de passageiros - locação de automóveis com motorista,1,1
27004978,4399199,Serviços especializados para construção não especificados anteriormente,1,1
00003970,9491000,Atividades de organizações religiosas ou filosóficas,1,1
27175877,4930202,"Transporte rodoviário de carga, exceto produtos perigosos e mudanças, intermunicipal, interestadual e internacional",1,1
07080388,2029100,Fabricação de produtos químicos orgânicos não especificados anteriormente,2,1
01527612,4211101,Construção de rodovias e ferrovias,1,1
06893578,9411100,Atividades de organizações associativas patronais e empresariais,2,1
11829538,4929901,"Transporte rodoviário coletivo de passageiros, sob regime de fretamento, municipal",1,1
04584665,4921301,"Transporte rodoviário coletivo de passageiros, com itinerário fixo, municipal",1,1
05261829,4930202,"Transporte rodoviário de carga, exceto produtos perigosos e mudanças, intermunicipal, interestadual e internacional",1,1
03465537,4120400,Construção de edifícios,1,1
02516147,2013401,Fabricação de adubos e fertilizantes organo-minerais,1,1
76506625,7112000,Serviços de engenharia,1,1
89720643,4921301,"Transporte rodoviário coletivo de passageiros, com itinerário fixo, municipal",1,1
06935887,4930202,"Transporte rodoviário de carga, exceto produtos perigosos e mudanças, intermunicipal, interestadual e internacional",1,1
94366796,4921301,"Transporte rodoviário coletivo de passageiros, com itinerário fixo, municipal",1,1
33554114,4921301,"Transporte rodoviário coletivo de passageiros, com itinerário fixo, municipal",1,1
08956040,4930202,"Transporte rodoviário de carga, exceto produtos perigosos e mudanças, intermunicipal, interestadual e internacional",13,1
65860215,4930202,"Transporte rodoviário de carga, exceto produtos perigosos e mudanças, intermunicipal, interestadual e internacional",10,2
11169419,4330499,Outras obras de acabamento da construção,13,4
20705907,4930202,"Transporte rodoviário de carga, exceto produtos perigosos e mudanças, intermunicipal, interestadual e internacional",30,1
32900127,7020400,"Atividades de consultoria em gestão empresarial, exceto consultoria técnica específica",3,3
29854693,4930203,Transporte rodoviário de produtos perigosos,4,2
03852459,4299599,Outras obras de engenharia civil não especificadas anteriormente,22,4
36740390,4511102,"Comércio a varejo de automóveis, camionetas e utilitários usados",38,3
28150710,4930202,"Transporte rodoviário de carga, exceto produtos perigosos e mudanças, intermunicipal, interestadual e internacional",18,1
00000044,9529102,Chaveiros,1,1
92587062,0810099,Extração e britamento de pedras e outros materiais para construção e beneficiamento associado,9,5
05370882,4930202,"Transporte rodoviário de carga, exceto produtos perigosos e mudanças, intermunicipal, interestadual e internacional",1,1
05388226,5231102,Atividades do Operador Portuário,4,3
00411566,4731800,Comércio varejista de combustíveis para veículos automotores,3,2
01657436,4921301,"Transporte rodoviário coletivo de passageiros, com itinerário fixo, municipal",6,3
02303346,3312102,"Manutenção e reparação de aparelhos e instrumentos de medida, teste e controle",1,1
03861512,4637101,"Comércio atacadista de café torrado, moído e solúvel",22,4
04082624,4711302,"Comércio varejista de mercadorias em geral, com predominância de produtos alimentícios - supermercados",59,13
05001836,4930202,"Transporte rodoviário de carga, exceto produtos perigosos e mudanças, intermunicipal, interestadual e internacional",16,2
05584693,2342702,"Fabricação de artefatos de cerâmica e barro cozido para uso na construção, exceto azulejos e pisos",3,2
06289532,4921301,"Transporte rodoviário coletivo de passageiros, com itinerário fixo, municipal",5,1
08348609,0892401,Extração de sal marinho,12,6
08419673,4921301,"Transporte rodoviário coletivo de passageiros, com itinerário fixo, municipal",5,2
02488357,4930202,"Transporte rodoviário de carga, exceto produtos perigosos e mudanças, intermunicipal, interestadual e internacional",9,1
14602189,4922101,"Transporte rodoviário coletivo de passageiros, com itinerário fixo, intermunicipal, exceto em região metropolitana",25,4
16942195,2411300,Produção de ferro-gusa,16,8
20290896,4922101,"Transporte rodoviário coletivo de passageiros, com itinerário fixo, intermunicipal, exceto em região metropolitana",5,2
22164990,4753900,Comércio varejista especializado de eletrodomésticos e equipamentos de áudio e vídeo,288,6
26198515,5822101,Edição integrada à impressão de jornais diários,9,3
28152650,3514000,Distribuição de energia elétrica,195,4
30161582,0810099,Extração e britamento de pedras e outros materiais para construção e beneficiamento associado,9,1
32179061,4922101,"Transporte rodoviário coletivo de passageiros, com itinerário fixo, intermunicipal, exceto em região metropolitana",12,2
33325184,9601703,Toalheiros,38,6
07433768,5250804,Organização logística do transporte de carga,2,1
04548536,4930201,"Transporte rodoviário de carga, exceto produtos perigosos e mudanças, municipal.",1,1
04557307,3511501,Geração de energia elétrica,2,1
48740351,4930202,"Transporte rodoviário de carga, exceto produtos perigosos e mudanças, intermunicipal, interestadual e internacional",177,2
54224423,2833000,"Fabricação de máquinas e equipamentos para a agricultura e pecuária, peças e acessórios, exceto para irrigação",17,5
55340921,4922102,"Transporte rodoviário coletivo de passageiros, com itinerário fixo, interestadual",48,3
59126045,4929902,"Transporte rodoviário coletivo de passageiros, sob regime de fretamento, intermunicipal, interestadual e internacional",8,4
57420598,2812700,"Fabricação de equipamentos hidráulicos e pneumáticos, peças e acessórios, exceto válvulas",1,1
59591974,0210108,Produção de carvão vegetal - florestas plantadas,27,10
61074829,2710402,"Fabricação de transformadores, indutores, conversores, sincronizadores e semelhantes, peças e acessórios",105,27
61460325,2031200,Fabricação de resinas termoplásticas,13,3
64700735,2342701,Fabricação de azulejos e pisos,2,1
66152414,4930202,"Transporte rodoviário de carga, exceto produtos perigosos e mudanças, intermunicipal, interestadual e internacional",8,1
68862960,2822402,"Fabricação de máquinas, equipamentos e aparelhos para transporte e elevação de cargas, peças e acessórios",3,1
76533777,7911200,Agências de viagens,108,9
84098383,5021102,"Transporte por navegação interior de carga, intermunicipal, interestadual e internacional, exceto travessia",13,5
07267068,1312000,"Preparação e fiação de fibras têxteis naturais, exceto algodão",1,1
58910316,5211701,Armazéns gerais - emissão de warrant,8,5
08015412,0810099,Extração e britamento de pedras e outros materiais para construção e beneficiamento associado,1,1
08028249,0131800,Cultivo de laranja,12,2
02275901,4691500,"Comércio atacadista de mercadorias em geral, com predominância de produtos alimentícios",5,3
00054916,8888888,Atividade Econônica não informada,1,1
15107246,2219600,Fabricação de artefatos de borracha não especificados anteriormente,16,7
58565771,4921302,"Transporte rodoviário coletivo de passageiros, com itinerário fixo, intermunicipal em região metropolitana",17,3
60077336,4930202,"Transporte rodoviário de carga, exceto produtos perigosos e mudanças, intermunicipal, interestadual e internacional",8,1
03475418,4930202,"Transporte rodoviário de carga, exceto produtos perigosos e mudanças, intermunicipal, interestadual e internacional",9,1
23814940,5212500,Carga e descarga,21,4
16238339,4921301,"Transporte rodoviário coletivo de passageiros, com itinerário fixo, municipal",8,1
05321987,3512300,Transmissão de energia elétrica,3,1
07526557,4635402,"Comércio atacadista de cerveja, chope e refrigerante",119,16
10320422,4672900,Comércio atacadista de ferragens e ferramentas,12,3
07209686,4399104,Serviços de operação e fornecimento de equipamentos para transporte e elevação de cargas e pessoas para uso em obras,5,3
02734023,4683400,"Comércio atacadista de defensivos agrícolas, adubos, fertilizantes e corretivos do solo",56,5
08348356,0113000,Cultivo de cana-de-açúcar,20,1
05354271,7719599,"Locação de outros meios de transporte não especificados anteriormente, sem condutor",7,1
50958412,4922101,"Transporte rodoviário coletivo de passageiros, com itinerário fixo, intermunicipal, exceto em região metropolitana",24,6
53905543,3530100,"Produção e distribuição de vapor, água quente e ar condicionado",12,5
07210049,4930202,"Transporte rodoviário de carga, exceto produtos perigosos e mudanças, intermunicipal, interestadual e internacional",3,1
09281188,4930202,"Transporte rodoviário de carga, exceto produtos perigosos e mudanças, intermunicipal, interestadual e internacional",2,1
06268099,4921301,"Transporte rodoviário coletivo de passageiros, com itinerário fixo, municipal",4,1
04647090,3811400,Coleta de resíduos não-perigosos,23,1
61586160,4922101,"Transporte rodoviário coletivo de passageiros, com itinerário fixo, intermunicipal, exceto em região metropolitana",8,3
09596556,8422100,Defesa,2,1
09604819,4930202,"Transporte rodoviário de carga, exceto produtos perigosos e mudanças, intermunicipal, interestadual e internacional",1,1
22247399,4313400,Obras de terraplenagem,6,3
17168634,4921301,"Transporte rodoviário coletivo de passageiros, com itinerário fixo, municipal",4,1
55753578,4930203,Transporte rodoviário de produtos perigosos,29,2
09358882,0151201,Criação de bovinos para corte,40,4
03822667,1033301,"Fabricação de sucos concentrados de frutas, hortaliças e legumes",4,1
11595217,4930202,"Transporte rodoviário de carga, exceto produtos perigosos e mudanças, intermunicipal, interestadual e internacional",24,1
10932674,4520001,Serviços de manutenção e reparação mecânica de veículos automotores,2,2
86442720,4930202,"Transporte rodoviário de carga, exceto produtos perigosos e mudanças, intermunicipal, interestadual e internacional",15,1
04487622,6810203,Loteamento de imóveis próprios,5,4
11838595,2330305,Preparação de massa de concreto e argamassa para construção,4,1
43251230,4930203,Transporte rodoviário de produtos perigosos,23,4
14887241,2330305,Preparação de massa de concreto e argamassa para construção,2,1
08029379,4930202,"Transporte rodoviário de carga, exceto produtos perigosos e mudanças, intermunicipal, interestadual e internacional",14,3
19083056,0113000,Cultivo de cana-de-açúcar,2,2
05505330,4930202,"Transporte rodoviário de carga, exceto produtos perigosos e mudanças, intermunicipal, interestadual e internacional",17,1
22818305,2330305,Preparação de massa de concreto e argamassa para construção,1,1
10667654,4930203,Transporte rodoviário de produtos perigosos,9,1
09321104,4520001,Serviços de manutenção e reparação mecânica de veículos automotores,1,1
16625236,2031200,Fabricação de resinas termoplásticas,1,1
26715965,4930202,"Transporte rodoviário de carga, exceto produtos perigosos e mudanças, intermunicipal, interestadual e internacional",1,1
71229405,4632001,Comércio atacadista de cereais e leguminosas beneficiados,13,4
28801503,4530701,Comércio por atacado de peças e acessórios novos para veículos automotores,1,1
29376889,1413401,"Confecção de roupas profissionais, exceto sob medida",1,1
30185130,3511501,Geração de energia elétrica,4,1
04690015,4313400,Obras de terraplenagem,18,7
15815491,4321500,Instalação e manutenção elétrica,3,2
05813363,4930202,"Transporte rodoviário de carga, exceto produtos perigosos e mudanças, intermunicipal, interestadual e internacional",20,3
32923187,3511501,Geração de energia elétrica,8,5
36546304,8211300,Serviços combinados de escritório e apoio administrativo,1,1
37055356,0810004,Extração de calcário e dolomita e beneficiamento associado,2,2
83318022,4211101,Construção de rodovias e ferrovias,8,1
37589182,0141501,"Produção de sementes certificadas, exceto de forrageiras para pasto",1,1
04094624,4679602,Comércio atacadista de mármores e granitos,2,2
08435402,4930203,Transporte rodoviário de produtos perigosos,4,2
27488738,4681802,Comércio atacadista de combustíveis realizado por transportador retalhista (T.R.R.),3,1
19333351,4930202,"Transporte rodoviário de carga, exceto produtos perigosos e mudanças, intermunicipal, interestadual e internacional",5,1
54991591,4684201,Comércio atacadista de resinas e elastômeros,10,2
12273815,2511000,Fabricação de estruturas metálicas,4,3
34940438,4930201,"Transporte rodoviário de carga, exceto produtos perigosos e mudanças, municipal.",9,2
07740099,4929902,"Transporte rodoviário coletivo de passageiros, sob regime de fretamento, intermunicipal, interestadual e internacional",13,3
03286850,4221901,Construção de barragens e represas para geração de energia elétrica,11,3
00459410,7112000,Serviços de engenharia,5,2
53571243,0161003,"Serviço de preparação de terreno, cultivo e colheita",1,1
18304758,4921302,"Transporte rodoviário coletivo de passageiros, com itinerário fixo, intermunicipal em região metropolitana",3,2
11229349,5250804,Organização logística do transporte de carga,3,2
62222000,4211101,Construção de rodovias e ferrovias,1,1
15482315,4120400,Construção de edifícios,4,1
13085979,7732201,"Aluguel de máquinas e equipamentos para construção sem operador, exceto andaimes",3,2
00000011,9529102,Chaveiros,1,1
00000063,7490101,"Serviços de tradução, interpretação e similares",1,1
03299955,4930203,Transporte rodoviário de produtos perigosos,9,2
01946591,2399199,Fabricação de outros produtos de minerais não-metálicos não especificados anteriormente,4,3
00308668,4930203,Transporte rodoviário de produtos perigosos,8,4
00873594,4929902,"Transporte rodoviário coletivo de passageiros, sob regime de fretamento, intermunicipal, interestadual e internacional",13,2
03279285,7119799,Atividades técnicas relacionadas à engenharia e arquitetura não especificadas anteriormente,32,8
24221368,4930202,"Transporte rodoviário de carga, exceto produtos perigosos e mudanças, intermunicipal, interestadual e internacional",7,2
65348468,4930201,"Transporte rodoviário de carga, exceto produtos perigosos e mudanças, municipal.",5,2
72271695,4930202,"Transporte rodoviário de carga, exceto produtos perigosos e mudanças, intermunicipal, interestadual e internacional",15,4
04869169,2013402,"Fabricação de adubos e fertilizantes, exceto organo-minerais",2,1
07054332,4930202,"Transporte rodoviário de carga, exceto produtos perigosos e mudanças, intermunicipal, interestadual e internacional",4,1
41037250,4921302,"Transporte rodoviário coletivo de passageiros, com itinerário fixo, intermunicipal em região metropolitana",7,4
61365557,1052000,Fabricação de laticínios,9,5
80027428,2392300,Fabricação de cal e gesso,2,1
07387064,2320600,Fabricação de cimento,1,1
07405517,8211300,Serviços combinados de escritório e apoio administrativo,1,1
28671832,0810099,Extração e britamento de pedras e outros materiais para construção e beneficiamento associado,2,1
72793334,0810006,"Extração de areia, cascalho ou pedregulho e beneficiamento associado",5,2
03615415,4930202,"Transporte rodoviário de carga, exceto produtos perigosos e mudanças, intermunicipal, interestadual e internacional",22,1
95860581,4520001,Serviços de manutenção e reparação mecânica de veículos automotores,1,1
47006812,4930202,"Transporte rodoviário de carga, exceto produtos perigosos e mudanças, intermunicipal, interestadual e internacional",2,1
72030828,2950600,Recondicionamento e recuperação de motores para veículos automotores,2,2
10844611,4922101,"Transporte rodoviário coletivo de passageiros, com itinerário fixo, intermunicipal, exceto em região metropolitana",2,1
03518700,2710402,"Fabricação de transformadores, indutores, conversores, sincronizadores e semelhantes, peças e acessórios",1,1
03994427,0892401,Extração de sal marinho,5,2
40177446,4921301,"Transporte rodoviário coletivo de passageiros, com itinerário fixo, municipal",3,1
79917597,2399199,Fabricação de outros produtos de minerais não-metálicos não especificados anteriormente,6,2
03773027,2063100,"Fabricação de cosméticos, produtos de perfumaria e de higiene pessoal",4,1
08189329,4930202,"Transporte rodoviário de carga, exceto produtos perigosos e mudanças, intermunicipal, interestadual e internacional",1,1
07592975,4930202,"Transporte rodoviário de carga, exceto produtos perigosos e mudanças, intermunicipal, interestadual e internacional",2,2
09620025,4930202,"Transporte rodoviário de carga, exceto produtos perigosos e mudanças, intermunicipal, interestadual e internacional",1,1
11148883,4921302,"Transporte rodoviário coletivo de passageiros, com itinerário fixo, intermunicipal em região metropolitana",1,1
11995055,4313400,Obras de terraplenagem,2,2
07125452,4930202,"Transporte rodoviário de carga, exceto produtos perigosos e mudanças, intermunicipal, interestadual e internacional",4,1
03308232,4921301,"Transporte rodoviário coletivo de passageiros, com itinerário fixo, municipal",9,5
31879273,4922101,"Transporte rodoviário coletivo de passageiros, com itinerário fixo, intermunicipal, exceto em região metropolitana",5,1
09064802,4930202,"Transporte rodoviário de carga, exceto produtos perigosos e mudanças, intermunicipal, interestadual e internacional",1,1
11972381,4930202,"Transporte rodoviário de carga, exceto produtos perigosos e mudanças, intermunicipal, interestadual e internacional",8,1
11523313,4930202,"Transporte rodoviário de carga, exceto produtos perigosos e mudanças, intermunicipal, interestadual e internacional",4,1
18356390,4930201,"Transporte rodoviário de carga, exceto produtos perigosos e mudanças, municipal.",1,1
83739946,4930203,Transporte rodoviário de produtos perigosos,8,2
10413610,4930202,"Transporte rodoviário de carga, exceto produtos perigosos e mudanças, intermunicipal, interestadual e internacional",5,1
05108075,4661300,"Comércio atacadista de máquinas, aparelhos e equipamentos para uso agropecuário; partes e peças",2,2
07842762,4930202,"Transporte rodoviário de carga, exceto produtos perigosos e mudanças, intermunicipal, interestadual e internacional",4,4
08588911,4930202,"Transporte rodoviário de carga, exceto produtos perigosos e mudanças, intermunicipal, interestadual e internacional",29,2
04423462,4930201,"Transporte rodoviário de carga, exceto produtos perigosos e mudanças, municipal.",6,2
29209171,2391501,"Britamento de pedras, exceto associado à extração",4,1
20330551,4637104,"Comércio atacadista de pães, bolos, biscoitos e similares",12,3
40289239,2330305,Preparação de massa de concreto e argamassa para construção,1,1
28124704,4921301,"Transporte rodoviário coletivo de passageiros, com itinerário fixo, municipal",4,1
49643384,4313400,Obras de terraplenagem,1,1
43894824,4930202,"Transporte rodoviário de carga, exceto produtos perigosos e mudanças, intermunicipal, interestadual e internacional",4,1
21204608,0230600,Atividades de apoio à produção florestal,2,1
05603888,2330305,Preparação de massa de concreto e argamassa para construção,6,2
50404987,4211101,Construção de rodovias e ferrovias,7,2
86608114,4930202,"Transporte rodoviário de carga, exceto produtos perigosos e mudanças, intermunicipal, interestadual e internacional",8,1
95111100,1061901,Beneficiamento de arroz,2,1
02440482,0210101,Cultivo de eucalipto,8,4
03799500,4930202,"Transporte rodoviário de carga, exceto produtos perigosos e mudanças, intermunicipal, interestadual e internacional",3,1
04760345,3511501,Geração de energia elétrica,3,1
06963557,0810099,Extração e britamento de pedras e outros materiais para construção e beneficiamento associado,4,2
42288886,7210000,Pesquisa e desenvolvimento experimental em ciências físicas e naturais,2,1
06272683,3321000,Instalação de máquinas e equipamentos industriais,1,1
51718724,4399104,Serviços de operação e fornecimento de equipamentos para transporte e elevação de cargas e pessoas para uso em obras,4,3
29336674,4921301,"Transporte rodoviário coletivo de passageiros, com itinerário fixo, municipal",3,2
60620812,0899199,Extração de outros minerais não-metálicos não especificados anteriormente,4,3
75526079,4511104,Comércio por atacado de caminhões novos e usados,5,3
43963065,4921301,"Transporte rodoviário coletivo de passageiros, com itinerário fixo, municipal",3,2
80213176,4929902,"Transporte rodoviário coletivo de passageiros, sob regime de fretamento, intermunicipal, interestadual e internacional",1,1
07243002,0810099,Extração e britamento de pedras e outros materiais para construção e beneficiamento associado,3,2
20222975,0810004,Extração de calcário e dolomita e beneficiamento associado,4,1
08997588,7711000,Locação de automóveis sem condutor,2,2
09391823,3511501,Geração de energia elétrica,3,1
31918535,4929902,"Transporte rodoviário coletivo de passageiros, sob regime de fretamento, intermunicipal, interestadual e internacional",6,3
13799619,2219600,Fabricação de artefatos de borracha não especificados anteriormente,2,1
16750632,0810005,Extração de gesso e caulim,1,1
18467419,0119907,Cultivo de melão,2,1
10802512,5229002,Serviços de reboque de veículos,4,2
09050432,4399104,Serviços de operação e fornecimento de equipamentos para transporte e elevação de cargas e pessoas para uso em obras,2,1
33504169,4921301,"Transporte rodoviário coletivo de passageiros, com itinerário fixo, municipal",1,1
27116724,4921301,"Transporte rodoviário coletivo de passageiros, com itinerário fixo, municipal",3,1
36665147,0710301,Extração de minério de ferro,1,1
10795414,4930202,"Transporte rodoviário de carga, exceto produtos perigosos e mudanças, intermunicipal, interestadual e internacional",4,2
15503794,1066000,Fabricação de alimentos para animais,2,1
45598515,4689301,"Comércio atacadista de produtos da extração mineral, exceto combustíveis",1,1
13999991,5231103,Gestão de terminais aquaviários,3,2
57092477,0910600,Atividades de apoio à extração de petróleo e gás natural,1,1
17183633,4921302,"Transporte rodoviário coletivo de passageiros, com itinerário fixo, intermunicipal em região metropolitana",4,3
59028770,4732600,Comércio varejista de lubrificantes,1,1
29363431,5250804,Organização logística do transporte de carga,7,1
32836259,4299599,Outras obras de engenharia civil não especificadas anteriormente,2,1
15129010,4674500,Comércio atacadista de cimento,3,3
00004088,8888888,Atividade Econônica não informada,1,1
05436597,4929901,"Transporte rodoviário coletivo de passageiros, sob regime de fretamento, municipal",1,1
00677174,2829199,"Fabricação de outras máquinas e equipamentos de uso geral não especificados anteriormente, peças e acessórios",2,2
01425693,2229301,Fabricação de artefatos de material plástico para uso pessoal e doméstico,3,3
00751426,7732201,"Aluguel de máquinas e equipamentos para construção sem operador, exceto andaimes",1,1
04106832,2832100,"Fabricação de equipamentos para irrigação agrícola, peças e acessórios",2,1
07269707,4930202,"Transporte rodoviário de carga, exceto produtos perigosos e mudanças, intermunicipal, interestadual e internacional",10,4
18752691,4921302,"Transporte rodoviário coletivo de passageiros, com itinerário fixo, intermunicipal em região metropolitana",8,1
21175203,4213800,"Obras de urbanização - ruas, praças e calçadas",4,3
03091412,1921700,Fabricação de produtos do refino de petróleo,3,2
84704295,4921301,"Transporte rodoviário coletivo de passageiros, com itinerário fixo, municipal",2,1
17210212,4921301,"Transporte rodoviário coletivo de passageiros, com itinerário fixo, municipal",3,1
08039676,4930201,"Transporte rodoviário de carga, exceto produtos perigosos e mudanças, municipal.",2,1
19646504,4930202,"Transporte rodoviário de carga, exceto produtos perigosos e mudanças, intermunicipal, interestadual e internacional",5,2
00008230,4530701,Comércio por atacado de peças e acessórios novos para veículos automotores,1,1
28927556,0810099,Extração e britamento de pedras e outros materiais para construção e beneficiamento associado,2,2
17277583,4921301,"Transporte rodoviário coletivo de passageiros, com itinerário fixo, municipal",2,1
00168581,4930203,Transporte rodoviário de produtos perigosos,2,1
01627142,4921301,"Transporte rodoviário coletivo de passageiros, com itinerário fixo, municipal",8,1
24536269,6462000,Holdings de instituições não-financeiras,1,1
21487653,4930202,"Transporte rodoviário de carga, exceto produtos perigosos e mudanças, intermunicipal, interestadual e internacional",1,1
11975534,4213800,"Obras de urbanização - ruas, praças e calçadas",2,1
02502762,4930202,"Transporte rodoviário de carga, exceto produtos perigosos e mudanças, intermunicipal, interestadual e internacional",4,1
33813869,4921301,"Transporte rodoviário coletivo de passageiros, com itinerário fixo, municipal",1,1
01358086,4930203,Transporte rodoviário de produtos perigosos,5,2
37319581,3313901,"Manutenção e reparação de geradores, transformadores e motores elétricos",1,1
11092359,4681802,Comércio atacadista de combustíveis realizado por transportador retalhista (T.R.R.),3,2
62832070,2229301,Fabricação de artefatos de material plástico para uso pessoal e doméstico,1,1
00000080,8711502,Instituições de longa permanência para idosos,1,1
00001800,4110700,Incorporação de empreendimentos imobiliários,1,1
00057852,4663000,Comércio atacadista de Máquinas e equipamentos para uso industrial; partes e peças,2,2
01823664,2869100,"Fabricação de máquinas e equipamentos para uso industrial específico não especificados anteriormente, peças e acessórios",1,1
55820583,2862300,"Fabricação de máquinas e equipamentos para as indústrias de alimentos, bebidas e fumo, peças e acessórios",5,2
60419785,0893200,Extração de gemas (pedras preciosas e semipreciosas),5,3
24083917,0810005,Extração de gesso e caulim,2,1
08365223,4922101,"Transporte rodoviário coletivo de passageiros, com itinerário fixo, intermunicipal, exceto em região metropolitana",1,1
91682336,6810201,Compra e venda de imóveis próprios,2,2
07600288,7739099,"Aluguel de outras máquinas e equipamentos comerciais e industriais não especificados anteriormente, sem operador",1,1
02078557,4681802,Comércio atacadista de combustíveis realizado por transportador retalhista (T.R.R.),5,2
02290962,4921301,"Transporte rodoviário coletivo de passageiros, com itinerário fixo, municipal",1,1
02329307,0810099,Extração e britamento de pedras e outros materiais para construção e beneficiamento associado,1,1
11150969,3511501,Geração de energia elétrica,2,1
06348562,4687703,Comércio atacadista de resíduos e sucatas metálicos,2,1
14755184,4930202,"Transporte rodoviário de carga, exceto produtos perigosos e mudanças, intermunicipal, interestadual e internacional",1,1
23105614,4930203,Transporte rodoviário de produtos perigosos,1,1
11474465,2930101,"Fabricação de cabines, carrocerias e reboques para caminhões",1,1
11364642,4930202,"Transporte rodoviário de carga, exceto produtos perigosos e mudanças, intermunicipal, interestadual e internacional",2,1
94704103,8411600,Administração pública em geral,3,2
39325356,4639701,Comércio atacadista de produtos alimentícios em geral,1,1
44072660,0810004,Extração de calcário e dolomita e beneficiamento associado,1,1
38542705,4930202,"Transporte rodoviário de carga, exceto produtos perigosos e mudanças, intermunicipal, interestadual e internacional",2,1
22297707,0134200,Cultivo de café,6,1
46548243,4930202,"Transporte rodoviário de carga, exceto produtos perigosos e mudanças, intermunicipal, interestadual e internacional",1,1
51940173,7711000,Locação de automóveis sem condutor,1,1
17450360,4930202,"Transporte rodoviário de carga, exceto produtos perigosos e mudanças, intermunicipal, interestadual e internacional",2,1
10739793,4313400,Obras de terraplenagem,4,2
00000046,4120400,Construção de edifícios,1,1
00000048,9430800,Atividades de associações de defesa de direitos sociais,1,1
00000092,8299799,Outras atividades de serviços prestados principalmente às empresas não especificadas anteriormente,1,1
00011536,4711301,"Comércio varejista de mercadorias em geral, com predominância de produtos alimentícios - hipermercados",1,1
14448260,4211101,Construção de rodovias e ferrovias,3,2
06048760,4313400,Obras de terraplenagem,1,1
08085841,4930203,Transporte rodoviário de produtos perigosos,4,1
73535494,3291400,"Fabricação de escovas, pincéis e vassouras",1,1
00083520,8130300,Atividades paisagísticas,1,1
05534774,4930203,Transporte rodoviário de produtos perigosos,1,1
67899443,8219999,Preparação de documentos e serviços especializados de apoio administrativo não especificados anteriormente,2,2
21286632,4930202,"Transporte rodoviário de carga, exceto produtos perigosos e mudanças, intermunicipal, interestadual e internacional",1,1
16682796,1121600,Fabricação de águas envasadas,1,1
27165041,4930202,"Transporte rodoviário de carga, exceto produtos perigosos e mudanças, intermunicipal, interestadual e internacional",1,1
28286126,4681802,Comércio atacadista de combustíveis realizado por transportador retalhista (T.R.R.),1,1
43008203,9430800,Atividades de associações de defesa de direitos sociais,1,1
52781963,0810004,Extração de calcário e dolomita e beneficiamento associado,1,1
53176007,2411300,Produção de ferro-gusa,1,1
63432656,4744002,Comércio varejista de madeira e artefatos,1,1
07497991,5222200,Terminais rodoviários e ferroviários,4,2
02262991,0113000,Cultivo de cana-de-açúcar,1,1
57547333,4921301,"Transporte rodoviário coletivo de passageiros, com itinerário fixo, municipal",2,1
41329129,4921301,"Transporte rodoviário coletivo de passageiros, com itinerário fixo, municipal",1,1
61356523,2822402,"Fabricação de máquinas, equipamentos e aparelhos para transporte e elevação de cargas, peças e acessórios",1,1
87935912,4633801,"Comércio atacadista de frutas, verduras, raízes, tubérculos, hortaliças e legumes frescos",1,1
61506101,4929902,"Transporte rodoviário coletivo de passageiros, sob regime de fretamento, intermunicipal, interestadual e internacional",1,1
01835706,4930202,"Transporte rodoviário de carga, exceto produtos perigosos e mudanças, intermunicipal, interestadual e internacional",1,1
09440984,4930202,"Transporte rodoviário de carga, exceto produtos perigosos e mudanças, intermunicipal, interestadual e internacional",1,1
09572216,8422100,Defesa,2,1
10471487,3511501,Geração de energia elétrica,2,1
15708861,3811400,Coleta de resíduos não-perigosos,2,1
05832650,4930202,"Transporte rodoviário de carga, exceto produtos perigosos e mudanças, intermunicipal, interestadual e internacional",3,1
08903879,4930202,"Transporte rodoviário de carga, exceto produtos perigosos e mudanças, intermunicipal, interestadual e internacional",1,1
22206143,4673700,Comércio atacadista de material elétrico,1,1
23228512,4110700,Incorporação de empreendimentos imobiliários,1,1
40187710,4930202,"Transporte rodoviário de carga, exceto produtos perigosos e mudanças, intermunicipal, interestadual e internacional",1,1
17870729,4930202,"Transporte rodoviário de carga, exceto produtos perigosos e mudanças, intermunicipal, interestadual e internacional",4,1
00000039,8520100,Ensino médio,1,1
05206729,2930101,"Fabricação de cabines, carrocerias e reboques para caminhões",1,1
00739106,4120400,Construção de edifícios,1,1
12393289,4921301,"Transporte rodoviário coletivo de passageiros, com itinerário fixo, municipal",1,1
17442368,4930202,"Transporte rodoviário de carga, exceto produtos perigosos e mudanças, intermunicipal, interestadual e internacional",1,1
29631434,4321500,Instalação e manutenção elétrica,1,1
27384866,7739099,"Aluguel de outras máquinas e equipamentos comerciais e industriais não especificados anteriormente, sem operador",1,1
83662171,4921301,"Transporte rodoviário coletivo de passageiros, com itinerário fixo, municipal",1,1
10428092,3313901,"Manutenção e reparação de geradores, transformadores e motores elétricos",1,1
87788931,4929902,"Transporte rodoviário coletivo de passageiros, sob regime de fretamento, intermunicipal, interestadual e internacional",1,1
07707198,7732201,"Aluguel de máquinas e equipamentos para construção sem operador, exceto andaimes",1,1
17077969,4930202,"Transporte rodoviário de carga, exceto produtos perigosos e mudanças, intermunicipal, interestadual e internacional",1,1
23693472,1610203,Serrarias com desdobramento de madeira em bruto,1,1
35322558,0810099,Extração e britamento de pedras e outros materiais para construção e beneficiamento associado,1,1
46473243,0131800,Cultivo de laranja,1,1
00007619,4789099,Comércio varejista de outros produtos não especificados anteriormente,1,1
00009364,4619200,Representantes comerciais e agentes do comércio de mercadorias em geral não especializado,1,1
00071342,4299599,Outras obras de engenharia civil não especificadas anteriormente,1,1
09385367,4929901,"Transporte rodoviário coletivo de passageiros, sob regime de fretamento, municipal",1,1
19843524,1629301,"Fabricação de artefatos diversos de madeira, exceto móveis",1,1
26124547,0899199,Extração de outros minerais não-metálicos não especificados anteriormente,1,1
29356545,7990200,Serviços de reservas e outros serviços de turismo não especificados anteriormente,1,1
34204930,4520001,Serviços de manutenção e reparação mecânica de veículos automotores,1,1
54330626,4930202,"Transporte rodoviário de carga, exceto produtos perigosos e mudanças, intermunicipal, interestadual e internacional",1,1
03201316,0891600,"Extração de minerais para fabricação de adubos, fertilizantes e outros produtos químicos",1,1
07335301,2599301,Serviços de confecção de armações metálicas para a construção,1,1
60618428,2710402,"Fabricação de transformadores, indutores, conversores, sincronizadores e semelhantes, peças e acessórios",1,1
03786607,4744001,Comércio varejista de ferragens e ferramentas,1,1
02701989,4930202,"Transporte rodoviário de carga, exceto produtos perigosos e mudanças, intermunicipal, interestadual e internacional",1,1
56209307,2812700,"Fabricação de equipamentos hidráulicos e pneumáticos, peças e acessórios, exceto válvulas",1,1
53852984,0810099,Extração e britamento de pedras e outros materiais para construção e beneficiamento associado,1,1
00009051,5611203,"Lanchonetes, casas de chá, de sucos e similares",1,1
04781666,2091600,Fabricação de adesivos e selantes,2,1
04273776,0810099,Extração e britamento de pedras e outros materiais para construção e beneficiamento associado,1,1
00016116,7020400,"Atividades de consultoria em gestão empresarial, exceto consultoria técnica específica",1,1
02502379,4930203,Transporte rodoviário de produtos perigosos,1,1
04739720,3511501,Geração de energia elétrica,2,1
09047090,8130300,Atividades paisagísticas,1,1
52060377,4530703,Comércio a varejo de peças e acessórios novos para veículos automotores,1,1
52548435,4930202,"Transporte rodoviário de carga, exceto produtos perigosos e mudanças, intermunicipal, interestadual e internacional",323,2
05026924,5212500,Carga e descarga,2,1
23937356,4929902,"Transporte rodoviário coletivo de passageiros, sob regime de fretamento, intermunicipal, interestadual e internacional",3,1
87296026,4753900,Comércio varejista especializado de eletrodomésticos e equipamentos de áudio e vídeo,330,4
22123935,4930202,"Transporte rodoviário de carga, exceto produtos perigosos e mudanças, intermunicipal, interestadual e internacional",19,2
01945637,4922102,"Transporte rodoviário coletivo de passageiros, com itinerário fixo, interestadual",21,1
33541368,3511501,Geração de energia elétrica,220,7
60519634,2342701,Fabricação de azulejos e pisos,6,3
04486664,0810004,Extração de calcário e dolomita e beneficiamento associado,2,1
00003273,5611203,"Lanchonetes, casas de chá, de sucos e similares",1,1
00006669,4744001,Comércio varejista de ferragens e ferramentas,1,1
04979687,4930203,Transporte rodoviário de produtos perigosos,1,1
93315000,4921301,"Transporte rodoviário coletivo de passageiros, com itinerário fixo, municipal",2,1
03405415,0710301,Extração de minério de ferro,3,2
00474300,0119907,Cultivo de melão,35,5
00796754,4930201,"Transporte rodoviário de carga, exceto produtos perigosos e mudanças, municipal.",10,3
01552504,4922102,"Transporte rodoviário coletivo de passageiros, com itinerário fixo, interestadual",28,5
02919878,8299799,Outras atividades de serviços prestados principalmente às empresas não especificadas anteriormente,2,2
10788677,4922102,"Transporte rodoviário coletivo de passageiros, com itinerário fixo, interestadual",42,6
05863916,1099604,Fabricação de gelo comum,1,1
15102098,1321900,Tecelagem de fios de algodão,11,5
02528096,4930201,"Transporte rodoviário de carga, exceto produtos perigosos e mudanças, municipal.",4,3
02536066,3811400,Coleta de resíduos não-perigosos,27,4
17245838,2071100,"Fabricação de tintas, vernizes, esmaltes e lacas",5,2
04391491,2599302,Serviço de corte e dobra de metais,1,1
31119993,4511102,"Comércio a varejo de automóveis, camionetas e utilitários usados",8,4
31134935,4922101,"Transporte rodoviário coletivo de passageiros, com itinerário fixo, intermunicipal, exceto em região metropolitana",15,5
31367907,4921302,"Transporte rodoviário coletivo de passageiros, com itinerário fixo, intermunicipal em região metropolitana",2,1
33050196,3512300,Transmissão de energia elétrica,759,5
33130543,4711302,"Comércio varejista de mercadorias em geral, com predominância de produtos alimentícios - supermercados",56,6
43997253,2840200,"Fabricação de máquinas-ferramenta, peças e acessórios",7,2
46040242,7490101,"Serviços de tradução, interpretação e similares",4,2
56720428,2840200,"Fabricação de máquinas-ferramenta, peças e acessórios",29,7
60546801,4684299,Comércio atacadista de outros produtos químicos e petroquímicos não especificados anteriormente,37,9
60874229,0810099,Extração e britamento de pedras e outros materiais para construção e beneficiamento associado,4,1
72111321,4639701,Comércio atacadista de produtos alimentícios em geral,24,11
41151184,2392300,Fabricação de cal e gesso,1,1
96736350,4672900,Comércio atacadista de ferragens e ferramentas,12,5
79776654,4321500,Instalação e manutenção elétrica,3,2
80393960,4930202,"Transporte rodoviário de carga, exceto produtos perigosos e mudanças, intermunicipal, interestadual e internacional",2,1
28890663,0810099,Extração e britamento de pedras e outros materiais para construção e beneficiamento associado,6,2
50115500,4921301,"Transporte rodoviário coletivo de passageiros, com itinerário fixo, municipal",3,3
08811119,4689301,"Comércio atacadista de produtos da extração mineral, exceto combustíveis",19,7
03806553,2330305,Preparação de massa de concreto e argamassa para construção,9,2
65271314,4930203,Transporte rodoviário de produtos perigosos,9,1
07498296,0910600,Atividades de apoio à extração de petróleo e gás natural,9,2
01678426,4921301,"Transporte rodoviário coletivo de passageiros, com itinerário fixo, municipal",4,1
07687870,4930202,"Transporte rodoviário de carga, exceto produtos perigosos e mudanças, intermunicipal, interestadual e internacional",1,1
01176077,4930202,"Transporte rodoviário de carga, exceto produtos perigosos e mudanças, intermunicipal, interestadual e internacional",20,5
06088741,1011201,Frigorífico - abate de bovinos,25,9
09116278,1731100,Fabricação de embalagens de papel,9,5
15181688,2021500,Fabricação de produtos petroquímicos básicos,17,5
19397579,8211300,Serviços combinados de escritório e apoio administrativo,3,3
05458096,2399101,"Decoração, lapidação, gravação, vitrificação e outros trabalhos em cerâmica, louça, vidro e cristal",8,6
01088713,4120400,Construção de edifícios,4,4
10384820,4930202,"Transporte rodoviário de carga, exceto produtos perigosos e mudanças, intermunicipal, interestadual e internacional",15,1
04747794,0155505,Produção de ovos,35,8
26183699,0810001,Extração de ardósia e beneficiamento associado,17,8
05302000,4930202,"Transporte rodoviário de carga, exceto produtos perigosos e mudanças, intermunicipal, interestadual e internacional",9,1
03357962,4930202,"Transporte rodoviário de carga, exceto produtos perigosos e mudanças, intermunicipal, interestadual e internacional",23,1
08166629,0131800,Cultivo de laranja,10,1
76576198,4663000,Comércio atacadista de Máquinas e equipamentos para uso industrial; partes e peças,16,4
07694266,0210101,Cultivo de eucalipto,2,2
15100972,4921301,"Transporte rodoviário coletivo de passageiros, com itinerário fixo, municipal",2,1
08666201,4399199,Serviços especializados para construção não especificados anteriormente,2,2
16652460,0810006,"Extração de areia, cascalho ou pedregulho e beneficiamento associado",2,2
16843306,5229002,Serviços de reboque de veículos,1,1
80024557,4110700,Incorporação de empreendimentos imobiliários,13,4
66702325,4930202,"Transporte rodoviário de carga, exceto produtos perigosos e mudanças, intermunicipal, interestadual e internacional",26,5
07140281,4930202,"Transporte rodoviário de carga, exceto produtos perigosos e mudanças, intermunicipal, interestadual e internacional",8,1
12609494,2330305,Preparação de massa de concreto e argamassa para construção,4,1
00181221,4930203,Transporte rodoviário de produtos perigosos,14,1
02332686,1099699,Fabricação de outros produtos alimentícios não especificados anteriormente,15,4
05359132,4930202,"Transporte rodoviário de carga, exceto produtos perigosos e mudanças, intermunicipal, interestadual e internacional",9,1
21034799,1622602,Fabricação de esquadrias de madeira e de peças de madeira para instalações industriais e comerciais,2,2
22226248,4930202,"Transporte rodoviário de carga, exceto produtos perigosos e mudanças, intermunicipal, interestadual e internacional",4,1
21718267,0322105,Ranicultura,10,5
33435231,3316301,"Manutenção e reparação de aeronaves, exceto a manutenção na pista",5,1
00012377,4632001,Comércio atacadista de cereais e leguminosas beneficiados,25,4
00117842,2013402,"Fabricação de adubos e fertilizantes, exceto organo-minerais",21,2
05389137,7732201,"Aluguel de máquinas e equipamentos para construção sem operador, exceto andaimes",3,1
08714435,4921302,"Transporte rodoviário coletivo de passageiros, com itinerário fixo, intermunicipal em região metropolitana",1,1
13248429,4930202,"Transporte rodoviário de carga, exceto produtos perigosos e mudanças, intermunicipal, interestadual e internacional",13,1
06177710,4930202,"Transporte rodoviário de carga, exceto produtos perigosos e mudanças, intermunicipal, interestadual e internacional",2,1
02566288,4930202,"Transporte rodoviário de carga, exceto produtos perigosos e mudanças, intermunicipal, interestadual e internacional",6,1
12710740,3811400,Coleta de resíduos não-perigosos,4,2
40102716,6810201,Compra e venda de imóveis próprios,1,1
39978755,7732201,"Aluguel de máquinas e equipamentos para construção sem operador, exceto andaimes",13,4
37454866,1013902,Preparação de subprodutos do abate,2,1
41128517,4110700,Incorporação de empreendimentos imobiliários,2,1
23122434,4683400,"Comércio atacadista de defensivos agrícolas, adubos, fertilizantes e corretivos do solo",17,4
43207151,4921301,"Transporte rodoviário coletivo de passageiros, com itinerário fixo, municipal",2,1
73503245,4313400,Obras de terraplenagem,3,1
35251088,4687701,Comércio atacadista de resíduos de papel e papelão,3,1
45212228,4530703,Comércio a varejo de peças e acessórios novos para veículos automotores,2,1
06983881,4930202,"Transporte rodoviário de carga, exceto produtos perigosos e mudanças, intermunicipal, interestadual e internacional",8,1
28259369,4930202,"Transporte rodoviário de carga, exceto produtos perigosos e mudanças, intermunicipal, interestadual e internacional",11,1
06922869,8211300,Serviços combinados de escritório e apoio administrativo,5,3
06929310,4639702,"Comércio atacadista de produtos alimentícios em geral, com atividade de fracionamento e acondicionamento associada",4,2
14053968,7732201,"Aluguel de máquinas e equipamentos para construção sem operador, exceto andaimes",19,1
01287588,1533500,Fabricação de calçados de material sintético,18,7
37552537,1052000,Fabricação de laticínios,2,1
72770878,2071100,"Fabricação de tintas, vernizes, esmaltes e lacas",8,2
06215856,4930203,Transporte rodoviário de produtos perigosos,3,1
00089352,4744001,Comércio varejista de ferragens e ferramentas,1,1
03396004,4681802,Comércio atacadista de combustíveis realizado por transportador retalhista (T.R.R.),1,1
06526131,4781400,Comércio varejista de artigos do vestuário e acessórios,10,2
04361392,4921301,"Transporte rodoviário coletivo de passageiros, com itinerário fixo, municipal",4,2
30538060,8888888,Atividade Econônica não informada,5,4
17884123,4930203,Transporte rodoviário de produtos perigosos,2,1
06924952,4921301,"Transporte rodoviário coletivo de passageiros, com itinerário fixo, municipal",2,1
65444200,4929902,"Transporte rodoviário coletivo de passageiros, sob regime de fretamento, intermunicipal, interestadual e internacional",5,2
79986949,4211101,Construção de rodovias e ferrovias,3,1
83742338,4929901,"Transporte rodoviário coletivo de passageiros, sob regime de fretamento, municipal",4,2
07523514,2815102,"Fabricação de equipamentos de transmissão para fins industriais, exceto rolamentos",1,1
07807120,7112000,Serviços de engenharia,2,2
02945318,4930202,"Transporte rodoviário de carga, exceto produtos perigosos e mudanças, intermunicipal, interestadual e internacional",3,1
08107369,4921302,"Transporte rodoviário coletivo de passageiros, com itinerário fixo, intermunicipal em região metropolitana",1,1
04398339,1311100,Preparação e fiação de fibras de algodão,1,1
03229127,4921301,"Transporte rodoviário coletivo de passageiros, com itinerário fixo, municipal",5,2
25024696,2710402,"Fabricação de transformadores, indutores, conversores, sincronizadores e semelhantes, peças e acessórios",1,1
28955565,4213800,"Obras de urbanização - ruas, praças e calçadas",1,1
00124733,4930202,"Transporte rodoviário de carga, exceto produtos perigosos e mudanças, intermunicipal, interestadual e internacional",21,3
47026067,1011201,Frigorífico - abate de bovinos,4,3
08306731,4930202,"Transporte rodoviário de carga, exceto produtos perigosos e mudanças, intermunicipal, interestadual e internacional",8,1
08707061,4930202,"Transporte rodoviário de carga, exceto produtos perigosos e mudanças, intermunicipal, interestadual e internacional",21,1
84924448,4921301,"Transporte rodoviário coletivo de passageiros, com itinerário fixo, municipal",5,2
01233983,4771704,Comércio varejista de medicamentos veterinários,2,2
12475797,3812200,Coleta de resíduos perigosos,2,2
18463305,7732201,"Aluguel de máquinas e equipamentos para construção sem operador, exceto andaimes",3,2
07631568,4930202,"Transporte rodoviário de carga, exceto produtos perigosos e mudanças, intermunicipal, interestadual e internacional",2,1
20321669,2342702,"Fabricação de artefatos de cerâmica e barro cozido para uso na construção, exceto azulejos e pisos",1,1
03608944,4399101,Administração de obras,3,2
00954394,1531901,Fabricação de calçados de couro,10,7
28337064,2330399,"Fabricação de outros artefatos e produtos de concreto, cimento, fibrocimento, gesso e materiais semelhantes",1,1
30983631,0155505,Produção de ovos,2,1
05263312,4922102,"Transporte rodoviário coletivo de passageiros, com itinerário fixo, interestadual",13,2
33458465,4930202,"Transporte rodoviário de carga, exceto produtos perigosos e mudanças, intermunicipal, interestadual e internacional",2,1
26118058,4742300,Comércio varejista de material elétrico,1,1
09326382,4921301,"Transporte rodoviário coletivo de passageiros, com itinerário fixo, municipal",2,1
16587435,4930202,"Transporte rodoviário de carga, exceto produtos perigosos e mudanças, intermunicipal, interestadual e internacional",3,1
32546470,4930203,Transporte rodoviário de produtos perigosos,3,1
09185563,4930203,Transporte rodoviário de produtos perigosos,4,1
39701753,4921301,"Transporte rodoviário coletivo de passageiros, com itinerário fixo, municipal",3,1
51515703,3839401,Usinas de compostagem,1,1
52191745,2513600,Fabricação de obras de caldeiraria pesada,1,1
12351253,3831999,"Recuperação de materiais metálicos, exceto alumínio",12,2
51596690,2829199,"Fabricação de outras máquinas e equipamentos de uso geral não especificados anteriormente, peças e acessórios",4,3
00562968,0810099,Extração e britamento de pedras e outros materiais para construção e beneficiamento associado,3,1
01095662,4930201,"Transporte rodoviário de carga, exceto produtos perigosos e mudanças, municipal.",5,2
02843131,1091101,Fabricação de produtos de panificação industrial,3,2
04950283,4921301,"Transporte rodoviário coletivo de passageiros, com itinerário fixo, municipal",1,1
00021162,8640201,Laboratórios de anatomia patológica e citológica,1,1
00059090,9420100,Atividades de organizações sindicais,1,1
00094854,4781400,Comércio varejista de artigos do vestuário e acessórios,1,1
01256967,0151201,Criação de bovinos para corte,3,1
05648225,4930203,Transporte rodoviário de produtos perigosos,3,1
02745436,0810006,"Extração de areia, cascalho ou pedregulho e beneficiamento associado",1,1
56450877,2229301,Fabricação de artefatos de material plástico para uso pessoal e doméstico,5,3
03016372,4930202,"Transporte rodoviário de carga, exceto produtos perigosos e mudanças, intermunicipal, interestadual e internacional",1,1
93561108,4930202,"Transporte rodoviário de carga, exceto produtos perigosos e mudanças, intermunicipal, interestadual e internacional",10,1
86800745,0810099,Extração e britamento de pedras e outros materiais para construção e beneficiamento associado,1,1
31688351,4921301,"Transporte rodoviário coletivo de passageiros, com itinerário fixo, municipal",1,1
72627888,4399104,Serviços de operação e fornecimento de equipamentos para transporte e elevação de cargas e pessoas para uso em obras,1,1
04147202,0810099,Extração e britamento de pedras e outros materiais para construção e beneficiamento associado,2,2
07458295,4930202,"Transporte rodoviário de carga, exceto produtos perigosos e mudanças, intermunicipal, interestadual e internacional",4,1
88175625,4921301,"Transporte rodoviário coletivo de passageiros, com itinerário fixo, municipal",3,1
09509052,3511501,Geração de energia elétrica,2,1
09623290,8422100,Defesa,2,1
01464420,4921301,"Transporte rodoviário coletivo de passageiros, com itinerário fixo, municipal",2,1
24607476,7732201,"Aluguel de máquinas e equipamentos para construção sem operador, exceto andaimes",2,2
08803711,4923002,Serviço de transporte de passageiros - locação de automóveis com motorista,1,1
08585824,4921301,"Transporte rodoviário coletivo de passageiros, com itinerário fixo, municipal",1,1
09107137,4922101,"Transporte rodoviário coletivo de passageiros, com itinerário fixo, intermunicipal, exceto em região metropolitana",2,2
10827585,5212500,Carga e descarga,2,1
30486042,3511501,Geração de energia elétrica,2,1
19428778,4930201,"Transporte rodoviário de carga, exceto produtos perigosos e mudanças, municipal.",3,1
32238981,4921301,"Transporte rodoviário coletivo de passageiros, com itinerário fixo, municipal",1,1
17033881,4930202,"Transporte rodoviário de carga, exceto produtos perigosos e mudanças, intermunicipal, interestadual e internacional",2,1
18022305,4679604,Comércio atacadista especializado de materiais de construção não especificados anteriormente,10,4
32142502,3314705,Manutenção e reparação de equipamentos de transmissão para fins industriais,1,1
96713847,4921301,"Transporte rodoviário coletivo de passageiros, com itinerário fixo, municipal",2,1
21905440,7732201,"Aluguel de máquinas e equipamentos para construção sem operador, exceto andaimes",2,1
07794384,1359600,Fabricação de outros produtos têxteis não especificados anteriormente,2,1
09423108,3812200,Coleta de resíduos perigosos,3,1
38460234,4399104,Serviços de operação e fornecimento de equipamentos para transporte e elevação de cargas e pessoas para uso em obras,15,5
36584315,3511501,Geração de energia elétrica,2,1
47604527,4929902,"Transporte rodoviário coletivo de passageiros, sob regime de fretamento, intermunicipal, interestadual e internacional",3,1
28744298,5211799,"Depósitos de mercadorias para terceiros, exceto armazéns gerais e guarda-móveis",2,2
05923634,0312401,Pesca de peixes em água doce,2,1
32325305,3520402,Distribuição de combustíveis gasosos por redes urbanas,2,1
32321018,2391501,"Britamento de pedras, exceto associado à extração",2,1
00005830,4649401,Comércio atacadista de equipamentos elétricos de uso pessoal e doméstico,1,1
00009241,4530701,Comércio por atacado de peças e acessórios novos para veículos automotores,1,1
00096328,9609202,Agências matrimoniais,1,1
31733686,4921301,"Transporte rodoviário coletivo de passageiros, com itinerário fixo, municipal",2,2
04405310,4930202,"Transporte rodoviário de carga, exceto produtos perigosos e mudanças, intermunicipal, interestadual e internacional",3,1
61241451,2099199,Fabricação de outros produtos químicos não especificados anteriormente,3,2
30621890,4921302,"Transporte rodoviário coletivo de passageiros, com itinerário fixo, intermunicipal em região metropolitana",3,1
04801267,4520001,Serviços de manutenção e reparação mecânica de veículos automotores,1,1
89171201,4663000,Comércio atacadista de Máquinas e equipamentos para uso industrial; partes e peças,7,2
03332128,4930201,"Transporte rodoviário de carga, exceto produtos perigosos e mudanças, municipal.",2,2
06306858,4930203,Transporte rodoviário de produtos perigosos,1,1
10415169,1099604,Fabricação de gelo comum,1,1
09029666,3511501,Geração de energia elétrica,5,1
12524929,4930202,"Transporte rodoviário de carga, exceto produtos perigosos e mudanças, intermunicipal, interestadual e internacional",2,1
00338885,4211101,Construção de rodovias e ferrovias,10,2
15454563,4921301,"Transporte rodoviário coletivo de passageiros, com itinerário fixo, municipal",1,1
09378010,0210104,Cultivo de teca,14,2
20655105,4930202,"Transporte rodoviário de carga, exceto produtos perigosos e mudanças, intermunicipal, interestadual e internacional",2,1
86418621,4930202,"Transporte rodoviário de carga, exceto produtos perigosos e mudanças, intermunicipal, interestadual e internacional",2,1
29639852,4110700,Incorporação de empreendimentos imobiliários,3,1
10913161,4211101,Construção de rodovias e ferrovias,5,1
29406082,7112000,Serviços de engenharia,1,1
33794896,4921301,"Transporte rodoviário coletivo de passageiros, com itinerário fixo, municipal",1,1
07569360,4930202,"Transporte rodoviário de carga, exceto produtos perigosos e mudanças, intermunicipal, interestadual e internacional",4,1
42415962,4923002,Serviço de transporte de passageiros - locação de automóveis com motorista,2,1
12069532,4930202,"Transporte rodoviário de carga, exceto produtos perigosos e mudanças, intermunicipal, interestadual e internacional",3,2
44018817,0810004,Extração de calcário e dolomita e beneficiamento associado,5,1
00000064,7711000,Locação de automóveis sem condutor,1,1
00002180,4633801,"Comércio atacadista de frutas, verduras, raízes, tubérculos, hortaliças e legumes frescos",1,1
01702122,1011201,Frigorífico - abate de bovinos,1,1
00083654,5611203,"Lanchonetes, casas de chá, de sucos e similares",1,1
00132104,4930202,"Transporte rodoviário de carga, exceto produtos perigosos e mudanças, intermunicipal, interestadual e internacional",6,2
05306712,3314707,Manutenção e reparação de máquinas e aparelhos de refrigeração e ventilação para uso industrial e comercial,1,1
02325282,4930202,"Transporte rodoviário de carga, exceto produtos perigosos e mudanças, intermunicipal, interestadual e internacional",4,2
17273715,4921301,"Transporte rodoviário coletivo de passageiros, com itinerário fixo, municipal",3,1
31590862,4646002,Comércio atacadista de produtos de higiene pessoal,10,5
04474925,4929902,"Transporte rodoviário coletivo de passageiros, sob regime de fretamento, intermunicipal, interestadual e internacional",2,1
04493975,9430800,Atividades de associações de defesa de direitos sociais,1,1
73417735,4632001,Comércio atacadista de cereais e leguminosas beneficiados,2,2
48424774,4921302,"Transporte rodoviário coletivo de passageiros, com itinerário fixo, intermunicipal em região metropolitana",4,4
02979668,4930202,"Transporte rodoviário de carga, exceto produtos perigosos e mudanças, intermunicipal, interestadual e internacional",1,1
80319064,2222600,Fabricação de embalagens de material plástico,1,1
07885021,4637199,Comércio atacadista especializado em outros produtos alimentícios não especificados anteriormente,2,2
03054730,2342701,Fabricação de azulejos e pisos,1,1
05907604,4921301,"Transporte rodoviário coletivo de passageiros, com itinerário fixo, municipal",2,1
63716443,4929901,"Transporte rodoviário coletivo de passageiros, sob regime de fretamento, municipal",1,1
04167498,2330302,Fabricação de artefatos de cimento para uso na construção,2,1
00303837,2330302,Fabricação de artefatos de cimento para uso na construção,4,4
08001904,0113000,Cultivo de cana-de-açúcar,4,2
16936685,4299599,Outras obras de engenharia civil não especificadas anteriormente,1,1
08981172,4321500,Instalação e manutenção elétrica,1,1
18471070,3511501,Geração de energia elétrica,2,1
22493205,3811400,Coleta de resíduos não-perigosos,1,1
05574041,4634603,Comércio atacadista de pescados e frutos do mar,5,3
33479213,4921301,"Transporte rodoviário coletivo de passageiros, com itinerário fixo, municipal",3,1
36936697,4211101,Construção de rodovias e ferrovias,2,2
44221086,1733800,Fabricação de chapas e de embalagens de papelão ondulado,1,1
30653472,4930202,"Transporte rodoviário de carga, exceto produtos perigosos e mudanças, intermunicipal, interestadual e internacional",3,1
08843214,4930201,"Transporte rodoviário de carga, exceto produtos perigosos e mudanças, municipal.",4,1
00002405,0322101,Criação de peixes em água doce,1,1
04160537,4929901,"Transporte rodoviário coletivo de passageiros, sob regime de fretamento, municipal",2,1
07378783,2342701,Fabricação de azulejos e pisos,1,1
27249457,4399104,Serviços de operação e fornecimento de equipamentos para transporte e elevação de cargas e pessoas para uso em obras,1,1
55767909,4930202,"Transporte rodoviário de carga, exceto produtos perigosos e mudanças, intermunicipal, interestadual e internacional",1,1
09502691,8219999,Preparação de documentos e serviços especializados de apoio administrativo não especificados anteriormente,1,1
08269988,4929902,"Transporte rodoviário coletivo de passageiros, sob regime de fretamento, intermunicipal, interestadual e internacional",2,1
12441452,7732201,"Aluguel de máquinas e equipamentos para construção sem operador, exceto andaimes",1,1
14930847,2330399,"Fabricação de outros artefatos e produtos de concreto, cimento, fibrocimento, gesso e materiais semelhantes",1,1
13432399,7711000,Locação de automóveis sem condutor,1,1
11513763,0810009,Extração de basalto e beneficiamento associado,1,1
11201805,2099199,Fabricação de outros produtos químicos não especificados anteriormente,2,2
10637095,0810004,Extração de calcário e dolomita e beneficiamento associado,2,2
26240335,7112000,Serviços de engenharia,1,1
33504871,4530703,Comércio a varejo de peças e acessórios novos para veículos automotores,1,1
34925254,2330305,Preparação de massa de concreto e argamassa para construção,1,1
28743765,4930203,Transporte rodoviário de produtos perigosos,1,1
46093371,4930203,Transporte rodoviário de produtos perigosos,1,1
36195336,4930202,"Transporte rodoviário de carga, exceto produtos perigosos e mudanças, intermunicipal, interestadual e internacional",3,1
48057300,4530703,Comércio a varejo de peças e acessórios novos para veículos automotores,1,1
47721657,0810099,Extração e britamento de pedras e outros materiais para construção e beneficiamento associado,1,1
24153141,4930202,"Transporte rodoviário de carga, exceto produtos perigosos e mudanças, intermunicipal, interestadual e internacional",2,1
13524220,2222600,Fabricação de embalagens de material plástico,2,1
00000084,8299799,Outras atividades de serviços prestados principalmente às empresas não especificadas anteriormente,1,1
00000089,7311400,Agências de publicidade,1,1
00086746,4781400,Comércio varejista de artigos do vestuário e acessórios,1,1
04154972,4929902,"Transporte rodoviário coletivo de passageiros, sob regime de fretamento, intermunicipal, interestadual e internacional",1,1
24441206,2790299,Fabricação de outros equipamentos e aparelhos elétricos não especificados anteriormente,2,2
45365541,2422901,"Produção de laminados planos de aço ao carbono, revestidos ou não",2,2
05683638,0810004,Extração de calcário e dolomita e beneficiamento associado,1,1
06098906,7739099,"Aluguel de outras máquinas e equipamentos comerciais e industriais não especificados anteriormente, sem operador",1,1
08396938,1063500,Fabricação de farinha de mandioca e derivados,1,1
15731984,5231103,Gestão de terminais aquaviários,1,1
19201121,4663000,Comércio atacadista de Máquinas e equipamentos para uso industrial; partes e peças,1,1
20662766,4930201,"Transporte rodoviário de carga, exceto produtos perigosos e mudanças, municipal.",2,1
17051740,4921301,"Transporte rodoviário coletivo de passageiros, com itinerário fixo, municipal",1,1
08093667,4744001,Comércio varejista de ferragens e ferramentas,2,2
26020106,4299599,Outras obras de engenharia civil não especificadas anteriormente,2,2
36601404,2013401,Fabricação de adubos e fertilizantes organo-minerais,1,1
42220660,4930202,"Transporte rodoviário de carga, exceto produtos perigosos e mudanças, intermunicipal, interestadual e internacional",1,1
44406870,6810203,Loteamento de imóveis próprios,1,1
35652700,7732201,"Aluguel de máquinas e equipamentos para construção sem operador, exceto andaimes",3,2
66968549,4930202,"Transporte rodoviário de carga, exceto produtos perigosos e mudanças, intermunicipal, interestadual e internacional",1,1
00087791,8888888,Atividade Econônica não informada,1,1
00000070,9313100,Atividades de condicionamento físico,1,1
02999886,4634601,Comércio atacadista de carnes bovinas e suínas e derivados,2,2
10471171,0810005,Extração de gesso e caulim,1,1
21510745,4541204,Comércio a varejo de motocicletas e motonetas usadas,1,1
08778880,4930202,"Transporte rodoviário de carga, exceto produtos perigosos e mudanças, intermunicipal, interestadual e internacional",1,1
33572312,8129000,Atividades de limpeza não especificadas anteriormente,1,1
41796234,4921301,"Transporte rodoviário coletivo de passageiros, com itinerário fixo, municipal",1,1
27203655,3313901,"Manutenção e reparação de geradores, transformadores e motores elétricos",1,1
00000099,9312300,"Clubes sociais, esportivos e similares",1,1
00004972,5611203,"Lanchonetes, casas de chá, de sucos e similares",1,1
04190998,3812200,Coleta de resíduos perigosos,1,1
04700295,2790299,Fabricação de outros equipamentos e aparelhos elétricos não especificados anteriormente,1,1
20333363,4679699,Comércio atacadista de materiais de construção em geral,1,1
17305349,1099604,Fabricação de gelo comum,1,1
21753749,7732201,"Aluguel de máquinas e equipamentos para construção sem operador, exceto andaimes",1,1
28442493,4921302,"Transporte rodoviário coletivo de passageiros, com itinerário fixo, intermunicipal em região metropolitana",1,1
34024324,7732201,"Aluguel de máquinas e equipamentos para construção sem operador, exceto andaimes",1,1
05810283,4744004,"Comércio varejista de cal, areia, pedra britada, tijolos e telhas",1,1
20962342,4321500,Instalação e manutenção elétrica,1,1
22581442,4930202,"Transporte rodoviário de carga, exceto produtos perigosos e mudanças, intermunicipal, interestadual e internacional",1,1
21478597,4930202,"Transporte rodoviário de carga, exceto produtos perigosos e mudanças, intermunicipal, interestadual e internacional",1,1
26822600,4930202,"Transporte rodoviário de carga, exceto produtos perigosos e mudanças, intermunicipal, interestadual e internacional",1,1
36669126,0112101,Cultivo de algodão herbáceo,1,1
39155675,4930203,Transporte rodoviário de produtos perigosos,1,1
41265121,4921301,"Transporte rodoviário coletivo de passageiros, com itinerário fixo, municipal",1,1
17806779,0729401,Extração de minérios de nióbio e titânio,1,1
26469494,4930203,Transporte rodoviário de produtos perigosos,3,1
69625283,4921301,"Transporte rodoviário coletivo de passageiros, com itinerário fixo, municipal",1,1
03848414,4930202,"Transporte rodoviário de carga, exceto produtos perigosos e mudanças, intermunicipal, interestadual e internacional",1,1
00000057,8112500,Condomínios prediais,1,1
00001690,5611201,Restaurantes e similares,1,1
02158076,4313400,Obras de terraplenagem,1,1
02805610,5231102,Atividades do Operador Portuário,4,1
76031186,4921302,"Transporte rodoviário coletivo de passageiros, com itinerário fixo, intermunicipal em região metropolitana",1,1
02679180,1610203,Serrarias com desdobramento de madeira em bruto,1,1
20372140,0810099,Extração e britamento de pedras e outros materiais para construção e beneficiamento associado,1,1
60447133,2099199,Fabricação de outros produtos químicos não especificados anteriormente,1,1
31134760,4921301,"Transporte rodoviário coletivo de passageiros, com itinerário fixo, municipal",1,1
13463104,4789099,Comércio varejista de outros produtos não especificados anteriormente,1,1
69197580,0899199,Extração de outros minerais não-metálicos não especificados anteriormente,1,1
07874948,4930202,"Transporte rodoviário de carga, exceto produtos perigosos e mudanças, intermunicipal, interestadual e internacional",1,1
91359711,0210107,Extração de madeira em florestas plantadas,79,11
00074569,4635402,"Comércio atacadista de cerveja, chope e refrigerante",70,8
78586674,4922101,"Transporte rodoviário coletivo de passageiros, com itinerário fixo, intermunicipal, exceto em região metropolitana",175,9
78958717,2731700,Fabricação de aparelhos e equipamentos para distribuição e controle de energia elétrica,45,13
87440434,4930202,"Transporte rodoviário de carga, exceto produtos perigosos e mudanças, intermunicipal, interestadual e internacional",6,2
08369748,4632001,Comércio atacadista de cereais e leguminosas beneficiados,9,3
06984234,4687703,Comércio atacadista de resíduos e sucatas metálicos,4,1
01868396,4299599,Outras obras de engenharia civil não especificadas anteriormente,6,3
47973689,4930202,"Transporte rodoviário de carga, exceto produtos perigosos e mudanças, intermunicipal, interestadual e internacional",3,1
00000008,9521500,Reparação e manutenção de equipamentos eletroeletrônicos de uso pessoal e doméstico,1,1
00000094,8121400,Limpeza em prédios e em domicílios,1,1
00003395,4679699,Comércio atacadista de materiais de construção em geral,2,2
04945406,4789099,Comércio varejista de outros produtos não especificados anteriormente,1,1
00090077,2950600,Recondicionamento e recuperação de motores para veículos automotores,1,1
00080671,5211701,Armazéns gerais - emissão de warrant,77,22
00733658,1531901,Fabricação de calçados de couro,25,3
01224164,4921301,"Transporte rodoviário coletivo de passageiros, com itinerário fixo, municipal",3,1
01571702,4644301,Comércio atacadista de medicamentos e drogas de uso humano,9,5
02229411,4299599,Outras obras de engenharia civil não especificadas anteriormente,37,5
05621860,0810002,Extração de granito e beneficiamento associado,9,1
19712504,4922101,"Transporte rodoviário coletivo de passageiros, com itinerário fixo, intermunicipal, exceto em região metropolitana",6,2
20468310,4930202,"Transporte rodoviário de carga, exceto produtos perigosos e mudanças, intermunicipal, interestadual e internacional",120,3
20698684,4930203,Transporte rodoviário de produtos perigosos,5,2
25388869,4211101,Construção de rodovias e ferrovias,6,2
30683536,5211701,Armazéns gerais - emissão de warrant,10,2
32403537,8888888,Atividade Econônica não informada,20,2
02677998,1066000,Fabricação de alimentos para animais,1,1
33337007,4922102,"Transporte rodoviário coletivo de passageiros, com itinerário fixo, interestadual",111,8
04444217,4930202,"Transporte rodoviário de carga, exceto produtos perigosos e mudanças, intermunicipal, interestadual e internacional",4,1
41716499,4299599,Outras obras de engenharia civil não especificadas anteriormente,12,7
43171438,4930202,"Transporte rodoviário de carga, exceto produtos perigosos e mudanças, intermunicipal, interestadual e internacional",22,2
45985371,2099199,Fabricação de outros produtos químicos não especificados anteriormente,109,9
46374203,4744001,Comércio varejista de ferragens e ferramentas,10,6
46486650,4211101,Construção de rodovias e ferrovias,6,1
50564053,4649408,"Comércio atacadista de produtos de higiene, limpeza e conservação domiciliar",34,8
50949528,2229301,Fabricação de artefatos de material plástico para uso pessoal e doméstico,20,4
52105491,4930202,"Transporte rodoviário de carga, exceto produtos perigosos e mudanças, intermunicipal, interestadual e internacional",7,2
54834007,4930202,"Transporte rodoviário de carga, exceto produtos perigosos e mudanças, intermunicipal, interestadual e internacional",12,2
57582793,4669999,Comércio atacadista de outras máquinas e equipamentos não especificados anteriormente; partes e peças,15,5
60395589,4930202,"Transporte rodoviário de carga, exceto produtos perigosos e mudanças, intermunicipal, interestadual e internacional",42,2
61243119,2865800,"Fabricação de máquinas e equipamentos para as indústrias de celulose, papel e papelão e artefatos, peças e acessórios",12,3
61352050,2531401,Produção de forjados de aço,19,4
73410326,4635402,"Comércio atacadista de cerveja, chope e refrigerante",212,12
75190983,0210107,Extração de madeira em florestas plantadas,22,8
83665141,0810099,Extração e britamento de pedras e outros materiais para construção e beneficiamento associado,5,2
83892117,4930202,"Transporte rodoviário de carga, exceto produtos perigosos e mudanças, intermunicipal, interestadual e internacional",10,2
01585358,1099699,Fabricação de outros produtos alimentícios não especificados anteriormente,9,5
63469811,3821100,Tratamento e disposição de resíduos não-perigosos,2,1
64571292,7732201,"Aluguel de máquinas e equipamentos para construção sem operador, exceto andaimes",2,2
13032743,4634601,Comércio atacadista de carnes bovinas e suínas e derivados,4,3
68260371,4921301,"Transporte rodoviário coletivo de passageiros, com itinerário fixo, municipal",10,2
33087859,4922102,"Transporte rodoviário coletivo de passageiros, com itinerário fixo, interestadual",15,3
61059978,4299599,Outras obras de engenharia civil não especificadas anteriormente,20,4
05476815,4693100,"Comércio atacadista de mercadorias em geral, sem predominância de alimentos ou de insumos agropecuários",11,5
41548652,4211101,Construção de rodovias e ferrovias,3,1
06286309,0133402,Cultivo de banana,24,6
00061411,4761001,Comércio varejista de livros,1,1
02717529,2061400,Fabricação de sabões e detergentes sintéticos,2,2
04102265,1041400,"Fabricação de óleos vegetais em bruto, exceto óleo de milho",7,2
56764822,4930202,"Transporte rodoviário de carga, exceto produtos perigosos e mudanças, intermunicipal, interestadual e internacional",27,2
72908817,2829199,"Fabricação de outras máquinas e equipamentos de uso geral não especificados anteriormente, peças e acessórios",17,6
03461082,8211300,Serviços combinados de escritório e apoio administrativo,12,2
59599555,2071100,"Fabricação de tintas, vernizes, esmaltes e lacas",4,2
07063976,3511501,Geração de energia elétrica,2,1
09340994,2342702,"Fabricação de artefatos de cerâmica e barro cozido para uso na construção, exceto azulejos e pisos",1,1
57593253,2610800,Fabricação de componentes eletrônicos,6,5
19498344,0155501,Criação de frangos para corte,31,5
08047481,0113000,Cultivo de cana-de-açúcar,29,2
09515262,0210101,Cultivo de eucalipto,8,2
05830982,4921301,"Transporte rodoviário coletivo de passageiros, com itinerário fixo, municipal",19,1
14807945,2229399,Fabricação de artefatos de material plástico para outros usos não especificados anteriormente,17,7
12766401,4930202,"Transporte rodoviário de carga, exceto produtos perigosos e mudanças, intermunicipal, interestadual e internacional",1,1
44384832,4930202,"Transporte rodoviário de carga, exceto produtos perigosos e mudanças, intermunicipal, interestadual e internacional",17,7
10280806,4930202,"Transporte rodoviário de carga, exceto produtos perigosos e mudanças, intermunicipal, interestadual e internacional",50,4
10376555,0210101,Cultivo de eucalipto,53,14
03428529,2342701,Fabricação de azulejos e pisos,4,2
18485037,4930202,"Transporte rodoviário de carga, exceto produtos perigosos e mudanças, intermunicipal, interestadual e internacional",58,6
46515946,4930202,"Transporte rodoviário de carga, exceto produtos perigosos e mudanças, intermunicipal, interestadual e internacional",6,1
95818399,4211101,Construção de rodovias e ferrovias,8,3
21399444,4930202,"Transporte rodoviário de carga, exceto produtos perigosos e mudanças, intermunicipal, interestadual e internacional",1,1
11069370,4930202,"Transporte rodoviário de carga, exceto produtos perigosos e mudanças, intermunicipal, interestadual e internacional",2,1
21983240,3512300,Transmissão de energia elétrica,2,2
06695952,4930202,"Transporte rodoviário de carga, exceto produtos perigosos e mudanças, intermunicipal, interestadual e internacional",8,3
16703851,0151201,Criação de bovinos para corte,2,1
17619009,4930201,"Transporte rodoviário de carga, exceto produtos perigosos e mudanças, municipal.",37,5
17079975,0810004,Extração de calcário e dolomita e beneficiamento associado,1,1
00766315,4930202,"Transporte rodoviário de carga, exceto produtos perigosos e mudanças, intermunicipal, interestadual e internacional",11,1
12302292,7739099,"Aluguel de outras máquinas e equipamentos comerciais e industriais não especificados anteriormente, sem operador",9,2
85155372,4930202,"Transporte rodoviário de carga, exceto produtos perigosos e mudanças, intermunicipal, interestadual e internacional",8,1
33962810,4930201,"Transporte rodoviário de carga, exceto produtos perigosos e mudanças, municipal.",1,1
08419352,4399199,Serviços especializados para construção não especificados anteriormente,30,1
04218950,4930202,"Transporte rodoviário de carga, exceto produtos perigosos e mudanças, intermunicipal, interestadual e internacional",5,1
03014011,4211101,Construção de rodovias e ferrovias,6,2
15120702,0810099,Extração e britamento de pedras e outros materiais para construção e beneficiamento associado,6,4
43363210,4679699,Comércio atacadista de materiais de construção em geral,2,2
22673347,0155505,Produção de ovos,11,7
34730618,4930202,"Transporte rodoviário de carga, exceto produtos perigosos e mudanças, intermunicipal, interestadual e internacional",2,1
08992198,4921301,"Transporte rodoviário coletivo de passageiros, com itinerário fixo, municipal",13,1
03222465,0810009,Extração de basalto e beneficiamento associado,9,5
31808056,4930202,"Transporte rodoviário de carga, exceto produtos perigosos e mudanças, intermunicipal, interestadual e internacional",2,1
17191172,4930202,"Transporte rodoviário de carga, exceto produtos perigosos e mudanças, intermunicipal, interestadual e internacional",15,2
42799486,0724301,Extração de minério de metais preciosos,4,3
55363379,4221902,Construção de estações e redes de distribuição de energia elétrica,7,1
03419290,5250805,Operador de transporte multimodal - OTM,6,2
40805770,4689399,Comércio atacadista especializado em outros produtos intermediários não especificados anteriormente,2,2
17163084,4930202,"Transporte rodoviário de carga, exceto produtos perigosos e mudanças, intermunicipal, interestadual e internacional",4,1
30581433,4930202,"Transporte rodoviário de carga, exceto produtos perigosos e mudanças, intermunicipal, interestadual e internacional",16,2
41842055,4930202,"Transporte rodoviário de carga, exceto produtos perigosos e mudanças, intermunicipal, interestadual e internacional",2,1
00002651,4744001,Comércio varejista de ferragens e ferramentas,1,1
00609820,3811400,Coleta de resíduos não-perigosos,11,1
00644907,3511501,Geração de energia elétrica,6,3
01047131,4930202,"Transporte rodoviário de carga, exceto produtos perigosos e mudanças, intermunicipal, interestadual e internacional",2,2
07815657,1052000,Fabricação de laticínios,3,2
07957111,8012900,Atividades de transporte de valores,8,1
14755524,4930202,"Transporte rodoviário de carga, exceto produtos perigosos e mudanças, intermunicipal, interestadual e internacional",5,3
15104599,0899103,Extração de amianto,8,3
22432769,4930203,Transporte rodoviário de produtos perigosos,12,2
27169879,0810099,Extração e britamento de pedras e outros materiais para construção e beneficiamento associado,5,4
39115514,4911600,Transporte ferroviário de carga,7,1
42950501,4930202,"Transporte rodoviário de carga, exceto produtos perigosos e mudanças, intermunicipal, interestadual e internacional",6,2
60291275,4930202,"Transporte rodoviário de carga, exceto produtos perigosos e mudanças, intermunicipal, interestadual e internacional",9,4
89816128,2869100,"Fabricação de máquinas e equipamentos para uso industrial específico não especificados anteriormente, peças e acessórios",6,2
24934739,4399104,Serviços de operação e fornecimento de equipamentos para transporte e elevação de cargas e pessoas para uso em obras,1,1
07366198,4921301,"Transporte rodoviário coletivo de passageiros, com itinerário fixo, municipal",2,2
00063456,4781400,Comércio varejista de artigos do vestuário e acessórios,1,1
77161461,4110700,Incorporação de empreendimentos imobiliários,4,3
13406285,4921301,"Transporte rodoviário coletivo de passageiros, com itinerário fixo, municipal",10,2
56883820,2342701,Fabricação de azulejos e pisos,5,4
08110004,0810008,Extração de saibro e beneficiamento associado,1,1
06297912,4921301,"Transporte rodoviário coletivo de passageiros, com itinerário fixo, municipal",5,1
33072687,4929902,"Transporte rodoviário coletivo de passageiros, sob regime de fretamento, intermunicipal, interestadual e internacional",4,1
08673030,0810004,Extração de calcário e dolomita e beneficiamento associado,4,3
12181979,0161003,"Serviço de preparação de terreno, cultivo e colheita",1,1
13553578,4921301,"Transporte rodoviário coletivo de passageiros, com itinerário fixo, municipal",1,1
17332957,4921301,"Transporte rodoviário coletivo de passageiros, com itinerário fixo, municipal",1,1
09133731,0119907,Cultivo de melão,2,1
73992034,4679604,Comércio atacadista especializado de materiais de construção não especificados anteriormente,3,2
20842277,1922599,"Fabricação de outros produtos derivados do petróleo, exceto produtos do refino",1,1
20445120,4921301,"Transporte rodoviário coletivo de passageiros, com itinerário fixo, municipal",1,1
79053559,4930202,"Transporte rodoviário de carga, exceto produtos perigosos e mudanças, intermunicipal, interestadual e internacional",5,2
40217620,4211101,Construção de rodovias e ferrovias,3,1
88313457,4930203,Transporte rodoviário de produtos perigosos,9,3
07361576,4211101,Construção de rodovias e ferrovias,2,1
46096410,6810201,Compra e venda de imóveis próprios,1,1
08100152,4930202,"Transporte rodoviário de carga, exceto produtos perigosos e mudanças, intermunicipal, interestadual e internacional",4,1
45293275,4663000,Comércio atacadista de Máquinas e equipamentos para uso industrial; partes e peças,3,1
34632840,4929902,"Transporte rodoviário coletivo de passageiros, sob regime de fretamento, intermunicipal, interestadual e internacional",3,2
26614327,4120400,Construção de edifícios,5,2
41024043,4921301,"Transporte rodoviário coletivo de passageiros, com itinerário fixo, municipal",2,2
00000055,7490101,"Serviços de tradução, interpretação e similares",1,1
00000098,4520001,Serviços de manutenção e reparação mecânica de veículos automotores,1,1
34486076,5021102,"Transporte por navegação interior de carga, intermunicipal, interestadual e internacional, exceto travessia",5,4
00003635,6209100,"Suporte técnico, manutenção e outros serviços em tecnologia da informação",2,1
01005875,0810099,Extração e britamento de pedras e outros materiais para construção e beneficiamento associado,2,2
06718969,4921301,"Transporte rodoviário coletivo de passageiros, com itinerário fixo, municipal",1,1
37457942,2710402,"Fabricação de transformadores, indutores, conversores, sincronizadores e semelhantes, peças e acessórios",6,3
08614679,4921301,"Transporte rodoviário coletivo de passageiros, com itinerário fixo, municipal",1,1
16127441,1012101,Abate de aves,2,2
00000091,4789099,Comércio varejista de outros produtos não especificados anteriormente,1,1
07110546,4930202,"Transporte rodoviário de carga, exceto produtos perigosos e mudanças, intermunicipal, interestadual e internacional",2,2
80326143,3900500,Descontaminação e outros serviços de gestão de resíduos,1,1
08086122,4530703,Comércio a varejo de peças e acessórios novos para veículos automotores,5,1
09454009,4930202,"Transporte rodoviário de carga, exceto produtos perigosos e mudanças, intermunicipal, interestadual e internacional",3,1
08581205,0139305,Cultivo de dendê,9,2
11782436,2342702,"Fabricação de artefatos de cerâmica e barro cozido para uso na construção, exceto azulejos e pisos",1,1
78106754,4211101,Construção de rodovias e ferrovias,3,2
15090690,5221400,"Concessionárias de rodovias, pontes, túneis e serviços relacionados",3,1
34589564,4929901,"Transporte rodoviário coletivo de passageiros, sob regime de fretamento, municipal",2,1
19119357,4930201,"Transporte rodoviário de carga, exceto produtos perigosos e mudanças, municipal.",1,1
24618789,4520001,Serviços de manutenção e reparação mecânica de veículos automotores,1,1
01170800,4681802,Comércio atacadista de combustíveis realizado por transportador retalhista (T.R.R.),5,1
33443860,0600001,Extração de petróleo e gás natural,4,2
27958067,4921302,"Transporte rodoviário coletivo de passageiros, com itinerário fixo, intermunicipal em região metropolitana",1,1
30647870,4637104,"Comércio atacadista de pães, bolos, biscoitos e similares",5,3
48132276,4520001,Serviços de manutenção e reparação mecânica de veículos automotores,1,1
06948119,4930202,"Transporte rodoviário de carga, exceto produtos perigosos e mudanças, intermunicipal, interestadual e internacional",4,1
37978223,3511501,Geração de energia elétrica,2,1
22950726,4744099,Comércio varejista de materiais de construção em geral,3,2
56008934,4930202,"Transporte rodoviário de carga, exceto produtos perigosos e mudanças, intermunicipal, interestadual e internacional",1,1
16733677,4723700,Comércio varejista de bebidas,2,2
07877700,4930203,Transporte rodoviário de produtos perigosos,4,1
07687696,4930201,"Transporte rodoviário de carga, exceto produtos perigosos e mudanças, municipal.",4,1
00076105,8130300,Atividades paisagísticas,1,1
02894373,4921301,"Transporte rodoviário coletivo de passageiros, com itinerário fixo, municipal",2,1
02490073,2330305,Preparação de massa de concreto e argamassa para construção,1,1
04669925,4929901,"Transporte rodoviário coletivo de passageiros, sob regime de fretamento, municipal",2,2
46020863,2822402,"Fabricação de máquinas, equipamentos e aparelhos para transporte e elevação de cargas, peças e acessórios",1,1
86377025,2829199,"Fabricação de outras máquinas e equipamentos de uso geral não especificados anteriormente, peças e acessórios",1,1
30661276,4930202,"Transporte rodoviário de carga, exceto produtos perigosos e mudanças, intermunicipal, interestadual e internacional",1,1
04194483,4930202,"Transporte rodoviário de carga, exceto produtos perigosos e mudanças, intermunicipal, interestadual e internacional",1,1
00074918,3312103,Manutenção e reparação de aparelhos eletromédicos e eletroterapêuticos e equipamentos de irradiação,1,1
21000344,1340501,"Estamparia e texturização em fios, tecidos, artefatos têxteis e peças do vestuário",7,6
37065430,4313400,Obras de terraplenagem,1,1
14746937,0810099,Extração e britamento de pedras e outros materiais para construção e beneficiamento associado,1,1
10687226,4921302,"Transporte rodoviário coletivo de passageiros, com itinerário fixo, intermunicipal em região metropolitana",3,2
40884405,7711000,Locação de automóveis sem condutor,8,2
10962228,3314712,Manutenção e reparação de tratores agrícolas,1,1
11427268,4313400,Obras de terraplenagem,1,1
07392106,4921301,"Transporte rodoviário coletivo de passageiros, com itinerário fixo, municipal",8,2
04266704,4679601,"Comércio atacadista de tintas, vernizes e similares",3,1
11744740,4930202,"Transporte rodoviário de carga, exceto produtos perigosos e mudanças, intermunicipal, interestadual e internacional",1,1
14907194,5231102,Atividades do Operador Portuário,2,1
17480550,4930202,"Transporte rodoviário de carga, exceto produtos perigosos e mudanças, intermunicipal, interestadual e internacional",1,1
06979521,2229302,Fabricação de artefatos de material plástico para usos industriais,5,2
66994450,4929902,"Transporte rodoviário coletivo de passageiros, sob regime de fretamento, intermunicipal, interestadual e internacional",4,3
20556396,4313400,Obras de terraplenagem,2,1
21872101,0311602,Pesca de crustáceos e moluscos em água salgada,12,4
11031202,4921301,"Transporte rodoviário coletivo de passageiros, com itinerário fixo, municipal",5,1
00240698,4930202,"Transporte rodoviário de carga, exceto produtos perigosos e mudanças, intermunicipal, interestadual e internacional",8,1
18073887,4930202,"Transporte rodoviário de carga, exceto produtos perigosos e mudanças, intermunicipal, interestadual e internacional",4,1
06967872,3530100,"Produção e distribuição de vapor, água quente e ar condicionado",5,4
34636649,6810203,Loteamento de imóveis próprios,1,1
52889209,4930202,"Transporte rodoviário de carga, exceto produtos perigosos e mudanças, intermunicipal, interestadual e internacional",1,1
56309119,3811400,Coleta de resíduos não-perigosos,1,1
15527124,0134200,Cultivo de café,4,1
60821465,4211101,Construção de rodovias e ferrovias,1,1
07713983,4120400,Construção de edifícios,3,2
00000056,6209100,"Suporte técnico, manutenção e outros serviços em tecnologia da informação",1,1
05386318,3811400,Coleta de resíduos não-perigosos,3,2
02149861,4921301,"Transporte rodoviário coletivo de passageiros, com itinerário fixo, municipal",3,2
05797054,0899199,Extração de outros minerais não-metálicos não especificados anteriormente,1,1
22437735,4744099,Comércio varejista de materiais de construção em geral,2,1
28775179,4520001,Serviços de manutenção e reparação mecânica de veículos automotores,2,2
07154484,7739099,"Aluguel de outras máquinas e equipamentos comerciais e industriais não especificados anteriormente, sem operador",2,2
97324545,7711000,Locação de automóveis sem condutor,1,1
07161354,4921301,"Transporte rodoviário coletivo de passageiros, com itinerário fixo, municipal",1,1
70206339,4623109,Comércio atacadista de alimentos para animais,1,1
54691100,4313400,Obras de terraplenagem,1,1
00122241,2930101,"Fabricação de cabines, carrocerias e reboques para caminhões",1,1
28039121,4921301,"Transporte rodoviário coletivo de passageiros, com itinerário fixo, municipal",1,1
08927050,4921301,"Transporte rodoviário coletivo de passageiros, com itinerário fixo, municipal",1,1
08691136,4921302,"Transporte rodoviário coletivo de passageiros, com itinerário fixo, intermunicipal em região metropolitana",7,1
14563317,4930202,"Transporte rodoviário de carga, exceto produtos perigosos e mudanças, intermunicipal, interestadual e internacional",5,1
21823063,0990402,Atividades de apoio à extração de minerais metálicos não-ferrosos,3,2
23031289,5021102,"Transporte por navegação interior de carga, intermunicipal, interestadual e internacional, exceto travessia",4,1
32432542,4313400,Obras de terraplenagem,1,1
33673701,4921301,"Transporte rodoviário coletivo de passageiros, com itinerário fixo, municipal",1,1
00894402,4120400,Construção de edifícios,4,2
03454838,4691500,"Comércio atacadista de mercadorias em geral, com predominância de produtos alimentícios",4,3
17155276,2651500,"Fabricação de aparelhos e equipamentos de medida, teste e controle",8,5
00625283,0810006,"Extração de areia, cascalho ou pedregulho e beneficiamento associado",2,1
00853416,4679699,Comércio atacadista de materiais de construção em geral,1,1
02771116,4921301,"Transporte rodoviário coletivo de passageiros, com itinerário fixo, municipal",1,1
53389953,0810006,"Extração de areia, cascalho ou pedregulho e beneficiamento associado",1,1
00194214,4921301,"Transporte rodoviário coletivo de passageiros, com itinerário fixo, municipal",6,1
00000040,4520001,Serviços de manutenção e reparação mecânica de veículos automotores,1,1
05777322,3839499,Recuperação de materiais não especificados anteriormente,2,2
21551726,4922101,"Transporte rodoviário coletivo de passageiros, com itinerário fixo, intermunicipal, exceto em região metropolitana",1,1
20301933,4681802,Comércio atacadista de combustíveis realizado por transportador retalhista (T.R.R.),2,1
02130278,2829199,"Fabricação de outras máquinas e equipamentos de uso geral não especificados anteriormente, peças e acessórios",3,2
10403741,4520001,Serviços de manutenção e reparação mecânica de veículos automotores,1,1
10728404,4921301,"Transporte rodoviário coletivo de passageiros, com itinerário fixo, municipal",1,1
13566860,4744099,Comércio varejista de materiais de construção em geral,2,1
11447344,0161003,"Serviço de preparação de terreno, cultivo e colheita",1,1
17994551,4530703,Comércio a varejo de peças e acessórios novos para veículos automotores,1,1
21642529,4930202,"Transporte rodoviário de carga, exceto produtos perigosos e mudanças, intermunicipal, interestadual e internacional",2,1
40926628,4921301,"Transporte rodoviário coletivo de passageiros, com itinerário fixo, municipal",2,1
15874625,1020102,"Fabricação de conservas de peixes, crustáceos e moluscos",3,3
32205185,4211101,Construção de rodovias e ferrovias,1,1
41414499,4681802,Comércio atacadista de combustíveis realizado por transportador retalhista (T.R.R.),1,1
24204979,4930202,"Transporte rodoviário de carga, exceto produtos perigosos e mudanças, intermunicipal, interestadual e internacional",2,1
58752131,4921301,"Transporte rodoviário coletivo de passageiros, com itinerário fixo, municipal",1,1
00000005,9609202,Agências matrimoniais,1,1
03977401,7711000,Locação de automóveis sem condutor,1,1
06251971,0810004,Extração de calcário e dolomita e beneficiamento associado,1,1
03007590,0810099,Extração e britamento de pedras e outros materiais para construção e beneficiamento associado,2,1
07019511,2651500,"Fabricação de aparelhos e equipamentos de medida, teste e controle",1,1
07815327,2342702,"Fabricação de artefatos de cerâmica e barro cozido para uso na construção, exceto azulejos e pisos",1,1
05505281,1072401,Fabricação de açúcar de cana refinado,1,1
04071154,2539001,"Serviços de usinagem, tornearia e solda",1,1
10875713,4930202,"Transporte rodoviário de carga, exceto produtos perigosos e mudanças, intermunicipal, interestadual e internacional",1,1
12919786,5231102,Atividades do Operador Portuário,1,1
17966898,3831999,"Recuperação de materiais metálicos, exceto alumínio",1,1
09273218,2710401,"Fabricação de geradores de corrente contínua e alternada, peças e acessórios",1,1
23908995,0810009,Extração de basalto e beneficiamento associado,2,2
26335879,4759899,Comércio varejista de outros artigos de uso pessoal e doméstico não especificados anteriormente,1,1
34554478,0133410,Cultivo de manga,2,1
34790251,0139306,Cultivo de seringueira,1,1
16935745,0134200,Cultivo de café,2,1
61241658,0810099,Extração e britamento de pedras e outros materiais para construção e beneficiamento associado,1,1
00000019,7020400,"Atividades de consultoria em gestão empresarial, exceto consultoria técnica específica",1,1
00019110,4530704,Comércio a varejo de peças e acessórios usados para veículos automotores,1,1
12216168,2019399,Fabricação de outros produtos químicos inorgânicos não especificados anteriormente,1,1
21455800,4313400,Obras de terraplenagem,1,1
17210644,8211300,Serviços combinados de escritório e apoio administrativo,2,2
42428734,4930203,Transporte rodoviário de produtos perigosos,1,1
43635526,0810005,Extração de gesso e caulim,1,1
46155662,5231102,Atividades do Operador Portuário,1,1
34972075,4912403,Transporte metroviário,1,1
08039420,4930201,"Transporte rodoviário de carga, exceto produtos perigosos e mudanças, municipal.",1,1
06250109,0810099,Extração e britamento de pedras e outros materiais para construção e beneficiamento associado,1,1
05352496,4921301,"Transporte rodoviário coletivo de passageiros, com itinerário fixo, municipal",1,1
13776699,2320600,Fabricação de cimento,1,1
12336613,4661300,"Comércio atacadista de máquinas, aparelhos e equipamentos para uso agropecuário; partes e peças",1,1
31846208,3511501,Geração de energia elétrica,1,1
61970279,4211101,Construção de rodovias e ferrovias,1,1
00000025,9430800,Atividades de associações de defesa de direitos sociais,1,1
00000069,6619399,Outras atividades auxiliares dos serviços financeiros não especificadas anteriormente,1,1
00008306,4632001,Comércio atacadista de cereais e leguminosas beneficiados,1,1
05432316,4921301,"Transporte rodoviário coletivo de passageiros, com itinerário fixo, municipal",1,1
16366368,9329899,Outras atividades de recreação e lazer não especificadas anteriormente,1,1
50318451,4520001,Serviços de manutenção e reparação mecânica de veículos automotores,1,1
01044153,4313400,Obras de terraplenagem,1,1
17780545,0810099,Extração e britamento de pedras e outros materiais para construção e beneficiamento associado,1,1
08920894,4921301,"Transporte rodoviário coletivo de passageiros, com itinerário fixo, municipal",1,1
32265456,2330302,Fabricação de artefatos de cimento para uso na construção,1,1
00003058,7911200,Agências de viagens,1,1
00000087,9313100,Atividades de condicionamento físico,1,1
41823170,4921301,"Transporte rodoviário coletivo de passageiros, com itinerário fixo, municipal",2,1
07524328,4930202,"Transporte rodoviário de carga, exceto produtos perigosos e mudanças, intermunicipal, interestadual e internacional",1,1
07786727,3831901,Recuperação de sucatas de alumínio,1,1
09354457,4922101,"Transporte rodoviário coletivo de passageiros, com itinerário fixo, intermunicipal, exceto em região metropolitana",1,1
08395149,4930202,"Transporte rodoviário de carga, exceto produtos perigosos e mudanças, intermunicipal, interestadual e internacional",1,1
17168907,4211101,Construção de rodovias e ferrovias,11,3
05996097,5211701,Armazéns gerais - emissão de warrant,5,3
90471798,1061901,Beneficiamento de arroz,17,6
01967524,4930202,"Transporte rodoviário de carga, exceto produtos perigosos e mudanças, intermunicipal, interestadual e internacional",6,1
57312701,4930202,"Transporte rodoviário de carga, exceto produtos perigosos e mudanças, intermunicipal, interestadual e internacional",5,1
10780884,2330305,Preparação de massa de concreto e argamassa para construção,4,1
00795877,4930202,"Transporte rodoviário de carga, exceto produtos perigosos e mudanças, intermunicipal, interestadual e internacional",24,3
01956509,4930202,"Transporte rodoviário de carga, exceto produtos perigosos e mudanças, intermunicipal, interestadual e internacional",6,2
33873577,4299599,Outras obras de engenharia civil não especificadas anteriormente,10,1
08882806,4683400,"Comércio atacadista de defensivos agrícolas, adubos, fertilizantes e corretivos do solo",7,1
03302394,4930202,"Transporte rodoviário de carga, exceto produtos perigosos e mudanças, intermunicipal, interestadual e internacional",1,1
01909512,0810099,Extração e britamento de pedras e outros materiais para construção e beneficiamento associado,1,1
03614931,4530701,Comércio por atacado de peças e acessórios novos para veículos automotores,3,2
00139155,9430800,Atividades de associações de defesa de direitos sociais,3,3
02634915,2029100,Fabricação de produtos químicos orgânicos não especificados anteriormente,5,3
02574772,4930202,"Transporte rodoviário de carga, exceto produtos perigosos e mudanças, intermunicipal, interestadual e internacional",28,2
03989217,4744001,Comércio varejista de ferragens e ferramentas,32,6
04810813,4211101,Construção de rodovias e ferrovias,4,3
04898425,2320600,Fabricação de cimento,25,5
05073228,5232000,Atividades de agenciamento marítimo,2,2
05802590,4211101,Construção de rodovias e ferrovias,10,2
07207822,0810005,Extração de gesso e caulim,12,7
12213443,1064300,"Fabricação de farinha de milho e derivados, exceto óleos de milho",11,7
17159856,4211101,Construção de rodovias e ferrovias,84,9
17256140,4930202,"Transporte rodoviário de carga, exceto produtos perigosos e mudanças, intermunicipal, interestadual e internacional",12,2
19537752,7732201,"Aluguel de máquinas e equipamentos para construção sem operador, exceto andaimes",54,7
04322728,4930202,"Transporte rodoviário de carga, exceto produtos perigosos e mudanças, intermunicipal, interestadual e internacional",1,1
25634569,4922102,"Transporte rodoviário coletivo de passageiros, com itinerário fixo, interestadual",40,4
27497684,4722901,Comércio varejista de carnes - açougues,22,7
04354297,4930201,"Transporte rodoviário de carga, exceto produtos perigosos e mudanças, municipal.",1,1
29644432,4744004,"Comércio varejista de cal, areia, pedra britada, tijolos e telhas",16,7
40917346,4641903,Comércio atacadista de artigos de armarinho,10,3
45990181,2941700,Fabricação de peças e acessórios para o sistema motor de veículos automotores,35,10
46842894,4635402,"Comércio atacadista de cerveja, chope e refrigerante",24,5
47964911,1051100,Preparação do leite,54,11
19721208,4921301,"Transporte rodoviário coletivo de passageiros, com itinerário fixo, municipal",1,1
57507626,2029100,Fabricação de produtos químicos orgânicos não especificados anteriormente,60,15
60398369,4211101,Construção de rodovias e ferrovias,67,13
58569302,2710402,"Fabricação de transformadores, indutores, conversores, sincronizadores e semelhantes, peças e acessórios",1,1
00770488,4391600,Obras de fundações,3,1
77371789,4930202,"Transporte rodoviário de carga, exceto produtos perigosos e mudanças, intermunicipal, interestadual e internacional",28,6
83914598,4635499,Comércio atacadista de bebidas não especificadas anteriormente,6,5
86613403,4930202,"Transporte rodoviário de carga, exceto produtos perigosos e mudanças, intermunicipal, interestadual e internacional",43,4
89850341,1533500,Fabricação de calçados de material sintético,30,7
07393844,4687703,Comércio atacadista de resíduos e sucatas metálicos,2,1
49656192,2949299,Fabricação de outras peças e acessórios para veículos automotores não especificadas anteriormente,6,2
15378979,4299599,Outras obras de engenharia civil não especificadas anteriormente,7,3
05856869,4211101,Construção de rodovias e ferrovias,5,2
01480091,2211100,Fabricação de pneumáticos e de câmaras-de-ar,1,1
01676897,3511501,Geração de energia elétrica,25,5
02141279,4211101,Construção de rodovias e ferrovias,4,1
33295346,4921301,"Transporte rodoviário coletivo de passageiros, com itinerário fixo, municipal",12,3
53124228,4929902,"Transporte rodoviário coletivo de passageiros, sob regime de fretamento, intermunicipal, interestadual e internacional",3,2
07436109,3831901,Recuperação de sucatas de alumínio,4,1
08091140,0155501,Criação de frangos para corte,21,5
03656804,4744099,Comércio varejista de materiais de construção em geral,27,3
03685110,4921302,"Transporte rodoviário coletivo de passageiros, com itinerário fixo, intermunicipal em região metropolitana",7,4
04420916,4684299,Comércio atacadista de outros produtos químicos e petroquímicos não especificados anteriormente,29,5
09911217,4930202,"Transporte rodoviário de carga, exceto produtos perigosos e mudanças, intermunicipal, interestadual e internacional",5,1
80831696,4930202,"Transporte rodoviário de carga, exceto produtos perigosos e mudanças, intermunicipal, interestadual e internacional",8,1
10652115,4930201,"Transporte rodoviário de carga, exceto produtos perigosos e mudanças, municipal.",15,3
06030279,3812200,Coleta de resíduos perigosos,14,4
24897571,4679604,Comércio atacadista especializado de materiais de construção não especificados anteriormente,4,4
95257945,4211101,Construção de rodovias e ferrovias,10,4
02657017,7112000,Serviços de engenharia,20,1
15071146,4930202,"Transporte rodoviário de carga, exceto produtos perigosos e mudanças, intermunicipal, interestadual e internacional",6,1
21256870,0710301,Extração de minério de ferro,5,2
10791675,4211101,Construção de rodovias e ferrovias,6,4
58673450,4930202,"Transporte rodoviário de carga, exceto produtos perigosos e mudanças, intermunicipal, interestadual e internacional",13,2
09097534,0111301,Cultivo de arroz,7,2
18572225,5221400,"Concessionárias de rodovias, pontes, túneis e serviços relacionados",6,1
08512037,4930202,"Transporte rodoviário de carga, exceto produtos perigosos e mudanças, intermunicipal, interestadual e internacional",22,1
22399193,4921301,"Transporte rodoviário coletivo de passageiros, com itinerário fixo, municipal",1,1
19076404,3811400,Coleta de resíduos não-perigosos,14,3
06249791,4110700,Incorporação de empreendimentos imobiliários,12,3
03279710,4930202,"Transporte rodoviário de carga, exceto produtos perigosos e mudanças, intermunicipal, interestadual e internacional",15,3
08930868,2229303,"Fabricação de artefatos de material plástico para uso na construção, exceto tubos e acessórios",2,1
20217115,7112000,Serviços de engenharia,8,4
01676274,7990200,Serviços de reservas e outros serviços de turismo não especificados anteriormente,9,3
01791741,4684299,Comércio atacadista de outros produtos químicos e petroquímicos não especificados anteriormente,5,2
07298131,4930202,"Transporte rodoviário de carga, exceto produtos perigosos e mudanças, intermunicipal, interestadual e internacional",14,2
29949197,3321000,Instalação de máquinas e equipamentos industriais,1,1
01593699,4623199,Comércio atacadista de matérias-primas agrícolas não especificadas anteriormente,26,7
00636227,5231102,Atividades do Operador Portuário,7,3
59105262,4930202,"Transporte rodoviário de carga, exceto produtos perigosos e mudanças, intermunicipal, interestadual e internacional",25,4
29617631,2423702,"Produção de laminados longos de aço, exceto tubos",3,2
58130089,5250801,Comissaria de despachos,24,6
78817897,4623199,Comércio atacadista de matérias-primas agrícolas não especificadas anteriormente,36,5
02016507,3512300,Transmissão de energia elétrica,70,5
08380889,4921301,"Transporte rodoviário coletivo de passageiros, com itinerário fixo, municipal",10,4
00556594,1733800,Fabricação de chapas e de embalagens de papelão ondulado,6,4
16669681,4921301,"Transporte rodoviário coletivo de passageiros, com itinerário fixo, municipal",2,1
05099585,4684299,Comércio atacadista de outros produtos químicos e petroquímicos não especificados anteriormente,19,3
42585759,4732600,Comércio varejista de lubrificantes,1,1
77649283,4930202,"Transporte rodoviário de carga, exceto produtos perigosos e mudanças, intermunicipal, interestadual e internacional",32,3
21473590,8211300,Serviços combinados de escritório e apoio administrativo,4,3
25165699,4120400,Construção de edifícios,8,1
31923667,4921301,"Transporte rodoviário coletivo de passageiros, com itinerário fixo, municipal",3,2
09536473,2823200,"Fabricação de máquinas e aparelhos de refrigeração e ventilação para uso industrial e comercial, peças e acessórios",4,3
05975134,4930202,"Transporte rodoviário de carga, exceto produtos perigosos e mudanças, intermunicipal, interestadual e internacional",7,1
31366649,4930201,"Transporte rodoviário de carga, exceto produtos perigosos e mudanças, municipal.",2,1
26982634,7711000,Locação de automóveis sem condutor,9,2
55272823,8219999,Preparação de documentos e serviços especializados de apoio administrativo não especificados anteriormente,2,2
00000045,4330402,"Instalação de portas, janelas, tetos, divisórias e armários embutidos de qualquer material",1,1
04943858,4921301,"Transporte rodoviário coletivo de passageiros, com itinerário fixo, municipal",1,1
00006529,4774100,Comércio varejista de artigos de óptica,1,1
05565575,4930202,"Transporte rodoviário de carga, exceto produtos perigosos e mudanças, intermunicipal, interestadual e internacional",1,1
07207806,2399199,Fabricação de outros produtos de minerais não-metálicos não especificados anteriormente,10,3
08331340,2320600,Fabricação de cimento,13,4
16813461,0710301,Extração de minério de ferro,13,4
33841727,8211300,Serviços combinados de escritório e apoio administrativo,22,4
49218936,4744001,Comércio varejista de ferragens e ferramentas,2,2
57700916,4930202,"Transporte rodoviário de carga, exceto produtos perigosos e mudanças, intermunicipal, interestadual e internacional",24,2
79851648,4921302,"Transporte rodoviário coletivo de passageiros, com itinerário fixo, intermunicipal em região metropolitana",36,6
41302357,4685100,"Comércio atacadista de produtos siderúrgicos e metalúrgicos, exceto para construção",1,1
92341312,4644302,Comércio atacadista de medicamentos e drogas de uso veterinário,17,5
46986451,0810004,Extração de calcário e dolomita e beneficiamento associado,6,4
52492006,4930203,Transporte rodoviário de produtos perigosos,8,2
32740490,4731800,Comércio varejista de combustíveis para veículos automotores,3,1
01201041,4683400,"Comércio atacadista de defensivos agrícolas, adubos, fertilizantes e corretivos do solo",6,3
76578202,4681802,Comércio atacadista de combustíveis realizado por transportador retalhista (T.R.R.),6,2
02104496,4930203,Transporte rodoviário de produtos perigosos,1,1
04416935,3512300,Transmissão de energia elétrica,3,1
65482200,3319800,Manutenção e reparação de equipamentos e produtos não especificados anteriormente,4,2
08481450,0131800,Cultivo de laranja,6,1
10431501,3511501,Geração de energia elétrica,3,1
75528208,4921301,"Transporte rodoviário coletivo de passageiros, com itinerário fixo, municipal",6,2
17211601,0810099,Extração e britamento de pedras e outros materiais para construção e beneficiamento associado,2,1
17200920,3511501,Geração de energia elétrica,7,1
19022732,4744001,Comércio varejista de ferragens e ferramentas,1,1
22224520,7739099,"Aluguel de outras máquinas e equipamentos comerciais e industriais não especificados anteriormente, sem operador",2,1
55154371,4930202,"Transporte rodoviário de carga, exceto produtos perigosos e mudanças, intermunicipal, interestadual e internacional",6,2
16482121,0729405,"Beneficiamento de minérios de cobre, chumbo, zinco e outros minerais metálicos não-ferrosos não especificados anteriormente",3,2
19221229,4930202,"Transporte rodoviário de carga, exceto produtos perigosos e mudanças, intermunicipal, interestadual e internacional",1,1
20664473,4930202,"Transporte rodoviário de carga, exceto produtos perigosos e mudanças, intermunicipal, interestadual e internacional",1,1
27417612,2399199,Fabricação de outros produtos de minerais não-metálicos não especificados anteriormente,1,1
27745320,4930202,"Transporte rodoviário de carga, exceto produtos perigosos e mudanças, intermunicipal, interestadual e internacional",6,2
09005062,4930202,"Transporte rodoviário de carga, exceto produtos perigosos e mudanças, intermunicipal, interestadual e internacional",8,1
05267176,1020102,"Fabricação de conservas de peixes, crustáceos e moluscos",3,2
32431033,4930202,"Transporte rodoviário de carga, exceto produtos perigosos e mudanças, intermunicipal, interestadual e internacional",4,1
37764079,0141501,"Produção de sementes certificadas, exceto de forrageiras para pasto",8,4
44553754,4291000,"Obras portuárias, marítimas e fluviais",2,1
02879936,4930201,"Transporte rodoviário de carga, exceto produtos perigosos e mudanças, municipal.",4,3
35434905,7739099,"Aluguel de outras máquinas e equipamentos comerciais e industriais não especificados anteriormente, sem operador",4,1
49472451,4221902,Construção de estações e redes de distribuição de energia elétrica,2,1
13778875,4930201,"Transporte rodoviário de carga, exceto produtos perigosos e mudanças, municipal.",3,1
46461379,4930202,"Transporte rodoviário de carga, exceto produtos perigosos e mudanças, intermunicipal, interestadual e internacional",1,1
22332830,4924800,Transporte escolar,4,3
00002691,6912500,Cartórios,1,1
93123032,4930203,Transporte rodoviário de produtos perigosos,5,2
04011297,4313400,Obras de terraplenagem,6,2
02400001,4930203,Transporte rodoviário de produtos perigosos,8,1
05882470,4930202,"Transporte rodoviário de carga, exceto produtos perigosos e mudanças, intermunicipal, interestadual e internacional",1,1
00910456,3701100,Gestão de redes de esgoto,1,1
17698002,4921301,"Transporte rodoviário coletivo de passageiros, com itinerário fixo, municipal",3,1
54361175,2029100,Fabricação de produtos químicos orgânicos não especificados anteriormente,3,2
01991046,2342702,"Fabricação de artefatos de cerâmica e barro cozido para uso na construção, exceto azulejos e pisos",1,1
85393783,4930202,"Transporte rodoviário de carga, exceto produtos perigosos e mudanças, intermunicipal, interestadual e internacional",5,1
31463078,4921301,"Transporte rodoviário coletivo de passageiros, com itinerário fixo, municipal",1,1
76295344,3101200,Fabricação de móveis com predominância de madeira,4,1
05487758,3313999,"Manutenção e reparação de máquinas, aparelhos e materiais elétricos não especificados anteriormente",2,2
04754815,5030101,Navegação de apoio marítimo,2,1
29913399,4921302,"Transporte rodoviário coletivo de passageiros, com itinerário fixo, intermunicipal em região metropolitana",1,1
07682525,4930202,"Transporte rodoviário de carga, exceto produtos perigosos e mudanças, intermunicipal, interestadual e internacional",1,1
06982752,3511501,Geração de energia elétrica,2,1
09337839,3511501,Geração de energia elétrica,1,1
09470092,1721400,Fabricação de papel,7,4
05826986,1011201,Frigorífico - abate de bovinos,17,7
21146066,7711000,Locação de automóveis sem condutor,1,1
08583456,3512300,Transmissão de energia elétrica,5,1
10738611,4313400,Obras de terraplenagem,3,3
12082943,2930101,"Fabricação de cabines, carrocerias e reboques para caminhões",3,1
16896097,0810004,Extração de calcário e dolomita e beneficiamento associado,1,1
29300403,2869100,"Fabricação de máquinas e equipamentos para uso industrial específico não especificados anteriormente, peças e acessórios",1,1
32161582,0111302,Cultivo de milho,2,2
41542250,8411600,Administração pública em geral,1,1
19739564,4211101,Construção de rodovias e ferrovias,15,2
49401457,5211799,"Depósitos de mercadorias para terceiros, exceto armazéns gerais e guarda-móveis",3,2
41785833,0710301,Extração de minério de ferro,5,3
21579836,4922102,"Transporte rodoviário coletivo de passageiros, com itinerário fixo, interestadual",3,2
14335163,3314717,"Manutenção e reparação de máquinas e equipamentos de terraplenagem, pavimentação e construção, exceto tratores",2,2
04697636,4930202,"Transporte rodoviário de carga, exceto produtos perigosos e mudanças, intermunicipal, interestadual e internacional",6,1
15147369,4930202,"Transporte rodoviário de carga, exceto produtos perigosos e mudanças, intermunicipal, interestadual e internacional",3,1
00078564,1063500,Fabricação de farinha de mandioca e derivados,1,1
00509884,4930202,"Transporte rodoviário de carga, exceto produtos perigosos e mudanças, intermunicipal, interestadual e internacional",2,1
01659904,0891600,"Extração de minerais para fabricação de adubos, fertilizantes e outros produtos químicos",3,1
00672491,4930202,"Transporte rodoviário de carga, exceto produtos perigosos e mudanças, intermunicipal, interestadual e internacional",3,1
04784896,4930202,"Transporte rodoviário de carga, exceto produtos perigosos e mudanças, intermunicipal, interestadual e internacional",4,1
31541824,3314707,Manutenção e reparação de máquinas e aparelhos de refrigeração e ventilação para uso industrial e comercial,5,2
42898528,0810006,"Extração de areia, cascalho ou pedregulho e beneficiamento associado",2,1
01444304,4930202,"Transporte rodoviário de carga, exceto produtos perigosos e mudanças, intermunicipal, interestadual e internacional",1,1
03082308,2392300,Fabricação de cal e gesso,1,1
86938446,4639701,Comércio atacadista de produtos alimentícios em geral,1,1
08859671,0724302,Beneficiamento de minério de metais preciosos,3,2
10624668,7732201,"Aluguel de máquinas e equipamentos para construção sem operador, exceto andaimes",1,1
13022072,4930202,"Transporte rodoviário de carga, exceto produtos perigosos e mudanças, intermunicipal, interestadual e internacional",5,1
13579819,4299599,Outras obras de engenharia civil não especificadas anteriormente,1,1
09147254,4511101,"Comércio a varejo de automóveis, camionetas e utilitários novos",2,1
01362266,4930201,"Transporte rodoviário de carga, exceto produtos perigosos e mudanças, municipal.",5,5
33230341,4930202,"Transporte rodoviário de carga, exceto produtos perigosos e mudanças, intermunicipal, interestadual e internacional",2,1
32625852,4789099,Comércio varejista de outros produtos não especificados anteriormente,1,1
45701942,0810006,"Extração de areia, cascalho ou pedregulho e beneficiamento associado",4,1
07249377,0899199,Extração de outros minerais não-metálicos não especificados anteriormente,2,1
18654798,0810099,Extração e britamento de pedras e outros materiais para construção e beneficiamento associado,4,2
07068224,4691500,"Comércio atacadista de mercadorias em geral, com predominância de produtos alimentícios",2,1
13527585,4921301,"Transporte rodoviário coletivo de passageiros, com itinerário fixo, municipal",3,1
29336278,4921302,"Transporte rodoviário coletivo de passageiros, com itinerário fixo, intermunicipal em região metropolitana",3,1
83698860,0151201,Criação de bovinos para corte,7,1
62944004,2866600,"Fabricação de máquinas e equipamentos para a indústria do plástico, peças e acessórios",1,1
12059549,4922101,"Transporte rodoviário coletivo de passageiros, com itinerário fixo, intermunicipal, exceto em região metropolitana",2,1
90149055,4921301,"Transporte rodoviário coletivo de passageiros, com itinerário fixo, municipal",1,1
00653149,2399199,Fabricação de outros produtos de minerais não-metálicos não especificados anteriormente,4,1
05498436,4930202,"Transporte rodoviário de carga, exceto produtos perigosos e mudanças, intermunicipal, interestadual e internacional",1,1
07549168,8422100,Defesa,2,1
14593521,7739099,"Aluguel de outras máquinas e equipamentos comerciais e industriais não especificados anteriormente, sem operador",2,2
08247387,0113000,Cultivo de cana-de-açúcar,2,1
05870208,4921302,"Transporte rodoviário coletivo de passageiros, com itinerário fixo, intermunicipal em região metropolitana",2,1
11243817,4929902,"Transporte rodoviário coletivo de passageiros, sob regime de fretamento, intermunicipal, interestadual e internacional",3,2
13191431,1041400,"Fabricação de óleos vegetais em bruto, exceto óleo de milho",4,2
19979914,8211300,Serviços combinados de escritório e apoio administrativo,2,1
17447589,1921700,Fabricação de produtos do refino de petróleo,1,1
15743303,3511501,Geração de energia elétrica,1,1
09020353,4211101,Construção de rodovias e ferrovias,2,1
12924624,4120400,Construção de edifícios,5,1
06562219,0810099,Extração e britamento de pedras e outros materiais para construção e beneficiamento associado,4,3
43768512,5030101,Navegação de apoio marítimo,1,1
47015663,7732201,"Aluguel de máquinas e equipamentos para construção sem operador, exceto andaimes",1,1
47962823,4391600,Obras de fundações,1,1
00000077,9601701,Lavanderias,1,1
00062930,4774100,Comércio varejista de artigos de óptica,1,1
02786494,0810099,Extração e britamento de pedras e outros materiais para construção e beneficiamento associado,2,1
05740287,4921301,"Transporte rodoviário coletivo de passageiros, com itinerário fixo, municipal",1,1
07255490,4921301,"Transporte rodoviário coletivo de passageiros, com itinerário fixo, municipal",2,1
02506261,4399104,Serviços de operação e fornecimento de equipamentos para transporte e elevação de cargas e pessoas para uso em obras,1,1
01295501,4930203,Transporte rodoviário de produtos perigosos,1,1
03076172,4921301,"Transporte rodoviário coletivo de passageiros, com itinerário fixo, municipal",3,1
61318333,4921301,"Transporte rodoviário coletivo de passageiros, com itinerário fixo, municipal",1,1
43204213,2944100,Fabricação de peças e acessórios para o sistema de direção e suspensão de veículos automotores,1,1
10984821,4921302,"Transporte rodoviário coletivo de passageiros, com itinerário fixo, intermunicipal em região metropolitana",2,1
26816447,4930203,Transporte rodoviário de produtos perigosos,2,2
00070647,4789099,Comércio varejista de outros produtos não especificados anteriormente,1,1
07854334,4742300,Comércio varejista de material elétrico,1,1
06007800,3812200,Coleta de resíduos perigosos,4,2
12644621,2851800,"Fabricação de máquinas e equipamentos para a prospecção e extração de petróleo, peças e acessórios",1,1
11686050,3511501,Geração de energia elétrica,2,1
15821899,3821100,Tratamento e disposição de resíduos não-perigosos,1,1
19094822,4930203,Transporte rodoviário de produtos perigosos,1,1
10703285,4930202,"Transporte rodoviário de carga, exceto produtos perigosos e mudanças, intermunicipal, interestadual e internacional",2,1
00356328,4211101,Construção de rodovias e ferrovias,2,1
27939668,4110700,Incorporação de empreendimentos imobiliários,3,2
28891664,4930202,"Transporte rodoviário de carga, exceto produtos perigosos e mudanças, intermunicipal, interestadual e internacional",1,1
41759096,5231102,Atividades do Operador Portuário,1,1
55329291,4930202,"Transporte rodoviário de carga, exceto produtos perigosos e mudanças, intermunicipal, interestadual e internacional",1,1
23075739,3811400,Coleta de resíduos não-perigosos,2,1
00000024,9430800,Atividades de associações de defesa de direitos sociais,1,1
00000081,8711502,Instituições de longa permanência para idosos,1,1
00000096,9491000,Atividades de organizações religiosas ou filosóficas,1,1
02053711,4120400,Construção de edifícios,1,1
04360246,4930202,"Transporte rodoviário de carga, exceto produtos perigosos e mudanças, intermunicipal, interestadual e internacional",1,1
06077708,4921302,"Transporte rodoviário coletivo de passageiros, com itinerário fixo, intermunicipal em região metropolitana",2,1
35483965,0111399,Cultivo de outros cereais não especificados anteriormente,2,1
20709374,1510600,Curtimento e outras preparações de couro,1,1
09302928,4921301,"Transporte rodoviário coletivo de passageiros, com itinerário fixo, municipal",1,1
01009473,2869100,"Fabricação de máquinas e equipamentos para uso industrial específico não especificados anteriormente, peças e acessórios",1,1
10404860,0810099,Extração e britamento de pedras e outros materiais para construção e beneficiamento associado,1,1
05553301,1011201,Frigorífico - abate de bovinos,3,1
14419108,0311601,Pesca de peixes em água salgada,1,1
09637088,3811400,Coleta de resíduos não-perigosos,1,1
25109805,4211101,Construção de rodovias e ferrovias,1,1
27212648,4110700,Incorporação de empreendimentos imobiliários,2,1
31356763,4930202,"Transporte rodoviário de carga, exceto produtos perigosos e mudanças, intermunicipal, interestadual e internacional",1,1
38328918,4930201,"Transporte rodoviário de carga, exceto produtos perigosos e mudanças, municipal.",1,1
40270958,4930202,"Transporte rodoviário de carga, exceto produtos perigosos e mudanças, intermunicipal, interestadual e internacional",1,1
21407318,4930201,"Transporte rodoviário de carga, exceto produtos perigosos e mudanças, municipal.",2,1
46509104,0115600,Cultivo de soja,1,1
08531518,4930202,"Transporte rodoviário de carga, exceto produtos perigosos e mudanças, intermunicipal, interestadual e internacional",2,1
66575612,4211101,Construção de rodovias e ferrovias,1,1
00083287,8888888,Atividade Econônica não informada,1,1
13072388,4686902,Comércio atacadista de embalagens,1,1
04357905,4930202,"Transporte rodoviário de carga, exceto produtos perigosos e mudanças, intermunicipal, interestadual e internacional",2,1
19224134,4930202,"Transporte rodoviário de carga, exceto produtos perigosos e mudanças, intermunicipal, interestadual e internacional",1,1
45514922,4742300,Comércio varejista de material elétrico,1,1
54066339,2391503,"Aparelhamento de placas e execução de trabalhos em mármore, granito, ardósia e outras pedras",1,1
30075501,4921301,"Transporte rodoviário coletivo de passageiros, com itinerário fixo, municipal",1,1
04683393,4921301,"Transporte rodoviário coletivo de passageiros, com itinerário fixo, municipal",2,1
41235813,4399105,Perfuração e construção de poços de água,1,1
09007096,4929902,"Transporte rodoviário coletivo de passageiros, sob regime de fretamento, intermunicipal, interestadual e internacional",1,1
19224814,3811400,Coleta de resíduos não-perigosos,1,1
12335668,7732201,"Aluguel de máquinas e equipamentos para construção sem operador, exceto andaimes",1,1
19700243,0119909,Cultivo de tomate rasteiro,1,1
24471108,0810005,Extração de gesso e caulim,1,1
08633849,4930202,"Transporte rodoviário de carga, exceto produtos perigosos e mudanças, intermunicipal, interestadual e internacional",2,1
92783679,4921301,"Transporte rodoviário coletivo de passageiros, com itinerário fixo, municipal",1,1
05276312,1061902,Fabricação de produtos do arroz,1,1
03817070,4399199,Serviços especializados para construção não especificados anteriormente,2,1
00792706,4929902,"Transporte rodoviário coletivo de passageiros, sob regime de fretamento, intermunicipal, interestadual e internacional",1,1
13697410,7739099,"Aluguel de outras máquinas e equipamentos comerciais e industriais não especificados anteriormente, sem operador",2,2
10639435,2930101,"Fabricação de cabines, carrocerias e reboques para caminhões",1,1
38505151,3511501,Geração de energia elétrica,1,1
39649359,4211101,Construção de rodovias e ferrovias,1,1
40743674,3314799,Manutenção e reparação de outras máquinas e equipamentos para usos industriais não especificados anteriormente,1,1
04802920,4110700,Incorporação de empreendimentos imobiliários,1,1
77081909,4921301,"Transporte rodoviário coletivo de passageiros, com itinerário fixo, municipal",1,1
01513315,4313400,Obras de terraplenagem,1,1
02649132,4921301,"Transporte rodoviário coletivo de passageiros, com itinerário fixo, municipal",1,1
00005352,8888888,Atividade Econônica não informada,1,1
00005638,5611201,Restaurantes e similares,1,1
05276956,4930202,"Transporte rodoviário de carga, exceto produtos perigosos e mudanças, intermunicipal, interestadual e internacional",1,1
05705112,4930202,"Transporte rodoviário de carga, exceto produtos perigosos e mudanças, intermunicipal, interestadual e internacional",1,1
04285694,4929901,"Transporte rodoviário coletivo de passageiros, sob regime de fretamento, municipal",1,1
03013179,4921302,"Transporte rodoviário coletivo de passageiros, com itinerário fixo, intermunicipal em região metropolitana",1,1
60592375,4669999,Comércio atacadista de outras máquinas e equipamentos não especificados anteriormente; partes e peças,1,1
00830188,4930202,"Transporte rodoviário de carga, exceto produtos perigosos e mudanças, intermunicipal, interestadual e internacional",2,1
47283262,2710402,"Fabricação de transformadores, indutores, conversores, sincronizadores e semelhantes, peças e acessórios",1,1
07558179,1099604,Fabricação de gelo comum,1,1
20051181,0810099,Extração e britamento de pedras e outros materiais para construção e beneficiamento associado,1,1
22447684,4930202,"Transporte rodoviário de carga, exceto produtos perigosos e mudanças, intermunicipal, interestadual e internacional",37,2
00001180,3512300,Transmissão de energia elétrica,75,5
07078042,0131800,Cultivo de laranja,18,2
29067113,4399199,Serviços especializados para construção não especificados anteriormente,508,21
61139432,4930202,"Transporte rodoviário de carga, exceto produtos perigosos e mudanças, intermunicipal, interestadual e internacional",169,5
00913233,4511102,"Comércio a varejo de automóveis, camionetas e utilitários usados",5,1
20542013,4930201,"Transporte rodoviário de carga, exceto produtos perigosos e mudanças, municipal.",8,2
12901925,0210101,Cultivo de eucalipto,53,6
54360623,4922101,"Transporte rodoviário coletivo de passageiros, com itinerário fixo, intermunicipal, exceto em região metropolitana",125,12
81433765,4693100,"Comércio atacadista de mercadorias em geral, sem predominância de alimentos ou de insumos agropecuários",39,10
93384311,2211100,Fabricação de pneumáticos e de câmaras-de-ar,1,1
00158230,2330301,"Fabricação de estruturas pré-moldadas de concreto armado, em série e sob encomenda",1,1
00394452,8422100,Defesa,566,2
02019761,4679699,Comércio atacadista de materiais de construção em geral,7,3
02035105,4929902,"Transporte rodoviário coletivo de passageiros, sob regime de fretamento, intermunicipal, interestadual e internacional",17,5
02174951,0810004,Extração de calcário e dolomita e beneficiamento associado,7,3
03886930,4930202,"Transporte rodoviário de carga, exceto produtos perigosos e mudanças, intermunicipal, interestadual e internacional",2,1
02341470,3514000,Distribuição de energia elétrica,26,3
04813506,4930202,"Transporte rodoviário de carga, exceto produtos perigosos e mudanças, intermunicipal, interestadual e internacional",9,1
05820858,5229099,Outras atividades auxiliares dos transportes terrestres não especificadas anteriormente,4,2
08323347,4120400,Construção de edifícios,18,2
17428731,8012900,Atividades de transporte de valores,195,4
00951459,4771701,"Comércio varejista de produtos farmacêuticos, sem manipulação de fórmulas",11,5
25431024,4921301,"Transporte rodoviário coletivo de passageiros, com itinerário fixo, municipal",7,6
26917005,4684299,Comércio atacadista de outros produtos químicos e petroquímicos não especificados anteriormente,24,4
28672087,0230600,Atividades de apoio à produção florestal,63,12
28606630,8888888,Atividade Econônica não informada,49,3
30411573,4930202,"Transporte rodoviário de carga, exceto produtos perigosos e mudanças, intermunicipal, interestadual e internacional",8,1
32438772,4930202,"Transporte rodoviário de carga, exceto produtos perigosos e mudanças, intermunicipal, interestadual e internacional",44,2
32492373,4930202,"Transporte rodoviário de carga, exceto produtos perigosos e mudanças, intermunicipal, interestadual e internacional",56,7
33570797,4930202,"Transporte rodoviário de carga, exceto produtos perigosos e mudanças, intermunicipal, interestadual e internacional",11,3
18041863,4930202,"Transporte rodoviário de carga, exceto produtos perigosos e mudanças, intermunicipal, interestadual e internacional",5,3
02373517,5231102,Atividades do Operador Portuário,11,5
45007937,4922101,"Transporte rodoviário coletivo de passageiros, com itinerário fixo, intermunicipal, exceto em região metropolitana",97,3
48194609,4929902,"Transporte rodoviário coletivo de passageiros, sob regime de fretamento, intermunicipal, interestadual e internacional",6,4
60853942,2312500,Fabricação de embalagens de vidro,51,16
73704389,4930202,"Transporte rodoviário de carga, exceto produtos perigosos e mudanças, intermunicipal, interestadual e internacional",16,2
75173575,2829199,"Fabricação de outras máquinas e equipamentos de uso geral não especificados anteriormente, peças e acessórios",36,9
76610062,0899199,Extração de outros minerais não-metálicos não especificados anteriormente,41,6
76816792,4930202,"Transporte rodoviário de carga, exceto produtos perigosos e mudanças, intermunicipal, interestadual e internacional",8,1
04938407,4929902,"Transporte rodoviário coletivo de passageiros, sob regime de fretamento, intermunicipal, interestadual e internacional",1,1
07344272,4930202,"Transporte rodoviário de carga, exceto produtos perigosos e mudanças, intermunicipal, interestadual e internacional",4,4
26275420,4929902,"Transporte rodoviário coletivo de passageiros, sob regime de fretamento, intermunicipal, interestadual e internacional",13,5
30527352,0810099,Extração e britamento de pedras e outros materiais para construção e beneficiamento associado,1,1
00028399,9312300,"Clubes sociais, esportivos e similares",1,1
65107971,4929902,"Transporte rodoviário coletivo de passageiros, sob regime de fretamento, intermunicipal, interestadual e internacional",22,3
07072909,3512300,Transmissão de energia elétrica,2,1
10782639,2062200,Fabricação de produtos de limpeza e polimento,4,1
01904566,4930202,"Transporte rodoviário de carga, exceto produtos perigosos e mudanças, intermunicipal, interestadual e internacional",3,1
00021912,4530701,Comércio por atacado de peças e acessórios novos para veículos automotores,1,1
07283842,3511501,Geração de energia elétrica,6,2
02027952,4922101,"Transporte rodoviário coletivo de passageiros, com itinerário fixo, intermunicipal, exceto em região metropolitana",7,2
62862479,4687703,Comércio atacadista de resíduos e sucatas metálicos,10,2
93824563,4930202,"Transporte rodoviário de carga, exceto produtos perigosos e mudanças, intermunicipal, interestadual e internacional",7,2
07502787,4691500,"Comércio atacadista de mercadorias em geral, com predominância de produtos alimentícios",3,2
03400080,2811900,"Fabricação de motores e turbinas, peças e acessórios, exceto para aviões e veículos rodoviários",14,4
02600407,4211101,Construção de rodovias e ferrovias,2,1
51775690,2733300,"Fabricação de fios, cabos e condutores elétricos isolados",21,5
09059844,9412099,Outras atividades associativas profissionais,1,1
08245415,0131800,Cultivo de laranja,6,1
48584510,2539001,"Serviços de usinagem, tornearia e solda",3,3
10536371,4930202,"Transporte rodoviário de carga, exceto produtos perigosos e mudanças, intermunicipal, interestadual e internacional",1,1
05457125,4930202,"Transporte rodoviário de carga, exceto produtos perigosos e mudanças, intermunicipal, interestadual e internacional",13,5
10895989,8599604,Treinamento em desenvolvimento profissional e gerencial,1,1
11724547,4921301,"Transporte rodoviário coletivo de passageiros, com itinerário fixo, municipal",1,1
10302599,0724301,Extração de minério de metais preciosos,7,1
04706416,4679601,"Comércio atacadista de tintas, vernizes e similares",5,5
04335788,5229002,Serviços de reboque de veículos,4,2
03431716,4929901,"Transporte rodoviário coletivo de passageiros, sob regime de fretamento, municipal",9,2
13545808,0154700,Criação de suínos,5,1
10197621,4683400,"Comércio atacadista de defensivos agrícolas, adubos, fertilizantes e corretivos do solo",10,3
67890426,4930201,"Transporte rodoviário de carga, exceto produtos perigosos e mudanças, municipal.",9,2
14270041,4313400,Obras de terraplenagem,2,1
01106257,2229399,Fabricação de artefatos de material plástico para outros usos não especificados anteriormente,6,5
00494516,4313400,Obras de terraplenagem,2,1
08407920,3313901,"Manutenção e reparação de geradores, transformadores e motores elétricos",1,1
10554840,4921301,"Transporte rodoviário coletivo de passageiros, com itinerário fixo, municipal",3,1
03509978,2930101,"Fabricação de cabines, carrocerias e reboques para caminhões",68,2
11434993,3314707,Manutenção e reparação de máquinas e aparelhos de refrigeração e ventilação para uso industrial e comercial,1,1
14605065,5211701,Armazéns gerais - emissão de warrant,18,3
03721769,4634601,Comércio atacadista de carnes bovinas e suínas e derivados,19,6
88074364,4211101,Construção de rodovias e ferrovias,7,1
17750886,2099199,Fabricação de outros produtos químicos não especificados anteriormente,5,2
20658296,4110700,Incorporação de empreendimentos imobiliários,1,1
19792977,8211300,Serviços combinados de escritório e apoio administrativo,6,4
08093504,0810008,Extração de saibro e beneficiamento associado,2,2
21947956,4221903,Manutenção de redes de distribuição de energia elétrica,28,3
17091690,4930202,"Transporte rodoviário de carga, exceto produtos perigosos e mudanças, intermunicipal, interestadual e internacional",2,1
23096269,3511501,Geração de energia elétrica,4,3
07591258,0155505,Produção de ovos,10,4
12478298,4921302,"Transporte rodoviário coletivo de passageiros, com itinerário fixo, intermunicipal em região metropolitana",1,1
04702287,2330305,Preparação de massa de concreto e argamassa para construção,3,3
05219549,0810009,Extração de basalto e beneficiamento associado,3,2
00350232,4930202,"Transporte rodoviário de carga, exceto produtos perigosos e mudanças, intermunicipal, interestadual e internacional",16,3
26865909,4930202,"Transporte rodoviário de carga, exceto produtos perigosos e mudanças, intermunicipal, interestadual e internacional",4,1
24321382,0155505,Produção de ovos,9,4
06373063,4930202,"Transporte rodoviário de carga, exceto produtos perigosos e mudanças, intermunicipal, interestadual e internacional",7,1
02633583,4930202,"Transporte rodoviário de carga, exceto produtos perigosos e mudanças, intermunicipal, interestadual e internacional",24,2
33380561,4110700,Incorporação de empreendimentos imobiliários,1,1
27790783,0810006,"Extração de areia, cascalho ou pedregulho e beneficiamento associado",2,2
30442051,4683400,"Comércio atacadista de defensivos agrícolas, adubos, fertilizantes e corretivos do solo",14,5
41948065,3314717,"Manutenção e reparação de máquinas e equipamentos de terraplenagem, pavimentação e construção, exceto tratores",1,1
16836335,4930202,"Transporte rodoviário de carga, exceto produtos perigosos e mudanças, intermunicipal, interestadual e internacional",10,2
37813181,0141501,"Produção de sementes certificadas, exceto de forrageiras para pasto",1,1
29358153,6462000,Holdings de instituições não-financeiras,1,1
18627195,4647801,Comércio atacadista de artigos de escritório e de papelaria,19,3
56998438,4689301,"Comércio atacadista de produtos da extração mineral, exceto combustíveis",9,5
02373485,2330305,Preparação de massa de concreto e argamassa para construção,8,1
47075363,4511104,Comércio por atacado de caminhões novos e usados,25,2
45987062,2599399,Fabricação de outros produtos de metal não especificados anteriormente,17,4
52508742,0810099,Extração e britamento de pedras e outros materiais para construção e beneficiamento associado,1,1
17192048,2330305,Preparação de massa de concreto e argamassa para construção,9,3
17803300,4930202,"Transporte rodoviário de carga, exceto produtos perigosos e mudanças, intermunicipal, interestadual e internacional",20,2
57149146,5211701,Armazéns gerais - emissão de warrant,1,1
80432693,4930202,"Transporte rodoviário de carga, exceto produtos perigosos e mudanças, intermunicipal, interestadual e internacional",35,7
56959422,2511000,Fabricação de estruturas metálicas,4,1
01819550,4520001,Serviços de manutenção e reparação mecânica de veículos automotores,1,1
00456850,2342702,"Fabricação de artefatos de cerâmica e barro cozido para uso na construção, exceto azulejos e pisos",1,1
06751564,3104700,Fabricação de colchões,6,3
29915238,4921302,"Transporte rodoviário coletivo de passageiros, com itinerário fixo, intermunicipal em região metropolitana",3,1
33150608,4921301,"Transporte rodoviário coletivo de passageiros, com itinerário fixo, municipal",4,1
49612377,4930202,"Transporte rodoviário de carga, exceto produtos perigosos e mudanças, intermunicipal, interestadual e internacional",11,2
06341475,4313400,Obras de terraplenagem,2,1
02962425,2219600,Fabricação de artefatos de borracha não especificados anteriormente,4,3
76557867,4921301,"Transporte rodoviário coletivo de passageiros, com itinerário fixo, municipal",6,1
21574355,4921301,"Transporte rodoviário coletivo de passageiros, com itinerário fixo, municipal",1,1
69627727,2391501,"Britamento de pedras, exceto associado à extração",4,3
25385642,4313400,Obras de terraplenagem,8,2
81472243,2229302,Fabricação de artefatos de material plástico para usos industriais,3,3
84718741,1061901,Beneficiamento de arroz,15,4
50377159,0899199,Extração de outros minerais não-metálicos não especificados anteriormente,9,4
50479476,4921302,"Transporte rodoviário coletivo de passageiros, com itinerário fixo, intermunicipal em região metropolitana",6,3
76560275,4930202,"Transporte rodoviário de carga, exceto produtos perigosos e mudanças, intermunicipal, interestadual e internacional",8,1
02762121,5231102,Atividades do Operador Portuário,22,3
44343762,4929902,"Transporte rodoviário coletivo de passageiros, sob regime de fretamento, intermunicipal, interestadual e internacional",2,2
29330594,4921302,"Transporte rodoviário coletivo de passageiros, com itinerário fixo, intermunicipal em região metropolitana",1,1
33300971,0710301,Extração de minério de ferro,4,3
03237630,4930203,Transporte rodoviário de produtos perigosos,2,1
02191819,4722901,Comércio varejista de carnes - açougues,5,4
12024157,0134200,Cultivo de café,1,1
02216876,7020400,"Atividades de consultoria em gestão empresarial, exceto consultoria técnica específica",12,6
13431516,4930201,"Transporte rodoviário de carga, exceto produtos perigosos e mudanças, municipal.",5,2
14788520,4930202,"Transporte rodoviário de carga, exceto produtos perigosos e mudanças, intermunicipal, interestadual e internacional",1,1
00929059,4681802,Comércio atacadista de combustíveis realizado por transportador retalhista (T.R.R.),3,2
07955496,0131800,Cultivo de laranja,16,3
06146695,0810004,Extração de calcário e dolomita e beneficiamento associado,4,3
25158790,0810004,Extração de calcário e dolomita e beneficiamento associado,1,1
25318354,4687703,Comércio atacadista de resíduos e sucatas metálicos,1,1
21157133,0810099,Extração e britamento de pedras e outros materiais para construção e beneficiamento associado,1,1
09120837,4211101,Construção de rodovias e ferrovias,4,2
08688317,7739099,"Aluguel de outras máquinas e equipamentos comerciais e industriais não especificados anteriormente, sem operador",3,2
81451494,4930202,"Transporte rodoviário de carga, exceto produtos perigosos e mudanças, intermunicipal, interestadual e internacional",6,1
21421240,4930202,"Transporte rodoviário de carga, exceto produtos perigosos e mudanças, intermunicipal, interestadual e internacional",6,1
13053302,4930202,"Transporte rodoviário de carga, exceto produtos perigosos e mudanças, intermunicipal, interestadual e internacional",5,1
91399964,4921301,"Transporte rodoviário coletivo de passageiros, com itinerário fixo, municipal",2,1
27500978,4313400,Obras de terraplenagem,3,1
43493124,4930202,"Transporte rodoviário de carga, exceto produtos perigosos e mudanças, intermunicipal, interestadual e internacional",2,1
29829452,0910600,Atividades de apoio à extração de petróleo e gás natural,5,1
97417117,4921301,"Transporte rodoviário coletivo de passageiros, com itinerário fixo, municipal",6,1
05866984,2219600,Fabricação de artefatos de borracha não especificados anteriormente,9,4
14093288,4120400,Construção de edifícios,6,1
12447077,2399199,Fabricação de outros produtos de minerais não-metálicos não especificados anteriormente,3,2
58397379,4687702,"Comércio atacadista de resíduos e sucatas não-metálicos, exceto de papel e papelão",2,1
07881225,4930202,"Transporte rodoviário de carga, exceto produtos perigosos e mudanças, intermunicipal, interestadual e internacional",3,1
20146725,3312103,Manutenção e reparação de aparelhos eletromédicos e eletroterapêuticos e equipamentos de irradiação,4,1
00000023,6311900,"Tratamento de dados, provedores de serviços de aplicação e serviços de hospedagem na internet",1,1
00063471,1091102,Fabricação de produtos de padaria e confeitaria com predominância de produção própria,1,1
04073803,2710402,"Fabricação de transformadores, indutores, conversores, sincronizadores e semelhantes, peças e acessórios",1,1
55133094,2399199,Fabricação de outros produtos de minerais não-metálicos não especificados anteriormente,5,3
04873789,4930202,"Transporte rodoviário de carga, exceto produtos perigosos e mudanças, intermunicipal, interestadual e internacional",1,1
78261252,4930202,"Transporte rodoviário de carga, exceto produtos perigosos e mudanças, intermunicipal, interestadual e internacional",21,1
03221900,4921301,"Transporte rodoviário coletivo de passageiros, com itinerário fixo, municipal",3,3
30076475,4921301,"Transporte rodoviário coletivo de passageiros, com itinerário fixo, municipal",2,2
83663484,1041400,"Fabricação de óleos vegetais em bruto, exceto óleo de milho",8,5
04602431,4930203,Transporte rodoviário de produtos perigosos,2,1
01683837,4930202,"Transporte rodoviário de carga, exceto produtos perigosos e mudanças, intermunicipal, interestadual e internacional",1,1
03113347,0891600,"Extração de minerais para fabricação de adubos, fertilizantes e outros produtos químicos",3,3
44411353,5211701,Armazéns gerais - emissão de warrant,9,3
26582379,4930202,"Transporte rodoviário de carga, exceto produtos perigosos e mudanças, intermunicipal, interestadual e internacional",1,1
03662454,4681802,Comércio atacadista de combustíveis realizado por transportador retalhista (T.R.R.),1,1
07320618,4930202,"Transporte rodoviário de carga, exceto produtos perigosos e mudanças, intermunicipal, interestadual e internacional",1,1
13592743,4930202,"Transporte rodoviário de carga, exceto produtos perigosos e mudanças, intermunicipal, interestadual e internacional",2,1
20395342,0133402,Cultivo de banana,1,1
22553497,1610204,Serrarias sem desdobramento de madeira em bruto  -Resserragem,1,1
21559841,4921301,"Transporte rodoviário coletivo de passageiros, com itinerário fixo, municipal",1,1
18842271,4930202,"Transporte rodoviário de carga, exceto produtos perigosos e mudanças, intermunicipal, interestadual e internacional",1,1
15148375,7732201,"Aluguel de máquinas e equipamentos para construção sem operador, exceto andaimes",1,1
14608193,0810099,Extração e britamento de pedras e outros materiais para construção e beneficiamento associado,2,2
23468561,4789005,Comércio varejista de produtos saneantes domissanitários,1,1
34853469,4633801,"Comércio atacadista de frutas, verduras, raízes, tubérculos, hortaliças e legumes frescos",1,1
38056418,0322101,Criação de peixes em água doce,4,2
78175734,4930202,"Transporte rodoviário de carga, exceto produtos perigosos e mudanças, intermunicipal, interestadual e internacional",10,2
14381634,4930201,"Transporte rodoviário de carga, exceto produtos perigosos e mudanças, municipal.",5,3
50272748,0810099,Extração e britamento de pedras e outros materiais para construção e beneficiamento associado,2,1
08251405,2061400,Fabricação de sabões e detergentes sintéticos,9,3
07271007,4922101,"Transporte rodoviário coletivo de passageiros, com itinerário fixo, intermunicipal, exceto em região metropolitana",5,2
03691134,4213800,"Obras de urbanização - ruas, praças e calçadas",1,1
02737847,2851800,"Fabricação de máquinas e equipamentos para a prospecção e extração de petróleo, peças e acessórios",2,1
05756652,4921301,"Transporte rodoviário coletivo de passageiros, com itinerário fixo, municipal",1,1
04429533,4922101,"Transporte rodoviário coletivo de passageiros, com itinerário fixo, intermunicipal, exceto em região metropolitana",1,1
73514523,4120400,Construção de edifícios,1,1
36318624,7911200,Agências de viagens,1,1
54849682,4635401,Comércio atacadista de água mineral,3,2
65993339,4774100,Comércio varejista de artigos de óptica,2,2
33927294,0810099,Extração e britamento de pedras e outros materiais para construção e beneficiamento associado,1,1
63041479,0810099,Extração e britamento de pedras e outros materiais para construção e beneficiamento associado,4,2
09628926,4921301,"Transporte rodoviário coletivo de passageiros, com itinerário fixo, municipal",1,1
20287659,1932200,"Fabricação de biocombustíveis, exceto álcool",1,1
09606256,8422100,Defesa,2,1
10653596,2330301,"Fabricação de estruturas pré-moldadas de concreto armado, em série e sob encomenda",2,1
13513244,4930202,"Transporte rodoviário de carga, exceto produtos perigosos e mudanças, intermunicipal, interestadual e internacional",1,1
19151953,4930202,"Transporte rodoviário de carga, exceto produtos perigosos e mudanças, intermunicipal, interestadual e internacional",2,1
24607928,4930202,"Transporte rodoviário de carga, exceto produtos perigosos e mudanças, intermunicipal, interestadual e internacional",1,1
16925334,0810004,Extração de calcário e dolomita e beneficiamento associado,5,2
05514905,4211101,Construção de rodovias e ferrovias,4,1
07433529,4930202,"Transporte rodoviário de carga, exceto produtos perigosos e mudanças, intermunicipal, interestadual e internacional",3,1
32219620,7719599,"Locação de outros meios de transporte não especificados anteriormente, sem condutor",1,1
05458585,4687701,Comércio atacadista de resíduos de papel e papelão,4,2
42876993,0141501,"Produção de sementes certificadas, exceto de forrageiras para pasto",4,1
52006915,4930202,"Transporte rodoviário de carga, exceto produtos perigosos e mudanças, intermunicipal, interestadual e internacional",1,1
49044443,4930202,"Transporte rodoviário de carga, exceto produtos perigosos e mudanças, intermunicipal, interestadual e internacional",2,1
57464104,4929902,"Transporte rodoviário coletivo de passageiros, sob regime de fretamento, intermunicipal, interestadual e internacional",2,1
02003338,5231102,Atividades do Operador Portuário,6,2
68295795,3314710,Manutenção e reparação de máquinas e equipamentos para uso geral não especificados anteriormente,1,1
00000003,8711502,Instituições de longa permanência para idosos,1,1
05968684,4930202,"Transporte rodoviário de carga, exceto produtos perigosos e mudanças, intermunicipal, interestadual e internacional",1,1
17429671,4921301,"Transporte rodoviário coletivo de passageiros, com itinerário fixo, municipal",2,1
56182090,4120400,Construção de edifícios,3,2
01231646,4921302,"Transporte rodoviário coletivo de passageiros, com itinerário fixo, intermunicipal em região metropolitana",1,1
51470474,4663000,Comércio atacadista de Máquinas e equipamentos para uso industrial; partes e peças,2,2
52848868,2815102,"Fabricação de equipamentos de transmissão para fins industriais, exceto rolamentos",2,2
07624625,2330305,Preparação de massa de concreto e argamassa para construção,1,1
35283753,4921301,"Transporte rodoviário coletivo de passageiros, com itinerário fixo, municipal",1,1
11856283,1111901,Fabricação de aguardente de cana-de-açúcar,4,1
02639850,5231102,Atividades do Operador Portuário,2,1
15748239,6810201,Compra e venda de imóveis próprios,1,1
08185469,4930202,"Transporte rodoviário de carga, exceto produtos perigosos e mudanças, intermunicipal, interestadual e internacional",1,1
05492166,1011201,Frigorífico - abate de bovinos,2,1
11393570,1033301,"Fabricação de sucos concentrados de frutas, hortaliças e legumes",1,1
12141133,3839499,Recuperação de materiais não especificados anteriormente,5,3
09394905,3511501,Geração de energia elétrica,2,1
10277146,4649499,Comércio atacadista de outros equipamentos e artigos de uso pessoal e doméstico não especificados anteriormente,4,4
23704608,2731700,Fabricação de aparelhos e equipamentos para distribuição e controle de energia elétrica,1,1
08976495,3511501,Geração de energia elétrica,4,2
19867404,4299599,Outras obras de engenharia civil não especificadas anteriormente,1,1
30182548,4211101,Construção de rodovias e ferrovias,1,1
37440128,1013902,Preparação de subprodutos do abate,2,1
40770297,4930202,"Transporte rodoviário de carga, exceto produtos perigosos e mudanças, intermunicipal, interestadual e internacional",1,1
46534246,4313400,Obras de terraplenagem,2,2
46682861,9329899,Outras atividades de recreação e lazer não especificadas anteriormente,2,1
52873360,4313400,Obras de terraplenagem,1,1
59848063,4789099,Comércio varejista de outros produtos não especificados anteriormente,1,1
45086409,4679699,Comércio atacadista de materiais de construção em geral,1,1
00000004,8711502,Instituições de longa permanência para idosos,1,1
17245051,1412601,"Confecção de peças de vestuário, exceto roupas íntimas e as confeccionadas sob medida",2,2
28126720,4921301,"Transporte rodoviário coletivo de passageiros, com itinerário fixo, municipal",1,1
26500165,0810099,Extração e britamento de pedras e outros materiais para construção e beneficiamento associado,1,1
07941428,4921301,"Transporte rodoviário coletivo de passageiros, com itinerário fixo, municipal",1,1
06018322,4930202,"Transporte rodoviário de carga, exceto produtos perigosos e mudanças, intermunicipal, interestadual e internacional",1,1
30074561,4921301,"Transporte rodoviário coletivo de passageiros, com itinerário fixo, municipal",2,2
63455976,4211101,Construção de rodovias e ferrovias,1,1
05225198,4921301,"Transporte rodoviário coletivo de passageiros, com itinerário fixo, municipal",1,1
07063930,3511501,Geração de energia elétrica,2,2
10567693,1031700,Fabricação de conservas de frutas,2,2
10218169,4744004,"Comércio varejista de cal, areia, pedra britada, tijolos e telhas",1,1
08229161,2539002,Serviços de tratamento e revestimento em metais,2,2
18385072,2330399,"Fabricação de outros artefatos e produtos de concreto, cimento, fibrocimento, gesso e materiais semelhantes",1,1
37870576,3314712,Manutenção e reparação de tratores agrícolas,1,1
41820666,4930202,"Transporte rodoviário de carga, exceto produtos perigosos e mudanças, intermunicipal, interestadual e internacional",1,1
15153524,4789005,Comércio varejista de produtos saneantes domissanitários,2,1
01901632,4211101,Construção de rodovias e ferrovias,3,2
03327767,0810099,Extração e britamento de pedras e outros materiais para construção e beneficiamento associado,1,1
00067749,4641901,Comércio atacadista de tecidos,2,2
05769698,1312000,"Preparação e fiação de fibras têxteis naturais, exceto algodão",1,1
01251337,0810099,Extração e britamento de pedras e outros materiais para construção e beneficiamento associado,1,1
58312422,7711000,Locação de automóveis sem condutor,1,1
00000076,8112500,Condomínios prediais,1,1
04299154,4211101,Construção de rodovias e ferrovias,2,1
11390432,0810099,Extração e britamento de pedras e outros materiais para construção e beneficiamento associado,1,1
09202940,4632001,Comércio atacadista de cereais e leguminosas beneficiados,2,1
21807368,3839499,Recuperação de materiais não especificados anteriormente,1,1
25270244,5231102,Atividades do Operador Portuário,1,1
29639665,4930202,"Transporte rodoviário de carga, exceto produtos perigosos e mudanças, intermunicipal, interestadual e internacional",1,1
26484540,4930202,"Transporte rodoviário de carga, exceto produtos perigosos e mudanças, intermunicipal, interestadual e internacional",1,1
34778573,7719599,"Locação de outros meios de transporte não especificados anteriormente, sem condutor",1,1
42317705,3839499,Recuperação de materiais não especificados anteriormente,2,1
53779140,6810201,Compra e venda de imóveis próprios,1,1
30535186,4930202,"Transporte rodoviário de carga, exceto produtos perigosos e mudanças, intermunicipal, interestadual e internacional",2,1
00000043,9491000,Atividades de organizações religiosas ou filosóficas,1,1
00000027,7111100,Serviços de arquitetura,1,1
02038405,1031700,Fabricação de conservas de frutas,3,2
10465849,7911200,Agências de viagens,1,1
20688259,0210108,Produção de carvão vegetal - florestas plantadas,2,1
16692339,0810099,Extração e britamento de pedras e outros materiais para construção e beneficiamento associado,1,1
27976081,9411100,Atividades de organizações associativas patronais e empresariais,1,1
47466994,4930202,"Transporte rodoviário de carga, exceto produtos perigosos e mudanças, intermunicipal, interestadual e internacional",1,1
39769041,4637103,Comércio atacadista de óleos e gorduras,2,2
88276704,4922101,"Transporte rodoviário coletivo de passageiros, com itinerário fixo, intermunicipal, exceto em região metropolitana",1,1
09622478,0810099,Extração e britamento de pedras e outros materiais para construção e beneficiamento associado,1,1
10683835,0115600,Cultivo de soja,1,1
11603938,0134200,Cultivo de café,1,1
11610213,4930203,Transporte rodoviário de produtos perigosos,1,1
13987738,4930202,"Transporte rodoviário de carga, exceto produtos perigosos e mudanças, intermunicipal, interestadual e internacional",1,1
34114368,0141501,"Produção de sementes certificadas, exceto de forrageiras para pasto",1,1
38032217,2330305,Preparação de massa de concreto e argamassa para construção,1,1
48433739,4211101,Construção de rodovias e ferrovias,1,1
48446570,0131800,Cultivo de laranja,1,1
30094876,4922102,"Transporte rodoviário coletivo de passageiros, com itinerário fixo, interestadual",3,2
04001398,4924800,Transporte escolar,1,1
33373179,4930202,"Transporte rodoviário de carga, exceto produtos perigosos e mudanças, intermunicipal, interestadual e internacional",1,1
36356884,4789099,Comércio varejista de outros produtos não especificados anteriormente,1,1
03067571,4921301,"Transporte rodoviário coletivo de passageiros, com itinerário fixo, municipal",1,1
12613006,4921301,"Transporte rodoviário coletivo de passageiros, com itinerário fixo, municipal",1,1
00000592,8888888,Atividade Econônica não informada,1,1
00001469,5611203,"Lanchonetes, casas de chá, de sucos e similares",1,1
00001486,5611203,"Lanchonetes, casas de chá, de sucos e similares",1,1
00014104,0322101,Criação de peixes em água doce,1,1
00514564,7732201,"Aluguel de máquinas e equipamentos para construção sem operador, exceto andaimes",1,1
01251037,4930202,"Transporte rodoviário de carga, exceto produtos perigosos e mudanças, intermunicipal, interestadual e internacional",1,1
04746321,4922102,"Transporte rodoviário coletivo de passageiros, com itinerário fixo, interestadual",1,1
24143877,4929902,"Transporte rodoviário coletivo de passageiros, sob regime de fretamento, intermunicipal, interestadual e internacional",1,1
28279297,4921301,"Transporte rodoviário coletivo de passageiros, com itinerário fixo, municipal",1,1
17277617,4921301,"Transporte rodoviário coletivo de passageiros, com itinerário fixo, municipal",1,1
01675624,4687703,Comércio atacadista de resíduos e sucatas metálicos,1,1
04945686,4930202,"Transporte rodoviário de carga, exceto produtos perigosos e mudanças, intermunicipal, interestadual e internacional",8,2
00886257,9601703,Toalheiros,70,4
48400777,3512300,Transmissão de energia elétrica,6,1
49871213,4930203,Transporte rodoviário de produtos perigosos,109,4
07922794,0131800,Cultivo de laranja,45,4
26549889,4930202,"Transporte rodoviário de carga, exceto produtos perigosos e mudanças, intermunicipal, interestadual e internacional",16,2
02990334,1012101,Abate de aves,17,11
08324174,0151201,Criação de bovinos para corte,2,2
17221771,0210108,Produção de carvão vegetal - florestas plantadas,87,14
00000022,6311900,"Tratamento de dados, provedores de serviços de aplicação e serviços de hospedagem na internet",1,1
00002942,3101200,Fabricação de móveis com predominância de madeira,1,1
64232499,4930202,"Transporte rodoviário de carga, exceto produtos perigosos e mudanças, intermunicipal, interestadual e internacional",16,3
01834378,4930201,"Transporte rodoviário de carga, exceto produtos perigosos e mudanças, municipal.",1,1
00993264,4623199,Comércio atacadista de matérias-primas agrícolas não especificadas anteriormente,118,17
02102394,0810006,"Extração de areia, cascalho ou pedregulho e beneficiamento associado",2,2
01259730,5021102,"Transporte por navegação interior de carga, intermunicipal, interestadual e internacional, exceto travessia",6,2
01593821,2099199,Fabricação de outros produtos químicos não especificados anteriormente,24,7
01980404,4299599,Outras obras de engenharia civil não especificadas anteriormente,3,2
05616550,4929901,"Transporte rodoviário coletivo de passageiros, sob regime de fretamento, municipal",1,1
04628810,7711000,Locação de automóveis sem condutor,2,2
05699871,4634601,Comércio atacadista de carnes bovinas e suínas e derivados,13,4
07283054,4930201,"Transporte rodoviário de carga, exceto produtos perigosos e mudanças, municipal.",12,2
08481822,4731800,Comércio varejista de combustíveis para veículos automotores,2,2
10981488,4623109,Comércio atacadista de alimentos para animais,6,5
16695025,8424800,Segurança e ordem pública,186,3
17467515,1081302,Torrefação e moagem de café,51,12
00956574,5212500,Carga e descarga,2,2
23452196,4921302,"Transporte rodoviário coletivo de passageiros, com itinerário fixo, intermunicipal em região metropolitana",10,2
60723061,4631100,Comércio atacadista de leite e laticínios,591,18
66036146,4930202,"Transporte rodoviário de carga, exceto produtos perigosos e mudanças, intermunicipal, interestadual e internacional",7,1
41717984,4930202,"Transporte rodoviário de carga, exceto produtos perigosos e mudanças, intermunicipal, interestadual e internacional",8,1
42234005,0155501,Criação de frangos para corte,21,6
02797481,8211300,Serviços combinados de escritório e apoio administrativo,2,2
44993632,4922101,"Transporte rodoviário coletivo de passageiros, com itinerário fixo, intermunicipal, exceto em região metropolitana",195,11
92644483,4930202,"Transporte rodoviário de carga, exceto produtos perigosos e mudanças, intermunicipal, interestadual e internacional",24,2
04585921,4921301,"Transporte rodoviário coletivo de passageiros, com itinerário fixo, municipal",2,1
48600191,2811900,"Fabricação de motores e turbinas, peças e acessórios, exceto para aviões e veículos rodoviários",10,7
52771516,4921302,"Transporte rodoviário coletivo de passageiros, com itinerário fixo, intermunicipal em região metropolitana",194,5
56502560,2330302,Fabricação de artefatos de cimento para uso na construção,6,5
60603461,4930202,"Transporte rodoviário de carga, exceto produtos perigosos e mudanças, intermunicipal, interestadual e internacional",7,1
61082988,0210101,Cultivo de eucalipto,45,13
61451654,4642702,Comércio atacadista de roupas e acessórios para uso profissional e de segurança do trabalho,45,6
77184745,4930203,Transporte rodoviário de produtos perigosos,15,1
40775447,0892401,Extração de sal marinho,4,2
84683408,1351100,Fabricação de artefatos têxteis para uso doméstico,6,3
88668298,4930202,"Transporte rodoviário de carga, exceto produtos perigosos e mudanças, intermunicipal, interestadual e internacional",50,4
60997905,2840200,"Fabricação de máquinas-ferramenta, peças e acessórios",1,1
07263666,1811302,"Impressão de livros, revistas e outras publicações periódicas",3,2
07320386,1013902,Preparação de subprodutos do abate,3,3
50984681,4929902,"Transporte rodoviário coletivo de passageiros, sob regime de fretamento, intermunicipal, interestadual e internacional",8,2
13861430,8888888,Atividade Econônica não informada,3,2
06220490,0810004,Extração de calcário e dolomita e beneficiamento associado,1,1
25769266,4693100,"Comércio atacadista de mercadorias em geral, sem predominância de alimentos ou de insumos agropecuários",31,4
05036194,4120400,Construção de edifícios,2,1
00005214,4729601,Tabacaria,1,1
00917738,1322700,"Tecelagem de fios de fibras têxteis naturais, exceto algodão",2,2
66098914,3313999,"Manutenção e reparação de máquinas, aparelhos e materiais elétricos não especificados anteriormente",2,2
61531620,4681805,Comércio atacadista de lubrificantes,9,5
66196866,4930202,"Transporte rodoviário de carga, exceto produtos perigosos e mudanças, intermunicipal, interestadual e internacional",3,2
84697051,4921301,"Transporte rodoviário coletivo de passageiros, com itinerário fixo, municipal",2,1
88617733,4922101,"Transporte rodoviário coletivo de passageiros, com itinerário fixo, intermunicipal, exceto em região metropolitana",6,1
04992714,4940000,Transporte dutoviário,31,2
65364614,1012103,Frigorífico - abate de suínos,1,1
04234476,4930202,"Transporte rodoviário de carga, exceto produtos perigosos e mudanças, intermunicipal, interestadual e internacional",9,1
07579025,4930202,"Transporte rodoviário de carga, exceto produtos perigosos e mudanças, intermunicipal, interestadual e internacional",17,3
07991244,0131800,Cultivo de laranja,9,1
09558301,4930201,"Transporte rodoviário de carga, exceto produtos perigosos e mudanças, municipal.",2,1
44021095,4662100,"Comércio atacadista de máquinas, equipamentos para terraplenagem, mineração e construção; partes e peças",17,9
19843929,8610101,"Atividades de atendimento hospitalar, exceto pronto-socorro e unidades para atendimento a urgências",32,5
57512691,4921302,"Transporte rodoviário coletivo de passageiros, com itinerário fixo, intermunicipal em região metropolitana",28,7
45050663,5231102,Atividades do Operador Portuário,18,6
03244450,2731700,Fabricação de aparelhos e equipamentos para distribuição e controle de energia elétrica,4,4
05105045,3511501,Geração de energia elétrica,2,1
03835832,1122401,Fabricação de refrigerantes,3,2
47741152,4930202,"Transporte rodoviário de carga, exceto produtos perigosos e mudanças, intermunicipal, interestadual e internacional",8,3
13812133,2229302,Fabricação de artefatos de material plástico para usos industriais,4,2
79764643,4921301,"Transporte rodoviário coletivo de passageiros, com itinerário fixo, municipal",3,1
01462285,4921301,"Transporte rodoviário coletivo de passageiros, com itinerário fixo, municipal",3,1
14630184,2330305,Preparação de massa de concreto e argamassa para construção,1,1
09524502,0155505,Produção de ovos,22,9
19378167,0210108,Produção de carvão vegetal - florestas plantadas,4,1
55420970,2099199,Fabricação de outros produtos químicos não especificados anteriormente,7,4
11042059,1020101,"Preservação de peixes, crustáceos e moluscos",6,2
21752910,0210101,Cultivo de eucalipto,15,6
02910203,4930202,"Transporte rodoviário de carga, exceto produtos perigosos e mudanças, intermunicipal, interestadual e internacional",15,1
07568880,4921301,"Transporte rodoviário coletivo de passageiros, com itinerário fixo, municipal",6,3
66418765,4211101,Construção de rodovias e ferrovias,20,2
05194398,4639701,Comércio atacadista de produtos alimentícios em geral,9,3
02259840,4930202,"Transporte rodoviário de carga, exceto produtos perigosos e mudanças, intermunicipal, interestadual e internacional",5,1
02033131,4930202,"Transporte rodoviário de carga, exceto produtos perigosos e mudanças, intermunicipal, interestadual e internacional",8,2
09388890,0810099,Extração e britamento de pedras e outros materiais para construção e beneficiamento associado,2,1
18955549,4299599,Outras obras de engenharia civil não especificadas anteriormente,1,1
02832043,4930202,"Transporte rodoviário de carga, exceto produtos perigosos e mudanças, intermunicipal, interestadual e internacional",2,1
26607430,4930202,"Transporte rodoviário de carga, exceto produtos perigosos e mudanças, intermunicipal, interestadual e internacional",5,1
12985357,4930202,"Transporte rodoviário de carga, exceto produtos perigosos e mudanças, intermunicipal, interestadual e internacional",4,1
38081947,1041400,"Fabricação de óleos vegetais em bruto, exceto óleo de milho",3,2
19802150,4921301,"Transporte rodoviário coletivo de passageiros, com itinerário fixo, municipal",4,2
32007908,4930203,Transporte rodoviário de produtos perigosos,3,1
19558802,4930202,"Transporte rodoviário de carga, exceto produtos perigosos e mudanças, intermunicipal, interestadual e internacional",9,2
69144434,4921301,"Transporte rodoviário coletivo de passageiros, com itinerário fixo, municipal",25,2
84814029,4921302,"Transporte rodoviário coletivo de passageiros, com itinerário fixo, intermunicipal em região metropolitana",4,1
36813478,4399199,Serviços especializados para construção não especificados anteriormente,1,1
43555462,7739099,"Aluguel de outras máquinas e equipamentos comerciais e industriais não especificados anteriormente, sem operador",2,1
22335392,1052000,Fabricação de laticínios,8,3
26291836,4930202,"Transporte rodoviário de carga, exceto produtos perigosos e mudanças, intermunicipal, interestadual e internacional",5,2
36070134,4684299,Comércio atacadista de outros produtos químicos e petroquímicos não especificados anteriormente,8,3
07195191,4211101,Construção de rodovias e ferrovias,5,1
34470844,3520402,Distribuição de combustíveis gasosos por redes urbanas,4,2
20658534,4731800,Comércio varejista de combustíveis para veículos automotores,2,2
23742620,4299599,Outras obras de engenharia civil não especificadas anteriormente,11,2
08562870,4731800,Comércio varejista de combustíveis para veículos automotores,18,8
15458442,4930202,"Transporte rodoviário de carga, exceto produtos perigosos e mudanças, intermunicipal, interestadual e internacional",6,2
07026299,3839499,Recuperação de materiais não especificados anteriormente,4,1
21062047,4299599,Outras obras de engenharia civil não especificadas anteriormente,17,1
09104065,4633801,"Comércio atacadista de frutas, verduras, raízes, tubérculos, hortaliças e legumes frescos",5,1
17015050,2399199,Fabricação de outros produtos de minerais não-metálicos não especificados anteriormente,2,1
17983307,4930202,"Transporte rodoviário de carga, exceto produtos perigosos e mudanças, intermunicipal, interestadual e internacional",3,2
00000009,8299799,Outras atividades de serviços prestados principalmente às empresas não especificadas anteriormente,1,1
00000060,9430800,Atividades de associações de defesa de direitos sociais,1,1
00000079,8711502,Instituições de longa permanência para idosos,1,1
03476269,2330305,Preparação de massa de concreto e argamassa para construção,3,1
03658600,4930202,"Transporte rodoviário de carga, exceto produtos perigosos e mudanças, intermunicipal, interestadual e internacional",4,1
04028237,4929902,"Transporte rodoviário coletivo de passageiros, sob regime de fretamento, intermunicipal, interestadual e internacional",1,1
04199014,5021102,"Transporte por navegação interior de carga, intermunicipal, interestadual e internacional, exceto travessia",9,2
19711316,4922101,"Transporte rodoviário coletivo de passageiros, com itinerário fixo, intermunicipal, exceto em região metropolitana",3,2
31117328,4921301,"Transporte rodoviário coletivo de passageiros, com itinerário fixo, municipal",3,2
67534917,4930202,"Transporte rodoviário de carga, exceto produtos perigosos e mudanças, intermunicipal, interestadual e internacional",8,5
77097426,4930202,"Transporte rodoviário de carga, exceto produtos perigosos e mudanças, intermunicipal, interestadual e internacional",5,1
21831086,2330305,Preparação de massa de concreto e argamassa para construção,2,2
41634619,4120400,Construção de edifícios,2,1
07509106,7112000,Serviços de engenharia,1,1
31806649,4921301,"Transporte rodoviário coletivo de passageiros, com itinerário fixo, municipal",3,1
03567329,4930202,"Transporte rodoviário de carga, exceto produtos perigosos e mudanças, intermunicipal, interestadual e internacional",17,7
05778126,4921301,"Transporte rodoviário coletivo de passageiros, com itinerário fixo, municipal",2,2
00003385,1811302,"Impressão de livros, revistas e outras publicações periódicas",1,1
69004083,4921301,"Transporte rodoviário coletivo de passageiros, com itinerário fixo, municipal",3,2
54646120,4930202,"Transporte rodoviário de carga, exceto produtos perigosos e mudanças, intermunicipal, interestadual e internacional",1,1
51485274,4930202,"Transporte rodoviário de carga, exceto produtos perigosos e mudanças, intermunicipal, interestadual e internacional",17,3
13432810,5510801,Hotéis,4,1
08635703,4711302,"Comércio varejista de mercadorias em geral, com predominância de produtos alimentícios - supermercados",13,3
09556964,4120400,Construção de edifícios,1,1
10531748,4930202,"Transporte rodoviário de carga, exceto produtos perigosos e mudanças, intermunicipal, interestadual e internacional",1,1
11951913,7719599,"Locação de outros meios de transporte não especificados anteriormente, sem condutor",3,1
02572512,4930202,"Transporte rodoviário de carga, exceto produtos perigosos e mudanças, intermunicipal, interestadual e internacional",10,1
08450457,4691500,"Comércio atacadista de mercadorias em geral, com predominância de produtos alimentícios",4,3
10247620,4313400,Obras de terraplenagem,4,2
05646631,4631100,Comércio atacadista de leite e laticínios,13,5
10284766,4930202,"Transporte rodoviário de carga, exceto produtos perigosos e mudanças, intermunicipal, interestadual e internacional",1,1
16992192,3314717,"Manutenção e reparação de máquinas e equipamentos de terraplenagem, pavimentação e construção, exceto tratores",1,1
52452141,4930203,Transporte rodoviário de produtos perigosos,19,2
19770412,0134200,Cultivo de café,1,1
20649744,4921301,"Transporte rodoviário coletivo de passageiros, com itinerário fixo, municipal",2,1
20085953,7732202,Aluguel de andaimes,4,1
05620585,4685100,"Comércio atacadista de produtos siderúrgicos e metalúrgicos, exceto para construção",8,3
27776667,4930202,"Transporte rodoviário de carga, exceto produtos perigosos e mudanças, intermunicipal, interestadual e internacional",3,2
28022024,4930201,"Transporte rodoviário de carga, exceto produtos perigosos e mudanças, municipal.",5,1
46987156,2392300,Fabricação de cal e gesso,1,1
02119200,2229301,Fabricação de artefatos de material plástico para uso pessoal e doméstico,2,2
12134546,4211101,Construção de rodovias e ferrovias,2,1
07985073,0899199,Extração de outros minerais não-metálicos não especificados anteriormente,2,1
53039634,3314702,"Manutenção e reparação de equipamentos hidráulicos e pneumáticos, exceto válvulas",1,1
01608998,4929901,"Transporte rodoviário coletivo de passageiros, sob regime de fretamento, municipal",8,2
63910865,4211101,Construção de rodovias e ferrovias,1,1
00000330,4751201,Comércio varejista especializado de equipamentos e suprimentos de informática,2,2
00000877,9491000,Atividades de organizações religiosas ou filosóficas,1,1
01897846,4313400,Obras de terraplenagem,2,2
05518605,4120400,Construção de edifícios,1,1
21587696,2411300,Produção de ferro-gusa,3,1
06080227,4313400,Obras de terraplenagem,1,1
90157108,2833000,"Fabricação de máquinas e equipamentos para a agricultura e pecuária, peças e acessórios, exceto para irrigação",7,3
40405037,4520001,Serviços de manutenção e reparação mecânica de veículos automotores,1,1
07372785,4930203,Transporte rodoviário de produtos perigosos,5,1
09185877,2399199,Fabricação de outros produtos de minerais não-metálicos não especificados anteriormente,3,2
48658108,2330399,"Fabricação de outros artefatos e produtos de concreto, cimento, fibrocimento, gesso e materiais semelhantes",2,2
25860537,0810099,Extração e britamento de pedras e outros materiais para construção e beneficiamento associado,2,2
61584124,0810099,Extração e britamento de pedras e outros materiais para construção e beneficiamento associado,3,1
50894070,4681802,Comércio atacadista de combustíveis realizado por transportador retalhista (T.R.R.),1,1
03470759,4930202,"Transporte rodoviário de carga, exceto produtos perigosos e mudanças, intermunicipal, interestadual e internacional",2,1
31806623,4921302,"Transporte rodoviário coletivo de passageiros, com itinerário fixo, intermunicipal em região metropolitana",1,1
00838511,4391600,Obras de fundações,1,1
02614827,2399199,Fabricação de outros produtos de minerais não-metálicos não especificados anteriormente,5,3
07073042,7732201,"Aluguel de máquinas e equipamentos para construção sem operador, exceto andaimes",3,3
09563085,8422100,Defesa,2,1
08215964,7732201,"Aluguel de máquinas e equipamentos para construção sem operador, exceto andaimes",5,2
12878929,4313400,Obras de terraplenagem,1,1
04784802,5211701,Armazéns gerais - emissão de warrant,5,3
15339921,8129000,Atividades de limpeza não especificadas anteriormente,1,1
09559505,8422100,Defesa,2,1
04428585,4120400,Construção de edifícios,3,3
19446670,0151201,Criação de bovinos para corte,2,1
24264867,3821100,Tratamento e disposição de resíduos não-perigosos,2,1
03504437,4639701,Comércio atacadista de produtos alimentícios em geral,6,1
40882060,4313400,Obras de terraplenagem,2,1
26628201,4742300,Comércio varejista de material elétrico,1,1
29628234,2013402,"Fabricação de adubos e fertilizantes, exceto organo-minerais",2,1
07275520,4930202,"Transporte rodoviário de carga, exceto produtos perigosos e mudanças, intermunicipal, interestadual e internacional",5,1
33370259,4930201,"Transporte rodoviário de carga, exceto produtos perigosos e mudanças, municipal.",1,1
34803364,4921301,"Transporte rodoviário coletivo de passageiros, com itinerário fixo, municipal",1,1
35820506,7739099,"Aluguel de outras máquinas e equipamentos comerciais e industriais não especificados anteriormente, sem operador",1,1
20936065,4120400,Construção de edifícios,4,2
08386255,4930202,"Transporte rodoviário de carga, exceto produtos perigosos e mudanças, intermunicipal, interestadual e internacional",4,1
45791369,3811400,Coleta de resíduos não-perigosos,2,1
19498441,4930202,"Transporte rodoviário de carga, exceto produtos perigosos e mudanças, intermunicipal, interestadual e internacional",3,2
36853331,0115600,Cultivo de soja,4,2
53155284,2330305,Preparação de massa de concreto e argamassa para construção,1,1
53311435,4223500,"Construção de redes de transportes por dutos, exceto para água e esgoto",1,1
22192546,4313400,Obras de terraplenagem,16,2
55384381,0810009,Extração de basalto e beneficiamento associado,1,1
57978466,4930202,"Transporte rodoviário de carga, exceto produtos perigosos e mudanças, intermunicipal, interestadual e internacional",1,1
44770207,4930202,"Transporte rodoviário de carga, exceto produtos perigosos e mudanças, intermunicipal, interestadual e internacional",7,2
59653926,4211101,Construção de rodovias e ferrovias,1,1
05408246,8211300,Serviços combinados de escritório e apoio administrativo,2,2
03861236,4930202,"Transporte rodoviário de carga, exceto produtos perigosos e mudanças, intermunicipal, interestadual e internacional",2,1
18365700,4921301,"Transporte rodoviário coletivo de passageiros, com itinerário fixo, municipal",2,1
01270517,0810099,Extração e britamento de pedras e outros materiais para construção e beneficiamento associado,1,1
75527101,4921301,"Transporte rodoviário coletivo de passageiros, com itinerário fixo, municipal",1,1
00000068,9529199,Reparação e manutenção de outros objetos e equipamentos pessoais e domésticos não especificados anteriormente,1,1
49395742,0810001,Extração de ardósia e beneficiamento associado,2,2
09595355,8422100,Defesa,2,1
17026052,4930202,"Transporte rodoviário de carga, exceto produtos perigosos e mudanças, intermunicipal, interestadual e internacional",3,2
10561387,4921301,"Transporte rodoviário coletivo de passageiros, com itinerário fixo, municipal",1,1
11244131,4930202,"Transporte rodoviário de carga, exceto produtos perigosos e mudanças, intermunicipal, interestadual e internacional",1,1
11910433,4930202,"Transporte rodoviário de carga, exceto produtos perigosos e mudanças, intermunicipal, interestadual e internacional",1,1
08742706,3313901,"Manutenção e reparação de geradores, transformadores e motores elétricos",4,3
11996993,4921301,"Transporte rodoviário coletivo de passageiros, com itinerário fixo, municipal",3,1
71445555,4921302,"Transporte rodoviário coletivo de passageiros, com itinerário fixo, intermunicipal em região metropolitana",8,3
18537443,8211300,Serviços combinados de escritório e apoio administrativo,4,2
21050742,4921301,"Transporte rodoviário coletivo de passageiros, com itinerário fixo, municipal",1,1
46958948,2710402,"Fabricação de transformadores, indutores, conversores, sincronizadores e semelhantes, peças e acessórios",10,3
28060339,3511501,Geração de energia elétrica,1,1
02303064,4921301,"Transporte rodoviário coletivo de passageiros, com itinerário fixo, municipal",3,1
18175007,3811400,Coleta de resíduos não-perigosos,2,1
28942127,3511501,Geração de energia elétrica,2,1
28133640,0810099,Extração e britamento de pedras e outros materiais para construção e beneficiamento associado,2,1
20090124,0810004,Extração de calcário e dolomita e beneficiamento associado,2,1
41221457,4687703,Comércio atacadista de resíduos e sucatas metálicos,1,1
51038713,6810201,Compra e venda de imóveis próprios,1,1
05403409,4211101,Construção de rodovias e ferrovias,4,1
86666716,4635402,"Comércio atacadista de cerveja, chope e refrigerante",4,1
20901341,3313901,"Manutenção e reparação de geradores, transformadores e motores elétricos",2,1
92807312,4921301,"Transporte rodoviário coletivo de passageiros, com itinerário fixo, municipal",2,1
05490747,1099604,Fabricação de gelo comum,1,1
65305864,4930201,"Transporte rodoviário de carga, exceto produtos perigosos e mudanças, municipal.",2,2
83647479,4921301,"Transporte rodoviário coletivo de passageiros, com itinerário fixo, municipal",2,1
03293241,7732201,"Aluguel de máquinas e equipamentos para construção sem operador, exceto andaimes",1,1
28356533,4731800,Comércio varejista de combustíveis para veículos automotores,2,2
34485243,3702900,"Atividades relacionadas a esgoto, exceto a gestão de redes",4,2
01892664,2073800,"Fabricação de impermeabilizantes, solventes e produtos afins",1,1
00005396,4530701,Comércio por atacado de peças e acessórios novos para veículos automotores,1,1
04419796,3313901,"Manutenção e reparação de geradores, transformadores e motores elétricos",3,2
08815353,4930201,"Transporte rodoviário de carga, exceto produtos perigosos e mudanças, municipal.",1,1
02133004,4930202,"Transporte rodoviário de carga, exceto produtos perigosos e mudanças, intermunicipal, interestadual e internacional",2,1
10881906,4930202,"Transporte rodoviário de carga, exceto produtos perigosos e mudanças, intermunicipal, interestadual e internacional",1,1
04804994,4930202,"Transporte rodoviário de carga, exceto produtos perigosos e mudanças, intermunicipal, interestadual e internacional",4,2
11107074,9329899,Outras atividades de recreação e lazer não especificadas anteriormente,1,1
11889780,4921301,"Transporte rodoviário coletivo de passageiros, com itinerário fixo, municipal",1,1
12979342,3511501,Geração de energia elétrica,1,1
17568859,2833000,"Fabricação de máquinas e equipamentos para a agricultura e pecuária, peças e acessórios, exceto para irrigação",1,1
03883369,2342702,"Fabricação de artefatos de cerâmica e barro cozido para uso na construção, exceto azulejos e pisos",2,1
10199343,1922599,"Fabricação de outros produtos derivados do petróleo, exceto produtos do refino",1,1
18291095,0810099,Extração e britamento de pedras e outros materiais para construção e beneficiamento associado,1,1
18493354,4120400,Construção de edifícios,1,1
21675420,3313901,"Manutenção e reparação de geradores, transformadores e motores elétricos",1,1
27274241,4921301,"Transporte rodoviário coletivo de passageiros, com itinerário fixo, municipal",4,1
18981768,1121600,Fabricação de águas envasadas,4,1
29877328,2869100,"Fabricação de máquinas e equipamentos para uso industrial específico não especificados anteriormente, peças e acessórios",1,1
78657384,4930202,"Transporte rodoviário de carga, exceto produtos perigosos e mudanças, intermunicipal, interestadual e internacional",4,1
34864792,4530703,Comércio a varejo de peças e acessórios novos para veículos automotores,1,1
36933715,4921301,"Transporte rodoviário coletivo de passageiros, com itinerário fixo, municipal",3,1
37730002,4681802,Comércio atacadista de combustíveis realizado por transportador retalhista (T.R.R.),1,1
48568850,4930202,"Transporte rodoviário de carga, exceto produtos perigosos e mudanças, intermunicipal, interestadual e internacional",1,1
51920472,7739099,"Aluguel de outras máquinas e equipamentos comerciais e industriais não especificados anteriormente, sem operador",1,1
08650611,4930202,"Transporte rodoviário de carga, exceto produtos perigosos e mudanças, intermunicipal, interestadual e internacional",2,1
10525283,4120400,Construção de edifícios,3,1
32499238,4635402,"Comércio atacadista de cerveja, chope e refrigerante",3,2
07039056,9430800,Atividades de associações de defesa de direitos sociais,1,1
60820321,2854200,"Fabricação de máquinas e equipamentos para terraplenagem, pavimentação e construção, peças e acessórios, exceto tratores",1,1
07471254,7731400,Aluguel de máquinas e equipamentos agrícolas sem operador,1,1
17216690,3321000,Instalação de máquinas e equipamentos industriais,1,1
06997310,4921301,"Transporte rodoviário coletivo de passageiros, com itinerário fixo, municipal",3,1
24229815,4321500,Instalação e manutenção elétrica,1,1
38013764,3511501,Geração de energia elétrica,1,1
48951158,3839499,Recuperação de materiais não especificados anteriormente,2,1
00000049,9499500,Atividades associativas não especificadas anteriormente,1,1
01969182,3313999,"Manutenção e reparação de máquinas, aparelhos e materiais elétricos não especificados anteriormente",3,2
43058783,2099199,Fabricação de outros produtos químicos não especificados anteriormente,4,2
02856274,4921301,"Transporte rodoviário coletivo de passageiros, com itinerário fixo, municipal",1,1
02993750,3511501,Geração de energia elétrica,2,1
03101127,4110700,Incorporação de empreendimentos imobiliários,1,1
60103611,4930202,"Transporte rodoviário de carga, exceto produtos perigosos e mudanças, intermunicipal, interestadual e internacional",1,1
00098475,8888888,Atividade Econônica não informada,1,1
08693274,0161003,"Serviço de preparação de terreno, cultivo e colheita",1,1
10972489,4930202,"Transporte rodoviário de carga, exceto produtos perigosos e mudanças, intermunicipal, interestadual e internacional",1,1
07587275,4789004,Comércio varejista de animais vivos e de artigos e alimentos para animais de estimação,2,2
16503522,4399105,Perfuração e construção de poços de água,1,1
19757864,5030101,Navegação de apoio marítimo,1,1
16667978,4313400,Obras de terraplenagem,1,1
29658437,4929902,"Transporte rodoviário coletivo de passageiros, sob regime de fretamento, intermunicipal, interestadual e internacional",1,1
51446159,4744002,Comércio varejista de madeira e artefatos,1,1
66495605,4921301,"Transporte rodoviário coletivo de passageiros, com itinerário fixo, municipal",1,1
00000028,6203100,Desenvolvimento e licenciamento de programas de computador não-customizáveis,1,1
00001462,4744001,Comércio varejista de ferragens e ferramentas,1,1
01857346,4120400,Construção de edifícios,1,1
10681691,4530703,Comércio a varejo de peças e acessórios novos para veículos automotores,1,1
19176878,4399199,Serviços especializados para construção não especificados anteriormente,1,1
09356736,7711000,Locação de automóveis sem condutor,1,1
02556064,4742300,Comércio varejista de material elétrico,2,1
18442810,4930202,"Transporte rodoviário de carga, exceto produtos perigosos e mudanças, intermunicipal, interestadual e internacional",3,1
35156290,0600001,Extração de petróleo e gás natural,2,1
40912458,7711000,Locação de automóveis sem condutor,1,1
45583336,2943300,Fabricação de peças e acessórios para o sistema de freios de veículos automotores,1,1
01632154,4789099,Comércio varejista de outros produtos não especificados anteriormente,2,2
07011138,4930202,"Transporte rodoviário de carga, exceto produtos perigosos e mudanças, intermunicipal, interestadual e internacional",2,1
09223086,4929902,"Transporte rodoviário coletivo de passageiros, sob regime de fretamento, intermunicipal, interestadual e internacional",1,1
05827836,4930202,"Transporte rodoviário de carga, exceto produtos perigosos e mudanças, intermunicipal, interestadual e internacional",2,1
18121305,4930202,"Transporte rodoviário de carga, exceto produtos perigosos e mudanças, intermunicipal, interestadual e internacional",1,1
00000054,9430800,Atividades de associações de defesa de direitos sociais,1,1
00000065,4321500,Instalação e manutenção elétrica,1,1
10156615,2330305,Preparação de massa de concreto e argamassa para construção,1,1
09216084,2342702,"Fabricação de artefatos de cerâmica e barro cozido para uso na construção, exceto azulejos e pisos",1,1
31987681,4784900,Comércio varejista de gás liqüefeito de petróleo (GLP),1,1
32906167,4784900,Comércio varejista de gás liqüefeito de petróleo (GLP),1,1
41852236,4789099,Comércio varejista de outros produtos não especificados anteriormente,1,1
34823806,3314702,"Manutenção e reparação de equipamentos hidráulicos e pneumáticos, exceto válvulas",1,1
44326884,4930202,"Transporte rodoviário de carga, exceto produtos perigosos e mudanças, intermunicipal, interestadual e internacional",1,1
44394238,7731400,Aluguel de máquinas e equipamentos agrícolas sem operador,1,1
47129568,4520001,Serviços de manutenção e reparação mecânica de veículos automotores,1,1
48119972,3520401,Produção de gás; processamento de gás natural,1,1
04578286,4922101,"Transporte rodoviário coletivo de passageiros, com itinerário fixo, intermunicipal, exceto em região metropolitana",1,1
07213670,4921301,"Transporte rodoviário coletivo de passageiros, com itinerário fixo, municipal",1,1
94102183,3313901,"Manutenção e reparação de geradores, transformadores e motores elétricos",1,1
58473827,4679699,Comércio atacadista de materiais de construção em geral,1,1
00000050,9521500,Reparação e manutenção de equipamentos eletroeletrônicos de uso pessoal e doméstico,1,1
00002690,7723300,"Aluguel de objetos do vestuário, jóias e acessórios",1,1
00070894,4530703,Comércio a varejo de peças e acessórios novos para veículos automotores,1,1
22366439,4921302,"Transporte rodoviário coletivo de passageiros, com itinerário fixo, intermunicipal em região metropolitana",1,1
04513170,4930202,"Transporte rodoviário de carga, exceto produtos perigosos e mudanças, intermunicipal, interestadual e internacional",1,1
94813102,4632001,Comércio atacadista de cereais e leguminosas beneficiados,105,15
57485033,0810099,Extração e britamento de pedras e outros materiais para construção e beneficiamento associado,3,2
89317697,4930202,"Transporte rodoviário de carga, exceto produtos perigosos e mudanças, intermunicipal, interestadual e internacional",51,4
43875130,4930201,"Transporte rodoviário de carga, exceto produtos perigosos e mudanças, municipal.",2,1
09618465,4391600,Obras de fundações,3,2
27595780,7711000,Locação de automóveis sem condutor,81,1
04501424,4930201,"Transporte rodoviário de carga, exceto produtos perigosos e mudanças, municipal.",11,2
00071032,4754701,Comércio varejista de móveis,1,1
05062988,1013902,Preparação de subprodutos do abate,6,6
00248877,0163600,Atividades de pós-colheita,9,4
00657565,4930202,"Transporte rodoviário de carga, exceto produtos perigosos e mudanças, intermunicipal, interestadual e internacional",11,1
02351006,4684299,Comércio atacadista de outros produtos químicos e petroquímicos não especificados anteriormente,28,3
05597399,7711000,Locação de automóveis sem condutor,3,2
27193630,0899199,Extração de outros minerais não-metálicos não especificados anteriormente,3,1
00892555,4663000,Comércio atacadista de Máquinas e equipamentos para uso industrial; partes e peças,1,1
21566120,7911200,Agências de viagens,42,7
27486182,4921302,"Transporte rodoviário coletivo de passageiros, com itinerário fixo, intermunicipal em região metropolitana",258,8
27487693,4672900,Comércio atacadista de ferragens e ferramentas,22,6
28154862,4211101,Construção de rodovias e ferrovias,21,1
29850260,4921301,"Transporte rodoviário coletivo de passageiros, com itinerário fixo, municipal",5,2
33346586,2021500,Fabricação de produtos petroquímicos básicos,7,4
33899204,4930202,"Transporte rodoviário de carga, exceto produtos perigosos e mudanças, intermunicipal, interestadual e internacional",18,2
35389170,7112000,Serviços de engenharia,11,3
58435827,9521500,Reparação e manutenção de equipamentos eletroeletrônicos de uso pessoal e doméstico,2,2
38003364,4120400,Construção de edifícios,1,1
61106159,4299599,Outras obras de engenharia civil não especificadas anteriormente,5,3
61442810,0899199,Extração de outros minerais não-metálicos não especificados anteriormente,12,3
67063271,4929901,"Transporte rodoviário coletivo de passageiros, sob regime de fretamento, municipal",12,6
77092245,4930202,"Transporte rodoviário de carga, exceto produtos perigosos e mudanças, intermunicipal, interestadual e internacional",5,2
01413347,4649499,Comércio atacadista de outros equipamentos e artigos de uso pessoal e doméstico não especificados anteriormente,3,2
75813923,4930202,"Transporte rodoviário de carga, exceto produtos perigosos e mudanças, intermunicipal, interestadual e internacional",18,3
22282628,0810004,Extração de calcário e dolomita e beneficiamento associado,4,3
86375656,8888888,Atividade Econônica não informada,4,4
42030064,4930202,"Transporte rodoviário de carga, exceto produtos perigosos e mudanças, intermunicipal, interestadual e internacional",1,1
62004692,5229099,Outras atividades auxiliares dos transportes terrestres não especificadas anteriormente,9,2
50925551,4921301,"Transporte rodoviário coletivo de passageiros, com itinerário fixo, municipal",1,1
71960801,7711000,Locação de automóveis sem condutor,1,1
17164435,4211101,Construção de rodovias e ferrovias,51,5
04333897,4930203,Transporte rodoviário de produtos perigosos,8,4
05252578,1041400,"Fabricação de óleos vegetais em bruto, exceto óleo de milho",1,1
29108107,4929902,"Transporte rodoviário coletivo de passageiros, sob regime de fretamento, intermunicipal, interestadual e internacional",5,4
34590315,4635402,"Comércio atacadista de cerveja, chope e refrigerante",24,4
41434556,4633802,Comércio atacadista de aves vivas e ovos,12,6
83286500,0500301,Extração de carvão mineral,14,8
82757907,1722200,Fabricação de cartolina e papel-cartão,5,2
43937721,4921301,"Transporte rodoviário coletivo de passageiros, com itinerário fixo, municipal",2,1
09615848,8422100,Defesa,2,1
04591114,1066000,Fabricação de alimentos para animais,9,2
10486894,2071100,"Fabricação de tintas, vernizes, esmaltes e lacas",1,1
10509915,0810099,Extração e britamento de pedras e outros materiais para construção e beneficiamento associado,1,1
01519852,7732201,"Aluguel de máquinas e equipamentos para construção sem operador, exceto andaimes",11,2
41632928,2592601,Fabricação de produtos de trefilados de metal padronizados,7,4
01610917,3101200,Fabricação de móveis com predominância de madeira,5,3
07569161,4930202,"Transporte rodoviário de carga, exceto produtos perigosos e mudanças, intermunicipal, interestadual e internacional",48,3
01002047,3104700,Fabricação de colchões,7,2
09328910,4930202,"Transporte rodoviário de carga, exceto produtos perigosos e mudanças, intermunicipal, interestadual e internacional",1,1
76109594,2399199,Fabricação de outros produtos de minerais não-metálicos não especificados anteriormente,8,2
09647168,8422100,Defesa,2,1
11184785,7732201,"Aluguel de máquinas e equipamentos para construção sem operador, exceto andaimes",13,4
08811556,4635499,Comércio atacadista de bebidas não especificadas anteriormente,12,4
19068101,4921301,"Transporte rodoviário coletivo de passageiros, com itinerário fixo, municipal",1,1
52406329,4921301,"Transporte rodoviário coletivo de passageiros, com itinerário fixo, municipal",29,5
02027538,4744099,Comércio varejista de materiais de construção em geral,16,3
07924408,4930202,"Transporte rodoviário de carga, exceto produtos perigosos e mudanças, intermunicipal, interestadual e internacional",8,3
18011878,4921302,"Transporte rodoviário coletivo de passageiros, com itinerário fixo, intermunicipal em região metropolitana",6,2
18494537,3511501,Geração de energia elétrica,7,2
05621758,4623109,Comércio atacadista de alimentos para animais,6,3
09504254,4930202,"Transporte rodoviário de carga, exceto produtos perigosos e mudanças, intermunicipal, interestadual e internacional",4,1
97550973,4930202,"Transporte rodoviário de carga, exceto produtos perigosos e mudanças, intermunicipal, interestadual e internacional",6,2
09535153,4313400,Obras de terraplenagem,7,2
48585459,4110700,Incorporação de empreendimentos imobiliários,5,1
31643851,4213800,"Obras de urbanização - ruas, praças e calçadas",5,5
64429400,4681802,Comércio atacadista de combustíveis realizado por transportador retalhista (T.R.R.),7,1
36448137,2451200,Fundição de ferro e aço,3,3
68539857,4930203,Transporte rodoviário de produtos perigosos,9,1
08884747,4732600,Comércio varejista de lubrificantes,2,2
17692901,2511000,Fabricação de estruturas metálicas,25,8
17780223,4120400,Construção de edifícios,3,1
91958108,4929902,"Transporte rodoviário coletivo de passageiros, sob regime de fretamento, intermunicipal, interestadual e internacional",2,2
07968742,0151201,Criação de bovinos para corte,41,3
00220982,4211101,Construção de rodovias e ferrovias,10,3
01937440,4930202,"Transporte rodoviário de carga, exceto produtos perigosos e mudanças, intermunicipal, interestadual e internacional",26,3
03203556,5211701,Armazéns gerais - emissão de warrant,17,5
03059743,4211101,Construção de rodovias e ferrovias,2,1
36393580,5211701,Armazéns gerais - emissão de warrant,3,1
60233712,5211701,Armazéns gerais - emissão de warrant,1,1
63626669,4921301,"Transporte rodoviário coletivo de passageiros, com itinerário fixo, municipal",1,1
00965861,4679699,Comércio atacadista de materiais de construção em geral,5,2
00026721,4744001,Comércio varejista de ferragens e ferramentas,1,1
00472135,4921302,"Transporte rodoviário coletivo de passageiros, com itinerário fixo, intermunicipal em região metropolitana",4,2
01292944,0115600,Cultivo de soja,3,2
07150233,0155501,Criação de frangos para corte,18,6
32519415,8888888,Atividade Econônica não informada,6,2
42285148,4921301,"Transporte rodoviário coletivo de passageiros, com itinerário fixo, municipal",4,2
57894016,4930202,"Transporte rodoviário de carga, exceto produtos perigosos e mudanças, intermunicipal, interestadual e internacional",10,1
21041165,4930202,"Transporte rodoviário de carga, exceto produtos perigosos e mudanças, intermunicipal, interestadual e internacional",1,1
41426487,2869100,"Fabricação de máquinas e equipamentos para uso industrial específico não especificados anteriormente, peças e acessórios",2,2
41515404,1051100,Preparação do leite,4,4
03201462,2392300,Fabricação de cal e gesso,3,3
84498070,2930101,"Fabricação de cabines, carrocerias e reboques para caminhões",4,2
66330549,4930202,"Transporte rodoviário de carga, exceto produtos perigosos e mudanças, intermunicipal, interestadual e internacional",1,1
17251034,4921301,"Transporte rodoviário coletivo de passageiros, com itinerário fixo, municipal",7,2
07481452,1031700,Fabricação de conservas de frutas,3,3
01066650,1011201,Frigorífico - abate de bovinos,4,2
06087883,3511501,Geração de energia elétrica,3,1
32489650,4921301,"Transporte rodoviário coletivo de passageiros, com itinerário fixo, municipal",3,1
02199663,4789099,Comércio varejista de outros produtos não especificados anteriormente,3,2
73584245,4649404,Comércio atacadista de móveis e artigos de colchoaria,6,3
04224860,4921302,"Transporte rodoviário coletivo de passageiros, com itinerário fixo, intermunicipal em região metropolitana",2,2
08629324,4930202,"Transporte rodoviário de carga, exceto produtos perigosos e mudanças, intermunicipal, interestadual e internacional",4,1
17111121,3811400,Coleta de resíduos não-perigosos,2,2
13474212,4930202,"Transporte rodoviário de carga, exceto produtos perigosos e mudanças, intermunicipal, interestadual e internacional",1,1
54132006,4930202,"Transporte rodoviário de carga, exceto produtos perigosos e mudanças, intermunicipal, interestadual e internacional",2,1
14197082,4662100,"Comércio atacadista de máquinas, equipamentos para terraplenagem, mineração e construção; partes e peças",2,1
31732886,4930202,"Transporte rodoviário de carga, exceto produtos perigosos e mudanças, intermunicipal, interestadual e internacional",4,2
15605543,4930202,"Transporte rodoviário de carga, exceto produtos perigosos e mudanças, intermunicipal, interestadual e internacional",1,1
01597589,4682600,Comércio atacadista de gás liqüefeito de petróleo (GLP),21,2
17814074,4930202,"Transporte rodoviário de carga, exceto produtos perigosos e mudanças, intermunicipal, interestadual e internacional",8,1
24790661,4930202,"Transporte rodoviário de carga, exceto produtos perigosos e mudanças, intermunicipal, interestadual e internacional",2,1
15261806,4930202,"Transporte rodoviário de carga, exceto produtos perigosos e mudanças, intermunicipal, interestadual e internacional",2,1
13244668,7112000,Serviços de engenharia,6,3
01524903,2330305,Preparação de massa de concreto e argamassa para construção,7,2
01492405,4633801,"Comércio atacadista de frutas, verduras, raízes, tubérculos, hortaliças e legumes frescos",5,3
05587143,4674500,Comércio atacadista de cimento,6,2
48929999,4222701,"Construção de redes de abastecimento de água, coleta de esgoto e construções correlatas, exceto obras de irrigação",1,1
20584786,4930202,"Transporte rodoviário de carga, exceto produtos perigosos e mudanças, intermunicipal, interestadual e internacional",6,1
48979707,0210101,Cultivo de eucalipto,11,1
55969428,4930202,"Transporte rodoviário de carga, exceto produtos perigosos e mudanças, intermunicipal, interestadual e internacional",1,1
53280790,0724301,Extração de minério de metais preciosos,2,1
03991800,0810099,Extração e britamento de pedras e outros materiais para construção e beneficiamento associado,2,1
05324485,4930202,"Transporte rodoviário de carga, exceto produtos perigosos e mudanças, intermunicipal, interestadual e internacional",5,1
07112014,0810099,Extração e britamento de pedras e outros materiais para construção e beneficiamento associado,3,1
28812022,8888888,Atividade Econônica não informada,26,3
06110605,1071600,Fabricação de açúcar em bruto,2,1
73500480,3101200,Fabricação de móveis com predominância de madeira,2,1
23621048,4921301,"Transporte rodoviário coletivo de passageiros, com itinerário fixo, municipal",2,1
03285633,4930202,"Transporte rodoviário de carga, exceto produtos perigosos e mudanças, intermunicipal, interestadual e internacional",1,1
06020142,4930202,"Transporte rodoviário de carga, exceto produtos perigosos e mudanças, intermunicipal, interestadual e internacional",5,1
41479049,4930202,"Transporte rodoviário de carga, exceto produtos perigosos e mudanças, intermunicipal, interestadual e internacional",1,1
32677726,1033302,"Fabricação de sucos de frutas, hortaliças e legumes, exceto concentrados",8,4
56431521,4744001,Comércio varejista de ferragens e ferramentas,2,2
37602745,0119905,Cultivo de feijão,1,1
12216990,3811400,Coleta de resíduos não-perigosos,4,3
05575361,4930203,Transporte rodoviário de produtos perigosos,2,1
11234918,4744099,Comércio varejista de materiais de construção em geral,1,1
14051881,4930202,"Transporte rodoviário de carga, exceto produtos perigosos e mudanças, intermunicipal, interestadual e internacional",3,1
14695804,4634603,Comércio atacadista de pescados e frutos do mar,2,2
13519943,0161003,"Serviço de preparação de terreno, cultivo e colheita",2,2
27504914,2320600,Fabricação de cimento,1,1
16786082,2813500,"Fabricação de válvulas, registros e dispositivos semelhantes, peças e acessórios",3,2
02617304,7732201,"Aluguel de máquinas e equipamentos para construção sem operador, exceto andaimes",2,2
03108902,4930202,"Transporte rodoviário de carga, exceto produtos perigosos e mudanças, intermunicipal, interestadual e internacional",6,1
35662605,3313901,"Manutenção e reparação de geradores, transformadores e motores elétricos",1,1
04695332,4681802,Comércio atacadista de combustíveis realizado por transportador retalhista (T.R.R.),3,1
48025693,6810203,Loteamento de imóveis próprios,1,1
49785497,2229399,Fabricação de artefatos de material plástico para outros usos não especificados anteriormente,1,1
65096119,4313400,Obras de terraplenagem,2,2
94100328,0810099,Extração e britamento de pedras e outros materiais para construção e beneficiamento associado,1,1
01832301,4921301,"Transporte rodoviário coletivo de passageiros, com itinerário fixo, municipal",2,1
05530905,4930203,Transporte rodoviário de produtos perigosos,2,1
03507699,3511501,Geração de energia elétrica,2,2
07247554,4921301,"Transporte rodoviário coletivo de passageiros, com itinerário fixo, municipal",2,1
22635197,4930202,"Transporte rodoviário de carga, exceto produtos perigosos e mudanças, intermunicipal, interestadual e internacional",9,3
07063914,3511501,Geração de energia elétrica,2,1
64787989,4929902,"Transporte rodoviário coletivo de passageiros, sob regime de fretamento, intermunicipal, interestadual e internacional",2,1
14671572,4922101,"Transporte rodoviário coletivo de passageiros, com itinerário fixo, intermunicipal, exceto em região metropolitana",1,1
05855407,4687703,Comércio atacadista de resíduos e sucatas metálicos,2,2
08106728,4633801,"Comércio atacadista de frutas, verduras, raízes, tubérculos, hortaliças e legumes frescos",4,2
07090691,3821100,Tratamento e disposição de resíduos não-perigosos,2,1
03480200,4921301,"Transporte rodoviário coletivo de passageiros, com itinerário fixo, municipal",2,1
02640179,1921700,Fabricação de produtos do refino de petróleo,1,1
05601311,4921301,"Transporte rodoviário coletivo de passageiros, com itinerário fixo, municipal",1,1
00850419,4211101,Construção de rodovias e ferrovias,1,1
08201260,4930202,"Transporte rodoviário de carga, exceto produtos perigosos e mudanças, intermunicipal, interestadual e internacional",1,1
09362301,4930202,"Transporte rodoviário de carga, exceto produtos perigosos e mudanças, intermunicipal, interestadual e internacional",1,1
54826144,4330499,Outras obras de acabamento da construção,2,1
10704112,1095300,"Fabricação de especiarias, molhos, temperos e condimentos",4,2
17070390,0810002,Extração de granito e beneficiamento associado,1,1
65120057,0230600,Atividades de apoio à produção florestal,5,4
26355027,3511501,Geração de energia elétrica,1,1
94638582,4930201,"Transporte rodoviário de carga, exceto produtos perigosos e mudanças, municipal.",11,2
31059324,1071600,Fabricação de açúcar em bruto,1,1
46250191,4930202,"Transporte rodoviário de carga, exceto produtos perigosos e mudanças, intermunicipal, interestadual e internacional",1,1
52496525,0113000,Cultivo de cana-de-açúcar,5,2
52995323,4222701,"Construção de redes de abastecimento de água, coleta de esgoto e construções correlatas, exceto obras de irrigação",1,1
90378894,4930202,"Transporte rodoviário de carga, exceto produtos perigosos e mudanças, intermunicipal, interestadual e internacional",3,1
00000088,9491000,Atividades de organizações religiosas ou filosóficas,1,1
00080957,9529102,Chaveiros,1,1
01145106,0132600,Cultivo de uva,2,1
06243343,3811400,Coleta de resíduos não-perigosos,1,1
75451609,7711000,Locação de automóveis sem condutor,6,1
23343494,4922101,"Transporte rodoviário coletivo de passageiros, com itinerário fixo, intermunicipal, exceto em região metropolitana",4,3
07289630,4922101,"Transporte rodoviário coletivo de passageiros, com itinerário fixo, intermunicipal, exceto em região metropolitana",5,2
44235380,4921301,"Transporte rodoviário coletivo de passageiros, com itinerário fixo, municipal",1,1
84507920,4930201,"Transporte rodoviário de carga, exceto produtos perigosos e mudanças, municipal.",2,1
00095252,8650004,Atividades de fisioterapia,2,1
08385744,0119903,Cultivo de batata-inglesa,1,1
78994456,4930202,"Transporte rodoviário de carga, exceto produtos perigosos e mudanças, intermunicipal, interestadual e internacional",3,3
13390962,4930202,"Transporte rodoviário de carga, exceto produtos perigosos e mudanças, intermunicipal, interestadual e internacional",2,1
33191990,4921301,"Transporte rodoviário coletivo de passageiros, com itinerário fixo, municipal",2,1
07370012,4921302,"Transporte rodoviário coletivo de passageiros, com itinerário fixo, intermunicipal em região metropolitana",2,1
08868097,4637104,"Comércio atacadista de pães, bolos, biscoitos e similares",6,2
58163403,3822000,Tratamento e disposição de resíduos perigosos,3,2
35435541,4663000,Comércio atacadista de Máquinas e equipamentos para uso industrial; partes e peças,1,1
29022606,4623106,"Comércio atacadista de sementes, flores, plantas e gramas",1,1
46351817,9499500,Atividades associativas não especificadas anteriormente,1,1
20514651,1013902,Preparação de subprodutos do abate,3,2
09064447,0210107,Extração de madeira em florestas plantadas,2,1
06915161,3822000,Tratamento e disposição de resíduos perigosos,3,2
57466731,7830200,Fornecimento e gestão de recursos humanos para terceiros,1,1
47887687,4120400,Construção de edifícios,2,1
00000034,8888888,Atividade Econônica não informada,1,1
00014940,4689399,Comércio atacadista especializado em outros produtos intermediários não especificados anteriormente,1,1
00095495,4721104,"Comércio varejista de doces, balas, bombons e semelhantes",1,1
04942017,4921301,"Transporte rodoviário coletivo de passageiros, com itinerário fixo, municipal",3,1
05990040,0810005,Extração de gesso e caulim,1,1
02617817,7911200,Agências de viagens,1,1
00060663,4923001,Serviço de táxi,1,1
02772188,4213800,"Obras de urbanização - ruas, praças e calçadas",2,1
73056459,4921301,"Transporte rodoviário coletivo de passageiros, com itinerário fixo, municipal",1,1
03334595,0810099,Extração e britamento de pedras e outros materiais para construção e beneficiamento associado,2,1
07539233,4921302,"Transporte rodoviário coletivo de passageiros, com itinerário fixo, intermunicipal em região metropolitana",1,1
11516329,4632003,"Comércio atacadista de cereais e leguminosas beneficiados, farinhas, amidos e féculas, com atividade de fracionamento e acondicionamento associada",2,1
17439238,0810004,Extração de calcário e dolomita e beneficiamento associado,1,1
10617301,4921301,"Transporte rodoviário coletivo de passageiros, com itinerário fixo, municipal",1,1
19693476,4299599,Outras obras de engenharia civil não especificadas anteriormente,1,1
07553095,1041400,"Fabricação de óleos vegetais em bruto, exceto óleo de milho",5,4
19340517,4313400,Obras de terraplenagem,1,1
30957416,4930202,"Transporte rodoviário de carga, exceto produtos perigosos e mudanças, intermunicipal, interestadual e internacional",1,1
74212069,4930201,"Transporte rodoviário de carga, exceto produtos perigosos e mudanças, municipal.",3,1
37337053,4930202,"Transporte rodoviário de carga, exceto produtos perigosos e mudanças, intermunicipal, interestadual e internacional",1,1
43614780,4930202,"Transporte rodoviário de carga, exceto produtos perigosos e mudanças, intermunicipal, interestadual e internacional",1,1
36093991,0600001,Extração de petróleo e gás natural,2,1
51066807,1621800,"Fabricação de madeira laminada e de chapas de madeira compensada, prensada e aglomerada",1,1
00008719,4712100,"Comércio varejista de mercadorias em geral, com predominância de produtos alimentícios - minimercados, mercearias e armazéns",1,1
96263439,4930203,Transporte rodoviário de produtos perigosos,1,1
03667130,4921302,"Transporte rodoviário coletivo de passageiros, com itinerário fixo, intermunicipal em região metropolitana",1,1
01449914,1099604,Fabricação de gelo comum,1,1
29919024,4921301,"Transporte rodoviário coletivo de passageiros, com itinerário fixo, municipal",1,1
68797695,4930202,"Transporte rodoviário de carga, exceto produtos perigosos e mudanças, intermunicipal, interestadual e internacional",1,1
07961187,4929902,"Transporte rodoviário coletivo de passageiros, sob regime de fretamento, intermunicipal, interestadual e internacional",1,1
35224575,4921301,"Transporte rodoviário coletivo de passageiros, com itinerário fixo, municipal",1,1
46766812,2330302,Fabricação de artefatos de cimento para uso na construção,2,1
08892245,4313400,Obras de terraplenagem,3,1
01004450,0810099,Extração e britamento de pedras e outros materiais para construção e beneficiamento associado,2,2
09663533,8422100,Defesa,2,1
05009692,0230600,Atividades de apoio à produção florestal,1,1
03751762,4921302,"Transporte rodoviário coletivo de passageiros, com itinerário fixo, intermunicipal em região metropolitana",1,1
03872978,1353700,Fabricação de artefatos de cordoaria,1,1
10391246,4744099,Comércio varejista de materiais de construção em geral,1,1
11755795,4930203,Transporte rodoviário de produtos perigosos,2,1
18513338,4930202,"Transporte rodoviário de carga, exceto produtos perigosos e mudanças, intermunicipal, interestadual e internacional",1,1
23323690,7020400,"Atividades de consultoria em gestão empresarial, exceto consultoria técnica específica",1,1
26733777,1099604,Fabricação de gelo comum,1,1
43533014,4930201,"Transporte rodoviário de carga, exceto produtos perigosos e mudanças, municipal.",1,1
48426220,0810006,"Extração de areia, cascalho ou pedregulho e beneficiamento associado",1,1
61916854,4921301,"Transporte rodoviário coletivo de passageiros, com itinerário fixo, municipal",1,1
08620924,4313400,Obras de terraplenagem,1,1
00000029,7020400,"Atividades de consultoria em gestão empresarial, exceto consultoria técnica específica",1,1
08191899,4930202,"Transporte rodoviário de carga, exceto produtos perigosos e mudanças, intermunicipal, interestadual e internacional",1,1
10993650,0810099,Extração e britamento de pedras e outros materiais para construção e beneficiamento associado,2,2
14765286,0810009,Extração de basalto e beneficiamento associado,1,1
14238231,2710401,"Fabricação de geradores de corrente contínua e alternada, peças e acessórios",1,1
24797158,2710401,"Fabricação de geradores de corrente contínua e alternada, peças e acessórios",1,1
28169305,4930202,"Transporte rodoviário de carga, exceto produtos perigosos e mudanças, intermunicipal, interestadual e internacional",1,1
41940749,4930202,"Transporte rodoviário de carga, exceto produtos perigosos e mudanças, intermunicipal, interestadual e internacional",1,1
30129391,7732201,"Aluguel de máquinas e equipamentos para construção sem operador, exceto andaimes",1,1
51769603,5211701,Armazéns gerais - emissão de warrant,1,1
00000007,6911701,Serviços advocatícios,1,1
00086445,8888888,Atividade Econônica não informada,1,1
13805542,7732201,"Aluguel de máquinas e equipamentos para construção sem operador, exceto andaimes",1,1
06977372,4921301,"Transporte rodoviário coletivo de passageiros, com itinerário fixo, municipal",1,1
77525673,4921301,"Transporte rodoviário coletivo de passageiros, com itinerário fixo, municipal",2,2
07851544,1353700,Fabricação de artefatos de cordoaria,1,1
29331758,4921302,"Transporte rodoviário coletivo de passageiros, com itinerário fixo, intermunicipal em região metropolitana",1,1
06049258,4744004,"Comércio varejista de cal, areia, pedra britada, tijolos e telhas",2,2
30735389,4313400,Obras de terraplenagem,2,1
00063457,4781400,Comércio varejista de artigos do vestuário e acessórios,1,1
73734048,7739099,"Aluguel de outras máquinas e equipamentos comerciais e industriais não especificados anteriormente, sem operador",2,2
02789187,4930201,"Transporte rodoviário de carga, exceto produtos perigosos e mudanças, municipal.",1,1
07098541,2071100,"Fabricação de tintas, vernizes, esmaltes e lacas",1,1
08143344,3832700,Recuperação de materiais plásticos,7,4
25290339,4120400,Construção de edifícios,7,2
07049258,5239799,Atividades auxiliares dos transportes aquaviários não especificadas anteriormente,7,3
06134846,4930202,"Transporte rodoviário de carga, exceto produtos perigosos e mudanças, intermunicipal, interestadual e internacional",9,1
07031916,4930202,"Transporte rodoviário de carga, exceto produtos perigosos e mudanças, intermunicipal, interestadual e internacional",48,2
75904383,4623199,Comércio atacadista de matérias-primas agrícolas não especificadas anteriormente,295,27
64957900,4731800,Comércio varejista de combustíveis para veículos automotores,1,1
07175725,8299799,Outras atividades de serviços prestados principalmente às empresas não especificadas anteriormente,49,17
12727145,4634602,Comércio atacadista de aves abatidas e derivados,39,12
08292480,0113000,Cultivo de cana-de-açúcar,28,2
64676035,1013902,Preparação de subprodutos do abate,7,2
07220874,0155501,Criação de frangos para corte,89,16
03193191,4313400,Obras de terraplenagem,16,6
00005325,4772500,"Comércio varejista de cosméticos, produtos de perfumaria e de higiene pessoal",1,1
01612795,1122401,Fabricação de refrigerantes,20,3
00072142,4712100,"Comércio varejista de mercadorias em geral, com predominância de produtos alimentícios - minimercados, mercearias e armazéns",2,1
05505390,7210000,Pesquisa e desenvolvimento experimental em ciências físicas e naturais,1,1
01502510,4930202,"Transporte rodoviário de carga, exceto produtos perigosos e mudanças, intermunicipal, interestadual e internacional",37,6
00632572,2219600,Fabricação de artefatos de borracha não especificados anteriormente,4,2
05233521,4922102,"Transporte rodoviário coletivo de passageiros, com itinerário fixo, interestadual",51,5
06065767,5091202,"Transporte por navegação de travessia intermunicipal, interestadual e internacional",75,6
04221067,2222600,Fabricação de embalagens de material plástico,5,1
23274194,3512300,Transmissão de energia elétrica,100,8
27426196,4211101,Construção de rodovias e ferrovias,8,2
51466324,8888888,Atividade Econônica não informada,6,4
06103087,4930202,"Transporte rodoviário de carga, exceto produtos perigosos e mudanças, intermunicipal, interestadual e internacional",2,2
33412792,4120400,Construção de edifícios,428,17
17997420,4922102,"Transporte rodoviário coletivo de passageiros, com itinerário fixo, interestadual",16,3
61288940,4930202,"Transporte rodoviário de carga, exceto produtos perigosos e mudanças, intermunicipal, interestadual e internacional",72,5
52234556,0131800,Cultivo de laranja,10,4
02875301,4921301,"Transporte rodoviário coletivo de passageiros, com itinerário fixo, municipal",3,3
54614813,2539001,"Serviços de usinagem, tornearia e solda",2,2
60933603,3511501,Geração de energia elétrica,481,5
61079117,4782201,Comércio varejista de calçados,308,28
61584223,4120400,Construção de edifícios,30,3
75294801,5211701,Armazéns gerais - emissão de warrant,29,5
81159857,4922101,"Transporte rodoviário coletivo de passageiros, com itinerário fixo, intermunicipal, exceto em região metropolitana",144,7
47063342,4921302,"Transporte rodoviário coletivo de passageiros, com itinerário fixo, intermunicipal em região metropolitana",4,3
47886049,4929902,"Transporte rodoviário coletivo de passageiros, sob regime de fretamento, intermunicipal, interestadual e internacional",2,2
49976251,0113000,Cultivo de cana-de-açúcar,5,2
18279158,0162899,Atividades de apoio à pecuária não especificadas anteriormente,33,8
00080963,4781400,Comércio varejista de artigos do vestuário e acessórios,1,1
03491328,4921301,"Transporte rodoviário coletivo de passageiros, com itinerário fixo, municipal",1,1
16933590,0210101,Cultivo de eucalipto,37,6
07956759,1510600,Curtimento e outras preparações de couro,7,2
07199061,4930202,"Transporte rodoviário de carga, exceto produtos perigosos e mudanças, intermunicipal, interestadual e internacional",36,2
56851611,5211701,Armazéns gerais - emissão de warrant,14,4
37259223,4639701,Comércio atacadista de produtos alimentícios em geral,5,1
13796559,3821100,Tratamento e disposição de resíduos não-perigosos,1,1
13921195,7711000,Locação de automóveis sem condutor,3,2
05484996,3520402,Distribuição de combustíveis gasosos por redes urbanas,29,8
08769549,3314799,Manutenção e reparação de outras máquinas e equipamentos para usos industriais não especificados anteriormente,18,7
15072752,4924800,Transporte escolar,1,1
02318341,4930202,"Transporte rodoviário de carga, exceto produtos perigosos e mudanças, intermunicipal, interestadual e internacional",2,1
15031293,0910600,Atividades de apoio à extração de petróleo e gás natural,11,3
16786220,0810004,Extração de calcário e dolomita e beneficiamento associado,7,3
04492373,4930202,"Transporte rodoviário de carga, exceto produtos perigosos e mudanças, intermunicipal, interestadual e internacional",8,1
10569208,4930202,"Transporte rodoviário de carga, exceto produtos perigosos e mudanças, intermunicipal, interestadual e internacional",2,2
10946897,4930202,"Transporte rodoviário de carga, exceto produtos perigosos e mudanças, intermunicipal, interestadual e internacional",2,1
07963642,0134200,Cultivo de café,3,1
15698659,4921301,"Transporte rodoviário coletivo de passageiros, com itinerário fixo, municipal",2,1
04702118,4399199,Serviços especializados para construção não especificados anteriormente,9,3
28578649,0810008,Extração de saibro e beneficiamento associado,3,3
04176082,4922102,"Transporte rodoviário coletivo de passageiros, com itinerário fixo, interestadual",21,3
10256296,2330305,Preparação de massa de concreto e argamassa para construção,4,2
18358051,0710301,Extração de minério de ferro,5,2
06942221,1122401,Fabricação de refrigerantes,8,5
43399567,4930202,"Transporte rodoviário de carga, exceto produtos perigosos e mudanças, intermunicipal, interestadual e internacional",9,1
05476099,4930202,"Transporte rodoviário de carga, exceto produtos perigosos e mudanças, intermunicipal, interestadual e internacional",6,2
16565897,0710301,Extração de minério de ferro,4,1
08794451,3511501,Geração de energia elétrica,21,4
33930897,7732201,"Aluguel de máquinas e equipamentos para construção sem operador, exceto andaimes",1,1
34296373,4784900,Comércio varejista de gás liqüefeito de petróleo (GLP),1,1
20826545,4930201,"Transporte rodoviário de carga, exceto produtos perigosos e mudanças, municipal.",5,2
32506981,4930202,"Transporte rodoviário de carga, exceto produtos perigosos e mudanças, intermunicipal, interestadual e internacional",3,1
37317905,0115600,Cultivo de soja,1,1
05015767,4929902,"Transporte rodoviário coletivo de passageiros, sob regime de fretamento, intermunicipal, interestadual e internacional",2,1
13576035,4930202,"Transporte rodoviário de carga, exceto produtos perigosos e mudanças, intermunicipal, interestadual e internacional",11,1
13991890,2521700,"Fabricação de tanques, reservatórios metálicos e caldeiras para aquecimento central",5,4
42603554,4921302,"Transporte rodoviário coletivo de passageiros, com itinerário fixo, intermunicipal em região metropolitana",3,2
16726866,4211101,Construção de rodovias e ferrovias,5,1
31799479,4930202,"Transporte rodoviário de carga, exceto produtos perigosos e mudanças, intermunicipal, interestadual e internacional",13,1
44720159,4930203,Transporte rodoviário de produtos perigosos,6,1
46127635,4661300,"Comércio atacadista de máquinas, aparelhos e equipamentos para uso agropecuário; partes e peças",9,2
53640248,4530703,Comércio a varejo de peças e acessórios novos para veículos automotores,2,2
02823335,3811400,Coleta de resíduos não-perigosos,18,4
58544688,4729699,Comércio varejista de produtos alimentícios em geral ou especializado em produtos alimentícios não especificados anteriormente,1,1
04880945,4930202,"Transporte rodoviário de carga, exceto produtos perigosos e mudanças, intermunicipal, interestadual e internacional",10,2
36111732,4213800,"Obras de urbanização - ruas, praças e calçadas",6,1
00000047,5620101,Fornecimento de alimentos preparados preponderantemente para empresas,1,1
00007207,4781400,Comércio varejista de artigos do vestuário e acessórios,1,1
04078670,9329899,Outras atividades de recreação e lazer não especificadas anteriormente,1,1
07152689,2399199,Fabricação de outros produtos de minerais não-metálicos não especificados anteriormente,5,2
06158487,4399105,Perfuração e construção de poços de água,1,1
48363428,0810007,Extração de argila e beneficiamento associado,14,6
51663680,4921301,"Transporte rodoviário coletivo de passageiros, com itinerário fixo, municipal",19,4
45101250,4930202,"Transporte rodoviário de carga, exceto produtos perigosos e mudanças, intermunicipal, interestadual e internacional",3,1
02910623,4673700,Comércio atacadista de material elétrico,1,1
60881299,4649408,"Comércio atacadista de produtos de higiene, limpeza e conservação domiciliar",13,7
65035222,4213800,"Obras de urbanização - ruas, praças e calçadas",4,4
71441661,4784900,Comércio varejista de gás liqüefeito de petróleo (GLP),6,2
22060818,4930202,"Transporte rodoviário de carga, exceto produtos perigosos e mudanças, intermunicipal, interestadual e internacional",1,1
91359281,4921301,"Transporte rodoviário coletivo de passageiros, com itinerário fixo, municipal",12,4
09112376,4921301,"Transporte rodoviário coletivo de passageiros, com itinerário fixo, municipal",2,1
83874867,4921301,"Transporte rodoviário coletivo de passageiros, com itinerário fixo, municipal",3,1
16084121,4921301,"Transporte rodoviário coletivo de passageiros, com itinerário fixo, municipal",3,3
31928567,4921302,"Transporte rodoviário coletivo de passageiros, com itinerário fixo, intermunicipal em região metropolitana",4,3
78815107,2342701,Fabricação de azulejos e pisos,2,1
06048466,4921302,"Transporte rodoviário coletivo de passageiros, com itinerário fixo, intermunicipal em região metropolitana",7,3
33841370,4930201,"Transporte rodoviário de carga, exceto produtos perigosos e mudanças, municipal.",3,2
06175064,4633801,"Comércio atacadista de frutas, verduras, raízes, tubérculos, hortaliças e legumes frescos",11,2
54764337,4930203,Transporte rodoviário de produtos perigosos,8,4
00215234,7711000,Locação de automóveis sem condutor,5,1
23064231,0893200,Extração de gemas (pedras preciosas e semipreciosas),7,5
56035538,4313400,Obras de terraplenagem,2,1
51979557,4922101,"Transporte rodoviário coletivo de passageiros, com itinerário fixo, intermunicipal, exceto em região metropolitana",2,2
08035281,4669999,Comércio atacadista de outras máquinas e equipamentos não especificados anteriormente; partes e peças,1,1
07699082,3011301,Construção de embarcações de grande porte,6,2
96178199,4930202,"Transporte rodoviário de carga, exceto produtos perigosos e mudanças, intermunicipal, interestadual e internacional",6,2
09075242,1931400,Fabricação de álcool,1,1
08153310,0151201,Criação de bovinos para corte,2,1
09545681,0899199,Extração de outros minerais não-metálicos não especificados anteriormente,4,3
03391986,1629301,"Fabricação de artefatos diversos de madeira, exceto móveis",6,1
11460795,4930202,"Transporte rodoviário de carga, exceto produtos perigosos e mudanças, intermunicipal, interestadual e internacional",6,1
53906335,4921301,"Transporte rodoviário coletivo de passageiros, com itinerário fixo, municipal",4,2
12985159,4321500,Instalação e manutenção elétrica,1,1
03209450,2330305,Preparação de massa de concreto e argamassa para construção,9,1
61454393,1122401,Fabricação de refrigerantes,17,7
12285626,4930202,"Transporte rodoviário de carga, exceto produtos perigosos e mudanças, intermunicipal, interestadual e internacional",2,1
19784967,2949299,Fabricação de outras peças e acessórios para veículos automotores não especificadas anteriormente,4,2
19447107,0155501,Criação de frangos para corte,7,5
09015680,1020102,"Fabricação de conservas de peixes, crustáceos e moluscos",5,3
22873602,5211701,Armazéns gerais - emissão de warrant,1,1
24446331,4930202,"Transporte rodoviário de carga, exceto produtos perigosos e mudanças, intermunicipal, interestadual e internacional",1,1
05117323,4639701,Comércio atacadista de produtos alimentícios em geral,9,3
07075810,4929901,"Transporte rodoviário coletivo de passageiros, sob regime de fretamento, municipal",4,2
30398454,4789099,Comércio varejista de outros produtos não especificados anteriormente,1,1
21400858,4930202,"Transporte rodoviário de carga, exceto produtos perigosos e mudanças, intermunicipal, interestadual e internacional",6,2
08405256,4921301,"Transporte rodoviário coletivo de passageiros, com itinerário fixo, municipal",4,1
34404435,4530703,Comércio a varejo de peças e acessórios novos para veículos automotores,1,1
35272919,4399104,Serviços de operação e fornecimento de equipamentos para transporte e elevação de cargas e pessoas para uso em obras,3,1
76593763,4930202,"Transporte rodoviário de carga, exceto produtos perigosos e mudanças, intermunicipal, interestadual e internacional",5,1
35859228,7732201,"Aluguel de máquinas e equipamentos para construção sem operador, exceto andaimes",1,1
33431854,4930203,Transporte rodoviário de produtos perigosos,14,1
38276228,2099199,Fabricação de outros produtos químicos não especificados anteriormente,2,2
23828963,0810099,Extração e britamento de pedras e outros materiais para construção e beneficiamento associado,3,3
29381602,4930202,"Transporte rodoviário de carga, exceto produtos perigosos e mudanças, intermunicipal, interestadual e internacional",2,1
95424735,4922101,"Transporte rodoviário coletivo de passageiros, com itinerário fixo, intermunicipal, exceto em região metropolitana",8,3
42354972,0810004,Extração de calcário e dolomita e beneficiamento associado,4,3
28612598,2759799,"Fabricação de outros aparelhos eletrodomésticos não especificados anteriormente, peças e acessórios",4,3
06251333,4930203,Transporte rodoviário de produtos perigosos,3,1
47925043,0810099,Extração e britamento de pedras e outros materiais para construção e beneficiamento associado,4,3
00520634,4930202,"Transporte rodoviário de carga, exceto produtos perigosos e mudanças, intermunicipal, interestadual e internacional",10,3
13599606,0134200,Cultivo de café,5,2
26794086,0500302,Beneficiamento de carvão mineral,3,1
12422761,2330301,"Fabricação de estruturas pré-moldadas de concreto armado, em série e sob encomenda",3,1
10250551,5231102,Atividades do Operador Portuário,10,3
00005210,4713004,"Lojas de departamentos ou magazines, exceto lojas francas (Duty free)",1,1
03356967,3511501,Geração de energia elétrica,3,1
01892725,0132600,Cultivo de uva,3,2
00000073,8299799,Outras atividades de serviços prestados principalmente às empresas não especificadas anteriormente,1,1
05454846,2399199,Fabricação de outros produtos de minerais não-metálicos não especificados anteriormente,4,1
00585121,2342702,"Fabricação de artefatos de cerâmica e barro cozido para uso na construção, exceto azulejos e pisos",3,2
02220262,3092000,"Fabricação de bicicletas e triciclos não-motorizados, peças e acessórios",3,3
04820730,4921301,"Transporte rodoviário coletivo de passageiros, com itinerário fixo, municipal",4,2
10760171,4744001,Comércio varejista de ferragens e ferramentas,4,2
30751572,4921301,"Transporte rodoviário coletivo de passageiros, com itinerário fixo, municipal",5,2
33059684,4929902,"Transporte rodoviário coletivo de passageiros, sob regime de fretamento, intermunicipal, interestadual e internacional",4,3
57705097,4929902,"Transporte rodoviário coletivo de passageiros, sob regime de fretamento, intermunicipal, interestadual e internacional",2,1
01570147,5022002,"Transporte por navegação interior de passageiros em linhas regulares, intermunicipal, interestadual e internacional, exceto travessia",2,2
07743793,5212500,Carga e descarga,1,1
12187423,4120400,Construção de edifícios,1,1
07022853,4930202,"Transporte rodoviário de carga, exceto produtos perigosos e mudanças, intermunicipal, interestadual e internacional",4,1
07083477,3511501,Geração de energia elétrica,2,1
10544659,5030102,Navegação de apoio portuário,1,1
10729699,7119701,"Serviços de cartografia, topografia e geodésia",3,1
91597617,1041400,"Fabricação de óleos vegetais em bruto, exceto óleo de milho",3,1
08729116,4923002,Serviço de transporte de passageiros - locação de automóveis com motorista,1,1
11649350,4921302,"Transporte rodoviário coletivo de passageiros, com itinerário fixo, intermunicipal em região metropolitana",2,2
17684344,8411600,Administração pública em geral,1,1
04672291,4687703,Comércio atacadista de resíduos e sucatas metálicos,2,2
17776751,4930203,Transporte rodoviário de produtos perigosos,4,1
03120545,4929902,"Transporte rodoviário coletivo de passageiros, sob regime de fretamento, intermunicipal, interestadual e internacional",3,2
12648059,4930202,"Transporte rodoviário de carga, exceto produtos perigosos e mudanças, intermunicipal, interestadual e internacional",7,1
28081287,0810006,"Extração de areia, cascalho ou pedregulho e beneficiamento associado",2,2
31884811,4399199,Serviços especializados para construção não especificados anteriormente,1,1
17205184,8211300,Serviços combinados de escritório e apoio administrativo,2,2
07065754,0910600,Atividades de apoio à extração de petróleo e gás natural,3,1
36359686,2330305,Preparação de massa de concreto e argamassa para construção,7,1
47367504,4930203,Transporte rodoviário de produtos perigosos,1,1
40648726,2013402,"Fabricação de adubos e fertilizantes, exceto organo-minerais",4,2
54324211,4687703,Comércio atacadista de resíduos e sucatas metálicos,1,1
10699345,1921700,Fabricação de produtos do refino de petróleo,2,2
00000012,6821802,Corretagem no aluguel de imóveis,1,1
05578838,0161003,"Serviço de preparação de terreno, cultivo e colheita",3,1
02787125,0810004,Extração de calcário e dolomita e beneficiamento associado,2,1
04051523,2071100,"Fabricação de tintas, vernizes, esmaltes e lacas",3,1
09379165,4921301,"Transporte rodoviário coletivo de passageiros, com itinerário fixo, municipal",2,1
02494891,4930203,Transporte rodoviário de produtos perigosos,1,1
23138373,4120400,Construção de edifícios,3,1
54380399,4921302,"Transporte rodoviário coletivo de passageiros, com itinerário fixo, intermunicipal em região metropolitana",3,2
07632888,4921301,"Transporte rodoviário coletivo de passageiros, com itinerário fixo, municipal",1,1
13012745,4930202,"Transporte rodoviário de carga, exceto produtos perigosos e mudanças, intermunicipal, interestadual e internacional",4,1
07935999,2342702,"Fabricação de artefatos de cerâmica e barro cozido para uso na construção, exceto azulejos e pisos",1,1
06246061,4921301,"Transporte rodoviário coletivo de passageiros, com itinerário fixo, municipal",1,1
94580479,0810006,"Extração de areia, cascalho ou pedregulho e beneficiamento associado",3,1
02709992,4632001,Comércio atacadista de cereais e leguminosas beneficiados,2,2
12733590,0810099,Extração e britamento de pedras e outros materiais para construção e beneficiamento associado,3,1
08489409,4929902,"Transporte rodoviário coletivo de passageiros, sob regime de fretamento, intermunicipal, interestadual e internacional",8,3
14427957,0710301,Extração de minério de ferro,4,4
47084728,4313400,Obras de terraplenagem,3,2
01037501,4924800,Transporte escolar,4,2
12149165,4711301,"Comércio varejista de mercadorias em geral, com predominância de produtos alimentícios - hipermercados",4,3
18045185,7119702,Atividades de estudos geológicos,3,2
10808699,1721400,Fabricação de papel,5,3
21188004,4921301,"Transporte rodoviário coletivo de passageiros, com itinerário fixo, municipal",1,1
00948820,4222701,"Construção de redes de abastecimento de água, coleta de esgoto e construções correlatas, exceto obras de irrigação",5,3
00195690,4682600,Comércio atacadista de gás liqüefeito de petróleo (GLP),3,1
31023023,4221902,Construção de estações e redes de distribuição de energia elétrica,2,1
28894029,4930203,Transporte rodoviário de produtos perigosos,1,1
25246163,4930201,"Transporte rodoviário de carga, exceto produtos perigosos e mudanças, municipal.",3,3
43061782,3821100,Tratamento e disposição de resíduos não-perigosos,2,1
35732217,4930201,"Transporte rodoviário de carga, exceto produtos perigosos e mudanças, municipal.",1,1
02311117,4313400,Obras de terraplenagem,3,2
54430840,4930201,"Transporte rodoviário de carga, exceto produtos perigosos e mudanças, municipal.",1,1
00023438,4921301,"Transporte rodoviário coletivo de passageiros, com itinerário fixo, municipal",1,1
00078844,2542000,"Fabricação de artigos de serralheria, exceto esquadrias",1,1
45817467,4744001,Comércio varejista de ferragens e ferramentas,3,3
07041007,2943300,Fabricação de peças e acessórios para o sistema de freios de veículos automotores,3,2
03106638,4744001,Comércio varejista de ferragens e ferramentas,1,1
07210362,3313901,"Manutenção e reparação de geradores, transformadores e motores elétricos",1,1
02615012,4922101,"Transporte rodoviário coletivo de passageiros, com itinerário fixo, intermunicipal, exceto em região metropolitana",6,3
00000322,8650099,Atividades de profissionais da área de saúde não especificadas anteriormente,1,1
05975316,4930202,"Transporte rodoviário de carga, exceto produtos perigosos e mudanças, intermunicipal, interestadual e internacional",3,2
23445513,2391503,"Aparelhamento de placas e execução de trabalhos em mármore, granito, ardósia e outras pedras",1,1
00726861,8299799,Outras atividades de serviços prestados principalmente às empresas não especificadas anteriormente,1,1
53401659,4921302,"Transporte rodoviário coletivo de passageiros, com itinerário fixo, intermunicipal em região metropolitana",2,2
08875109,4921301,"Transporte rodoviário coletivo de passageiros, com itinerário fixo, municipal",1,1
08540049,4922101,"Transporte rodoviário coletivo de passageiros, com itinerário fixo, intermunicipal, exceto em região metropolitana",2,2
11113293,5250804,Organização logística do transporte de carga,1,1
18073013,4691500,"Comércio atacadista de mercadorias em geral, com predominância de produtos alimentícios",3,2
21821364,4120400,Construção de edifícios,1,1
19892960,0810006,"Extração de areia, cascalho ou pedregulho e beneficiamento associado",1,1
26657785,4330499,Outras obras de acabamento da construção,1,1
41704707,0133499,Cultivo de frutas de lavoura permanente não especificadas anteriormente,1,1
51680741,2391501,"Britamento de pedras, exceto associado à extração",1,1
20757013,4930202,"Transporte rodoviário de carga, exceto produtos perigosos e mudanças, intermunicipal, interestadual e internacional",2,1
00000061,4781400,Comércio varejista de artigos do vestuário e acessórios,1,1
03359531,2013402,"Fabricação de adubos e fertilizantes, exceto organo-minerais",1,1
01008123,4313400,Obras de terraplenagem,1,1
18329060,0710301,Extração de minério de ferro,2,1
60820198,0899199,Extração de outros minerais não-metálicos não especificados anteriormente,2,1
03004216,4930202,"Transporte rodoviário de carga, exceto produtos perigosos e mudanças, intermunicipal, interestadual e internacional",1,1
69434090,7732201,"Aluguel de máquinas e equipamentos para construção sem operador, exceto andaimes",2,2
07776339,0810004,Extração de calcário e dolomita e beneficiamento associado,3,2
29324951,4921302,"Transporte rodoviário coletivo de passageiros, com itinerário fixo, intermunicipal em região metropolitana",2,1
09496357,4211101,Construção de rodovias e ferrovias,1,1
47874037,4929902,"Transporte rodoviário coletivo de passageiros, sob regime de fretamento, intermunicipal, interestadual e internacional",2,1
07272222,4929901,"Transporte rodoviário coletivo de passageiros, sob regime de fretamento, municipal",1,1
05701821,2330302,Fabricação de artefatos de cimento para uso na construção,1,1
67218461,4299599,Outras obras de engenharia civil não especificadas anteriormente,2,1
10935477,4930202,"Transporte rodoviário de carga, exceto produtos perigosos e mudanças, intermunicipal, interestadual e internacional",1,1
03020454,4930202,"Transporte rodoviário de carga, exceto produtos perigosos e mudanças, intermunicipal, interestadual e internacional",3,1
10923648,0810099,Extração e britamento de pedras e outros materiais para construção e beneficiamento associado,2,1
21411450,5231102,Atividades do Operador Portuário,2,1
19660348,3511501,Geração de energia elétrica,2,1
21249330,1742799,Fabricação de produtos de papel para uso doméstico e higiênico-sanitário não especificados anteriormente,1,1
10652793,4744001,Comércio varejista de ferragens e ferramentas,2,1
26198828,4929902,"Transporte rodoviário coletivo de passageiros, sob regime de fretamento, intermunicipal, interestadual e internacional",1,1
34114460,5232000,Atividades de agenciamento marítimo,1,1
35218260,4299599,Outras obras de engenharia civil não especificadas anteriormente,1,1
14868305,4930202,"Transporte rodoviário de carga, exceto produtos perigosos e mudanças, intermunicipal, interestadual e internacional",4,1
10328162,4930201,"Transporte rodoviário de carga, exceto produtos perigosos e mudanças, municipal.",2,2
57442989,8599604,Treinamento em desenvolvimento profissional e gerencial,1,1
59535667,1629301,"Fabricação de artefatos diversos de madeira, exceto móveis",1,1
02419870,4930202,"Transporte rodoviário de carga, exceto produtos perigosos e mudanças, intermunicipal, interestadual e internacional",1,1
03119889,2424502,"Produção de relaminados, trefilados e perfilados de aço, exceto arames",1,1
49068737,4921301,"Transporte rodoviário coletivo de passageiros, com itinerário fixo, municipal",2,2
31382336,4930202,"Transporte rodoviário de carga, exceto produtos perigosos e mudanças, intermunicipal, interestadual e internacional",1,1
07824760,5250804,Organização logística do transporte de carga,1,1
03582844,4689399,Comércio atacadista especializado em outros produtos intermediários não especificados anteriormente,2,2
03918238,0810099,Extração e britamento de pedras e outros materiais para construção e beneficiamento associado,1,1
17466073,4930202,"Transporte rodoviário de carga, exceto produtos perigosos e mudanças, intermunicipal, interestadual e internacional",1,1
26401399,4930202,"Transporte rodoviário de carga, exceto produtos perigosos e mudanças, intermunicipal, interestadual e internacional",1,1
42925433,7739099,"Aluguel de outras máquinas e equipamentos comerciais e industriais não especificados anteriormente, sem operador",1,1
45807994,6810201,Compra e venda de imóveis próprios,1,1
48861901,2399199,Fabricação de outros produtos de minerais não-metálicos não especificados anteriormente,1,1
43241544,4681802,Comércio atacadista de combustíveis realizado por transportador retalhista (T.R.R.),2,1
52099356,4930202,"Transporte rodoviário de carga, exceto produtos perigosos e mudanças, intermunicipal, interestadual e internacional",1,1
36206858,7732201,"Aluguel de máquinas e equipamentos para construção sem operador, exceto andaimes",3,2
59499919,4211101,Construção de rodovias e ferrovias,1,1
00000053,8112500,Condomínios prediais,1,1
00002484,5611203,"Lanchonetes, casas de chá, de sucos e similares",1,1
00064000,4744001,Comércio varejista de ferragens e ferramentas,1,1
13742401,3812200,Coleta de resíduos perigosos,1,1
22459840,4930202,"Transporte rodoviário de carga, exceto produtos perigosos e mudanças, intermunicipal, interestadual e internacional",1,1
26799702,0131800,Cultivo de laranja,1,1
33923560,0810006,"Extração de areia, cascalho ou pedregulho e beneficiamento associado",2,1
36457536,4211101,Construção de rodovias e ferrovias,1,1
41160680,4313400,Obras de terraplenagem,2,1
50308054,5021102,"Transporte por navegação interior de carga, intermunicipal, interestadual e internacional, exceto travessia",1,1
41725829,4679602,Comércio atacadista de mármores e granitos,2,2
54177692,4759899,Comércio varejista de outros artigos de uso pessoal e doméstico não especificados anteriormente,1,1
06312445,2399199,Fabricação de outros produtos de minerais não-metálicos não especificados anteriormente,1,1
11797051,0161003,"Serviço de preparação de terreno, cultivo e colheita",1,1
13996019,7739099,"Aluguel de outras máquinas e equipamentos comerciais e industriais não especificados anteriormente, sem operador",1,1
14286194,1099604,Fabricação de gelo comum,1,1
38479657,4930202,"Transporte rodoviário de carga, exceto produtos perigosos e mudanças, intermunicipal, interestadual e internacional",1,1
43066666,0891600,"Extração de minerais para fabricação de adubos, fertilizantes e outros produtos químicos",1,1
29229084,4930201,"Transporte rodoviário de carga, exceto produtos perigosos e mudanças, municipal.",1,1
31511797,4921301,"Transporte rodoviário coletivo de passageiros, com itinerário fixo, municipal",2,1
00000030,8630503,Atividade médica ambulatorial restrita a consultas,1,1
00000085,9602501,"Cabeleireiros, manicure e pedicure",1,1
00001577,2342702,"Fabricação de artefatos de cerâmica e barro cozido para uso na construção, exceto azulejos e pisos",1,1
10226386,4321500,Instalação e manutenção elétrica,1,1
10904554,4313400,Obras de terraplenagem,1,1
24327087,0810006,"Extração de areia, cascalho ou pedregulho e beneficiamento associado",2,1
43335161,2411300,Produção de ferro-gusa,1,1
75195297,4921302,"Transporte rodoviário coletivo de passageiros, com itinerário fixo, intermunicipal em região metropolitana",1,1
08552473,4921301,"Transporte rodoviário coletivo de passageiros, com itinerário fixo, municipal",1,1
15187776,2851800,"Fabricação de máquinas e equipamentos para a prospecção e extração de petróleo, peças e acessórios",2,1
04488288,9430800,Atividades de associações de defesa de direitos sociais,1,1
00000093,7490101,"Serviços de tradução, interpretação e similares",1,1
01179593,3012100,Construção de embarcações para esporte e lazer,1,1
03087043,3811400,Coleta de resíduos não-perigosos,1,1
07139350,4520001,Serviços de manutenção e reparação mecânica de veículos automotores,1,1
20177093,4930203,Transporte rodoviário de produtos perigosos,1,1
16908824,4929901,"Transporte rodoviário coletivo de passageiros, sob regime de fretamento, municipal",1,1
05690512,4930202,"Transporte rodoviário de carga, exceto produtos perigosos e mudanças, intermunicipal, interestadual e internacional",1,1
44649960,4399105,Perfuração e construção de poços de água,1,1
07680706,3313901,"Manutenção e reparação de geradores, transformadores e motores elétricos",1,1
42113274,3313901,"Manutenção e reparação de geradores, transformadores e motores elétricos",1,1
08578982,0710301,Extração de minério de ferro,1,1
04152733,4930202,"Transporte rodoviário de carga, exceto produtos perigosos e mudanças, intermunicipal, interestadual e internacional",5,2
13132317,0810006,"Extração de areia, cascalho ou pedregulho e beneficiamento associado",2,2
01618204,4110700,Incorporação de empreendimentos imobiliários,37,3
21437447,4683400,"Comércio atacadista de defensivos agrícolas, adubos, fertilizantes e corretivos do solo",121,6
17851447,3811400,Coleta de resíduos não-perigosos,16,2
11127711,0151201,Criação de bovinos para corte,7,2
03902129,4622200,Comércio atacadista de soja,43,16
04335535,5212500,Carga e descarga,11,6
62267317,9499500,Atividades associativas não especificadas anteriormente,1,1
77577419,4313400,Obras de terraplenagem,6,4
18938887,4921302,"Transporte rodoviário coletivo de passageiros, com itinerário fixo, intermunicipal em região metropolitana",4,1
59965038,4922101,"Transporte rodoviário coletivo de passageiros, com itinerário fixo, intermunicipal, exceto em região metropolitana",62,12
03367101,2330305,Preparação de massa de concreto e argamassa para construção,28,4
15452593,4634603,Comércio atacadista de pescados e frutos do mar,24,4
14460993,4930202,"Transporte rodoviário de carga, exceto produtos perigosos e mudanças, intermunicipal, interestadual e internacional",12,2
36297810,0230600,Atividades de apoio à produção florestal,37,1
00000072,8121400,Limpeza em prédios e em domicílios,1,1
96225768,2790299,Fabricação de outros equipamentos e aparelhos elétricos não especificados anteriormente,1,1
00394502,8422100,Defesa,606,8
01464886,4689301,"Comércio atacadista de produtos da extração mineral, exceto combustíveis",7,4
04229761,2222600,Fabricação de embalagens de material plástico,13,6
05756643,2391502,"Aparelhamento de pedras para construção, exceto associado à extração",1,1
06291846,4299599,Outras obras de engenharia civil não especificadas anteriormente,28,7
07557333,4672900,Comércio atacadista de ferragens e ferramentas,14,2
08490666,4921301,"Transporte rodoviário coletivo de passageiros, com itinerário fixo, municipal",3,1
08827677,4922101,"Transporte rodoviário coletivo de passageiros, com itinerário fixo, intermunicipal, exceto em região metropolitana",7,3
10963007,2942500,Fabricação de peças e acessórios para os sistemas de marcha e transmissão de veículos automotores,4,3
17194077,4211101,Construção de rodovias e ferrovias,32,2
17200072,4921301,"Transporte rodoviário coletivo de passageiros, com itinerário fixo, municipal",6,1
17866823,0162899,Atividades de apoio à pecuária não especificadas anteriormente,31,9
05938517,0891600,"Extração de minerais para fabricação de adubos, fertilizantes e outros produtos químicos",3,2
27390160,5229099,Outras atividades auxiliares dos transportes terrestres não especificadas anteriormente,23,4
28690998,4922101,"Transporte rodoviário coletivo de passageiros, com itinerário fixo, intermunicipal, exceto em região metropolitana",15,3
02699552,2031200,Fabricação de resinas termoplásticas,1,1
36312056,0210108,Produção de carvão vegetal - florestas plantadas,46,9
43992932,7732201,"Aluguel de máquinas e equipamentos para construção sem operador, exceto andaimes",8,3
44771350,0810006,"Extração de areia, cascalho ou pedregulho e beneficiamento associado",4,2
46090221,4929902,"Transporte rodoviário coletivo de passageiros, sob regime de fretamento, intermunicipal, interestadual e internacional",11,3
55334262,4921302,"Transporte rodoviário coletivo de passageiros, com itinerário fixo, intermunicipal em região metropolitana",94,7
56395510,4744001,Comércio varejista de ferragens e ferramentas,2,2
60829264,4922102,"Transporte rodoviário coletivo de passageiros, com itinerário fixo, interestadual",33,6
02959423,4930202,"Transporte rodoviário de carga, exceto produtos perigosos e mudanças, intermunicipal, interestadual e internacional",2,1
61329181,4213800,"Obras de urbanização - ruas, praças e calçadas",10,5
61881017,2599399,Fabricação de outros produtos de metal não especificados anteriormente,12,4
01401630,4929902,"Transporte rodoviário coletivo de passageiros, sob regime de fretamento, intermunicipal, interestadual e internacional",8,2
77883320,4711302,"Comércio varejista de mercadorias em geral, com predominância de produtos alimentícios - supermercados",58,3
79111779,4922101,"Transporte rodoviário coletivo de passageiros, com itinerário fixo, intermunicipal, exceto em região metropolitana",96,7
03116586,2399199,Fabricação de outros produtos de minerais não-metálicos não especificados anteriormente,5,2
79228219,4635402,"Comércio atacadista de cerveja, chope e refrigerante",6,3
59708503,4921301,"Transporte rodoviário coletivo de passageiros, com itinerário fixo, municipal",7,3
86183449,2330301,"Fabricação de estruturas pré-moldadas de concreto armado, em série e sob encomenda",14,3
89387864,0210107,Extração de madeira em florestas plantadas,54,7
95323275,1012103,Frigorífico - abate de suínos,12,9
66301334,1052000,Fabricação de laticínios,18,4
01895314,3702900,"Atividades relacionadas a esgoto, exceto a gestão de redes",5,3
89716195,4693100,"Comércio atacadista de mercadorias em geral, sem predominância de alimentos ou de insumos agropecuários",6,3
07452156,4930202,"Transporte rodoviário de carga, exceto produtos perigosos e mudanças, intermunicipal, interestadual e internacional",15,2
33060278,3314701,Manutenção e reparação de máquinas motrizes não-elétricas,10,6
33958695,4684299,Comércio atacadista de outros produtos químicos e petroquímicos não especificados anteriormente,11,6
28843928,0151201,Criação de bovinos para corte,2,1
61274809,4921301,"Transporte rodoviário coletivo de passageiros, com itinerário fixo, municipal",4,3
00028873,2330305,Preparação de massa de concreto e argamassa para construção,9,2
23637093,2341900,Fabricação de produtos cerâmicos refratários,21,3
06933939,4930202,"Transporte rodoviário de carga, exceto produtos perigosos e mudanças, intermunicipal, interestadual e internacional",18,1
82714783,4930202,"Transporte rodoviário de carga, exceto produtos perigosos e mudanças, intermunicipal, interestadual e internacional",6,1
82784216,4635402,"Comércio atacadista de cerveja, chope e refrigerante",2,1
66380148,7732201,"Aluguel de máquinas e equipamentos para construção sem operador, exceto andaimes",1,1
08747503,4679699,Comércio atacadista de materiais de construção em geral,10,5
07222913,4929902,"Transporte rodoviário coletivo de passageiros, sob regime de fretamento, intermunicipal, interestadual e internacional",2,2
01767998,4922101,"Transporte rodoviário coletivo de passageiros, com itinerário fixo, intermunicipal, exceto em região metropolitana",1,1
25102203,4921301,"Transporte rodoviário coletivo de passageiros, com itinerário fixo, municipal",6,2
59530832,4930202,"Transporte rodoviário de carga, exceto produtos perigosos e mudanças, intermunicipal, interestadual e internacional",24,3
08507787,0151201,Criação de bovinos para corte,6,2
78147105,4930202,"Transporte rodoviário de carga, exceto produtos perigosos e mudanças, intermunicipal, interestadual e internacional",22,2
07667439,4639701,Comércio atacadista de produtos alimentícios em geral,4,3
10926330,7731400,Aluguel de máquinas e equipamentos agrícolas sem operador,1,1
87547675,4399199,Serviços especializados para construção não especificados anteriormente,23,5
94012481,4930202,"Transporte rodoviário de carga, exceto produtos perigosos e mudanças, intermunicipal, interestadual e internacional",15,3
11941003,2330305,Preparação de massa de concreto e argamassa para construção,2,1
07489111,4681801,"Comércio atacadista de álcool carburante, biodiesel, gasolina e demais derivados de petróleo, exceto lubrificantes, não realizado por transportador re",5,3
12762763,7732201,"Aluguel de máquinas e equipamentos para construção sem operador, exceto andaimes",1,1
12300288,3511501,Geração de energia elétrica,6,1
18449504,4922102,"Transporte rodoviário coletivo de passageiros, com itinerário fixo, interestadual",46,4
03875890,4754701,Comércio varejista de móveis,24,4
12059896,5250804,Organização logística do transporte de carga,5,2
13245713,4922101,"Transporte rodoviário coletivo de passageiros, com itinerário fixo, intermunicipal, exceto em região metropolitana",4,1
08374919,4922101,"Transporte rodoviário coletivo de passageiros, com itinerário fixo, intermunicipal, exceto em região metropolitana",4,3
04741811,2330305,Preparação de massa de concreto e argamassa para construção,6,1
04029601,3511501,Geração de energia elétrica,14,3
09614350,0115600,Cultivo de soja,5,2
93094597,5229099,Outras atividades auxiliares dos transportes terrestres não especificadas anteriormente,6,4
06767974,4921302,"Transporte rodoviário coletivo de passageiros, com itinerário fixo, intermunicipal em região metropolitana",6,2
65339590,2640000,"Fabricação de aparelhos de recepção, reprodução, gravação e amplificação de áudio e vídeo",5,4
17720994,0721901,Extração de minério de alumínio,15,6
08025296,0134200,Cultivo de café,6,1
13004833,4221902,Construção de estações e redes de distribuição de energia elétrica,6,3
10505311,4120400,Construção de edifícios,10,2
13479289,3832700,Recuperação de materiais plásticos,1,1
12014047,4930202,"Transporte rodoviário de carga, exceto produtos perigosos e mudanças, intermunicipal, interestadual e internacional",1,1
05907238,5211799,"Depósitos de mercadorias para terceiros, exceto armazéns gerais e guarda-móveis",2,2
03992929,4211101,Construção de rodovias e ferrovias,18,2
00061493,2399199,Fabricação de outros produtos de minerais não-metálicos não especificados anteriormente,13,3
16941833,0893200,Extração de gemas (pedras preciosas e semipreciosas),10,5
01618978,4930202,"Transporte rodoviário de carga, exceto produtos perigosos e mudanças, intermunicipal, interestadual e internacional",6,1
33028845,4120400,Construção de edifícios,1,1
39377447,0111302,Cultivo de milho,2,1
86528700,5212500,Carga e descarga,8,3
34051080,4921301,"Transporte rodoviário coletivo de passageiros, com itinerário fixo, municipal",5,3
39711575,7732201,"Aluguel de máquinas e equipamentos para construção sem operador, exceto andaimes",8,5
52957693,4930202,"Transporte rodoviário de carga, exceto produtos perigosos e mudanças, intermunicipal, interestadual e internacional",9,1
27241963,3313901,"Manutenção e reparação de geradores, transformadores e motores elétricos",1,1
11703484,3811400,Coleta de resíduos não-perigosos,4,3
03258582,4922102,"Transporte rodoviário coletivo de passageiros, com itinerário fixo, interestadual",5,2
27317546,0210101,Cultivo de eucalipto,7,4
82809088,4930202,"Transporte rodoviário de carga, exceto produtos perigosos e mudanças, intermunicipal, interestadual e internacional",20,3
23347420,2869100,"Fabricação de máquinas e equipamentos para uso industrial específico não especificados anteriormente, peças e acessórios",6,3
60755519,2099199,Fabricação de outros produtos químicos não especificados anteriormente,12,7
07803353,4929902,"Transporte rodoviário coletivo de passageiros, sob regime de fretamento, intermunicipal, interestadual e internacional",9,5
15692726,4211101,Construção de rodovias e ferrovias,7,3
53172475,3821100,Tratamento e disposição de resíduos não-perigosos,1,1
52247381,4930202,"Transporte rodoviário de carga, exceto produtos perigosos e mudanças, intermunicipal, interestadual e internacional",5,1
10267561,2330305,Preparação de massa de concreto e argamassa para construção,22,3
54389840,3811400,Coleta de resíduos não-perigosos,1,1
55219925,4742300,Comércio varejista de material elétrico,1,1
56340218,4930203,Transporte rodoviário de produtos perigosos,1,1
10317887,4623199,Comércio atacadista de matérias-primas agrícolas não especificadas anteriormente,3,1
72302409,4929902,"Transporte rodoviário coletivo de passageiros, sob regime de fretamento, intermunicipal, interestadual e internacional",6,2
04450427,0230600,Atividades de apoio à produção florestal,20,4
61658147,4520001,Serviços de manutenção e reparação mecânica de veículos automotores,1,1
12158299,4930202,"Transporte rodoviário de carga, exceto produtos perigosos e mudanças, intermunicipal, interestadual e internacional",3,1
00028505,4530703,Comércio a varejo de peças e acessórios novos para veículos automotores,1,1
03749931,4530703,Comércio a varejo de peças e acessórios novos para veículos automotores,1,1
04562559,5021102,"Transporte por navegação interior de carga, intermunicipal, interestadual e internacional, exceto travessia",16,4
27487156,4921301,"Transporte rodoviário coletivo de passageiros, com itinerário fixo, municipal",5,2
76376375,4744005,Comércio varejista de materiais de construção não especificados anteriormente,2,2
07140533,4930202,"Transporte rodoviário de carga, exceto produtos perigosos e mudanças, intermunicipal, interestadual e internacional",2,1
41850777,4930202,"Transporte rodoviário de carga, exceto produtos perigosos e mudanças, intermunicipal, interestadual e internacional",1,1
96654934,0810006,"Extração de areia, cascalho ou pedregulho e beneficiamento associado",4,3
01641576,0311602,Pesca de crustáceos e moluscos em água salgada,1,1
09250085,4921301,"Transporte rodoviário coletivo de passageiros, com itinerário fixo, municipal",1,1
03924282,3314704,Manutenção e reparação de compressores,8,4
00004146,4754701,Comércio varejista de móveis,1,1
51059004,4687703,Comércio atacadista de resíduos e sucatas metálicos,5,2
78266566,0891600,"Extração de minerais para fabricação de adubos, fertilizantes e outros produtos químicos",3,2
35401447,4631100,Comércio atacadista de leite e laticínios,11,3
13305170,2822402,"Fabricação de máquinas, equipamentos e aparelhos para transporte e elevação de cargas, peças e acessórios",3,1
76549856,5223100,Estacionamento de veículos,2,2
14982996,5091202,"Transporte por navegação de travessia intermunicipal, interestadual e internacional",6,2
16433626,2312500,Fabricação de embalagens de vidro,1,1
10772915,0133402,Cultivo de banana,9,2
74445099,4930203,Transporte rodoviário de produtos perigosos,5,1
10544341,7711000,Locação de automóveis sem condutor,3,3
57634677,4930202,"Transporte rodoviário de carga, exceto produtos perigosos e mudanças, intermunicipal, interestadual e internacional",6,2
18843495,4921301,"Transporte rodoviário coletivo de passageiros, com itinerário fixo, municipal",1,1
19202817,8219999,Preparação de documentos e serviços especializados de apoio administrativo não especificados anteriormente,1,1
10650326,4930202,"Transporte rodoviário de carga, exceto produtos perigosos e mudanças, intermunicipal, interestadual e internacional",3,2
19612331,0151201,Criação de bovinos para corte,1,1
11285712,4399104,Serviços de operação e fornecimento de equipamentos para transporte e elevação de cargas e pessoas para uso em obras,1,1
03632896,7711000,Locação de automóveis sem condutor,5,2
56679863,4647801,Comércio atacadista de artigos de escritório e de papelaria,7,2
23627088,4930202,"Transporte rodoviário de carga, exceto produtos perigosos e mudanças, intermunicipal, interestadual e internacional",4,1
04218039,0131800,Cultivo de laranja,3,1
45176864,4921301,"Transporte rodoviário coletivo de passageiros, com itinerário fixo, municipal",4,1
29249347,1071600,Fabricação de açúcar em bruto,2,2
20523058,9411100,Atividades de organizações associativas patronais e empresariais,2,1
08352952,4921301,"Transporte rodoviário coletivo de passageiros, com itinerário fixo, municipal",19,3
06018299,0151201,Criação de bovinos para corte,5,3
09499470,4930202,"Transporte rodoviário de carga, exceto produtos perigosos e mudanças, intermunicipal, interestadual e internacional",15,2
76576396,0990403,Atividades de apoio à extração de minerais não-metálicos,9,2
59409607,4930202,"Transporte rodoviário de carga, exceto produtos perigosos e mudanças, intermunicipal, interestadual e internacional",2,1
34772245,2330305,Preparação de massa de concreto e argamassa para construção,7,1
07700426,4635402,"Comércio atacadista de cerveja, chope e refrigerante",4,1
59131566,4211101,Construção de rodovias e ferrovias,1,1
57006716,0810004,Extração de calcário e dolomita e beneficiamento associado,1,1
61414749,4211101,Construção de rodovias e ferrovias,1,1
45776055,4211101,Construção de rodovias e ferrovias,4,1
00000031,9312300,"Clubes sociais, esportivos e similares",1,1
00003582,8888888,Atividade Econônica não informada,2,1
00015861,0322101,Criação de peixes em água doce,1,1
00065798,7490101,"Serviços de tradução, interpretação e similares",1,1
03568496,4299599,Outras obras de engenharia civil não especificadas anteriormente,12,2
00305721,4930202,"Transporte rodoviário de carga, exceto produtos perigosos e mudanças, intermunicipal, interestadual e internacional",2,1
06248248,4722901,Comércio varejista de carnes - açougues,2,2
27934777,4744001,Comércio varejista de ferragens e ferramentas,2,2
28564466,4921302,"Transporte rodoviário coletivo de passageiros, com itinerário fixo, intermunicipal em região metropolitana",5,3
55890016,4930202,"Transporte rodoviário de carga, exceto produtos perigosos e mudanças, intermunicipal, interestadual e internacional",11,2
59974154,7911200,Agências de viagens,4,4
04836593,4930203,Transporte rodoviário de produtos perigosos,1,1
22370928,4929902,"Transporte rodoviário coletivo de passageiros, sob regime de fretamento, intermunicipal, interestadual e internacional",1,1
51254159,2031200,Fabricação de resinas termoplásticas,6,3
07421604,0810004,Extração de calcário e dolomita e beneficiamento associado,3,2
00096881,9602501,"Cabeleireiros, manicure e pedicure",1,1
07249898,0899199,Extração de outros minerais não-metálicos não especificados anteriormente,2,2
03990321,1721400,Fabricação de papel,5,2
30110597,4921301,"Transporte rodoviário coletivo de passageiros, com itinerário fixo, municipal",2,1
01067819,2222600,Fabricação de embalagens de material plástico,2,2
09382573,0899199,Extração de outros minerais não-metálicos não especificados anteriormente,3,1
45214103,0810006,"Extração de areia, cascalho ou pedregulho e beneficiamento associado",1,1
88564745,5030102,Navegação de apoio portuário,2,1
08624747,4930202,"Transporte rodoviário de carga, exceto produtos perigosos e mudanças, intermunicipal, interestadual e internacional",1,1
09553075,8422100,Defesa,2,1
10401764,0810001,Extração de ardósia e beneficiamento associado,1,1
14676824,4520001,Serviços de manutenção e reparação mecânica de veículos automotores,1,1
18675364,0810009,Extração de basalto e beneficiamento associado,1,1
02999999,2532201,Produção de artefatos estampados de metal,7,6
20739103,0810099,Extração e britamento de pedras e outros materiais para construção e beneficiamento associado,1,1
02077546,2342701,Fabricação de azulejos e pisos,2,1
22084765,2330305,Preparação de massa de concreto e argamassa para construção,2,2
71868939,4924800,Transporte escolar,4,3
24312884,3811400,Coleta de resíduos não-perigosos,13,5
03522692,4632001,Comércio atacadista de cereais e leguminosas beneficiados,7,1
13164085,4679699,Comércio atacadista de materiais de construção em geral,2,1
37789320,4930201,"Transporte rodoviário de carga, exceto produtos perigosos e mudanças, municipal.",1,1
28924774,2930101,"Fabricação de cabines, carrocerias e reboques para caminhões",2,2
45227673,4665600,Comércio atacadista de máquinas e equipamentos para uso comercial; partes e peças,1,1
83685354,4930202,"Transporte rodoviário de carga, exceto produtos perigosos e mudanças, intermunicipal, interestadual e internacional",6,2
00999591,4211101,Construção de rodovias e ferrovias,6,2
41918595,0810006,"Extração de areia, cascalho ou pedregulho e beneficiamento associado",3,1
65087687,4211101,Construção de rodovias e ferrovias,1,1
03575041,4211101,Construção de rodovias e ferrovias,1,1
12601233,4921301,"Transporte rodoviário coletivo de passageiros, com itinerário fixo, municipal",2,2
17216672,4921301,"Transporte rodoviário coletivo de passageiros, com itinerário fixo, municipal",2,1
04516387,1099604,Fabricação de gelo comum,3,1
07121367,4930202,"Transporte rodoviário de carga, exceto produtos perigosos e mudanças, intermunicipal, interestadual e internacional",2,1
00001994,4789099,Comércio varejista de outros produtos não especificados anteriormente,1,1
02491143,4930202,"Transporte rodoviário de carga, exceto produtos perigosos e mudanças, intermunicipal, interestadual e internacional",1,1
60832581,0810001,Extração de ardósia e beneficiamento associado,3,3
00805297,2833000,"Fabricação de máquinas e equipamentos para a agricultura e pecuária, peças e acessórios, exceto para irrigação",1,1
02592047,4921301,"Transporte rodoviário coletivo de passageiros, com itinerário fixo, municipal",3,2
07113113,2013401,Fabricação de adubos e fertilizantes organo-minerais,3,1
11414824,2342702,"Fabricação de artefatos de cerâmica e barro cozido para uso na construção, exceto azulejos e pisos",1,1
10547330,7112000,Serviços de engenharia,2,2
06959311,2330399,"Fabricação de outros artefatos e produtos de concreto, cimento, fibrocimento, gesso e materiais semelhantes",2,2
12219928,2392300,Fabricação de cal e gesso,1,1
23212417,0990402,Atividades de apoio à extração de minerais metálicos não-ferrosos,1,1
13399764,3821100,Tratamento e disposição de resíduos não-perigosos,2,1
15709473,4930203,Transporte rodoviário de produtos perigosos,1,1
27093515,4744001,Comércio varejista de ferragens e ferramentas,1,1
31819438,4930202,"Transporte rodoviário de carga, exceto produtos perigosos e mudanças, intermunicipal, interestadual e internacional",2,1
33511455,7711000,Locação de automóveis sem condutor,2,2
14408651,4930202,"Transporte rodoviário de carga, exceto produtos perigosos e mudanças, intermunicipal, interestadual e internacional",3,1
08432692,0311601,Pesca de peixes em água salgada,7,3
45992476,1733800,Fabricação de chapas e de embalagens de papelão ondulado,4,2
07973886,4673700,Comércio atacadista de material elétrico,2,2
05143343,6810203,Loteamento de imóveis próprios,1,1
04241322,3314707,Manutenção e reparação de máquinas e aparelhos de refrigeração e ventilação para uso industrial e comercial,4,1
19772946,4930201,"Transporte rodoviário de carga, exceto produtos perigosos e mudanças, municipal.",2,2
06044537,4921301,"Transporte rodoviário coletivo de passageiros, com itinerário fixo, municipal",2,1
02714199,4929902,"Transporte rodoviário coletivo de passageiros, sob regime de fretamento, intermunicipal, interestadual e internacional",1,1
07673005,4789004,Comércio varejista de animais vivos e de artigos e alimentos para animais de estimação,1,1
05098354,1533500,Fabricação de calçados de material sintético,2,2
10378082,4930202,"Transporte rodoviário de carga, exceto produtos perigosos e mudanças, intermunicipal, interestadual e internacional",3,1
20350085,2229399,Fabricação de artefatos de material plástico para outros usos não especificados anteriormente,1,1
11069547,4930202,"Transporte rodoviário de carga, exceto produtos perigosos e mudanças, intermunicipal, interestadual e internacional",6,1
02195100,4921301,"Transporte rodoviário coletivo de passageiros, com itinerário fixo, municipal",2,1
15287336,2229302,Fabricação de artefatos de material plástico para usos industriais,1,1
04295026,4222701,"Construção de redes de abastecimento de água, coleta de esgoto e construções correlatas, exceto obras de irrigação",3,3
15482050,4930202,"Transporte rodoviário de carga, exceto produtos perigosos e mudanças, intermunicipal, interestadual e internacional",2,1
12240002,4530701,Comércio por atacado de peças e acessórios novos para veículos automotores,2,1
18144066,2330305,Preparação de massa de concreto e argamassa para construção,3,1
20791886,2219600,Fabricação de artefatos de borracha não especificados anteriormente,1,1
23005683,0141501,"Produção de sementes certificadas, exceto de forrageiras para pasto",2,2
07513293,2399199,Fabricação de outros produtos de minerais não-metálicos não especificados anteriormente,4,3
14337622,4399104,Serviços de operação e fornecimento de equipamentos para transporte e elevação de cargas e pessoas para uso em obras,4,2
29884789,4929902,"Transporte rodoviário coletivo de passageiros, sob regime de fretamento, intermunicipal, interestadual e internacional",1,1
23506376,7711000,Locação de automóveis sem condutor,3,1
45318376,3314707,Manutenção e reparação de máquinas e aparelhos de refrigeração e ventilação para uso industrial e comercial,1,1
57155150,4211101,Construção de rodovias e ferrovias,1,1
03548281,1312000,"Preparação e fiação de fibras têxteis naturais, exceto algodão",2,2
02730980,4930202,"Transporte rodoviário de carga, exceto produtos perigosos e mudanças, intermunicipal, interestadual e internacional",1,1
22690390,4921301,"Transporte rodoviário coletivo de passageiros, com itinerário fixo, municipal",1,1
42977769,7112000,Serviços de engenharia,1,1
83386797,4692300,"Comércio atacadista de mercadorias em geral, com predominância de insumos agropecuários",2,2
00583122,4930202,"Transporte rodoviário de carga, exceto produtos perigosos e mudanças, intermunicipal, interestadual e internacional",1,1
86959426,4930202,"Transporte rodoviário de carga, exceto produtos perigosos e mudanças, intermunicipal, interestadual e internacional",2,1
04165197,3313901,"Manutenção e reparação de geradores, transformadores e motores elétricos",2,2
08090788,2399199,Fabricação de outros produtos de minerais não-metálicos não especificados anteriormente,4,1
00003549,4530703,Comércio a varejo de peças e acessórios novos para veículos automotores,1,1
08219477,6462000,Holdings de instituições não-financeiras,3,3
11843560,4930202,"Transporte rodoviário de carga, exceto produtos perigosos e mudanças, intermunicipal, interestadual e internacional",1,1
12260690,2330302,Fabricação de artefatos de cimento para uso na construção,1,1
12950140,4930202,"Transporte rodoviário de carga, exceto produtos perigosos e mudanças, intermunicipal, interestadual e internacional",1,1
15606735,6810201,Compra e venda de imóveis próprios,1,1
24996960,4930202,"Transporte rodoviário de carga, exceto produtos perigosos e mudanças, intermunicipal, interestadual e internacional",1,1
34038046,4930201,"Transporte rodoviário de carga, exceto produtos perigosos e mudanças, municipal.",1,1
15474486,4922102,"Transporte rodoviário coletivo de passageiros, com itinerário fixo, interestadual",8,3
53832359,4930203,Transporte rodoviário de produtos perigosos,1,1
00078502,4645101,"Comércio atacadista de instrumentos e materiais para uso médico, cirúrgico, hospitalar e de laboratórios",1,1
06015015,4930202,"Transporte rodoviário de carga, exceto produtos perigosos e mudanças, intermunicipal, interestadual e internacional",1,1
73336448,4929901,"Transporte rodoviário coletivo de passageiros, sob regime de fretamento, municipal",1,1
07831927,7711000,Locação de automóveis sem condutor,1,1
05686604,0810006,"Extração de areia, cascalho ou pedregulho e beneficiamento associado",3,2
29535275,4921301,"Transporte rodoviário coletivo de passageiros, com itinerário fixo, municipal",2,2
47340930,2532202,Metalurgia do pó,4,1
00000033,8640299,Atividades de serviços de complementação diagnóstica e terapêutica não especificadas anteriormente,1,1
30019349,1052000,Fabricação de laticínios,2,2
31659735,4211101,Construção de rodovias e ferrovias,1,1
34040367,4520001,Serviços de manutenção e reparação mecânica de veículos automotores,1,1
04022404,4744005,Comércio varejista de materiais de construção não especificados anteriormente,2,2
51689935,4313400,Obras de terraplenagem,1,1
46447673,4930202,"Transporte rodoviário de carga, exceto produtos perigosos e mudanças, intermunicipal, interestadual e internacional",1,1
60999412,6810202,Aluguel de imóveis próprios,2,1
12891455,0230600,Atividades de apoio à produção florestal,1,1
17173460,3520401,Produção de gás; processamento de gás natural,2,1
13164401,4530703,Comércio a varejo de peças e acessórios novos para veículos automotores,1,1
29064366,3313901,"Manutenção e reparação de geradores, transformadores e motores elétricos",1,1
31433771,7732201,"Aluguel de máquinas e equipamentos para construção sem operador, exceto andaimes",1,1
36128741,5221400,"Concessionárias de rodovias, pontes, túneis e serviços relacionados",1,1
44825343,4120400,Construção de edifícios,1,1
48821167,8129000,Atividades de limpeza não especificadas anteriormente,1,1
52468198,4663000,Comércio atacadista de Máquinas e equipamentos para uso industrial; partes e peças,2,1
08086512,7739099,"Aluguel de outras máquinas e equipamentos comerciais e industriais não especificados anteriormente, sem operador",1,1
41804972,4211101,Construção de rodovias e ferrovias,1,1
07956749,4669901,Comércio atacadista de bombas e compressores; partes e peças,1,1
05564306,3811400,Coleta de resíduos não-perigosos,1,1
10311239,3701100,Gestão de redes de esgoto,1,1
12431786,0134200,Cultivo de café,2,2
17950139,4681802,Comércio atacadista de combustíveis realizado por transportador retalhista (T.R.R.),1,1
21870861,0810099,Extração e britamento de pedras e outros materiais para construção e beneficiamento associado,1,1
26893667,3822000,Tratamento e disposição de resíduos perigosos,1,1
60717657,4921301,"Transporte rodoviário coletivo de passageiros, com itinerário fixo, municipal",1,1
59770233,8121400,Limpeza em prédios e em domicílios,1,1
00064676,4616800,"Representantes comerciais e agentes do comércio de têxteis, vestuário, calçados e artigos de viagem",1,1
00085007,2330302,Fabricação de artefatos de cimento para uso na construção,1,1
09454325,4921301,"Transporte rodoviário coletivo de passageiros, com itinerário fixo, municipal",1,1
10653638,4312600,Perfurações e sondagens,1,1
10718163,4530703,Comércio a varejo de peças e acessórios novos para veículos automotores,1,1
10539549,5211701,Armazéns gerais - emissão de warrant,1,1
16541130,4682600,Comércio atacadista de gás liqüefeito de petróleo (GLP),1,1
30614462,4530703,Comércio a varejo de peças e acessórios novos para veículos automotores,1,1
06635702,0810099,Extração e britamento de pedras e outros materiais para construção e beneficiamento associado,1,1
02800821,3511501,Geração de energia elétrica,2,1
31518897,4921301,"Transporte rodoviário coletivo de passageiros, com itinerário fixo, municipal",1,1
19638964,4921301,"Transporte rodoviário coletivo de passageiros, com itinerário fixo, municipal",1,1
01623403,3250705,Fabricação de materiais para medicina e odontologia,2,2
57262211,4921301,"Transporte rodoviário coletivo de passageiros, com itinerário fixo, municipal",1,1
63980341,4211101,Construção de rodovias e ferrovias,1,1
00000071,7311400,Agências de publicidade,1,1
05167354,0119903,Cultivo de batata-inglesa,1,1
02588152,4930202,"Transporte rodoviário de carga, exceto produtos perigosos e mudanças, intermunicipal, interestadual e internacional",1,1
01564597,1011201,Frigorífico - abate de bovinos,1,1
05876672,4921301,"Transporte rodoviário coletivo de passageiros, com itinerário fixo, municipal",1,1
00000529,7311400,Agências de publicidade,1,1
00801700,4930202,"Transporte rodoviário de carga, exceto produtos perigosos e mudanças, intermunicipal, interestadual e internacional",1,1
07173830,2341900,Fabricação de produtos cerâmicos refratários,1,1
07901411,4924800,Transporte escolar,1,1
00000097,6462000,Holdings de instituições não-financeiras,1,1
09068173,4312600,Perfurações e sondagens,1,1
07743406,3313901,"Manutenção e reparação de geradores, transformadores e motores elétricos",3,2
06862627,4713004,"Lojas de departamentos ou magazines, exceto lojas francas (Duty free)",472,11
34230979,4299599,Outras obras de engenharia civil não especificadas anteriormente,222,10
05571228,2013402,"Fabricação de adubos e fertilizantes, exceto organo-minerais",17,3
41905203,5250804,Organização logística do transporte de carga,12,5
21362359,1091101,Fabricação de produtos de panificação industrial,6,2
08944802,0810007,Extração de argila e beneficiamento associado,6,3
01274689,4929901,"Transporte rodoviário coletivo de passageiros, sob regime de fretamento, municipal",15,4
00057240,2330305,Preparação de massa de concreto e argamassa para construção,51,11
85090033,4639701,Comércio atacadista de produtos alimentícios em geral,36,12
13520896,4921301,"Transporte rodoviário coletivo de passageiros, com itinerário fixo, municipal",4,1
10728901,4213800,"Obras de urbanização - ruas, praças e calçadas",4,1
00000013,6920601,Atividades de contabilidade,2,1
00004874,4754701,Comércio varejista de móveis,1,1
00028618,1412601,"Confecção de peças de vestuário, exceto roupas íntimas e as confeccionadas sob medida",1,1
01829874,4921301,"Transporte rodoviário coletivo de passageiros, com itinerário fixo, municipal",1,1
01847902,2061400,Fabricação de sabões e detergentes sintéticos,1,1
05436332,8211300,Serviços combinados de escritório e apoio administrativo,3,3
00357038,3511501,Geração de energia elétrica,169,2
01543722,4211101,Construção de rodovias e ferrovias,4,1
02474103,3511501,Geração de energia elétrica,46,5
03094645,4211101,Construção de rodovias e ferrovias,14,5
02315076,4211101,Construção de rodovias e ferrovias,1,1
05724262,4313400,Obras de terraplenagem,4,3
05251648,4930202,"Transporte rodoviário de carga, exceto produtos perigosos e mudanças, intermunicipal, interestadual e internacional",7,1
06151921,4691500,"Comércio atacadista de mercadorias em geral, com predominância de produtos alimentícios",24,5
07069487,4646002,Comércio atacadista de produtos de higiene pessoal,10,8
09411448,4930202,"Transporte rodoviário de carga, exceto produtos perigosos e mudanças, intermunicipal, interestadual e internacional",13,3
13342753,0891600,"Extração de minerais para fabricação de adubos, fertilizantes e outros produtos químicos",8,3
04259456,4921301,"Transporte rodoviário coletivo de passageiros, com itinerário fixo, municipal",1,1
17799438,4930203,Transporte rodoviário de produtos perigosos,13,3
19974518,0810001,Extração de ardósia e beneficiamento associado,15,5
21562418,4930203,Transporte rodoviário de produtos perigosos,15,3
24380578,2014200,Fabricação de gases industriais,68,8
24946352,4211101,Construção de rodovias e ferrovias,16,2
29291184,4930203,Transporte rodoviário de produtos perigosos,42,3
32296378,4711302,"Comércio varejista de mercadorias em geral, com predominância de produtos alimentícios - supermercados",53,14
33051624,0810006,"Extração de areia, cascalho ou pedregulho e beneficiamento associado",4,3
35029057,0810007,Extração de argila e beneficiamento associado,14,7
37113180,8610101,"Atividades de atendimento hospitalar, exceto pronto-socorro e unidades para atendimento a urgências",22,7
56927163,4921301,"Transporte rodoviário coletivo de passageiros, com itinerário fixo, municipal",62,2
06216544,2949299,Fabricação de outras peças e acessórios para veículos automotores não especificadas anteriormente,1,1
55109474,0113000,Cultivo de cana-de-açúcar,98,3
58180316,4930201,"Transporte rodoviário de carga, exceto produtos perigosos e mudanças, municipal.",33,7
58746744,4930202,"Transporte rodoviário de carga, exceto produtos perigosos e mudanças, intermunicipal, interestadual e internacional",4,1
57622466,1013901,Fabricação de produtos de carne,5,4
61442737,0893200,Extração de gemas (pedras preciosas e semipreciosas),71,10
76436146,4211101,Construção de rodovias e ferrovias,6,1
77837979,4623199,Comércio atacadista de matérias-primas agrícolas não especificadas anteriormente,17,3
88676127,5211799,"Depósitos de mercadorias para terceiros, exceto armazéns gerais e guarda-móveis",41,6
96825575,5211701,Armazéns gerais - emissão de warrant,38,6
61024295,5211701,Armazéns gerais - emissão de warrant,20,1
24899080,4930202,"Transporte rodoviário de carga, exceto produtos perigosos e mudanças, intermunicipal, interestadual e internacional",2,2
43872274,4929902,"Transporte rodoviário coletivo de passageiros, sob regime de fretamento, intermunicipal, interestadual e internacional",3,2
11520665,4120400,Construção de edifícios,2,1
33654484,4921302,"Transporte rodoviário coletivo de passageiros, com itinerário fixo, intermunicipal em região metropolitana",4,1
17162983,4211101,Construção de rodovias e ferrovias,57,6
07022473,5229099,Outras atividades auxiliares dos transportes terrestres não especificadas anteriormente,33,4
76299270,4922102,"Transporte rodoviário coletivo de passageiros, com itinerário fixo, interestadual",27,4
12790622,4921301,"Transporte rodoviário coletivo de passageiros, com itinerário fixo, municipal",6,4
38619045,2219600,Fabricação de artefatos de borracha não especificados anteriormente,8,3
04899037,0322107,Atividades de apoio à aqüicultura em água doce,13,5
08094471,4930202,"Transporte rodoviário de carga, exceto produtos perigosos e mudanças, intermunicipal, interestadual e internacional",6,2
06111433,4687703,Comércio atacadista de resíduos e sucatas metálicos,1,1
10483444,1052000,Fabricação de laticínios,59,8
20673489,2599399,Fabricação de outros produtos de metal não especificados anteriormente,2,1
62545686,2029100,Fabricação de produtos químicos orgânicos não especificados anteriormente,20,5
96735758,4921301,"Transporte rodoviário coletivo de passageiros, com itinerário fixo, municipal",16,5
71896880,5229099,Outras atividades auxiliares dos transportes terrestres não especificadas anteriormente,6,3
00010627,4711302,"Comércio varejista de mercadorias em geral, com predominância de produtos alimentícios - supermercados",3,1
00056491,6209100,"Suporte técnico, manutenção e outros serviços em tecnologia da informação",1,1
83951236,4641903,Comércio atacadista de artigos de armarinho,8,6
31639701,2851800,"Fabricação de máquinas e equipamentos para a prospecção e extração de petróleo, peças e acessórios",2,2
05463581,7739099,"Aluguel de outras máquinas e equipamentos comerciais e industriais não especificados anteriormente, sem operador",2,1
00679427,3811400,Coleta de resíduos não-perigosos,34,10
08703867,3511501,Geração de energia elétrica,2,1
08774241,7739099,"Aluguel de outras máquinas e equipamentos comerciais e industriais não especificados anteriormente, sem operador",6,1
07779299,3512300,Transmissão de energia elétrica,20,3
09320530,3315500,Manutenção e reparação de veículos ferroviários,2,1
42942235,1052000,Fabricação de laticínios,14,5
03990289,4687703,Comércio atacadista de resíduos e sucatas metálicos,4,1
01353824,4681802,Comércio atacadista de combustíveis realizado por transportador retalhista (T.R.R.),4,2
07215293,4930202,"Transporte rodoviário de carga, exceto produtos perigosos e mudanças, intermunicipal, interestadual e internacional",2,2
08191086,4930202,"Transporte rodoviário de carga, exceto produtos perigosos e mudanças, intermunicipal, interestadual e internacional",8,2
09646672,4120400,Construção de edifícios,4,2
31423643,4921301,"Transporte rodoviário coletivo de passageiros, com itinerário fixo, municipal",4,1
08845896,4929902,"Transporte rodoviário coletivo de passageiros, sob regime de fretamento, intermunicipal, interestadual e internacional",6,2
14781342,0810099,Extração e britamento de pedras e outros materiais para construção e beneficiamento associado,2,2
76667682,4930202,"Transporte rodoviário de carga, exceto produtos perigosos e mudanças, intermunicipal, interestadual e internacional",21,2
10912900,4639701,Comércio atacadista de produtos alimentícios em geral,13,1
08201761,4930202,"Transporte rodoviário de carga, exceto produtos perigosos e mudanças, intermunicipal, interestadual e internacional",6,1
15733416,2320600,Fabricação de cimento,3,2
54423934,4930202,"Transporte rodoviário de carga, exceto produtos perigosos e mudanças, intermunicipal, interestadual e internacional",9,1
18339696,4930202,"Transporte rodoviário de carga, exceto produtos perigosos e mudanças, intermunicipal, interestadual e internacional",2,1
01899414,7739001,"Aluguel de máquinas e equipamentos para extração de minérios e petróleo, sem operador",3,3
03503152,4211101,Construção de rodovias e ferrovias,16,2
23110922,0810099,Extração e britamento de pedras e outros materiais para construção e beneficiamento associado,1,1
12027138,4744001,Comércio varejista de ferragens e ferramentas,4,2
14779384,0810002,Extração de granito e beneficiamento associado,6,1
06296177,1099699,Fabricação de outros produtos alimentícios não especificados anteriormente,6,3
97527545,4634603,Comércio atacadista de pescados e frutos do mar,2,2
37891520,3313901,"Manutenção e reparação de geradores, transformadores e motores elétricos",7,2
05771750,4921301,"Transporte rodoviário coletivo de passageiros, com itinerário fixo, municipal",3,1
05644129,4645103,Comércio atacadista de produtos odontológicos,14,3
04680660,1122401,Fabricação de refrigerantes,6,2
02112964,0810005,Extração de gesso e caulim,2,1
06912544,7911200,Agências de viagens,2,1
19853264,4930201,"Transporte rodoviário de carga, exceto produtos perigosos e mudanças, municipal.",3,1
31076938,0151201,Criação de bovinos para corte,10,8
39329236,4930201,"Transporte rodoviário de carga, exceto produtos perigosos e mudanças, municipal.",1,1
31499115,4930202,"Transporte rodoviário de carga, exceto produtos perigosos e mudanças, intermunicipal, interestadual e internacional",2,1
05931640,7711000,Locação de automóveis sem condutor,7,3
44161185,0723501,Extração de minério de manganês,6,4
07677731,4930202,"Transporte rodoviário de carga, exceto produtos perigosos e mudanças, intermunicipal, interestadual e internacional",25,2
01895390,4930202,"Transporte rodoviário de carga, exceto produtos perigosos e mudanças, intermunicipal, interestadual e internacional",3,1
22330577,4679602,Comércio atacadista de mármores e granitos,4,3
94772233,4930201,"Transporte rodoviário de carga, exceto produtos perigosos e mudanças, municipal.",10,5
50284614,4530703,Comércio a varejo de peças e acessórios novos para veículos automotores,1,1
51079953,0724302,Beneficiamento de minério de metais preciosos,1,1
48822201,1041400,"Fabricação de óleos vegetais em bruto, exceto óleo de milho",1,1
17027781,4669999,Comércio atacadista de outras máquinas e equipamentos não especificados anteriormente; partes e peças,7,1
11545190,4930201,"Transporte rodoviário de carga, exceto produtos perigosos e mudanças, municipal.",3,2
66707654,2812700,"Fabricação de equipamentos hidráulicos e pneumáticos, peças e acessórios, exceto válvulas",3,1
55018852,4211101,Construção de rodovias e ferrovias,1,1
33921435,4930203,Transporte rodoviário de produtos perigosos,3,1
00016691,8888888,Atividade Econônica não informada,1,1
01135910,7711000,Locação de automóveis sem condutor,2,1
01395648,3511501,Geração de energia elétrica,5,2
07137359,4921302,"Transporte rodoviário coletivo de passageiros, com itinerário fixo, intermunicipal em região metropolitana",2,1
05824747,4921301,"Transporte rodoviário coletivo de passageiros, com itinerário fixo, municipal",2,1
12331922,4721104,"Comércio varejista de doces, balas, bombons e semelhantes",5,3
17112541,0810001,Extração de ardósia e beneficiamento associado,7,3
02710921,4313400,Obras de terraplenagem,1,1
51866804,1922599,"Fabricação de outros produtos derivados do petróleo, exceto produtos do refino",4,3
75164350,4921301,"Transporte rodoviário coletivo de passageiros, com itinerário fixo, municipal",2,2
59107938,4930202,"Transporte rodoviário de carga, exceto produtos perigosos e mudanças, intermunicipal, interestadual e internacional",29,3
75619056,5620101,Fornecimento de alimentos preparados preponderantemente para empresas,2,2
76538412,4921301,"Transporte rodoviário coletivo de passageiros, com itinerário fixo, municipal",1,1
75303222,4930202,"Transporte rodoviário de carga, exceto produtos perigosos e mudanças, intermunicipal, interestadual e internacional",3,1
92807254,4921301,"Transporte rodoviário coletivo de passageiros, com itinerário fixo, municipal",2,1
61260808,4687703,Comércio atacadista de resíduos e sucatas metálicos,1,1
06077688,4681802,Comércio atacadista de combustíveis realizado por transportador retalhista (T.R.R.),5,2
07286417,4921301,"Transporte rodoviário coletivo de passageiros, com itinerário fixo, municipal",2,1
02295361,4930202,"Transporte rodoviário de carga, exceto produtos perigosos e mudanças, intermunicipal, interestadual e internacional",12,2
06235812,4930203,Transporte rodoviário de produtos perigosos,18,4
55254825,4744005,Comércio varejista de materiais de construção não especificados anteriormente,2,2
00003591,4789002,Comércio varejista de plantas e flores naturais,1,1
05600628,4921301,"Transporte rodoviário coletivo de passageiros, com itinerário fixo, municipal",4,3
10806990,4930201,"Transporte rodoviário de carga, exceto produtos perigosos e mudanças, municipal.",3,2
80389273,4930202,"Transporte rodoviário de carga, exceto produtos perigosos e mudanças, intermunicipal, interestadual e internacional",2,1
04746729,0810002,Extração de granito e beneficiamento associado,6,3
07998850,0134200,Cultivo de café,5,2
41834524,0810002,Extração de granito e beneficiamento associado,5,2
11895432,0910600,Atividades de apoio à extração de petróleo e gás natural,6,2
03357873,2222600,Fabricação de embalagens de material plástico,6,3
09572788,4211101,Construção de rodovias e ferrovias,6,3
13091720,3811400,Coleta de resíduos não-perigosos,1,1
14735941,0910600,Atividades de apoio à extração de petróleo e gás natural,2,1
34149823,0155501,Criação de frangos para corte,12,7
05065496,4679699,Comércio atacadista de materiais de construção em geral,2,1
03526090,4929902,"Transporte rodoviário coletivo de passageiros, sob regime de fretamento, intermunicipal, interestadual e internacional",10,2
03129679,4683400,"Comércio atacadista de defensivos agrícolas, adubos, fertilizantes e corretivos do solo",6,3
76491109,4921301,"Transporte rodoviário coletivo de passageiros, com itinerário fixo, municipal",4,1
21072440,7732201,"Aluguel de máquinas e equipamentos para construção sem operador, exceto andaimes",1,1
11987276,4921301,"Transporte rodoviário coletivo de passageiros, com itinerário fixo, municipal",3,1
32279043,4930202,"Transporte rodoviário de carga, exceto produtos perigosos e mudanças, intermunicipal, interestadual e internacional",1,1
10713051,3839499,Recuperação de materiais não especificados anteriormente,2,2
44935680,2062200,Fabricação de produtos de limpeza e polimento,1,1
13938283,2330305,Preparação de massa de concreto e argamassa para construção,5,1
20757012,4321500,Instalação e manutenção elétrica,4,1
17551250,4211101,Construção de rodovias e ferrovias,5,2
01069184,0131800,Cultivo de laranja,7,2
10851723,7732201,"Aluguel de máquinas e equipamentos para construção sem operador, exceto andaimes",3,3
32750290,4930201,"Transporte rodoviário de carga, exceto produtos perigosos e mudanças, municipal.",2,2
44026037,0810004,Extração de calcário e dolomita e beneficiamento associado,10,4
67277617,4669999,Comércio atacadista de outras máquinas e equipamentos não especificados anteriormente; partes e peças,1,1
00002315,4789099,Comércio varejista de outros produtos não especificados anteriormente,1,1
00009015,5611203,"Lanchonetes, casas de chá, de sucos e similares",1,1
00011641,2222600,Fabricação de embalagens de material plástico,1,1
00083539,8112500,Condomínios prediais,1,1
03777995,4691500,"Comércio atacadista de mercadorias em geral, com predominância de produtos alimentícios",1,1
07190108,4929902,"Transporte rodoviário coletivo de passageiros, sob regime de fretamento, intermunicipal, interestadual e internacional",4,3
05700665,4930202,"Transporte rodoviário de carga, exceto produtos perigosos e mudanças, intermunicipal, interestadual e internacional",3,2
04041754,3102100,Fabricação de móveis com predominância de metal,1,1
27816487,8411600,Administração pública em geral,4,1
60421161,1082100,Fabricação de produtos à base de café,8,2
07035044,0910600,Atividades de apoio à extração de petróleo e gás natural,8,3
42899187,4120400,Construção de edifícios,2,2
70227608,4921302,"Transporte rodoviário coletivo de passageiros, com itinerário fixo, intermunicipal em região metropolitana",1,1
92080019,4929902,"Transporte rodoviário coletivo de passageiros, sob regime de fretamento, intermunicipal, interestadual e internacional",1,1
17275140,4921301,"Transporte rodoviário coletivo de passageiros, com itinerário fixo, municipal",1,1
28816270,4929902,"Transporte rodoviário coletivo de passageiros, sob regime de fretamento, intermunicipal, interestadual e internacional",3,1
07098999,4921301,"Transporte rodoviário coletivo de passageiros, com itinerário fixo, municipal",1,1
01475971,4929902,"Transporte rodoviário coletivo de passageiros, sob regime de fretamento, intermunicipal, interestadual e internacional",1,1
04760257,4930202,"Transporte rodoviário de carga, exceto produtos perigosos e mudanças, intermunicipal, interestadual e internacional",3,1
06912701,2229303,"Fabricação de artefatos de material plástico para uso na construção, exceto tubos e acessórios",1,1
05972820,0724301,Extração de minério de metais preciosos,1,1
09548328,8422100,Defesa,2,1
11163092,4684299,Comércio atacadista de outros produtos químicos e petroquímicos não especificados anteriormente,1,1
11763704,4399104,Serviços de operação e fornecimento de equipamentos para transporte e elevação de cargas e pessoas para uso em obras,2,1
03484293,2869100,"Fabricação de máquinas e equipamentos para uso industrial específico não especificados anteriormente, peças e acessórios",5,3
29322070,5223100,Estacionamento de veículos,3,2
06319722,3811400,Coleta de resíduos não-perigosos,14,2
18988028,4669901,Comércio atacadista de bombas e compressores; partes e peças,1,1
01853408,4930202,"Transporte rodoviário de carga, exceto produtos perigosos e mudanças, intermunicipal, interestadual e internacional",5,1
13111527,4930201,"Transporte rodoviário de carga, exceto produtos perigosos e mudanças, municipal.",2,1
15385199,4930201,"Transporte rodoviário de carga, exceto produtos perigosos e mudanças, municipal.",5,1
30540330,2330399,"Fabricação de outros artefatos e produtos de concreto, cimento, fibrocimento, gesso e materiais semelhantes",4,4
10227685,7112000,Serviços de engenharia,11,2
41499197,4930202,"Transporte rodoviário de carga, exceto produtos perigosos e mudanças, intermunicipal, interestadual e internacional",1,1
54371038,7739001,"Aluguel de máquinas e equipamentos para extração de minérios e petróleo, sem operador",1,1
15771520,4922101,"Transporte rodoviário coletivo de passageiros, com itinerário fixo, intermunicipal, exceto em região metropolitana",3,1
58840147,7732201,"Aluguel de máquinas e equipamentos para construção sem operador, exceto andaimes",2,1
02084734,1081302,Torrefação e moagem de café,2,2
52867298,4744001,Comércio varejista de ferragens e ferramentas,7,4
04887625,5231102,Atividades do Operador Portuário,5,2
04894085,1113502,Fabricação de cervejas e chopes,3,1
82837329,4930202,"Transporte rodoviário de carga, exceto produtos perigosos e mudanças, intermunicipal, interestadual e internacional",4,2
92812429,4921301,"Transporte rodoviário coletivo de passageiros, com itinerário fixo, municipal",2,1
62859657,2021500,Fabricação de produtos petroquímicos básicos,2,2
23433246,4211101,Construção de rodovias e ferrovias,2,1
00000015,8299799,Outras atividades de serviços prestados principalmente às empresas não especificadas anteriormente,1,1
05124161,2813500,"Fabricação de válvulas, registros e dispositivos semelhantes, peças e acessórios",1,1
07323439,0810099,Extração e britamento de pedras e outros materiais para construção e beneficiamento associado,3,2
00078790,8411600,Administração pública em geral,3,2
01944031,4684201,Comércio atacadista de resinas e elastômeros,3,2
09247343,8211300,Serviços combinados de escritório e apoio administrativo,2,2
10458377,0139305,Cultivo de dendê,4,3
19560032,3511501,Geração de energia elétrica,2,1
18087315,4929902,"Transporte rodoviário coletivo de passageiros, sob regime de fretamento, intermunicipal, interestadual e internacional",2,2
07605563,0729404,"Extração de minérios de cobre, chumbo, zinco e outros minerais metálicos não-ferrosos não especificados anteriormente",8,3
21613363,2330305,Preparação de massa de concreto e argamassa para construção,4,2
22872903,4921301,"Transporte rodoviário coletivo de passageiros, com itinerário fixo, municipal",3,1
20152466,2943300,Fabricação de peças e acessórios para o sistema de freios de veículos automotores,2,1
13463913,1932200,"Fabricação de biocombustíveis, exceto álcool",6,3
21308808,4744001,Comércio varejista de ferragens e ferramentas,1,1
27688182,6810201,Compra e venda de imóveis próprios,2,2
08295837,4930202,"Transporte rodoviário de carga, exceto produtos perigosos e mudanças, intermunicipal, interestadual e internacional",3,1
31906858,4930202,"Transporte rodoviário de carga, exceto produtos perigosos e mudanças, intermunicipal, interestadual e internacional",2,1
26589128,4930202,"Transporte rodoviário de carga, exceto produtos perigosos e mudanças, intermunicipal, interestadual e internacional",7,1
33118090,4520007,"Serviços de instalação, manutenção e reparação de acessórios para veículos automotores",1,1
35564539,2330305,Preparação de massa de concreto e argamassa para construção,1,1
43713923,3511501,Geração de energia elétrica,1,1
04507739,4930202,"Transporte rodoviário de carga, exceto produtos perigosos e mudanças, intermunicipal, interestadual e internacional",8,2
18826614,4921301,"Transporte rodoviário coletivo de passageiros, com itinerário fixo, municipal",2,1
50180042,4212000,Construção de obras de arte especiais,1,1
11085742,5211799,"Depósitos de mercadorias para terceiros, exceto armazéns gerais e guarda-móveis",9,4
10403238,3250705,Fabricação de materiais para medicina e odontologia,4,2
09554482,7732201,"Aluguel de máquinas e equipamentos para construção sem operador, exceto andaimes",2,1
57268706,4930202,"Transporte rodoviário de carga, exceto produtos perigosos e mudanças, intermunicipal, interestadual e internacional",1,1
37480915,7732201,"Aluguel de máquinas e equipamentos para construção sem operador, exceto andaimes",2,1
05311552,4930202,"Transporte rodoviário de carga, exceto produtos perigosos e mudanças, intermunicipal, interestadual e internacional",2,1
04781143,3511501,Geração de energia elétrica,5,1
05872541,0810004,Extração de calcário e dolomita e beneficiamento associado,5,2
17281346,4921302,"Transporte rodoviário coletivo de passageiros, com itinerário fixo, intermunicipal em região metropolitana",3,2
00959825,0810004,Extração de calcário e dolomita e beneficiamento associado,1,1
36337012,4930202,"Transporte rodoviário de carga, exceto produtos perigosos e mudanças, intermunicipal, interestadual e internacional",2,2
07046041,2229301,Fabricação de artefatos de material plástico para uso pessoal e doméstico,3,2
49035678,2945000,"Fabricação de material elétrico e eletrônico para veículos automotores, exceto baterias",1,1
07792269,4120400,Construção de edifícios,3,2
07898948,4299599,Outras obras de engenharia civil não especificadas anteriormente,5,2
96428784,0810099,Extração e britamento de pedras e outros materiais para construção e beneficiamento associado,2,2
46001459,4399105,Perfuração e construção de poços de água,1,1
10929764,4921301,"Transporte rodoviário coletivo de passageiros, com itinerário fixo, municipal",3,1
11260994,4921301,"Transporte rodoviário coletivo de passageiros, com itinerário fixo, municipal",1,1
10529896,4930202,"Transporte rodoviário de carga, exceto produtos perigosos e mudanças, intermunicipal, interestadual e internacional",4,2
15066212,4221902,Construção de estações e redes de distribuição de energia elétrica,3,2
10267349,3511501,Geração de energia elétrica,2,2
01472377,7739099,"Aluguel de outras máquinas e equipamentos comerciais e industriais não especificados anteriormente, sem operador",3,2
22881417,0600001,Extração de petróleo e gás natural,3,2
30232632,4929902,"Transporte rodoviário coletivo de passageiros, sob regime de fretamento, intermunicipal, interestadual e internacional",1,1
36252373,7319002,Promoção de vendas,1,1
27874855,3511501,Geração de energia elétrica,1,1
06338525,0810004,Extração de calcário e dolomita e beneficiamento associado,3,2
43817093,0810099,Extração e britamento de pedras e outros materiais para construção e beneficiamento associado,1,1
40587565,4669999,Comércio atacadista de outras máquinas e equipamentos não especificados anteriormente; partes e peças,2,1
24231808,2330301,"Fabricação de estruturas pré-moldadas de concreto armado, em série e sob encomenda",2,1
00002039,4520001,Serviços de manutenção e reparação mecânica de veículos automotores,1,1
04041804,3511501,Geração de energia elétrica,3,1
04833448,5510801,Hotéis,2,1
81082091,4930202,"Transporte rodoviário de carga, exceto produtos perigosos e mudanças, intermunicipal, interestadual e internacional",2,1
61184701,4687701,Comércio atacadista de resíduos de papel e papelão,2,1
14038210,0810099,Extração e britamento de pedras e outros materiais para construção e beneficiamento associado,1,1
07598658,4635402,"Comércio atacadista de cerveja, chope e refrigerante",2,2
07179823,2392300,Fabricação de cal e gesso,3,3
08657988,4921301,"Transporte rodoviário coletivo de passageiros, com itinerário fixo, municipal",2,1
14359778,4744004,"Comércio varejista de cal, areia, pedra britada, tijolos e telhas",1,1
14976693,6810201,Compra e venda de imóveis próprios,1,1
16505412,2229399,Fabricação de artefatos de material plástico para outros usos não especificados anteriormente,1,1
09047818,4930203,Transporte rodoviário de produtos perigosos,1,1
23712147,4930202,"Transporte rodoviário de carga, exceto produtos perigosos e mudanças, intermunicipal, interestadual e internacional",2,1
26986376,3511501,Geração de energia elétrica,2,1
33146732,4930201,"Transporte rodoviário de carga, exceto produtos perigosos e mudanças, municipal.",2,2
34732379,4921301,"Transporte rodoviário coletivo de passageiros, com itinerário fixo, municipal",1,1
40108957,7739099,"Aluguel de outras máquinas e equipamentos comerciais e industriais não especificados anteriormente, sem operador",3,2
46149768,4120400,Construção de edifícios,2,1
49273120,4520001,Serviços de manutenção e reparação mecânica de veículos automotores,1,1
19183318,4313400,Obras de terraplenagem,3,1
00000627,9491000,Atividades de organizações religiosas ou filosóficas,1,1
00026836,4744001,Comércio varejista de ferragens e ferramentas,1,1
03435212,1012101,Abate de aves,1,1
97442123,5250804,Organização logística do transporte de carga,2,2
05593344,4921301,"Transporte rodoviário coletivo de passageiros, com itinerário fixo, municipal",1,1
03463809,0151201,Criação de bovinos para corte,4,4
41808775,4930202,"Transporte rodoviário de carga, exceto produtos perigosos e mudanças, intermunicipal, interestadual e internacional",1,1
07295811,4930202,"Transporte rodoviário de carga, exceto produtos perigosos e mudanças, intermunicipal, interestadual e internacional",1,1
07302876,4930202,"Transporte rodoviário de carga, exceto produtos perigosos e mudanças, intermunicipal, interestadual e internacional",1,1
17162637,5212500,Carga e descarga,3,2
00007201,4771701,"Comércio varejista de produtos farmacêuticos, sem manipulação de fórmulas",1,1
33979865,4921301,"Transporte rodoviário coletivo de passageiros, com itinerário fixo, municipal",1,1
09583363,8422100,Defesa,2,1
11152300,3091102,Fabricação de peças e acessórios para motocicletas,1,1
13410313,0810099,Extração e britamento de pedras e outros materiais para construção e beneficiamento associado,1,1
23201343,2219600,Fabricação de artefatos de borracha não especificados anteriormente,1,1
33192658,0161003,"Serviço de preparação de terreno, cultivo e colheita",1,1
43109717,4312600,Perfurações e sondagens,2,1
00080336,4712100,"Comércio varejista de mercadorias em geral, com predominância de produtos alimentícios - minimercados, mercearias e armazéns",1,1
09397403,4313400,Obras de terraplenagem,1,1
10212665,5030101,Navegação de apoio marítimo,1,1
11321644,4930202,"Transporte rodoviário de carga, exceto produtos perigosos e mudanças, intermunicipal, interestadual e internacional",1,1
11446113,6810201,Compra e venda de imóveis próprios,1,1
07484707,4399199,Serviços especializados para construção não especificados anteriormente,3,2
11402443,5223100,Estacionamento de veículos,2,2
20388082,2511000,Fabricação de estruturas metálicas,1,1
15147147,4929902,"Transporte rodoviário coletivo de passageiros, sob regime de fretamento, intermunicipal, interestadual e internacional",1,1
15619326,1011201,Frigorífico - abate de bovinos,1,1
23776082,3511501,Geração de energia elétrica,1,1
22712188,5211799,"Depósitos de mercadorias para terceiros, exceto armazéns gerais e guarda-móveis",1,1
14791422,4930202,"Transporte rodoviário de carga, exceto produtos perigosos e mudanças, intermunicipal, interestadual e internacional",2,1
38482180,4642702,Comércio atacadista de roupas e acessórios para uso profissional e de segurança do trabalho,1,1
07305883,2019399,Fabricação de outros produtos químicos inorgânicos não especificados anteriormente,1,1
08860280,4921301,"Transporte rodoviário coletivo de passageiros, com itinerário fixo, municipal",1,1
47036462,0810006,"Extração de areia, cascalho ou pedregulho e beneficiamento associado",1,1
04168918,2424502,"Produção de relaminados, trefilados e perfilados de aço, exceto arames",1,1
00080605,4120400,Construção de edifícios,1,1
11089748,4930202,"Transporte rodoviário de carga, exceto produtos perigosos e mudanças, intermunicipal, interestadual e internacional",1,1
12022153,4211101,Construção de rodovias e ferrovias,1,1
28089542,2330305,Preparação de massa de concreto e argamassa para construção,1,1
10915021,4639701,Comércio atacadista de produtos alimentícios em geral,2,2
37082632,4321500,Instalação e manutenção elétrica,1,1
59970248,0724302,Beneficiamento de minério de metais preciosos,1,1
14919741,2399199,Fabricação de outros produtos de minerais não-metálicos não especificados anteriormente,1,1
31157610,4313400,Obras de terraplenagem,1,1
33284926,0810099,Extração e britamento de pedras e outros materiais para construção e beneficiamento associado,1,1
26583323,4930202,"Transporte rodoviário de carga, exceto produtos perigosos e mudanças, intermunicipal, interestadual e internacional",1,1
36476306,4391600,Obras de fundações,1,1
37932778,4391600,Obras de fundações,1,1
07875736,4669901,Comércio atacadista de bombas e compressores; partes e peças,1,1
84481373,4330499,Outras obras de acabamento da construção,1,1
06253424,4930202,"Transporte rodoviário de carga, exceto produtos perigosos e mudanças, intermunicipal, interestadual e internacional",1,1
06254306,4929902,"Transporte rodoviário coletivo de passageiros, sob regime de fretamento, intermunicipal, interestadual e internacional",1,1
01221461,2019399,Fabricação de outros produtos químicos inorgânicos não especificados anteriormente,1,1
07103283,4930202,"Transporte rodoviário de carga, exceto produtos perigosos e mudanças, intermunicipal, interestadual e internacional",1,1
23133788,4930202,"Transporte rodoviário de carga, exceto produtos perigosos e mudanças, intermunicipal, interestadual e internacional",1,1
01557107,4120400,Construção de edifícios,1,1
28730877,4921302,"Transporte rodoviário coletivo de passageiros, com itinerário fixo, intermunicipal em região metropolitana",1,1
20786711,4930201,"Transporte rodoviário de carga, exceto produtos perigosos e mudanças, municipal.",1,1
04987734,2013402,"Fabricação de adubos e fertilizantes, exceto organo-minerais",1,1
03253843,2944100,Fabricação de peças e acessórios para o sistema de direção e suspensão de veículos automotores,1,1
08434043,3313901,"Manutenção e reparação de geradores, transformadores e motores elétricos",2,1
25650383,4930202,"Transporte rodoviário de carga, exceto produtos perigosos e mudanças, intermunicipal, interestadual e internacional",46,11
05325014,5212500,Carga e descarga,20,3
09568680,4930201,"Transporte rodoviário de carga, exceto produtos perigosos e mudanças, municipal.",11,2
07954764,0113000,Cultivo de cana-de-açúcar,43,2
07277010,7739099,"Aluguel de outras máquinas e equipamentos comerciais e industriais não especificados anteriormente, sem operador",3,1
19368927,4930202,"Transporte rodoviário de carga, exceto produtos perigosos e mudanças, intermunicipal, interestadual e internacional",61,3
83336180,4930202,"Transporte rodoviário de carga, exceto produtos perigosos e mudanças, intermunicipal, interestadual e internacional",14,2
33755687,9491000,Atividades de organizações religiosas ou filosóficas,22,2
04503660,4930202,"Transporte rodoviário de carga, exceto produtos perigosos e mudanças, intermunicipal, interestadual e internacional",53,5
37811059,4930202,"Transporte rodoviário de carga, exceto produtos perigosos e mudanças, intermunicipal, interestadual e internacional",2,1
00000035,6622300,"Corretores e agentes de seguros, de planos de previdência complementar e de saúde",1,1
92769470,4922101,"Transporte rodoviário coletivo de passageiros, com itinerário fixo, intermunicipal, exceto em região metropolitana",16,4
01026921,4922102,"Transporte rodoviário coletivo de passageiros, com itinerário fixo, interestadual",41,4
05162079,4744099,Comércio varejista de materiais de construção em geral,13,1
00264528,0810002,Extração de granito e beneficiamento associado,55,10
00578443,4120400,Construção de edifícios,12,2
00735882,4691500,"Comércio atacadista de mercadorias em geral, com predominância de produtos alimentícios",9,3
00950001,4930203,Transporte rodoviário de produtos perigosos,29,2
02489981,4635499,Comércio atacadista de bebidas não especificadas anteriormente,14,4
02799488,4930202,"Transporte rodoviário de carga, exceto produtos perigosos e mudanças, intermunicipal, interestadual e internacional",16,3
05634414,2342702,"Fabricação de artefatos de cerâmica e barro cozido para uso na construção, exceto azulejos e pisos",1,1
05389812,1312000,"Preparação e fiação de fibras têxteis naturais, exceto algodão",12,4
14414973,3702900,"Atividades relacionadas a esgoto, exceto a gestão de redes",10,5
05917434,4929902,"Transporte rodoviário coletivo de passageiros, sob regime de fretamento, intermunicipal, interestadual e internacional",2,1
19632116,4922101,"Transporte rodoviário coletivo de passageiros, com itinerário fixo, intermunicipal, exceto em região metropolitana",107,4
20850400,4922101,"Transporte rodoviário coletivo de passageiros, com itinerário fixo, intermunicipal, exceto em região metropolitana",37,6
34274233,4681801,"Comércio atacadista de álcool carburante, biodiesel, gasolina e demais derivados de petróleo, exceto lubrificantes, não realizado por transportador re",430,25
02592857,0810004,Extração de calcário e dolomita e beneficiamento associado,3,1
32681371,4930202,"Transporte rodoviário de carga, exceto produtos perigosos e mudanças, intermunicipal, interestadual e internacional",78,10
44013159,4663000,Comércio atacadista de Máquinas e equipamentos para uso industrial; partes e peças,97,31
42147496,2031200,Fabricação de resinas termoplásticas,8,5
06199077,5250804,Organização logística do transporte de carga,4,3
43363381,0899199,Extração de outros minerais não-metálicos não especificados anteriormente,16,5
43998509,4930203,Transporte rodoviário de produtos perigosos,28,3
45217882,4930201,"Transporte rodoviário de carga, exceto produtos perigosos e mudanças, municipal.",8,5
45645462,4921301,"Transporte rodoviário coletivo de passageiros, com itinerário fixo, municipal",6,3
49914641,4922101,"Transporte rodoviário coletivo de passageiros, com itinerário fixo, intermunicipal, exceto em região metropolitana",19,3
56775935,5229099,Outras atividades auxiliares dos transportes terrestres não especificadas anteriormente,5,3
60500246,2211100,Fabricação de pneumáticos e de câmaras-de-ar,41,13
60924040,4930201,"Transporte rodoviário de carga, exceto produtos perigosos e mudanças, municipal.",35,8
65963142,4929902,"Transporte rodoviário coletivo de passageiros, sob regime de fretamento, intermunicipal, interestadual e internacional",14,6
67114629,4669999,Comércio atacadista de outras máquinas e equipamentos não especificados anteriormente; partes e peças,6,4
07015824,4930202,"Transporte rodoviário de carga, exceto produtos perigosos e mudanças, intermunicipal, interestadual e internacional",1,1
76539600,4922102,"Transporte rodoviário coletivo de passageiros, com itinerário fixo, interestadual",163,4
82647884,4922101,"Transporte rodoviário coletivo de passageiros, com itinerário fixo, intermunicipal, exceto em região metropolitana",69,6
83647917,0500301,Extração de carvão mineral,7,3
87689402,4930201,"Transporte rodoviário de carga, exceto produtos perigosos e mudanças, municipal.",113,4
89790356,4689399,Comércio atacadista especializado em outros produtos intermediários não especificados anteriormente,35,10
07259555,4744099,Comércio varejista de materiais de construção em geral,3,1
07609993,2411300,Produção de ferro-gusa,5,2
83707273,2710402,"Fabricação de transformadores, indutores, conversores, sincronizadores e semelhantes, peças e acessórios",1,1
29132339,5211799,"Depósitos de mercadorias para terceiros, exceto armazéns gerais e guarda-móveis",1,1
79118311,4921301,"Transporte rodoviário coletivo de passageiros, com itinerário fixo, municipal",5,3
67438390,4639701,Comércio atacadista de produtos alimentícios em geral,4,4
08006135,0113000,Cultivo de cana-de-açúcar,33,1
07814918,4930203,Transporte rodoviário de produtos perigosos,6,3
53503652,4211101,Construção de rodovias e ferrovias,46,3
55415608,4663000,Comércio atacadista de Máquinas e equipamentos para uso industrial; partes e peças,4,3
40285967,0810006,"Extração de areia, cascalho ou pedregulho e beneficiamento associado",1,1
82096314,0810006,"Extração de areia, cascalho ou pedregulho e beneficiamento associado",7,3
01382443,4930203,Transporte rodoviário de produtos perigosos,11,4
74236480,4930202,"Transporte rodoviário de carga, exceto produtos perigosos e mudanças, intermunicipal, interestadual e internacional",6,1
07244914,4930202,"Transporte rodoviário de carga, exceto produtos perigosos e mudanças, intermunicipal, interestadual e internacional",2,1
04009865,4930202,"Transporte rodoviário de carga, exceto produtos perigosos e mudanças, intermunicipal, interestadual e internacional",4,2
44629707,4330499,Outras obras de acabamento da construção,4,2
55064562,2222600,Fabricação de embalagens de material plástico,25,11
21086442,4921301,"Transporte rodoviário coletivo de passageiros, com itinerário fixo, municipal",1,1
09813575,2330302,Fabricação de artefatos de cimento para uso na construção,1,1
02724209,4930203,Transporte rodoviário de produtos perigosos,4,1
09240285,0131800,Cultivo de laranja,11,2
82077785,4930203,Transporte rodoviário de produtos perigosos,12,2
14793554,4930202,"Transporte rodoviário de carga, exceto produtos perigosos e mudanças, intermunicipal, interestadual e internacional",3,1
72543978,4922101,"Transporte rodoviário coletivo de passageiros, com itinerário fixo, intermunicipal, exceto em região metropolitana",20,3
15843867,4930202,"Transporte rodoviário de carga, exceto produtos perigosos e mudanças, intermunicipal, interestadual e internacional",2,1
08537637,4930203,Transporte rodoviário de produtos perigosos,4,1
03221799,1013901,Fabricação de produtos de carne,5,4
17887379,0810099,Extração e britamento de pedras e outros materiais para construção e beneficiamento associado,2,1
14578002,3511501,Geração de energia elétrica,1,1
09057912,4930202,"Transporte rodoviário de carga, exceto produtos perigosos e mudanças, intermunicipal, interestadual e internacional",4,1
40160558,4929902,"Transporte rodoviário coletivo de passageiros, sob regime de fretamento, intermunicipal, interestadual e internacional",3,2
46151130,4669999,Comércio atacadista de outras máquinas e equipamentos não especificados anteriormente; partes e peças,8,3
00528786,4313400,Obras de terraplenagem,7,2
05094194,4930202,"Transporte rodoviário de carga, exceto produtos perigosos e mudanças, intermunicipal, interestadual e internacional",9,1
22928522,2943300,Fabricação de peças e acessórios para o sistema de freios de veículos automotores,1,1
33890542,4930202,"Transporte rodoviário de carga, exceto produtos perigosos e mudanças, intermunicipal, interestadual e internacional",17,1
23143522,4921301,"Transporte rodoviário coletivo de passageiros, com itinerário fixo, municipal",9,2
30278846,7719599,"Locação de outros meios de transporte não especificados anteriormente, sem condutor",2,1
08107709,0210107,Extração de madeira em florestas plantadas,10,3
11387944,2222600,Fabricação de embalagens de material plástico,3,1
04210423,3511501,Geração de energia elétrica,49,3
09452900,4930202,"Transporte rodoviário de carga, exceto produtos perigosos e mudanças, intermunicipal, interestadual e internacional",39,6
33570437,4744005,Comércio varejista de materiais de construção não especificados anteriormente,1,1
28151393,1053800,Fabricação de sorvetes e outros gelados comestíveis,5,3
07063949,4930201,"Transporte rodoviário de carga, exceto produtos perigosos e mudanças, municipal.",11,1
30417459,4930202,"Transporte rodoviário de carga, exceto produtos perigosos e mudanças, intermunicipal, interestadual e internacional",4,1
41920863,7732201,"Aluguel de máquinas e equipamentos para construção sem operador, exceto andaimes",1,1
42340181,7112000,Serviços de engenharia,4,2
59358770,4930202,"Transporte rodoviário de carga, exceto produtos perigosos e mudanças, intermunicipal, interestadual e internacional",8,2
26673348,4399199,Serviços especializados para construção não especificados anteriormente,3,1
37083474,4744099,Comércio varejista de materiais de construção em geral,13,3
04423567,0600001,Extração de petróleo e gás natural,35,7
12260426,4930202,"Transporte rodoviário de carga, exceto produtos perigosos e mudanças, intermunicipal, interestadual e internacional",10,3
51715706,3512300,Transmissão de energia elétrica,16,1
01669679,4661300,"Comércio atacadista de máquinas, aparelhos e equipamentos para uso agropecuário; partes e peças",3,2
55140818,4921301,"Transporte rodoviário coletivo de passageiros, com itinerário fixo, municipal",2,1
00805163,5212500,Carga e descarga,3,2
03945518,4930202,"Transporte rodoviário de carga, exceto produtos perigosos e mudanças, intermunicipal, interestadual e internacional",7,1
00000041,7722500,"Aluguel de fitas de vídeo, DVDs e similares",1,1
00000095,9430800,Atividades de associações de defesa de direitos sociais,1,1
00099709,8630503,Atividade médica ambulatorial restrita a consultas,1,1
00000042,4731800,Comércio varejista de combustíveis para veículos automotores,10,2
05477173,4399104,Serviços de operação e fornecimento de equipamentos para transporte e elevação de cargas e pessoas para uso em obras,14,2
02998301,3511501,Geração de energia elétrica,11,1
02489991,4686902,Comércio atacadista de embalagens,6,2
13926910,2222600,Fabricação de embalagens de material plástico,2,1
22034458,2341900,Fabricação de produtos cerâmicos refratários,6,3
37098480,4922102,"Transporte rodoviário coletivo de passageiros, com itinerário fixo, interestadual",12,2
01211210,4929902,"Transporte rodoviário coletivo de passageiros, sob regime de fretamento, intermunicipal, interestadual e internacional",7,1
74451378,2660400,Fabricação de aparelhos eletromédicos e eletroterapêuticos e equipamentos de irradiação,1,1
20657342,0810099,Extração e britamento de pedras e outros materiais para construção e beneficiamento associado,1,1
66626920,0113000,Cultivo de cana-de-açúcar,6,2
86428893,4921302,"Transporte rodoviário coletivo de passageiros, com itinerário fixo, intermunicipal em região metropolitana",20,4
64210875,0810099,Extração e britamento de pedras e outros materiais para construção e beneficiamento associado,1,1
29841244,5030102,Navegação de apoio portuário,3,1
89120877,4921301,"Transporte rodoviário coletivo de passageiros, com itinerário fixo, municipal",1,1
05048286,0810004,Extração de calcário e dolomita e beneficiamento associado,1,1
16770752,4663000,Comércio atacadista de Máquinas e equipamentos para uso industrial; partes e peças,2,2
03071894,2222600,Fabricação de embalagens de material plástico,7,4
48660971,6810203,Loteamento de imóveis próprios,1,1
06044698,0210101,Cultivo de eucalipto,12,6
08266567,4930203,Transporte rodoviário de produtos perigosos,1,1
03083792,4689301,"Comércio atacadista de produtos da extração mineral, exceto combustíveis",5,1
06697576,1066000,Fabricação de alimentos para animais,22,10
09594305,4930202,"Transporte rodoviário de carga, exceto produtos perigosos e mudanças, intermunicipal, interestadual e internacional",1,1
11676271,3102100,Fabricação de móveis com predominância de metal,1,1
15320722,4120400,Construção de edifícios,2,2
11387927,4120400,Construção de edifícios,1,1
09621639,4930202,"Transporte rodoviário de carga, exceto produtos perigosos e mudanças, intermunicipal, interestadual e internacional",7,2
10455862,2943300,Fabricação de peças e acessórios para o sistema de freios de veículos automotores,1,1
44335701,4921301,"Transporte rodoviário coletivo de passageiros, com itinerário fixo, municipal",5,2
17350225,4711302,"Comércio varejista de mercadorias em geral, com predominância de produtos alimentícios - supermercados",5,2
23002548,4635402,"Comércio atacadista de cerveja, chope e refrigerante",1,1
17874556,4930202,"Transporte rodoviário de carga, exceto produtos perigosos e mudanças, intermunicipal, interestadual e internacional",1,1
04567650,3811400,Coleta de resíduos não-perigosos,10,4
87834883,4649499,Comércio atacadista de outros equipamentos e artigos de uso pessoal e doméstico não especificados anteriormente,3,3
30554734,8211300,Serviços combinados de escritório e apoio administrativo,2,2
75958926,4930202,"Transporte rodoviário de carga, exceto produtos perigosos e mudanças, intermunicipal, interestadual e internacional",17,1
14672378,5212500,Carga e descarga,2,1
20952073,1065101,Fabricação de amidos e féculas de vegetais,3,2
36259270,4211101,Construção de rodovias e ferrovias,1,1
07899139,4312600,Perfurações e sondagens,2,1
12921223,0133499,Cultivo de frutas de lavoura permanente não especificadas anteriormente,7,2
03536615,4633801,"Comércio atacadista de frutas, verduras, raízes, tubérculos, hortaliças e legumes frescos",4,2
02126014,8211300,Serviços combinados de escritório e apoio administrativo,6,4
23781092,4211101,Construção de rodovias e ferrovias,5,2
07408612,4633801,"Comércio atacadista de frutas, verduras, raízes, tubérculos, hortaliças e legumes frescos",8,3
46613141,7711000,Locação de automóveis sem condutor,3,1
12605744,3292202,Fabricação de equipamentos e acessórios para segurança pessoal e profissional,5,3
10404940,1031700,Fabricação de conservas de frutas,3,1
63296769,4930202,"Transporte rodoviário de carga, exceto produtos perigosos e mudanças, intermunicipal, interestadual e internacional",4,2
00000017,9491000,Atividades de organizações religiosas ou filosóficas,1,1
00098458,7490101,"Serviços de tradução, interpretação e similares",1,1
00416543,4742300,Comércio varejista de material elétrico,1,1
02157729,4313400,Obras de terraplenagem,2,2
33906629,4921301,"Transporte rodoviário coletivo de passageiros, com itinerário fixo, municipal",3,2
49642887,0810099,Extração e britamento de pedras e outros materiais para construção e beneficiamento associado,2,1
50948587,4921301,"Transporte rodoviário coletivo de passageiros, com itinerário fixo, municipal",3,1
51466761,2840200,"Fabricação de máquinas-ferramenta, peças e acessórios",2,1
38756631,1359600,Fabricação de outros produtos têxteis não especificados anteriormente,1,1
77269009,4930202,"Transporte rodoviário de carga, exceto produtos perigosos e mudanças, intermunicipal, interestadual e internacional",7,1
07063938,3511501,Geração de energia elétrica,2,1
60917721,7732201,"Aluguel de máquinas e equipamentos para construção sem operador, exceto andaimes",1,1
64178536,4930202,"Transporte rodoviário de carga, exceto produtos perigosos e mudanças, intermunicipal, interestadual e internacional",3,1
00000051,8711502,Instituições de longa permanência para idosos,1,1
00061436,8112500,Condomínios prediais,1,1
20605424,4921301,"Transporte rodoviário coletivo de passageiros, com itinerário fixo, municipal",2,1
42849455,4399199,Serviços especializados para construção não especificados anteriormente,1,1
78348257,4921301,"Transporte rodoviário coletivo de passageiros, com itinerário fixo, municipal",5,2
03910770,4635402,"Comércio atacadista de cerveja, chope e refrigerante",2,1
07884280,3513100,Comércio atacadista de energia elétrica,3,1
89879142,4221902,Construção de estações e redes de distribuição de energia elétrica,11,4
13809963,1066000,Fabricação de alimentos para animais,3,2
11256093,2330305,Preparação de massa de concreto e argamassa para construção,2,1
60870847,4921301,"Transporte rodoviário coletivo de passageiros, com itinerário fixo, municipal",7,1
19312473,4929902,"Transporte rodoviário coletivo de passageiros, sob regime de fretamento, intermunicipal, interestadual e internacional",1,1
14284188,4930201,"Transporte rodoviário de carga, exceto produtos perigosos e mudanças, municipal.",2,1
21895424,7711000,Locação de automóveis sem condutor,1,1
85284248,4635402,"Comércio atacadista de cerveja, chope e refrigerante",6,2
09525963,4613300,"Representantes comerciais e agentes do comércio de madeira, material de construção e ferragens",1,1
10823545,4313400,Obras de terraplenagem,1,1
06537334,0810099,Extração e britamento de pedras e outros materiais para construção e beneficiamento associado,11,2
14019956,4930202,"Transporte rodoviário de carga, exceto produtos perigosos e mudanças, intermunicipal, interestadual e internacional",1,1
34708029,0151201,Criação de bovinos para corte,7,2
00625064,4930202,"Transporte rodoviário de carga, exceto produtos perigosos e mudanças, intermunicipal, interestadual e internacional",4,1
36770574,4711302,"Comércio varejista de mercadorias em geral, com predominância de produtos alimentícios - supermercados",5,3
42767382,3511501,Geração de energia elétrica,3,1
94476207,4929902,"Transporte rodoviário coletivo de passageiros, sob regime de fretamento, intermunicipal, interestadual e internacional",2,1
10827182,3011301,Construção de embarcações de grande porte,3,1
15563826,4299599,Outras obras de engenharia civil não especificadas anteriormente,5,1
21821738,3511501,Geração de energia elétrica,2,2
05158344,7732201,"Aluguel de máquinas e equipamentos para construção sem operador, exceto andaimes",6,2
04071002,4930202,"Transporte rodoviário de carga, exceto produtos perigosos e mudanças, intermunicipal, interestadual e internacional",7,2
29093888,0134200,Cultivo de café,3,2
33131541,8211300,Serviços combinados de escritório e apoio administrativo,9,4
24232418,5211701,Armazéns gerais - emissão de warrant,9,4
03506174,4930202,"Transporte rodoviário de carga, exceto produtos perigosos e mudanças, intermunicipal, interestadual e internacional",1,1
96508130,4399104,Serviços de operação e fornecimento de equipamentos para transporte e elevação de cargas e pessoas para uso em obras,1,1
02390435,5231102,Atividades do Operador Portuário,7,3
43085349,2099199,Fabricação de outros produtos químicos não especificados anteriormente,3,1
31683162,4921301,"Transporte rodoviário coletivo de passageiros, com itinerário fixo, municipal",2,2
03888604,0810004,Extração de calcário e dolomita e beneficiamento associado,2,1
32343113,4321500,Instalação e manutenção elétrica,1,1
08579947,0710301,Extração de minério de ferro,4,2
09541775,8422100,Defesa,2,1
09665327,4930202,"Transporte rodoviário de carga, exceto produtos perigosos e mudanças, intermunicipal, interestadual e internacional",1,1
10842709,4744099,Comércio varejista de materiais de construção em geral,1,1
56815244,4635402,"Comércio atacadista de cerveja, chope e refrigerante",4,2
14046713,9329899,Outras atividades de recreação e lazer não especificadas anteriormente,1,1
15380245,4930202,"Transporte rodoviário de carga, exceto produtos perigosos e mudanças, intermunicipal, interestadual e internacional",1,1
55184691,4930202,"Transporte rodoviário de carga, exceto produtos perigosos e mudanças, intermunicipal, interestadual e internacional",5,1
19299770,3313901,"Manutenção e reparação de geradores, transformadores e motores elétricos",1,1
19769981,4930201,"Transporte rodoviário de carga, exceto produtos perigosos e mudanças, municipal.",2,1
16904055,0810001,Extração de ardósia e beneficiamento associado,3,2
04693022,0710301,Extração de minério de ferro,6,5
77147387,4921301,"Transporte rodoviário coletivo de passageiros, com itinerário fixo, municipal",4,2
26650100,1922599,"Fabricação de outros produtos derivados do petróleo, exceto produtos do refino",1,1
43072478,0115600,Cultivo de soja,1,1
46424729,1111901,Fabricação de aguardente de cana-de-açúcar,1,1
08932787,7719501,"Locação de embarcações sem tripulação, exceto para fins recreativos",5,1
48142882,4921301,"Transporte rodoviário coletivo de passageiros, com itinerário fixo, municipal",2,1
50119668,4930202,"Transporte rodoviário de carga, exceto produtos perigosos e mudanças, intermunicipal, interestadual e internacional",8,2
43472117,4929902,"Transporte rodoviário coletivo de passageiros, sob regime de fretamento, intermunicipal, interestadual e internacional",2,1
59455655,7711000,Locação de automóveis sem condutor,1,1
61414838,4921301,"Transporte rodoviário coletivo de passageiros, com itinerário fixo, municipal",2,1
54757686,4930202,"Transporte rodoviário de carga, exceto produtos perigosos e mudanças, intermunicipal, interestadual e internacional",3,1
04943405,4530703,Comércio a varejo de peças e acessórios novos para veículos automotores,1,1
00019409,4724500,Comércio varejista de hortifrutigranjeiros,1,1
04206591,4632001,Comércio atacadista de cereais e leguminosas beneficiados,2,2
41705476,4930203,Transporte rodoviário de produtos perigosos,3,2
43123272,1733800,Fabricação de chapas e de embalagens de papelão ondulado,3,3
06210424,4930202,"Transporte rodoviário de carga, exceto produtos perigosos e mudanças, intermunicipal, interestadual e internacional",1,1
39378955,4930202,"Transporte rodoviário de carga, exceto produtos perigosos e mudanças, intermunicipal, interestadual e internacional",1,1
01459413,3811400,Coleta de resíduos não-perigosos,1,1
07063921,3511501,Geração de energia elétrica,2,1
07063934,3511501,Geração de energia elétrica,2,1
87606372,0810099,Extração e britamento de pedras e outros materiais para construção e beneficiamento associado,5,3
08007853,4662100,"Comércio atacadista de máquinas, equipamentos para terraplenagem, mineração e construção; partes e peças",2,1
00022303,2930101,"Fabricação de cabines, carrocerias e reboques para caminhões",1,1
00057477,9491000,Atividades de organizações religiosas ou filosóficas,1,1
05198812,4681802,Comércio atacadista de combustíveis realizado por transportador retalhista (T.R.R.),1,1
08211779,0134200,Cultivo de café,4,2
15201143,4312600,Perfurações e sondagens,1,1
18275621,4321500,Instalação e manutenção elétrica,1,1
11860729,4930202,"Transporte rodoviário de carga, exceto produtos perigosos e mudanças, intermunicipal, interestadual e internacional",1,1
18224058,0141501,"Produção de sementes certificadas, exceto de forrageiras para pasto",2,1
25037487,2099101,"Fabricação de chapas, filmes, papéis e outros materiais e produtos químicos para fotografia",1,1
13915083,4679699,Comércio atacadista de materiais de construção em geral,1,1
09353456,7111100,Serviços de arquitetura,1,1
18603453,0810099,Extração e britamento de pedras e outros materiais para construção e beneficiamento associado,2,1
04622945,4682600,Comércio atacadista de gás liqüefeito de petróleo (GLP),4,1
08860991,4921301,"Transporte rodoviário coletivo de passageiros, com itinerário fixo, municipal",4,1
27462319,6810201,Compra e venda de imóveis próprios,1,1
47271141,4930202,"Transporte rodoviário de carga, exceto produtos perigosos e mudanças, intermunicipal, interestadual e internacional",1,1
48621063,4930202,"Transporte rodoviário de carga, exceto produtos perigosos e mudanças, intermunicipal, interestadual e internacional",1,1
01339828,4930202,"Transporte rodoviário de carga, exceto produtos perigosos e mudanças, intermunicipal, interestadual e internacional",3,1
58111936,7020400,"Atividades de consultoria em gestão empresarial, exceto consultoria técnica específica",1,1
17116784,4930202,"Transporte rodoviário de carga, exceto produtos perigosos e mudanças, intermunicipal, interestadual e internacional",2,1
04983701,4930202,"Transporte rodoviário de carga, exceto produtos perigosos e mudanças, intermunicipal, interestadual e internacional",2,1
09253694,4930202,"Transporte rodoviário de carga, exceto produtos perigosos e mudanças, intermunicipal, interestadual e internacional",2,1
02731949,4930202,"Transporte rodoviário de carga, exceto produtos perigosos e mudanças, intermunicipal, interestadual e internacional",1,1
58354903,4929902,"Transporte rodoviário coletivo de passageiros, sob regime de fretamento, intermunicipal, interestadual e internacional",1,1
07571294,3319800,Manutenção e reparação de equipamentos e produtos não especificados anteriormente,1,1
02976581,4684299,Comércio atacadista de outros produtos químicos e petroquímicos não especificados anteriormente,7,4
55386445,4329199,Outras obras de instalações em construções não especificadas anteriormente,5,2
13022198,7112000,Serviços de engenharia,1,1
06248391,7732201,"Aluguel de máquinas e equipamentos para construção sem operador, exceto andaimes",2,2
89386569,4921301,"Transporte rodoviário coletivo de passageiros, com itinerário fixo, municipal",2,1
09165028,4639701,Comércio atacadista de produtos alimentícios em geral,7,3
17799666,4541201,Comércio por atacado de motocicletas e motonetas,3,2
08870769,2710402,"Fabricação de transformadores, indutores, conversores, sincronizadores e semelhantes, peças e acessórios",10,3
36106678,4922101,"Transporte rodoviário coletivo de passageiros, com itinerário fixo, intermunicipal, exceto em região metropolitana",1,1
42465389,4744099,Comércio varejista de materiais de construção em geral,1,1
44520687,4921301,"Transporte rodoviário coletivo de passageiros, com itinerário fixo, municipal",1,1
00000021,8030700,Atividades de investigação particular,1,1
00002970,1531901,Fabricação de calçados de couro,1,1
04383583,2531401,Produção de forjados de aço,1,1
01320716,4930202,"Transporte rodoviário de carga, exceto produtos perigosos e mudanças, intermunicipal, interestadual e internacional",2,1
09549370,8422100,Defesa,2,1
14487316,0810099,Extração e britamento de pedras e outros materiais para construção e beneficiamento associado,1,1
15472488,4330499,Outras obras de acabamento da construção,1,1
16990253,4299599,Outras obras de engenharia civil não especificadas anteriormente,1,1
20469145,4930201,"Transporte rodoviário de carga, exceto produtos perigosos e mudanças, municipal.",2,1
18219789,0134200,Cultivo de café,3,1
22735063,5211701,Armazéns gerais - emissão de warrant,1,1
22259826,4520001,Serviços de manutenção e reparação mecânica de veículos automotores,1,1
28501422,7739099,"Aluguel de outras máquinas e equipamentos comerciais e industriais não especificados anteriormente, sem operador",1,1
29141804,2399199,Fabricação de outros produtos de minerais não-metálicos não especificados anteriormente,1,1
36710631,7731400,Aluguel de máquinas e equipamentos agrícolas sem operador,1,1
48430602,3314717,"Manutenção e reparação de máquinas e equipamentos de terraplenagem, pavimentação e construção, exceto tratores",1,1
71966071,4623109,Comércio atacadista de alimentos para animais,2,2
55231481,2599399,Fabricação de outros produtos de metal não especificados anteriormente,1,1
55625739,4753900,Comércio varejista especializado de eletrodomésticos e equipamentos de áudio e vídeo,1,1
63353587,2342702,"Fabricação de artefatos de cerâmica e barro cozido para uso na construção, exceto azulejos e pisos",1,1
00187299,4321500,Instalação e manutenção elétrica,1,1
05328117,2342702,"Fabricação de artefatos de cerâmica e barro cozido para uso na construção, exceto azulejos e pisos",1,1
02173151,0810004,Extração de calcário e dolomita e beneficiamento associado,1,1
69042703,4924800,Transporte escolar,2,1
12266743,4930203,Transporte rodoviário de produtos perigosos,1,1
40573092,0311601,Pesca de peixes em água salgada,1,1
51624707,4319300,Serviços de preparação do terreno não especificados anteriormente,1,1
52181884,4921301,"Transporte rodoviário coletivo de passageiros, com itinerário fixo, municipal",1,1
55743057,4669999,Comércio atacadista de outras máquinas e equipamentos não especificados anteriormente; partes e peças,1,1
23664303,3514000,Distribuição de energia elétrica,2,2
04550505,4921301,"Transporte rodoviário coletivo de passageiros, com itinerário fixo, municipal",1,1
87113700,4921301,"Transporte rodoviário coletivo de passageiros, com itinerário fixo, municipal",1,1
07505066,4929901,"Transporte rodoviário coletivo de passageiros, sob regime de fretamento, municipal",1,1
01741756,5250805,Operador de transporte multimodal - OTM,1,1
08072674,4669999,Comércio atacadista de outras máquinas e equipamentos não especificados anteriormente; partes e peças,2,1
03662354,4921301,"Transporte rodoviário coletivo de passageiros, com itinerário fixo, municipal",1,1
10144123,2829199,"Fabricação de outras máquinas e equipamentos de uso geral não especificados anteriormente, peças e acessórios",1,1
23607506,4924800,Transporte escolar,1,1
23656364,2229301,Fabricação de artefatos de material plástico para uso pessoal e doméstico,1,1
29099782,4930202,"Transporte rodoviário de carga, exceto produtos perigosos e mudanças, intermunicipal, interestadual e internacional",1,1
32205887,2411300,Produção de ferro-gusa,1,1
38214783,4744001,Comércio varejista de ferragens e ferramentas,1,1
42910115,2330302,Fabricação de artefatos de cimento para uso na construção,1,1
29959937,4930202,"Transporte rodoviário de carga, exceto produtos perigosos e mudanças, intermunicipal, interestadual e internacional",2,2
00065464,5611203,"Lanchonetes, casas de chá, de sucos e similares",1,1
19972622,1099604,Fabricação de gelo comum,1,1
24829836,4930202,"Transporte rodoviário de carga, exceto produtos perigosos e mudanças, intermunicipal, interestadual e internacional",1,1
26169262,4930202,"Transporte rodoviário de carga, exceto produtos perigosos e mudanças, intermunicipal, interestadual e internacional",1,1
45813832,4222701,"Construção de redes de abastecimento de água, coleta de esgoto e construções correlatas, exceto obras de irrigação",1,1
46731185,4930202,"Transporte rodoviário de carga, exceto produtos perigosos e mudanças, intermunicipal, interestadual e internacional",1,1
06062714,4120400,Construção de edifícios,1,1
02868179,1621800,"Fabricação de madeira laminada e de chapas de madeira compensada, prensada e aglomerada",1,1
06982746,3511501,Geração de energia elétrica,2,1
42458257,3314705,Manutenção e reparação de equipamentos de transmissão para fins industriais,1,1
47937727,4930202,"Transporte rodoviário de carga, exceto produtos perigosos e mudanças, intermunicipal, interestadual e internacional",1,1
05955701,4639701,Comércio atacadista de produtos alimentícios em geral,4,2
03499970,4929902,"Transporte rodoviário coletivo de passageiros, sob regime de fretamento, intermunicipal, interestadual e internacional",1,1
57641376,4211101,Construção de rodovias e ferrovias,1,1
04574838,4930202,"Transporte rodoviário de carga, exceto produtos perigosos e mudanças, intermunicipal, interestadual e internacional",3,1
04949368,4299599,Outras obras de engenharia civil não especificadas anteriormente,1,1
03702159,4930203,Transporte rodoviário de produtos perigosos,1,1
02847287,2219600,Fabricação de artefatos de borracha não especificados anteriormente,1,1
02949991,2532201,Produção de artefatos estampados de metal,1,1
38734810,4313400,Obras de terraplenagem,1,1
06993242,4930201,"Transporte rodoviário de carga, exceto produtos perigosos e mudanças, municipal.",1,1
03134201,4930202,"Transporte rodoviário de carga, exceto produtos perigosos e mudanças, intermunicipal, interestadual e internacional",1,1
00000052,8512100,Educação infantil - pré-escola,1,1
06095364,4930203,Transporte rodoviário de produtos perigosos,1,1
00016550,8888888,Atividade Econônica não informada,1,1
04385585,2330301,"Fabricação de estruturas pré-moldadas de concreto armado, em série e sob encomenda",1,1
30741805,4921302,"Transporte rodoviário coletivo de passageiros, com itinerário fixo, intermunicipal em região metropolitana",1,1
18594208,4930202,"Transporte rodoviário de carga, exceto produtos perigosos e mudanças, intermunicipal, interestadual e internacional",12,1
10425075,4930203,Transporte rodoviário de produtos perigosos,11,2
23808561,4930202,"Transporte rodoviário de carga, exceto produtos perigosos e mudanças, intermunicipal, interestadual e internacional",14,2
07268379,0810002,Extração de granito e beneficiamento associado,7,4
13254104,4930202,"Transporte rodoviário de carga, exceto produtos perigosos e mudanças, intermunicipal, interestadual e internacional",13,1
17323084,4120400,Construção de edifícios,3,1
41663288,4930202,"Transporte rodoviário de carga, exceto produtos perigosos e mudanças, intermunicipal, interestadual e internacional",3,1
00000000,6422100,"Bancos múltiplos, com carteira comercial",7903,7
63310411,4639701,Comércio atacadista de produtos alimentícios em geral,53,8
30251782,4930201,"Transporte rodoviário de carga, exceto produtos perigosos e mudanças, municipal.",2,1
92660604,2013402,"Fabricação de adubos e fertilizantes, exceto organo-minerais",183,11
05220364,4922102,"Transporte rodoviário coletivo de passageiros, com itinerário fixo, interestadual",8,2
71241731,4299599,Outras obras de engenharia civil não especificadas anteriormente,18,7
00000058,7820500,Locação de mão-de-obra temporária,1,1
00000082,8711502,Instituições de longa permanência para idosos,1,1
00000090,9430800,Atividades de associações de defesa de direitos sociais,1,1
03753733,4684299,Comércio atacadista de outros produtos químicos e petroquímicos não especificados anteriormente,6,2
02249513,5229002,Serviços de reboque de veículos,6,2
05603629,4299599,Outras obras de engenharia civil não especificadas anteriormente,1,1
00779059,4212000,Construção de obras de arte especiais,21,3
09487141,4930202,"Transporte rodoviário de carga, exceto produtos perigosos e mudanças, intermunicipal, interestadual e internacional",7,4
00860573,4921301,"Transporte rodoviário coletivo de passageiros, com itinerário fixo, municipal",1,1
16041592,4922102,"Transporte rodoviário coletivo de passageiros, com itinerário fixo, interestadual",99,6
18715532,8888888,Atividade Econônica não informada,23,3
19257633,0810006,"Extração de areia, cascalho ou pedregulho e beneficiamento associado",4,3
00933558,4930202,"Transporte rodoviário de carga, exceto produtos perigosos e mudanças, intermunicipal, interestadual e internacional",2,1
21483359,4623101,Comércio atacadista de animais vivos,17,10
21992946,1052000,Fabricação de laticínios,90,15
23357072,1066000,Fabricação de alimentos para animais,24,9
25436130,4930202,"Transporte rodoviário de carga, exceto produtos perigosos e mudanças, intermunicipal, interestadual e internacional",20,1
26242107,5212500,Carga e descarga,14,6
30090575,4211101,Construção de rodovias e ferrovias,53,5
31134885,4922101,"Transporte rodoviário coletivo de passageiros, com itinerário fixo, intermunicipal, exceto em região metropolitana",28,8
33556309,4921301,"Transporte rodoviário coletivo de passageiros, com itinerário fixo, municipal",5,1
43954460,4930202,"Transporte rodoviário de carga, exceto produtos perigosos e mudanças, intermunicipal, interestadual e internacional",27,2
45557022,4930201,"Transporte rodoviário de carga, exceto produtos perigosos e mudanças, municipal.",18,3
56560345,4313400,Obras de terraplenagem,1,1
04616801,5021102,"Transporte por navegação interior de carga, intermunicipal, interestadual e internacional, exceto travessia",3,1
52556578,2790299,Fabricação de outros equipamentos e aparelhos elétricos não especificados anteriormente,36,5
58681867,4679699,Comércio atacadista de materiais de construção em geral,8,4
04692152,8513900,Ensino fundamental,3,1
61084018,4922102,"Transporte rodoviário coletivo de passageiros, com itinerário fixo, interestadual",127,5
72412216,0133402,Cultivo de banana,25,7
85316149,4921301,"Transporte rodoviário coletivo de passageiros, com itinerário fixo, municipal",2,1
89723977,4212000,Construção de obras de arte especiais,122,15
47123542,4922101,"Transporte rodoviário coletivo de passageiros, com itinerário fixo, intermunicipal, exceto em região metropolitana",2,1
37363835,1052000,Fabricação de laticínios,10,8
12002804,7739099,"Aluguel de outras máquinas e equipamentos comerciais e industriais não especificados anteriormente, sem operador",8,2
53552691,4313400,Obras de terraplenagem,1,1
54651344,2062200,Fabricação de produtos de limpeza e polimento,1,1
03121422,4751201,Comércio varejista especializado de equipamentos e suprimentos de informática,4,2
07689042,4930202,"Transporte rodoviário de carga, exceto produtos perigosos e mudanças, intermunicipal, interestadual e internacional",13,1
03029662,4930202,"Transporte rodoviário de carga, exceto produtos perigosos e mudanças, intermunicipal, interestadual e internacional",23,1
50505924,4930202,"Transporte rodoviário de carga, exceto produtos perigosos e mudanças, intermunicipal, interestadual e internacional",7,2
28568392,4930202,"Transporte rodoviário de carga, exceto produtos perigosos e mudanças, intermunicipal, interestadual e internacional",10,2
42357483,4912402,Transporte ferroviário de passageiros municipal e em região metropolitana,13,2
42929315,4319300,Serviços de preparação do terreno não especificados anteriormente,5,2
03534081,4742300,Comércio varejista de material elétrico,2,1
03673273,4744002,Comércio varejista de madeira e artefatos,2,1
08397578,1539400,Fabricação de calçados de materiais não especificados anteriormente,2,2
04240429,4399199,Serviços especializados para construção não especificados anteriormente,4,2
33489352,5211701,Armazéns gerais - emissão de warrant,9,5
00506346,4693100,"Comércio atacadista de mercadorias em geral, sem predominância de alimentos ou de insumos agropecuários",21,3
05684084,4930203,Transporte rodoviário de produtos perigosos,13,3
00947027,4930202,"Transporte rodoviário de carga, exceto produtos perigosos e mudanças, intermunicipal, interestadual e internacional",12,1
00935396,4921302,"Transporte rodoviário coletivo de passageiros, com itinerário fixo, intermunicipal em região metropolitana",8,2
88657820,4930202,"Transporte rodoviário de carga, exceto produtos perigosos e mudanças, intermunicipal, interestadual e internacional",6,2
11671820,0155501,Criação de frangos para corte,3,2
05451797,4930203,Transporte rodoviário de produtos perigosos,5,3
22482228,0210101,Cultivo de eucalipto,33,9
12019849,3314714,Manutenção e reparação de máquinas e equipamentos para a prospecção e extração de petróleo,4,1
03785066,4693100,"Comércio atacadista de mercadorias em geral, sem predominância de alimentos ou de insumos agropecuários",6,2
15718820,4530701,Comércio por atacado de peças e acessórios novos para veículos automotores,1,1
14325952,7739099,"Aluguel de outras máquinas e equipamentos comerciais e industriais não especificados anteriormente, sem operador",2,1
03831403,4930202,"Transporte rodoviário de carga, exceto produtos perigosos e mudanças, intermunicipal, interestadual e internacional",16,3
04205348,4399199,Serviços especializados para construção não especificados anteriormente,9,2
07834887,4930201,"Transporte rodoviário de carga, exceto produtos perigosos e mudanças, municipal.",2,2
20094607,0990403,Atividades de apoio à extração de minerais não-metálicos,3,2
24286169,3511501,Geração de energia elétrica,7,1
17340597,4921301,"Transporte rodoviário coletivo de passageiros, com itinerário fixo, municipal",4,1
21191338,1099699,Fabricação de outros produtos alimentícios não especificados anteriormente,2,2
09222108,4530703,Comércio a varejo de peças e acessórios novos para veículos automotores,1,1
46138319,2812700,"Fabricação de equipamentos hidráulicos e pneumáticos, peças e acessórios, exceto válvulas",14,4
08625249,4930202,"Transporte rodoviário de carga, exceto produtos perigosos e mudanças, intermunicipal, interestadual e internacional",4,2
29708128,4930202,"Transporte rodoviário de carga, exceto produtos perigosos e mudanças, intermunicipal, interestadual e internacional",2,1
05110926,4754701,Comércio varejista de móveis,12,3
09214368,4930202,"Transporte rodoviário de carga, exceto produtos perigosos e mudanças, intermunicipal, interestadual e internacional",5,1
33726160,0810099,Extração e britamento de pedras e outros materiais para construção e beneficiamento associado,1,1
09478309,1932200,"Fabricação de biocombustíveis, exceto álcool",14,4
32821183,0151201,Criação de bovinos para corte,5,3
24524797,4922102,"Transporte rodoviário coletivo de passageiros, com itinerário fixo, interestadual",8,1
29639652,4110700,Incorporação de empreendimentos imobiliários,2,1
29514686,4930202,"Transporte rodoviário de carga, exceto produtos perigosos e mudanças, intermunicipal, interestadual e internacional",3,1
39685211,0210107,Extração de madeira em florestas plantadas,6,2
02661209,1610203,Serrarias com desdobramento de madeira em bruto,3,1
00194724,3511501,Geração de energia elétrica,15,2
69067031,4921301,"Transporte rodoviário coletivo de passageiros, com itinerário fixo, municipal",5,1
28684229,4399104,Serviços de operação e fornecimento de equipamentos para transporte e elevação de cargas e pessoas para uso em obras,2,1
80858053,4921301,"Transporte rodoviário coletivo de passageiros, com itinerário fixo, municipal",4,1
11748664,4930201,"Transporte rodoviário de carga, exceto produtos perigosos e mudanças, municipal.",2,1
07360865,4313400,Obras de terraplenagem,2,1
02584199,4930202,"Transporte rodoviário de carga, exceto produtos perigosos e mudanças, intermunicipal, interestadual e internacional",4,1
20817402,4632003,"Comércio atacadista de cereais e leguminosas beneficiados, farinhas, amidos e féculas, com atividade de fracionamento e acondicionamento associada",9,2
50152869,0210101,Cultivo de eucalipto,7,3
51413949,2229303,"Fabricação de artefatos de material plástico para uso na construção, exceto tubos e acessórios",1,1
26070170,0210107,Extração de madeira em florestas plantadas,13,6
56029784,4530705,Comércio a varejo de pneumáticos e câmaras-de-ar,1,1
56071128,0710301,Extração de minério de ferro,1,1
43332756,4930202,"Transporte rodoviário de carga, exceto produtos perigosos e mudanças, intermunicipal, interestadual e internacional",11,2
57343468,4313400,Obras de terraplenagem,3,1
07408046,8219999,Preparação de documentos e serviços especializados de apoio administrativo não especificados anteriormente,11,4
01255050,4921301,"Transporte rodoviário coletivo de passageiros, com itinerário fixo, municipal",7,2
94496353,4633801,"Comércio atacadista de frutas, verduras, raízes, tubérculos, hortaliças e legumes frescos",7,4
00000083,4754701,Comércio varejista de móveis,13,4
00467702,2061400,Fabricação de sabões e detergentes sintéticos,3,2
02592563,5229002,Serviços de reboque de veículos,1,1
54305743,4511101,"Comércio a varejo de automóveis, camionetas e utilitários novos",32,8
15206469,4211101,Construção de rodovias e ferrovias,7,1
01335341,5231102,Atividades do Operador Portuário,2,1
03070664,0132600,Cultivo de uva,2,1
07084299,0210108,Produção de carvão vegetal - florestas plantadas,7,3
89661250,0115600,Cultivo de soja,12,5
01576503,0810004,Extração de calcário e dolomita e beneficiamento associado,3,3
28689842,0810002,Extração de granito e beneficiamento associado,5,5
50632496,4930202,"Transporte rodoviário de carga, exceto produtos perigosos e mudanças, intermunicipal, interestadual e internacional",3,1
03132254,1733800,Fabricação de chapas e de embalagens de papelão ondulado,2,1
25239617,4930202,"Transporte rodoviário de carga, exceto produtos perigosos e mudanças, intermunicipal, interestadual e internacional",2,2
02592351,4921301,"Transporte rodoviário coletivo de passageiros, com itinerário fixo, municipal",4,2
08185361,0710301,Extração de minério de ferro,3,2
05539641,4930202,"Transporte rodoviário de carga, exceto produtos perigosos e mudanças, intermunicipal, interestadual e internacional",11,2
08479501,0131800,Cultivo de laranja,2,1
07272615,3512300,Transmissão de energia elétrica,2,1
10398739,4930203,Transporte rodoviário de produtos perigosos,3,1
03875931,4930202,"Transporte rodoviário de carga, exceto produtos perigosos e mudanças, intermunicipal, interestadual e internacional",10,2
71256283,2660400,Fabricação de aparelhos eletromédicos e eletroterapêuticos e equipamentos de irradiação,2,1
05057833,4930202,"Transporte rodoviário de carga, exceto produtos perigosos e mudanças, intermunicipal, interestadual e internacional",3,1
09609595,4921301,"Transporte rodoviário coletivo de passageiros, com itinerário fixo, municipal",8,2
07464294,8291100,Atividades de cobranças e informações cadastrais,3,2
15032995,4930202,"Transporte rodoviário de carga, exceto produtos perigosos e mudanças, intermunicipal, interestadual e internacional",1,1
22257109,7711000,Locação de automóveis sem condutor,15,1
11224676,0729404,"Extração de minérios de cobre, chumbo, zinco e outros minerais metálicos não-ferrosos não especificados anteriormente",5,3
01446198,7732201,"Aluguel de máquinas e equipamentos para construção sem operador, exceto andaimes",3,1
35835010,4921302,"Transporte rodoviário coletivo de passageiros, com itinerário fixo, intermunicipal em região metropolitana",2,1
36573767,4921301,"Transporte rodoviário coletivo de passageiros, com itinerário fixo, municipal",3,1
12671097,4930202,"Transporte rodoviário de carga, exceto produtos perigosos e mudanças, intermunicipal, interestadual e internacional",3,2
39776969,3821100,Tratamento e disposição de resíduos não-perigosos,2,1
26501438,4661300,"Comércio atacadista de máquinas, aparelhos e equipamentos para uso agropecuário; partes e peças",7,3
13096055,0210101,Cultivo de eucalipto,12,4
13114396,4921301,"Transporte rodoviário coletivo de passageiros, com itinerário fixo, municipal",5,1
15597216,4930202,"Transporte rodoviário de carga, exceto produtos perigosos e mudanças, intermunicipal, interestadual e internacional",7,4
35169160,4110700,Incorporação de empreendimentos imobiliários,2,1
29306736,4930202,"Transporte rodoviário de carga, exceto produtos perigosos e mudanças, intermunicipal, interestadual e internacional",2,1
14232247,4930202,"Transporte rodoviário de carga, exceto produtos perigosos e mudanças, intermunicipal, interestadual e internacional",4,1
00007638,1610203,Serrarias com desdobramento de madeira em bruto,1,1
02224206,4922101,"Transporte rodoviário coletivo de passageiros, com itinerário fixo, intermunicipal, exceto em região metropolitana",9,3
11445160,2591800,Fabricação de embalagens metálicas,7,4
28996338,1099604,Fabricação de gelo comum,2,1
33445347,4930203,Transporte rodoviário de produtos perigosos,9,4
82083270,0810099,Extração e britamento de pedras e outros materiais para construção e beneficiamento associado,3,2
14576573,0810099,Extração e britamento de pedras e outros materiais para construção e beneficiamento associado,1,1
32540627,8112500,Condomínios prediais,1,1
07986997,2021500,Fabricação de produtos petroquímicos básicos,3,2
61554028,2449199,Metalurgia de outros metais não-ferrosos e suas ligas não especificados anteriormente,5,4
01354546,4399199,Serviços especializados para construção não especificados anteriormente,2,1
05258321,4330499,Outras obras de acabamento da construção,1,1
07281538,4921301,"Transporte rodoviário coletivo de passageiros, com itinerário fixo, municipal",2,1
00000915,4722901,Comércio varejista de carnes - açougues,1,1
27608256,4924800,Transporte escolar,3,2
20670048,4213800,"Obras de urbanização - ruas, praças e calçadas",1,1
65315418,4313400,Obras de terraplenagem,1,1
83050781,4921301,"Transporte rodoviário coletivo de passageiros, com itinerário fixo, municipal",1,1
29899143,4921302,"Transporte rodoviário coletivo de passageiros, com itinerário fixo, intermunicipal em região metropolitana",3,1
08981770,4930202,"Transporte rodoviário de carga, exceto produtos perigosos e mudanças, intermunicipal, interestadual e internacional",2,1
12545350,9499500,Atividades associativas não especificadas anteriormente,1,1
31269012,2330302,Fabricação de artefatos de cimento para uso na construção,3,2
12285462,3512300,Transmissão de energia elétrica,2,1
10861456,1099604,Fabricação de gelo comum,1,1
10307397,0111301,Cultivo de arroz,9,4
17848016,4930202,"Transporte rodoviário de carga, exceto produtos perigosos e mudanças, intermunicipal, interestadual e internacional",1,1
08257539,0891600,"Extração de minerais para fabricação de adubos, fertilizantes e outros produtos químicos",3,3
12713820,4110700,Incorporação de empreendimentos imobiliários,2,2
02785831,4930202,"Transporte rodoviário de carga, exceto produtos perigosos e mudanças, intermunicipal, interestadual e internacional",4,4
23065793,4789099,Comércio varejista de outros produtos não especificados anteriormente,1,1
12247272,0155501,Criação de frangos para corte,3,3
01078990,0133410,Cultivo de manga,4,3
00413338,4921301,"Transporte rodoviário coletivo de passageiros, com itinerário fixo, municipal",3,1
02088583,7732201,"Aluguel de máquinas e equipamentos para construção sem operador, exceto andaimes",2,1
04800789,4930202,"Transporte rodoviário de carga, exceto produtos perigosos e mudanças, intermunicipal, interestadual e internacional",2,2
53310946,4930202,"Transporte rodoviário de carga, exceto produtos perigosos e mudanças, intermunicipal, interestadual e internacional",1,1
76212372,0810004,Extração de calcário e dolomita e beneficiamento associado,2,2
16311011,7719599,"Locação de outros meios de transporte não especificados anteriormente, sem condutor",4,1
08877756,4921301,"Transporte rodoviário coletivo de passageiros, com itinerário fixo, municipal",2,1
04833584,4921301,"Transporte rodoviário coletivo de passageiros, com itinerário fixo, municipal",4,2
44000941,2869100,"Fabricação de máquinas e equipamentos para uso industrial específico não especificados anteriormente, peças e acessórios",5,3
62984532,4520001,Serviços de manutenção e reparação mecânica de veículos automotores,1,1
08215522,1020102,"Fabricação de conservas de peixes, crustáceos e moluscos",10,2
02085838,4930202,"Transporte rodoviário de carga, exceto produtos perigosos e mudanças, intermunicipal, interestadual e internacional",3,1
18979005,4921301,"Transporte rodoviário coletivo de passageiros, com itinerário fixo, municipal",2,2
54481270,0810006,"Extração de areia, cascalho ou pedregulho e beneficiamento associado",2,2
04700714,5231102,Atividades do Operador Portuário,3,1
03035916,2439300,Produção de outros tubos de ferro e aço,1,1
73909566,4691500,"Comércio atacadista de mercadorias em geral, com predominância de produtos alimentícios",3,2
13529482,4681802,Comércio atacadista de combustíveis realizado por transportador retalhista (T.R.R.),2,1
60332384,4222701,"Construção de redes de abastecimento de água, coleta de esgoto e construções correlatas, exceto obras de irrigação",1,1
02118881,0230600,Atividades de apoio à produção florestal,5,1
79381497,1610203,Serrarias com desdobramento de madeira em bruto,2,1
07870995,4921301,"Transporte rodoviário coletivo de passageiros, com itinerário fixo, municipal",1,1
00000006,8592901,Ensino de dança,1,1
61487799,5229099,Outras atividades auxiliares dos transportes terrestres não especificadas anteriormente,5,2
35081017,4922101,"Transporte rodoviário coletivo de passageiros, com itinerário fixo, intermunicipal, exceto em região metropolitana",6,2
10535766,2399199,Fabricação de outros produtos de minerais não-metálicos não especificados anteriormente,2,1
04502574,3511501,Geração de energia elétrica,2,1
16829146,4212000,Construção de obras de arte especiais,1,1
16930286,6810201,Compra e venda de imóveis próprios,1,1
17989379,4669901,Comércio atacadista de bombas e compressores; partes e peças,1,1
25218122,3313901,"Manutenção e reparação de geradores, transformadores e motores elétricos",1,1
10665557,4930202,"Transporte rodoviário de carga, exceto produtos perigosos e mudanças, intermunicipal, interestadual e internacional",1,1
15003110,0230600,Atividades de apoio à produção florestal,1,1
26803134,4399101,Administração de obras,1,1
28072750,4930203,Transporte rodoviário de produtos perigosos,1,1
33980212,5030102,Navegação de apoio portuário,1,1
37600741,2599301,Serviços de confecção de armações metálicas para a construção,1,1
44392102,4930202,"Transporte rodoviário de carga, exceto produtos perigosos e mudanças, intermunicipal, interestadual e internacional",4,1
48175659,4520001,Serviços de manutenção e reparação mecânica de veículos automotores,1,1
38848107,4299599,Outras obras de engenharia civil não especificadas anteriormente,8,3
02096969,4530703,Comércio a varejo de peças e acessórios novos para veículos automotores,1,1
02392459,4921301,"Transporte rodoviário coletivo de passageiros, com itinerário fixo, municipal",2,1
11707908,4671100,Comércio atacadista de madeira e produtos derivados,2,2
18715565,8424800,Segurança e ordem pública,3,3
36414225,4921301,"Transporte rodoviário coletivo de passageiros, com itinerário fixo, municipal",3,2
40760217,4930203,Transporte rodoviário de produtos perigosos,6,1
44944577,4922102,"Transporte rodoviário coletivo de passageiros, com itinerário fixo, interestadual",6,2
07228748,4120400,Construção de edifícios,1,1
64668981,2063100,"Fabricação de cosméticos, produtos de perfumaria e de higiene pessoal",1,1
07614595,2840200,"Fabricação de máquinas-ferramenta, peças e acessórios",1,1
08024048,0116499,Cultivo de outras oleaginosas de lavoura temporária não especificadas anteriormente,1,1
06207276,4930202,"Transporte rodoviário de carga, exceto produtos perigosos e mudanças, intermunicipal, interestadual e internacional",3,1
37398609,7739099,"Aluguel de outras máquinas e equipamentos comerciais e industriais não especificados anteriormente, sem operador",1,1
09603217,0810099,Extração e britamento de pedras e outros materiais para construção e beneficiamento associado,1,1
09633726,8422100,Defesa,2,1
11830823,3313901,"Manutenção e reparação de geradores, transformadores e motores elétricos",2,1
22245245,1099699,Fabricação de outros produtos alimentícios não especificados anteriormente,5,3
18588762,1099604,Fabricação de gelo comum,1,1
89732986,0161099,Atividades de apoio à agricultura não especificadas anteriormente,4,1
24516135,6462000,Holdings de instituições não-financeiras,2,2
12103445,0810099,Extração e britamento de pedras e outros materiais para construção e beneficiamento associado,1,1
11266165,0151201,Criação de bovinos para corte,2,2
12574558,7112000,Serviços de engenharia,2,2
11734333,0891600,"Extração de minerais para fabricação de adubos, fertilizantes e outros produtos químicos",2,2
08847399,4930202,"Transporte rodoviário de carga, exceto produtos perigosos e mudanças, intermunicipal, interestadual e internacional",3,1
04182353,5250804,Organização logística do transporte de carga,3,2
59069348,0151201,Criação de bovinos para corte,1,1
00000066,8511200,Educação infantil - creche,1,1
00001522,4930201,"Transporte rodoviário de carga, exceto produtos perigosos e mudanças, municipal.",1,1
04973681,4921301,"Transporte rodoviário coletivo de passageiros, com itinerário fixo, municipal",1,1
03473471,0810006,"Extração de areia, cascalho ou pedregulho e beneficiamento associado",2,1
03581989,3511501,Geração de energia elétrica,4,1
03671726,4530703,Comércio a varejo de peças e acessórios novos para veículos automotores,1,1
02835264,4921301,"Transporte rodoviário coletivo de passageiros, com itinerário fixo, municipal",2,1
16817108,8888888,Atividade Econônica não informada,3,2
34970756,4921301,"Transporte rodoviário coletivo de passageiros, com itinerário fixo, municipal",1,1
00081540,5611201,Restaurantes e similares,1,1
00002138,4755502,Comercio varejista de artigos de armarinho,1,1
24852105,4211101,Construção de rodovias e ferrovias,1,1
23505902,0115600,Cultivo de soja,2,2
25502014,4921301,"Transporte rodoviário coletivo de passageiros, com itinerário fixo, municipal",3,1
09541336,3511501,Geração de energia elétrica,2,1
20294467,2930101,"Fabricação de cabines, carrocerias e reboques para caminhões",2,2
22991045,7711000,Locação de automóveis sem condutor,1,1
39426571,4681802,Comércio atacadista de combustíveis realizado por transportador retalhista (T.R.R.),1,1
36579067,1621800,"Fabricação de madeira laminada e de chapas de madeira compensada, prensada e aglomerada",2,1
43939204,7112000,Serviços de engenharia,1,1
58926754,4520001,Serviços de manutenção e reparação mecânica de veículos automotores,1,1
22470777,0810006,"Extração de areia, cascalho ou pedregulho e beneficiamento associado",2,1
58525197,4930203,Transporte rodoviário de produtos perigosos,4,2
04730369,2833000,"Fabricação de máquinas e equipamentos para a agricultura e pecuária, peças e acessórios, exceto para irrigação",2,2
01486112,4930202,"Transporte rodoviário de carga, exceto produtos perigosos e mudanças, intermunicipal, interestadual e internacional",1,1
07222297,7732201,"Aluguel de máquinas e equipamentos para construção sem operador, exceto andaimes",1,1
84499383,4921301,"Transporte rodoviário coletivo de passageiros, com itinerário fixo, municipal",1,1
90055724,0810099,Extração e britamento de pedras e outros materiais para construção e beneficiamento associado,1,1
17229964,4930203,Transporte rodoviário de produtos perigosos,2,1
07060739,3511501,Geração de energia elétrica,2,1
03966583,3511501,Geração de energia elétrica,2,1
08488717,4929902,"Transporte rodoviário coletivo de passageiros, sob regime de fretamento, intermunicipal, interestadual e internacional",2,1
08553324,0159899,Criação de outros animais não especificados anteriormente,1,1
08786692,4930202,"Transporte rodoviário de carga, exceto produtos perigosos e mudanças, intermunicipal, interestadual e internacional",1,1
13226507,4930202,"Transporte rodoviário de carga, exceto produtos perigosos e mudanças, intermunicipal, interestadual e internacional",1,1
09609245,4120400,Construção de edifícios,1,1
42805842,3822000,Tratamento e disposição de resíduos perigosos,2,2
45773571,4110700,Incorporação de empreendimentos imobiliários,2,2
07524082,4930202,"Transporte rodoviário de carga, exceto produtos perigosos e mudanças, intermunicipal, interestadual e internacional",2,1
00058641,6462000,Holdings de instituições não-financeiras,2,2
03541406,4921301,"Transporte rodoviário coletivo de passageiros, com itinerário fixo, municipal",1,1
05346107,0311601,Pesca de peixes em água salgada,1,1
05690271,3101200,Fabricação de móveis com predominância de madeira,1,1
14355450,4313400,Obras de terraplenagem,1,1
13583212,7739099,"Aluguel de outras máquinas e equipamentos comerciais e industriais não especificados anteriormente, sem operador",1,1
19004551,4921301,"Transporte rodoviário coletivo de passageiros, com itinerário fixo, municipal",1,1
02359445,4930202,"Transporte rodoviário de carga, exceto produtos perigosos e mudanças, intermunicipal, interestadual e internacional",2,1
24374667,4684299,Comércio atacadista de outros produtos químicos e petroquímicos não especificados anteriormente,1,1
16604593,0151201,Criação de bovinos para corte,1,1
35470537,5250804,Organização logística do transporte de carga,1,1
50972758,2710402,"Fabricação de transformadores, indutores, conversores, sincronizadores e semelhantes, peças e acessórios",1,1
06977829,4520005,"Serviços de lavagem, lubrificação e polimento de veículos automotores",1,1
40433401,4930203,Transporte rodoviário de produtos perigosos,1,1
07131481,4930202,"Transporte rodoviário de carga, exceto produtos perigosos e mudanças, intermunicipal, interestadual e internacional",1,1
02510563,4921302,"Transporte rodoviário coletivo de passageiros, com itinerário fixo, intermunicipal em região metropolitana",1,1
08991511,0810099,Extração e britamento de pedras e outros materiais para construção e beneficiamento associado,1,1
09597351,8422100,Defesa,2,1
13544727,4930201,"Transporte rodoviário de carga, exceto produtos perigosos e mudanças, municipal.",1,1
23561503,7732201,"Aluguel de máquinas e equipamentos para construção sem operador, exceto andaimes",1,1
31995738,3313901,"Manutenção e reparação de geradores, transformadores e motores elétricos",1,1
37325767,2330305,Preparação de massa de concreto e argamassa para construção,1,1
50619412,9329899,Outras atividades de recreação e lazer não especificadas anteriormente,1,1
07061124,4639701,Comércio atacadista de produtos alimentícios em geral,3,2
00006053,2399101,"Decoração, lapidação, gravação, vitrificação e outros trabalhos em cerâmica, louça, vidro e cristal",1,1
03384037,1510600,Curtimento e outras preparações de couro,1,1
05491704,4921301,"Transporte rodoviário coletivo de passageiros, com itinerário fixo, municipal",2,2
12963000,4930202,"Transporte rodoviário de carga, exceto produtos perigosos e mudanças, intermunicipal, interestadual e internacional",1,1
10587243,4921301,"Transporte rodoviário coletivo de passageiros, com itinerário fixo, municipal",1,1
28389927,5021102,"Transporte por navegação interior de carga, intermunicipal, interestadual e internacional, exceto travessia",1,1
33449884,0151202,Criação de bovinos para leite,1,1
41562791,4921301,"Transporte rodoviário coletivo de passageiros, com itinerário fixo, municipal",1,1
43407020,4742300,Comércio varejista de material elétrico,1,1
44759507,6810203,Loteamento de imóveis próprios,1,1
02990234,4511104,Comércio por atacado de caminhões novos e usados,1,1
07109963,4669999,Comércio atacadista de outras máquinas e equipamentos não especificados anteriormente; partes e peças,1,1
92330844,4921301,"Transporte rodoviário coletivo de passageiros, com itinerário fixo, municipal",1,1
00004507,9430800,Atividades de associações de defesa de direitos sociais,1,1
00006329,4713002,"Lojas de variedades, exceto lojas de departamentos ou magazines",1,1
01188827,4789099,Comércio varejista de outros produtos não especificados anteriormente,2,1
25946732,4922101,"Transporte rodoviário coletivo de passageiros, com itinerário fixo, intermunicipal, exceto em região metropolitana",1,1
49770258,4921301,"Transporte rodoviário coletivo de passageiros, com itinerário fixo, municipal",1,1
00015514,8219901,Fotocópias,1,1
03461875,2019399,Fabricação de outros produtos químicos inorgânicos não especificados anteriormente,1,1
01555725,4921301,"Transporte rodoviário coletivo de passageiros, com itinerário fixo, municipal",1,1
06204260,4744099,Comércio varejista de materiais de construção em geral,1,1
06209606,0810099,Extração e britamento de pedras e outros materiais para construção e beneficiamento associado,1,1
46950226,4399104,Serviços de operação e fornecimento de equipamentos para transporte e elevação de cargas e pessoas para uso em obras,1,1
07187328,3312104,Manutenção e reparação de equipamentos e instrumentos ópticos,1,1
44163021,0724301,Extração de minério de metais preciosos,1,1
44914992,4930202,"Transporte rodoviário de carga, exceto produtos perigosos e mudanças, intermunicipal, interestadual e internacional",69,2
53769781,8129000,Atividades de limpeza não especificadas anteriormente,3,1
55534469,4921301,"Transporte rodoviário coletivo de passageiros, com itinerário fixo, municipal",2,1
17915300,4930202,"Transporte rodoviário de carga, exceto produtos perigosos e mudanças, intermunicipal, interestadual e internacional",29,1
07636657,0210108,Produção de carvão vegetal - florestas plantadas,31,10
76302157,4930202,"Transporte rodoviário de carga, exceto produtos perigosos e mudanças, intermunicipal, interestadual e internacional",43,2
70356449,0154700,Criação de suínos,19,7
24474925,4930201,"Transporte rodoviário de carga, exceto produtos perigosos e mudanças, municipal.",2,2
56565039,4930203,Transporte rodoviário de produtos perigosos,7,2
71983779,4789099,Comércio varejista de outros produtos não especificados anteriormente,11,4
06855894,0115600,Cultivo de soja,23,7
13773968,4930203,Transporte rodoviário de produtos perigosos,8,2
00000410,7120100,Testes e análises técnicas,7,2
05215888,3511501,Geração de energia elétrica,1,1
00395988,3511501,Geração de energia elétrica,17,1
01823580,4623199,Comércio atacadista de matérias-primas agrícolas não especificadas anteriormente,20,6
02227767,4922101,"Transporte rodoviário coletivo de passageiros, com itinerário fixo, intermunicipal, exceto em região metropolitana",8,2
02805820,0910600,Atividades de apoio à extração de petróleo e gás natural,58,3
02370080,4321500,Instalação e manutenção elétrica,1,1
30069314,5222200,Terminais rodoviários e ferroviários,106,9
10882777,4921301,"Transporte rodoviário coletivo de passageiros, com itinerário fixo, municipal",6,2
16066888,4930203,Transporte rodoviário de produtos perigosos,18,3
05904360,2342702,"Fabricação de artefatos de cerâmica e barro cozido para uso na construção, exceto azulejos e pisos",1,1
19564343,0810004,Extração de calcário e dolomita e beneficiamento associado,12,6
32172058,2330399,"Fabricação de outros artefatos e produtos de concreto, cimento, fibrocimento, gesso e materiais semelhantes",13,3
04431749,4930202,"Transporte rodoviário de carga, exceto produtos perigosos e mudanças, intermunicipal, interestadual e internacional",2,1
44469443,4635401,Comércio atacadista de água mineral,8,3
45523719,4929902,"Transporte rodoviário coletivo de passageiros, sob regime de fretamento, intermunicipal, interestadual e internacional",18,3
48169536,4211101,Construção de rodovias e ferrovias,15,5
61156113,2949299,Fabricação de outras peças e acessórios para veículos automotores não especificadas anteriormente,35,12
04760363,3511501,Geração de energia elétrica,3,1
58322512,4921301,"Transporte rodoviário coletivo de passageiros, com itinerário fixo, municipal",7,1
75739797,4921301,"Transporte rodoviário coletivo de passageiros, com itinerário fixo, municipal",5,1
40361123,4921302,"Transporte rodoviário coletivo de passageiros, com itinerário fixo, intermunicipal em região metropolitana",2,2
76700939,4930203,Transporte rodoviário de produtos perigosos,13,2
80227796,4922101,"Transporte rodoviário coletivo de passageiros, com itinerário fixo, intermunicipal, exceto em região metropolitana",71,6
90394107,4930202,"Transporte rodoviário de carga, exceto produtos perigosos e mudanças, intermunicipal, interestadual e internacional",12,2
94337680,9312300,"Clubes sociais, esportivos e similares",2,2
95865572,2013402,"Fabricação de adubos e fertilizantes, exceto organo-minerais",34,8
42502203,2219600,Fabricação de artefatos de borracha não especificados anteriormente,1,1
48925481,2829199,"Fabricação de outras máquinas e equipamentos de uso geral não especificados anteriormente, peças e acessórios",1,1
16234627,2099199,Fabricação de outros produtos químicos não especificados anteriormente,8,2
34564161,4921301,"Transporte rodoviário coletivo de passageiros, com itinerário fixo, municipal",1,1
07546521,4632002,"Comércio atacadista de farinhas, amidos e féculas",4,2
00739209,4930202,"Transporte rodoviário de carga, exceto produtos perigosos e mudanças, intermunicipal, interestadual e internacional",13,3
04326294,2222600,Fabricação de embalagens de material plástico,3,3
07683539,4399199,Serviços especializados para construção não especificados anteriormente,6,3
04596181,9430800,Atividades de associações de defesa de direitos sociais,1,1
67280008,0810006,"Extração de areia, cascalho ou pedregulho e beneficiamento associado",11,5
18093112,0210108,Produção de carvão vegetal - florestas plantadas,9,4
28670958,4922101,"Transporte rodoviário coletivo de passageiros, com itinerário fixo, intermunicipal, exceto em região metropolitana",26,2
29060647,8299799,Outras atividades de serviços prestados principalmente às empresas não especificadas anteriormente,20,9
17162579,5112901,Serviço de táxi aéreo e locação de aeronaves com tripulação,50,5
74251919,1012101,Abate de aves,4,3
55065981,4930202,"Transporte rodoviário de carga, exceto produtos perigosos e mudanças, intermunicipal, interestadual e internacional",4,1
56385834,4930203,Transporte rodoviário de produtos perigosos,21,2
91495549,4622200,Comércio atacadista de soja,157,14
17404930,0710301,Extração de minério de ferro,6,4
37878162,0810001,Extração de ardósia e beneficiamento associado,2,2
67546671,4930202,"Transporte rodoviário de carga, exceto produtos perigosos e mudanças, intermunicipal, interestadual e internacional",16,3
08713513,4641903,Comércio atacadista de artigos de armarinho,11,3
03806784,4930202,"Transporte rodoviário de carga, exceto produtos perigosos e mudanças, intermunicipal, interestadual e internacional",1,1
01779939,4930201,"Transporte rodoviário de carga, exceto produtos perigosos e mudanças, municipal.",4,1
10803777,4211101,Construção de rodovias e ferrovias,1,1
10941603,0910600,Atividades de apoio à extração de petróleo e gás natural,9,1
48838437,4929901,"Transporte rodoviário coletivo de passageiros, sob regime de fretamento, municipal",3,1
08220101,4684299,Comércio atacadista de outros produtos químicos e petroquímicos não especificados anteriormente,3,3
08642771,4930203,Transporte rodoviário de produtos perigosos,6,1
58852518,0155501,Criação de frangos para corte,33,13
14198875,4930202,"Transporte rodoviário de carga, exceto produtos perigosos e mudanças, intermunicipal, interestadual e internacional",1,1
14783775,0111301,Cultivo de arroz,1,1
13233740,0810099,Extração e britamento de pedras e outros materiais para construção e beneficiamento associado,1,1
07847836,1610204,Serrarias sem desdobramento de madeira em bruto  -Resserragem,16,3
16774816,4689301,"Comércio atacadista de produtos da extração mineral, exceto combustíveis",4,3
16942563,4930202,"Transporte rodoviário de carga, exceto produtos perigosos e mudanças, intermunicipal, interestadual e internacional",1,1
10275054,4930202,"Transporte rodoviário de carga, exceto produtos perigosos e mudanças, intermunicipal, interestadual e internacional",14,2
70212345,8211300,Serviços combinados de escritório e apoio administrativo,2,2
18078396,4921301,"Transporte rodoviário coletivo de passageiros, com itinerário fixo, municipal",4,1
73198574,0134200,Cultivo de café,8,3
21120716,4921301,"Transporte rodoviário coletivo de passageiros, com itinerário fixo, municipal",8,1
21659864,5229099,Outras atividades auxiliares dos transportes terrestres não especificadas anteriormente,22,4
03727541,7732202,Aluguel de andaimes,2,2
56139041,4929902,"Transporte rodoviário coletivo de passageiros, sob regime de fretamento, intermunicipal, interestadual e internacional",6,1
03063055,4930203,Transporte rodoviário de produtos perigosos,4,1
06153675,4930202,"Transporte rodoviário de carga, exceto produtos perigosos e mudanças, intermunicipal, interestadual e internacional",3,1
29802819,4930203,Transporte rodoviário de produtos perigosos,1,1
31599393,4922102,"Transporte rodoviário coletivo de passageiros, com itinerário fixo, interestadual",1,1
07316498,3314701,Manutenção e reparação de máquinas motrizes não-elétricas,11,2
33972146,4930202,"Transporte rodoviário de carga, exceto produtos perigosos e mudanças, intermunicipal, interestadual e internacional",3,1
77557635,4921301,"Transporte rodoviário coletivo de passageiros, com itinerário fixo, municipal",5,1
03005123,4679601,"Comércio atacadista de tintas, vernizes e similares",6,2
77591402,4120400,Construção de edifícios,20,3
04228626,5620101,Fornecimento de alimentos preparados preponderantemente para empresas,36,3
19758842,4211101,Construção de rodovias e ferrovias,34,6
10492887,4930203,Transporte rodoviário de produtos perigosos,3,1
44070044,1099604,Fabricação de gelo comum,1,1
33805805,7911200,Agências de viagens,5,1
76212349,4930202,"Transporte rodoviário de carga, exceto produtos perigosos e mudanças, intermunicipal, interestadual e internacional",4,4
08642410,4929902,"Transporte rodoviário coletivo de passageiros, sob regime de fretamento, intermunicipal, interestadual e internacional",17,2
05215135,0161099,Atividades de apoio à agricultura não especificadas anteriormente,9,4
04330304,5021102,"Transporte por navegação interior de carga, intermunicipal, interestadual e internacional, exceto travessia",10,1
34223624,1052000,Fabricação de laticínios,4,2
53794143,4930202,"Transporte rodoviário de carga, exceto produtos perigosos e mudanças, intermunicipal, interestadual e internacional",1,1
81692956,4930202,"Transporte rodoviário de carga, exceto produtos perigosos e mudanças, intermunicipal, interestadual e internacional",12,1
55399340,4784900,Comércio varejista de gás liqüefeito de petróleo (GLP),1,1
55898766,4211101,Construção de rodovias e ferrovias,1,1
61924573,7711000,Locação de automóveis sem condutor,1,1
60343753,4930202,"Transporte rodoviário de carga, exceto produtos perigosos e mudanças, intermunicipal, interestadual e internacional",3,2
00046193,8888888,Atividade Econônica não informada,1,1
03662722,4921301,"Transporte rodoviário coletivo de passageiros, com itinerário fixo, municipal",2,1
00214121,4930203,Transporte rodoviário de produtos perigosos,10,2
01629083,4911600,Transporte ferroviário de carga,4,1
10426518,2411300,Produção de ferro-gusa,7,2
27657485,4635402,"Comércio atacadista de cerveja, chope e refrigerante",9,4
28917748,0724301,Extração de minério de metais preciosos,15,2
33049503,4211101,Construção de rodovias e ferrovias,20,2
88313853,2531401,Produção de forjados de aço,3,1
07268038,4921301,"Transporte rodoviário coletivo de passageiros, com itinerário fixo, municipal",2,1
43257658,4921302,"Transporte rodoviário coletivo de passageiros, com itinerário fixo, intermunicipal em região metropolitana",7,4
07278407,4930202,"Transporte rodoviário de carga, exceto produtos perigosos e mudanças, intermunicipal, interestadual e internacional",4,1
39397682,4930202,"Transporte rodoviário de carga, exceto produtos perigosos e mudanças, intermunicipal, interestadual e internacional",3,1
50925890,2840200,"Fabricação de máquinas-ferramenta, peças e acessórios",7,4
41408808,2330301,"Fabricação de estruturas pré-moldadas de concreto armado, em série e sob encomenda",1,1
01290096,4211101,Construção de rodovias e ferrovias,3,2
21787981,8299799,Outras atividades de serviços prestados principalmente às empresas não especificadas anteriormente,1,1
06135590,4930202,"Transporte rodoviário de carga, exceto produtos perigosos e mudanças, intermunicipal, interestadual e internacional",4,1
10203219,4530703,Comércio a varejo de peças e acessórios novos para veículos automotores,1,1
09475363,1011201,Frigorífico - abate de bovinos,1,1
28908804,4399104,Serviços de operação e fornecimento de equipamentos para transporte e elevação de cargas e pessoas para uso em obras,11,4
00438756,4930202,"Transporte rodoviário de carga, exceto produtos perigosos e mudanças, intermunicipal, interestadual e internacional",10,1
17130608,4930203,Transporte rodoviário de produtos perigosos,7,1
19625463,4923002,Serviço de transporte de passageiros - locação de automóveis com motorista,2,1
08693795,4930202,"Transporte rodoviário de carga, exceto produtos perigosos e mudanças, intermunicipal, interestadual e internacional",13,2
23819297,0810002,Extração de granito e beneficiamento associado,3,1
01722772,4930202,"Transporte rodoviário de carga, exceto produtos perigosos e mudanças, intermunicipal, interestadual e internacional",6,3
24088688,4921302,"Transporte rodoviário coletivo de passageiros, com itinerário fixo, intermunicipal em região metropolitana",1,1
57642431,4930202,"Transporte rodoviário de carga, exceto produtos perigosos e mudanças, intermunicipal, interestadual e internacional",4,1
04558449,2229302,Fabricação de artefatos de material plástico para usos industriais,8,1
02382105,4930202,"Transporte rodoviário de carga, exceto produtos perigosos e mudanças, intermunicipal, interestadual e internacional",4,2
15237137,0133405,Cultivo de coco-da-baía,1,1
08886407,0810004,Extração de calcário e dolomita e beneficiamento associado,1,1
28952592,0810099,Extração e britamento de pedras e outros materiais para construção e beneficiamento associado,2,1
03096738,4511102,"Comércio a varejo de automóveis, camionetas e utilitários usados",10,3
31759926,7732201,"Aluguel de máquinas e equipamentos para construção sem operador, exceto andaimes",1,1
30090605,4930201,"Transporte rodoviário de carga, exceto produtos perigosos e mudanças, municipal.",2,1
22637264,7112000,Serviços de engenharia,2,1
38120962,0899199,Extração de outros minerais não-metálicos não especificados anteriormente,2,2
42807885,4120400,Construção de edifícios,2,2
43662838,4639701,Comércio atacadista de produtos alimentícios em geral,1,1
69374585,4211101,Construção de rodovias e ferrovias,3,2
49057350,5239701,Serviços de praticagem,1,1
40452234,4930203,Transporte rodoviário de produtos perigosos,3,2
14099635,4744004,"Comércio varejista de cal, areia, pedra britada, tijolos e telhas",2,2
02284444,5211799,"Depósitos de mercadorias para terceiros, exceto armazéns gerais e guarda-móveis",6,3
15709609,4930203,Transporte rodoviário de produtos perigosos,2,1
61844679,0810099,Extração e britamento de pedras e outros materiais para construção e beneficiamento associado,1,1
00066595,5611203,"Lanchonetes, casas de chá, de sucos e similares",1,1
00083223,4781400,Comércio varejista de artigos do vestuário e acessórios,1,1
00090445,4712100,"Comércio varejista de mercadorias em geral, com predominância de produtos alimentícios - minimercados, mercearias e armazéns",1,1
94458312,4930202,"Transporte rodoviário de carga, exceto produtos perigosos e mudanças, intermunicipal, interestadual e internacional",8,1
04066598,3511501,Geração de energia elétrica,2,1
23359086,4530701,Comércio por atacado de peças e acessórios novos para veículos automotores,3,3
46968905,4930203,Transporte rodoviário de produtos perigosos,4,3
47087721,2349499,Fabricação de produtos cerâmicos não-refratários não especificados anteriormente,3,3
76614254,0810099,Extração e britamento de pedras e outros materiais para construção e beneficiamento associado,3,3
07016915,4930202,"Transporte rodoviário de carga, exceto produtos perigosos e mudanças, intermunicipal, interestadual e internacional",4,2
62703699,2862300,"Fabricação de máquinas e equipamentos para as indústrias de alimentos, bebidas e fumo, peças e acessórios",1,1
83404251,1610203,Serrarias com desdobramento de madeira em bruto,1,1
49217268,0810009,Extração de basalto e beneficiamento associado,1,1
32063190,4663000,Comércio atacadista de Máquinas e equipamentos para uso industrial; partes e peças,1,1
32175317,4921301,"Transporte rodoviário coletivo de passageiros, com itinerário fixo, municipal",1,1
00002158,4511103,"Comércio por atacado de automóveis, camionetas e utilitários novos e usados",1,1
01476325,4922101,"Transporte rodoviário coletivo de passageiros, com itinerário fixo, intermunicipal, exceto em região metropolitana",1,1
08803023,0810099,Extração e britamento de pedras e outros materiais para construção e beneficiamento associado,1,1
09649272,8422100,Defesa,2,1
11420971,2532201,Produção de artefatos estampados de metal,1,1
23653694,4930203,Transporte rodoviário de produtos perigosos,11,3
01221695,0810006,"Extração de areia, cascalho ou pedregulho e beneficiamento associado",3,2
12776168,0810004,Extração de calcário e dolomita e beneficiamento associado,6,1
08490635,4930203,Transporte rodoviário de produtos perigosos,2,1
10481071,4623102,"Comércio atacadista de couros, lãs, peles e outros subprodutos não-comestíveis de origem animal",2,2
24441891,4922101,"Transporte rodoviário coletivo de passageiros, com itinerário fixo, intermunicipal, exceto em região metropolitana",5,2
13158783,2512800,Fabricação de esquadrias de metal,2,1
14809173,4930203,Transporte rodoviário de produtos perigosos,3,3
09493979,0810099,Extração e britamento de pedras e outros materiais para construção e beneficiamento associado,1,1
14730819,4930201,"Transporte rodoviário de carga, exceto produtos perigosos e mudanças, municipal.",2,1
54290200,4313400,Obras de terraplenagem,2,1
09327209,4665600,Comércio atacadista de máquinas e equipamentos para uso comercial; partes e peças,8,4
27093977,3511501,Geração de energia elétrica,3,1
47946793,4929902,"Transporte rodoviário coletivo de passageiros, sob regime de fretamento, intermunicipal, interestadual e internacional",13,4
10810685,4618499,Outros representantes comerciais e agentes do comércio especializado em produtos não especificados anteriormente,2,2
27880089,0810099,Extração e britamento de pedras e outros materiais para construção e beneficiamento associado,1,1
37254148,4930202,"Transporte rodoviário de carga, exceto produtos perigosos e mudanças, intermunicipal, interestadual e internacional",1,1
06241044,4930202,"Transporte rodoviário de carga, exceto produtos perigosos e mudanças, intermunicipal, interestadual e internacional",3,2
44650563,4633801,"Comércio atacadista de frutas, verduras, raízes, tubérculos, hortaliças e legumes frescos",3,1
46874030,5231102,Atividades do Operador Portuário,1,1
62899915,4520001,Serviços de manutenção e reparação mecânica de veículos automotores,1,1
07262290,4930203,Transporte rodoviário de produtos perigosos,8,3
00000026,9430800,Atividades de associações de defesa de direitos sociais,1,1
00009786,4751201,Comércio varejista especializado de equipamentos e suprimentos de informática,1,1
03906433,1011201,Frigorífico - abate de bovinos,1,1
00907750,4635402,"Comércio atacadista de cerveja, chope e refrigerante",2,2
28931335,2330305,Preparação de massa de concreto e argamassa para construção,5,5
55880934,4930202,"Transporte rodoviário de carga, exceto produtos perigosos e mudanças, intermunicipal, interestadual e internacional",4,1
36556884,2790202,Fabricação de equipamentos para sinalização e alarme,1,1
04864204,2660400,Fabricação de aparelhos eletromédicos e eletroterapêuticos e equipamentos de irradiação,3,2
07971955,1311100,Preparação e fiação de fibras de algodão,2,1
87533824,4930202,"Transporte rodoviário de carga, exceto produtos perigosos e mudanças, intermunicipal, interestadual e internacional",3,2
31728462,4687703,Comércio atacadista de resíduos e sucatas metálicos,1,1
32175325,4921301,"Transporte rodoviário coletivo de passageiros, com itinerário fixo, municipal",1,1
56899602,0810099,Extração e britamento de pedras e outros materiais para construção e beneficiamento associado,2,1
01062613,2539001,"Serviços de usinagem, tornearia e solda",1,1
08181087,0810099,Extração e britamento de pedras e outros materiais para construção e beneficiamento associado,6,1
08542246,4930202,"Transporte rodoviário de carga, exceto produtos perigosos e mudanças, intermunicipal, interestadual e internacional",2,1
08955086,2093200,Fabricação de aditivos de uso industrial,1,1
10428943,4921301,"Transporte rodoviário coletivo de passageiros, com itinerário fixo, municipal",2,1
55958318,4921301,"Transporte rodoviário coletivo de passageiros, com itinerário fixo, municipal",5,5
11831785,1011201,Frigorífico - abate de bovinos,9,5
13741456,0151202,Criação de bovinos para leite,2,1
17452512,4923002,Serviço de transporte de passageiros - locação de automóveis com motorista,1,1
20827952,4921301,"Transporte rodoviário coletivo de passageiros, com itinerário fixo, municipal",3,2
34554594,2330305,Preparação de massa de concreto e argamassa para construção,1,1
30889735,0810099,Extração e britamento de pedras e outros materiais para construção e beneficiamento associado,2,1
43776584,6810201,Compra e venda de imóveis próprios,1,1
06269345,4930202,"Transporte rodoviário de carga, exceto produtos perigosos e mudanças, intermunicipal, interestadual e internacional",6,1
10328153,4789099,Comércio varejista de outros produtos não especificados anteriormente,2,1
63970934,4211101,Construção de rodovias e ferrovias,1,1
00027226,5611201,Restaurantes e similares,1,1
00089328,8599601,Formação de condutores,1,1
00785370,3313999,"Manutenção e reparação de máquinas, aparelhos e materiais elétricos não especificados anteriormente",3,3
17244666,4921301,"Transporte rodoviário coletivo de passageiros, com itinerário fixo, municipal",2,1
06640130,4672900,Comércio atacadista de ferragens e ferramentas,2,2
43377936,4930201,"Transporte rodoviário de carga, exceto produtos perigosos e mudanças, municipal.",2,2
28474104,4299599,Outras obras de engenharia civil não especificadas anteriormente,1,1
66973801,2710402,"Fabricação de transformadores, indutores, conversores, sincronizadores e semelhantes, peças e acessórios",2,2
07919864,2399199,Fabricação de outros produtos de minerais não-metálicos não especificados anteriormente,2,1
06216693,4921301,"Transporte rodoviário coletivo de passageiros, com itinerário fixo, municipal",1,1
13167714,4313400,Obras de terraplenagem,1,1
10922751,0810099,Extração e britamento de pedras e outros materiais para construção e beneficiamento associado,1,1
23585399,0810006,"Extração de areia, cascalho ou pedregulho e beneficiamento associado",1,1
10914514,1099602,Fabricação de pós alimentícios,2,1
19495243,4399199,Serviços especializados para construção não especificados anteriormente,1,1
30676217,3811400,Coleta de resíduos não-perigosos,5,4
10436362,4929902,"Transporte rodoviário coletivo de passageiros, sob regime de fretamento, intermunicipal, interestadual e internacional",2,2
32184522,4921301,"Transporte rodoviário coletivo de passageiros, com itinerário fixo, municipal",3,1
35173284,4110700,Incorporação de empreendimentos imobiliários,1,1
40541776,7112000,Serviços de engenharia,1,1
42251174,4929902,"Transporte rodoviário coletivo de passageiros, sob regime de fretamento, intermunicipal, interestadual e internacional",1,1
42489453,6810203,Loteamento de imóveis próprios,1,1
46291531,4120400,Construção de edifícios,1,1
00003662,5611204,"Bares e outros estabelecimentos especializados em servir bebidas, sem entretenimento",1,1
00064951,9420100,Atividades de organizações sindicais,1,1
00093187,4711301,"Comércio varejista de mercadorias em geral, com predominância de produtos alimentícios - hipermercados",1,1
04471564,5231102,Atividades do Operador Portuário,1,1
29468329,4929901,"Transporte rodoviário coletivo de passageiros, sob regime de fretamento, municipal",1,1
05418460,4930202,"Transporte rodoviário de carga, exceto produtos perigosos e mudanças, intermunicipal, interestadual e internacional",1,1
03235185,4921301,"Transporte rodoviário coletivo de passageiros, com itinerário fixo, municipal",4,1
07063924,3511501,Geração de energia elétrica,2,1
24048514,9499500,Atividades associativas não especificadas anteriormente,2,1
83060327,4530703,Comércio a varejo de peças e acessórios novos para veículos automotores,2,2
10962529,8211300,Serviços combinados de escritório e apoio administrativo,2,2
54398712,6810201,Compra e venda de imóveis próprios,1,1
55078779,4313400,Obras de terraplenagem,1,1
03342951,7719599,"Locação de outros meios de transporte não especificados anteriormente, sem condutor",1,1
05374444,4313400,Obras de terraplenagem,1,1
04699717,4930202,"Transporte rodoviário de carga, exceto produtos perigosos e mudanças, intermunicipal, interestadual e internacional",1,1
10171882,0810005,Extração de gesso e caulim,1,1
02599353,4921302,"Transporte rodoviário coletivo de passageiros, com itinerário fixo, intermunicipal em região metropolitana",1,1
00000010,9529102,Chaveiros,1,1
10177346,3821100,Tratamento e disposição de resíduos não-perigosos,1,1
12188516,4632001,Comércio atacadista de cereais e leguminosas beneficiados,1,1
03802403,2399199,Fabricação de outros produtos de minerais não-metálicos não especificados anteriormente,2,2
16982376,3821100,Tratamento e disposição de resíduos não-perigosos,3,1
17340123,4930203,Transporte rodoviário de produtos perigosos,1,1
08955795,0151201,Criação de bovinos para corte,2,1
11170969,0810004,Extração de calcário e dolomita e beneficiamento associado,1,1
45454236,4930201,"Transporte rodoviário de carga, exceto produtos perigosos e mudanças, municipal.",1,1
52712311,1922599,"Fabricação de outros produtos derivados do petróleo, exceto produtos do refino",1,1
00001613,4689399,Comércio atacadista especializado em outros produtos intermediários não especificados anteriormente,1,1
00096459,4712100,"Comércio varejista de mercadorias em geral, com predominância de produtos alimentícios - minimercados, mercearias e armazéns",2,1
02130870,0810004,Extração de calcário e dolomita e beneficiamento associado,1,1
14674839,1321900,Tecelagem de fios de algodão,2,1
32336808,0133405,Cultivo de coco-da-baía,2,1
24874058,0210101,Cultivo de eucalipto,2,2
75399758,0810006,"Extração de areia, cascalho ou pedregulho e beneficiamento associado",2,1
07272424,4299599,Outras obras de engenharia civil não especificadas anteriormente,1,1
63903025,4930202,"Transporte rodoviário de carga, exceto produtos perigosos e mudanças, intermunicipal, interestadual e internacional",1,1
07617476,4921301,"Transporte rodoviário coletivo de passageiros, com itinerário fixo, municipal",1,1
14143405,3511501,Geração de energia elétrica,1,1
19543116,4921301,"Transporte rodoviário coletivo de passageiros, com itinerário fixo, municipal",1,1
31101610,4930202,"Transporte rodoviário de carga, exceto produtos perigosos e mudanças, intermunicipal, interestadual e internacional",1,1
08161189,2710402,"Fabricação de transformadores, indutores, conversores, sincronizadores e semelhantes, peças e acessórios",1,1
14030255,0810006,"Extração de areia, cascalho ou pedregulho e beneficiamento associado",1,1
08929256,4635403,Comércio atacadista de bebidas com atividade de fracionamento e acondicionamento associada,1,1
08409637,4930201,"Transporte rodoviário de carga, exceto produtos perigosos e mudanças, municipal.",1,1
36556233,4930202,"Transporte rodoviário de carga, exceto produtos perigosos e mudanças, intermunicipal, interestadual e internacional",1,1
39592214,0810006,"Extração de areia, cascalho ou pedregulho e beneficiamento associado",1,1
47603663,4632001,Comércio atacadista de cereais e leguminosas beneficiados,1,1
17516113,8411600,Administração pública em geral,1,1
13255658,3514000,Distribuição de energia elétrica,1,1
07210160,8299799,Outras atividades de serviços prestados principalmente às empresas não especificadas anteriormente,1,1
08835673,0131800,Cultivo de laranja,1,1
05648960,7711000,Locação de automóveis sem condutor,1,1
03071380,4313400,Obras de terraplenagem,1,1
40881716,0810099,Extração e britamento de pedras e outros materiais para construção e beneficiamento associado,1,1
63341770,4211101,Construção de rodovias e ferrovias,2,2
