cnpj_14,cnpj_basico,cnpj_ordem,cnpj_dv
21821738000190,21821738,0001,90
03463809000148,03463809,0001,48
06338525000118,06338525,0001,18
00959825000138,00959825,0001,38
01823580000856,01823580,0008,56
08490635000126,08490635,0001,26
10302599000686,10302599,0006,86
03113347000139,03113347,0001,39
05062988000137,05062988,0001,37
37457942000103,37457942,0001,03
35835010000202,35835010,0002,02
12027138000163,12027138,0001,63
03121422000103,03121422,0001,03
70430681000103,70430681,0001,03
11455829000103,11455829,0001,03
17950139000107,17950139,0001,07
08672803000102,08672803,0001,02
05705112000161,05705112,0001,61
03902129003018,03902129,0030,18
43241544000158,43241544,0001,58
02957104001277,02957104,0012,77
55334262000184,55334262,0001,84
03327988000439,03327988,0004,39
01576503000172,01576503,0001,72
14765286000100,14765286,0001,00
07131481000113,07131481,0001,13
11595217000108,11595217,0001,08
15933237000100,15933237,0001,00
83698860000259,83698860,0002,59
07113113000304,07113113,0003,04
15542095000142,15542095,0001,42
37730002000146,37730002,0001,46
03007590000172,03007590,0001,72
37878162000137,37878162,0001,37
00080671002668,00080671,0026,68
08251405000104,08251405,0001,04
05094194000155,05094194,0001,55
04501424000190,04501424,0001,90
23561503000131,23561503,0001,31
02077618000266,02077618,0002,66
09568680000119,09568680,0001,19
07707198000197,07707198,0001,97
08185469000154,08185469,0001,54
37398609000170,37398609,0001,70
75813923000323,75813923,0003,23
37020260000139,37020260,0001,39
09642280000106,09642280,0001,06
47741152000290,47741152,0002,90
02199663000102,02199663,0001,02
03380763001507,03380763,0015,07
09433294000110,09433294,0001,10
22872903000103,22872903,0001,03
08955086000118,08955086,0001,18
24852105000137,24852105,0001,37
05820858000116,05820858,0001,16
01923189000157,01923189,0001,57
01026921000196,01026921,0001,96
01082569000106,01082569,0001,06
01082569000297,01082569,0002,97
08204419000177,08204419,0001,77
02392459000103,02392459,0001,03
77649283000121,77649283,0001,21
02799488000194,02799488,0001,94
05001836000124,05001836,0001,24
01231646000142,01231646,0001,42
05291545000118,05291545,0001,18
11724547000156,11724547,0001,56
03342951000137,03342951,0001,37
02318341000135,02318341,0001,35
06069123000165,06069123,0001,65
24994943000145,24994943,0001,45
04152733000100,04152733,0001,00
01814174000150,01814174,0001,50
01814174000908,01814174,0009,08
42445403000194,42445403,0001,94
03991800000100,03991800,0001,00
00132781000178,00132781,0001,78
01002047000742,01002047,0007,42
53309845000200,53309845,0002,00
22192546000124,22192546,0001,24
22192546000639,22192546,0006,39
10912900000240,10912900,0002,40
30090575000880,30090575,0008,80
15104599000180,15104599,0001,80
20979938000102,20979938,0001,02
06048466000305,06048466,0003,05
06048466000577,06048466,0005,77
06048466000739,06048466,0007,39
26628201000121,26628201,0001,21
00181221000103,00181221,0001,03
00181221000294,00181221,0002,94
12422761000110,12422761,0001,10
09184119000136,09184119,0001,36
37363835000116,37363835,0001,16
01612795000151,01612795,0001,51
20556396000165,20556396,0001,65
00578443000164,00578443,0001,64
05810283000150,05810283,0001,50
06096335000131,06096335,0001,31
00057240000122,00057240,0001,22
00057240000980,00057240,0009,80
00057240001102,00057240,0011,02
00057240001528,00057240,0015,28
00057240004209,00057240,0042,09
00057240004462,00057240,0044,62
03585304000903,03585304,0009,03
03585304000822,03585304,0008,22
03585304001047,03585304,0010,47
03585304000407,03585304,0004,07
18011878000350,18011878,0003,50
18011878000600,18011878,0006,00
26469494000141,26469494,0001,41
24934739000139,24934739,0001,39
01627142000227,01627142,0002,27
01627142000731,01627142,0007,31
24899080000127,24899080,0001,27
09524656000188,09524656,0001,88
01796430000124,01796430,0001,24
00528786000114,00528786,0001,14
02141279000230,02141279,0002,30
13510159000106,13510159,0001,06
36936697000154,36936697,0001,54
26500165000116,26500165,0001,16
10199343000180,10199343,0001,80
72627888000106,72627888,0001,06
07159894000106,07159894,0001,06
17851447000258,17851447,0002,58
04071154000125,04071154,0001,25
02400001000582,02400001,0005,82
01834378000153,01834378,0001,53
18018381000100,18018381,0001,00
37098480000185,37098480,0001,85
26481317000180,26481317,0001,80
07026299000100,07026299,0001,00
00036470422004,00036470,4220,04
55340921000357,55340921,0003,57
05830982000162,05830982,0001,62
64429400000108,64429400,0001,08
05198812000107,05198812,0001,07
00929059000169,00929059,0001,69
18087315000183,18087315,0001,83
30074561000104,30074561,0001,04
30076475000203,30076475,0002,03
33554114000132,33554114,0001,32
29336278000116,29336278,0001,16
29336278000388,29336278,0003,88
29535275000101,29535275,0001,01
33479213000105,33479213,0001,05
31928567000156,31928567,0001,56
33087859000139,33087859,0001,39
33191990000141,33191990,0001,41
42285148000160,42285148,0001,60
31518897000173,31518897,0001,73
28690998000465,28690998,0004,65
28812022002380,28812022,0023,80
32403537000199,32403537,0001,99
33273079000183,33273079,0001,83
30751572000173,30751572,0001,73
31733686000153,31733686,0001,53
07568880000146,07568880,0001,46
29919024000120,29919024,0001,20
31367907000117,31367907,0001,17
11996993000209,11996993,0002,09
31598956000160,31598956,0001,60
30075428000164,30075428,0001,64
29108107000130,29108107,0001,30
60924040001476,60924040,0014,76
04833584000137,04833584,0001,37
02224206000201,02224206,0002,01
30741987000166,30741987,0001,66
40361123000253,40361123,0002,53
40160558000159,40160558,0001,59
30621890000209,30621890,0002,09
31117328000116,31117328,0001,16
33646969000193,33646969,0001,93
33197187000114,33197187,0001,14
29331758000194,29331758,0001,94
33906629000154,33906629,0001,54
72167190000147,72167190,0001,47
33498551000186,33498551,0001,86
17337846000114,17337846,0001,14
29468329000163,29468329,0001,63
32175325000100,32175325,0001,00
32489650000139,32489650,0001,39
30075501000106,30075501,0001,06
31683162000103,31683162,0001,03
28720522000187,28720522,0001,87
29850260000138,29850260,0001,38
29913399000183,29913399,0001,83
33474065000128,33474065,0001,28
30110597000198,30110597,0001,98
02592047000117,02592047,0001,17
31879273000262,31879273,0002,62
28279297000195,28279297,0001,95
30741805000157,30741805,0001,57
32179061000154,32179061,0001,54
29324951000106,29324951,0001,06
29324951000289,29324951,0002,89
33654484000141,33654484,0001,41
03235185000101,03235185,0001,01
00751426000187,00751426,0001,87
11107074000148,11107074,0001,48
05048286000107,05048286,0001,07
31590862000145,31590862,0001,45
17216690000113,17216690,0001,13
13091720000151,13091720,0001,51
42113274000137,42113274,0001,37
30905111000108,30905111,0001,08
33435231000187,33435231,0001,87
31076938000461,31076938,0004,61
00195690000181,00195690,0001,81
17173460000203,17173460,0002,03
24443608001040,24443608,0010,40
00487626000417,00487626,0004,17
10827182000122,10827182,0001,22
09423108000161,09423108,0001,61
00785370000262,00785370,0002,62
33060278000103,33060278,0001,03
31269012000140,31269012,0001,40
22084765000190,22084765,0001,90
13812133000376,13812133,0003,76
10738611000195,10738611,0001,95
31639701000107,31639701,0001,07
10277146000132,10277146,0001,32
28931335000576,28931335,0005,76
28931335000142,28931335,0001,42
05374444000100,05374444,0001,00
02772188000111,02772188,0001,11
00074569000100,00074569,0001,00
00074569004784,00074569,0047,84
00074569003206,00074569,0032,06
28672087000162,28672087,0001,62
29322070000300,29322070,0003,00
40433401000150,40433401,0001,50
05484996001909,05484996,0019,09
32296378003439,32296378,0034,39
02373517000232,02373517,0002,32
07125452000149,07125452,0001,49
30194450000123,30194450,0001,23
11420971000107,11420971,0001,07
32007908000113,32007908,0001,13
00074569001840,00074569,0018,40
28908804000102,28908804,0001,02
07344272000158,07344272,0001,58
30411573000179,30411573,0001,79
32492373000466,32492373,0004,66
05931640000139,05931640,0001,39
32318949000120,32318949,0001,20
28154862000198,28154862,0001,98
48175659000105,48175659,0001,05
02077546000176,02077546,0001,76
31806649000128,31806649,0001,28
29617631000136,29617631,0001,36
30778013000157,30778013,0001,57
27183425000130,27183425,0001,30
05756643000183,05756643,0001,83
01980404000151,01980404,0001,51
34088111000113,34088111,0001,13
27191022000132,27191022,0001,32
32499238000108,32499238,0001,08
11671820000121,11671820,0001,21
02875301000194,02875301,0001,94
27497684000135,27497684,0001,35
27497684000720,27497684,0007,20
06955557000243,06955557,0002,43
32485369000209,32485369,0002,09
02615012000156,02615012,0001,56
04567650000255,04567650,0002,55
04567650000174,04567650,0001,74
21895424000131,21895424,0001,31
04094624000176,04094624,0001,76
03461082000160,03461082,0001,60
03461082000240,03461082,0002,40
01221695000102,01221695,0001,02
00000147519764,00000147,5197,64
33230341000102,33230341,0001,02
02614827000110,02614827,0001,10
31732886000191,31732886,0001,91
15113424000130,15113424,0001,30
03013179000100,03013179,0001,00
27535996001249,27535996,0012,49
30775399000143,30775399,0001,43
31023302000370,31023302,0003,70
07122025000107,07122025,0001,07
47466994000108,47466994,0001,08
30689889000127,30689889,0001,27
02731949000197,02731949,0001,97
02035105000101,02035105,0001,01
12478298000129,12478298,0001,29
39378955000112,39378955,0001,12
27583202000160,27583202,0001,60
28039121000166,28039121,0001,66
32431033000182,32431033,0001,82
02724209000204,02724209,0002,04
29915238000129,29915238,0001,29
31688351000160,31688351,0001,60
13553578000117,13553578,0001,17
96713847000192,96713847,0001,92
61079117016443,61079117,0164,43
61079117010917,61079117,0109,17
61079117025604,61079117,0256,04
73410326014706,73410326,0147,06
08588911000606,08588911,0006,06
08588911002056,08588911,0020,56
13254104000174,13254104,0001,74
09075242000119,09075242,0001,19
61288940006749,61288940,0067,49
30069314002821,30069314,0028,21
30069314003208,30069314,0032,08
30069314006576,30069314,0065,76
30069314008609,30069314,0086,09
07677731000115,07677731,0001,15
07677731000972,07677731,0009,72
11889780000199,11889780,0001,99
61084018000103,61084018,0001,03
32681371000172,32681371,0001,72
32681371000334,32681371,0003,34
32681371001497,32681371,0014,97
32681371003350,32681371,0033,50
32681371003864,32681371,0038,64
32681371004674,32681371,0046,74
32681371000504,32681371,0005,04
32681371004917,32681371,0049,17
32681371005131,32681371,0051,31
32681371005212,32681371,0052,12
32681371002892,32681371,0028,92
32681371005808,32681371,0058,08
32681371006456,32681371,0064,56
32681371006880,32681371,0068,80
32681371007002,32681371,0070,02
32681371007266,32681371,0072,66
09452900000578,09452900,0005,78
09452900001035,09452900,0010,35
09452900002945,09452900,0029,45
00394502002198,00394502,0021,98
00394502034804,00394502,0348,04
57012098000114,57012098,0001,14
06982746000205,06982746,0002,05
20827952000190,20827952,0001,90
34823806000100,34823806,0001,00
86442720000122,86442720,0001,22
22447684000298,22447684,0002,98
26242107001373,26242107,0013,73
17091690000134,17091690,0001,34
21718267000946,21718267,0009,46
21718267001080,21718267,0010,80
08579947000291,08579947,0002,91
66301334000103,66301334,0001,03
66301334000294,66301334,0002,94
66301334000707,66301334,0007,07
66301334001002,66301334,0010,02
03727541000104,03727541,0001,04
03349298000138,03349298,0001,38
08578982000105,08578982,0001,05
02118881000175,02118881,0001,75
41716499001197,41716499,0011,97
18329060000118,18329060,0001,18
01472377000106,01472377,0001,06
23627088000171,23627088,0001,71
18279158001007,18279158,0010,07
26070170000306,26070170,0003,06
26070170000489,26070170,0004,89
06982752000262,06982752,0002,62
42899187000157,42899187,0001,57
31808056000109,31808056,0001,09
20827952000352,20827952,0003,52
20786711000140,20786711,0001,40
65107971000180,65107971,0001,80
65107971000776,65107971,0007,76
65107971000695,65107971,0006,95
65107971000938,65107971,0009,38
65107971002043,65107971,0020,43
04702118000112,04702118,0001,12
19632116001909,19632116,0019,09
19632116000171,19632116,0001,71
25102203000110,25102203,0001,10
07109963000177,07109963,0001,77
33845322001405,33845322,0014,05
33845322001839,33845322,0018,39
33845322000514,33845322,0005,14
33845322001081,33845322,0010,81
33845322000271,33845322,0002,71
33845322000433,33845322,0004,33
33845322000603,33845322,0006,03
33845322000786,33845322,0007,86
33845322002134,33845322,0021,34
33845322001677,33845322,0016,77
33845322001596,33845322,0015,96
33845322002053,33845322,0020,53
33845322001324,33845322,0013,24
33845322002304,33845322,0023,04
02835264000190,02835264,0001,90
04702287000152,04702287,0001,52
13805542000183,13805542,0001,83
18365700000145,18365700,0001,45
02229411000189,02229411,0001,89
32219620000102,32219620,0001,02
11545190000149,11545190,0001,49
30278846000159,30278846,0001,59
19974518000316,19974518,0003,16
01095662000155,01095662,0001,55
01095662000406,01095662,0004,06
07015824000184,07015824,0001,84
08450457000100,08450457,0001,00
02373485000194,02373485,0001,94
17256140000128,17256140,0001,28
08778880000133,08778880,0001,33
09222108000101,09222108,0001,01
17799438000346,17799438,0003,46
06935887000196,06935887,0001,96
00016798430600,00016798,4306,00
03334595000100,03334595,0001,00
42977769000104,42977769,0001,04
68539857000118,68539857,0001,18
44161185000272,44161185,0002,72
19537752003482,19537752,0034,82
19537752004020,19537752,0040,20
19537752003806,19537752,0038,06
19537752005426,19537752,0054,26
19537752004969,19537752,0049,69
19537752004373,19537752,0043,73
29060647000603,29060647,0006,03
06983881000356,06983881,0003,56
20448221000134,20448221,0001,34
16652460000134,16652460,0001,34
86528700000179,86528700,0001,79
26335879000116,26335879,0001,16
19451038000109,19451038,0001,09
12059896000163,12059896,0001,63
19183318000183,19183318,0001,83
38460234000194,38460234,0001,94
09042829000121,09042829,0001,21
18041863000172,18041863,0001,72
08870769000172,08870769,0001,72
65348468000117,65348468,0001,17
09604819000132,09604819,0001,32
11321644000106,11321644,0001,06
20850400000101,20850400,0001,01
17162637000187,17162637,0001,87
07287580000431,07287580,0004,31
07513293000150,07513293,0001,50
42950501000189,42950501,0001,89
07636657001403,07636657,0014,03
26183699000166,26183699,0001,66
21992946000151,21992946,0001,51
10403238000111,10403238,0001,11
17698002000107,17698002,0001,07
17210212000104,17210212,0001,04
15503794000264,15503794,0002,64
36312056002687,36312056,0026,87
06924952000188,06924952,0001,88
20127759000147,20127759,0001,47
21787981000139,21787981,0001,39
16942195000129,16942195,0001,29
16942195001109,16942195,0011,09
21483359001109,21483359,0011,09
03612518000174,03612518,0001,74
03612518000336,03612518,0003,36
05565575000175,05565575,0001,75
01904566000100,01904566,0001,00
05151226000107,05151226,0001,07
08352952000186,08352952,0001,86
08352952000771,08352952,0007,71
08352952000933,08352952,0009,33
23452196000150,23452196,0001,50
23452196000312,23452196,0003,12
07569360000158,07569360,0001,58
17111121000103,17111121,0001,03
86418621000105,86418621,0001,05
36346393000560,36346393,0005,60
20605424000197,20605424,0001,97
19498344000362,19498344,0003,62
31599393000125,31599393,0001,25
26275420000174,26275420,0001,74
26275420000689,26275420,0006,89
08435402000120,08435402,0001,20
01047131000197,01047131,0001,97
29514686000110,29514686,0001,10
07392106000127,07392106,0001,27
07824760000162,07824760,0001,62
17273715000110,17273715,0001,10
41705476000105,41705476,0001,05
17244666000198,17244666,0001,98
05794941000168,05794941,0001,68
22432769001002,22432769,0010,02
00932703000158,00932703,0001,58
03802403000142,03802403,0001,42
17183633000185,17183633,0001,85
08877756000125,08877756,0001,25
16238339000403,16238339,0004,03
07740099000107,07740099,0001,07
17275140000175,17275140,0001,75
19712504000243,19712504,0002,43
18752691000145,18752691,0001,45
17277617000151,17277617,0001,51
17216672000131,17216672,0001,31
00506346000166,00506346,0001,66
04763393000812,04763393,0008,12
22690390000101,22690390,0001,01
03581702000102,03581702,0001,02
26970103000330,26970103,0003,30
09515262000163,09515262,0001,63
42942235000142,42942235,0001,42
03753733000195,03753733,0001,95
07553095000110,07553095,0001,10
17983307000152,17983307,0001,52
00003635246654,00003635,2466,54
23357072000196,23357072,0001,96
23357072000358,23357072,0003,58
00063471574034,00063471,5740,34
11701319000160,11701319,0001,60
16933590000145,16933590,0001,45
33328063000120,33328063,0001,20
03691134000194,03691134,0001,94
20688259000184,20688259,0001,84
05117323000183,05117323,0001,83
00438756000117,00438756,0001,17
00438756000206,00438756,0002,06
00438756000460,00438756,0004,60
00438756000621,00438756,0006,21
04804994000150,04804994,0001,50
03029662001073,03029662,0010,73
25385642000187,25385642,0001,87
10247620000183,10247620,0001,83
23359086000149,23359086,0001,49
13519943000177,13519943,0001,77
23814940000110,23814940,0001,10
09509052000243,09509052,0002,43
18710988000814,18710988,0008,14
18710988001110,18710988,0011,10
19076404000197,19076404,0001,97
18572225000692,18572225,0006,92
23138373000129,23138373,0001,29
18675364000137,18675364,0001,37
45615184000213,45615184,0002,13
45615184000566,45615184,0005,66
61260808000100,61260808,0001,00
53905543000386,53905543,0003,86
53905543000467,53905543,0004,67
53905543000114,53905543,0001,14
13057440000127,13057440,0001,27
00017688760615,00017688,7606,15
17551250000112,17551250,0001,12
20895426000249,20895426,0002,49
00007638972643,00007638,9726,43
20670048000114,20670048,0001,14
10932674000188,10932674,0001,88
33131541000108,33131541,0001,08
19942283000119,19942283,0001,19
11797051000102,11797051,0001,02
02832043000240,02832043,0002,40
17168907000167,17168907,0001,67
00021162280697,00021162,2806,97
19059849000169,19059849,0001,69
05616550000153,05616550,0001,53
13053302000331,13053302,0003,31
23637093000408,23637093,0004,08
23637093001641,23637093,0016,41
23637093001803,23637093,0018,03
14019956000140,14019956,0001,40
03029662000506,03029662,0005,06
22991045000108,22991045,0001,08
07600288000184,07600288,0001,84
13550095000169,13550095,0001,69
18500734000103,18500734,0001,03
16908824000102,16908824,0001,02
15752712000134,15752712,0001,34
11224676000185,11224676,0001,85
07039056000107,07039056,0001,07
17192048000141,17192048,0001,41
01524903000134,01524903,0001,34
72030828000284,72030828,0002,84
11838595000175,11838595,0001,75
32172058001342,32172058,0013,42
20709374000198,20709374,0001,98
59752048000107,59752048,0001,07
21400858000113,21400858,0001,13
19368927002150,19368927,0021,50
19368927002665,19368927,0026,65
19368927002312,19368927,0023,12
19368927000700,19368927,0007,00
19368927000107,19368927,0001,07
19368927001855,19368927,0018,55
19368927000611,19368927,0006,11
19368927003122,19368927,0031,22
19368927003394,19368927,0033,94
19368927004102,19368927,0041,02
19368927004447,19368927,0044,47
18654798000150,18654798,0001,50
41717984000103,41717984,0001,03
34940438000171,34940438,0001,71
00083223100644,00083223,1006,44
19553676000211,19553676,0002,11
23640204000273,23640204,0002,73
03875931000121,03875931,0001,21
03787516000116,03787516,0001,16
03091412000172,03091412,0001,72
27500978000179,27500978,0001,79
35294771000113,35294771,0001,13
04106832000148,04106832,0001,48
33962810000188,33962810,0001,88
12285626000170,12285626,0001,70
07673005000124,07673005,0001,24
07249377000128,07249377,0001,28
02588152000182,02588152,0001,82
26762312000126,26762312,0001,26
21473590000140,21473590,0001,40
08029379000760,08029379,0007,60
03332128000140,03332128,0001,40
04861311000104,04861311,0001,04
17874556000100,17874556,0001,00
36252373000105,36252373,0001,05
18603453000178,18603453,0001,78
19257633000108,19257633,0001,08
23693472000172,23693472,0001,72
05276956000134,05276956,0001,34
00830188000103,00830188,0001,03
00999591000152,00999591,0001,52
13004833000415,13004833,0004,15
07694266000120,07694266,0001,20
03656804000727,03656804,0007,27
15141799000103,15141799,0001,03
15141799004362,15141799,0043,62
15141799001690,15141799,0016,90
15141799000375,15141799,0003,75
04218039000130,04218039,0001,30
09628926000109,09628926,0001,09
01078990000224,01078990,0002,24
03861512000130,03861512,0001,30
08369748000178,08369748,0001,78
03822667000168,03822667,0001,68
03822667000249,03822667,0002,49
40917346000173,40917346,0001,73
13342753000470,13342753,0004,70
42509257000113,42509257,0001,13
03526090000147,03526090,0001,47
03526090000228,03526090,0002,28
03526090000309,03526090,0003,09
05989551000143,05989551,0001,43
03470759000126,03470759,0001,26
29067113013921,29067113,0139,21
29067113023560,29067113,0235,60
29067113022670,29067113,0226,70
29067113027710,29067113,0277,10
29067113028368,29067113,0283,68
29067113031741,29067113,0317,41
06248248000152,06248248,0001,52
11387927000142,11387927,0001,42
10425075000178,10425075,0001,78
06209606000118,06209606,0001,18
18826614000192,18826614,0001,92
19224134000114,19224134,0001,14
08220101000180,08220101,0001,80
07986997000140,07986997,0001,40
03357873000144,03357873,0001,44
29667227000509,29667227,0005,09
38711127000191,38711127,0001,91
04574838000140,04574838,0001,40
30653585000100,30653585,0001,00
13196196000183,13196196,0001,83
07269707000147,07269707,0001,47
07269707000813,07269707,0008,13
02494891000105,02494891,0001,05
06234633000140,06234633,0001,40
01459413000100,01459413,0001,00
07699082000153,07699082,0001,53
09005062000160,09005062,0001,60
03504437000150,03504437,0001,50
10426518000650,10426518,0006,50
13807082000122,13807082,0001,22
40882060000108,40882060,0001,08
40884405000154,40884405,0001,54
10509915000180,10509915,0001,80
05990040000141,05990040,0001,41
08005860000120,08005860,0001,20
05651892000104,05651892,0001,04
01682695000100,01682695,0001,00
01682695000525,01682695,0005,25
11390432000172,11390432,0001,72
55820583000350,55820583,0003,50
12273815000204,12273815,0002,04
00132104000583,00132104,0005,83
04471564000163,04471564,0001,63
04706416000180,04706416,0001,80
04813506000170,04813506,0001,70
82809088000666,82809088,0006,66
04051795000118,04051795,0001,18
12002804000109,12002804,0001,09
52105491000210,52105491,0002,10
02359445000279,02359445,0002,79
31059324000129,31059324,0001,29
08860991000194,08860991,0001,94
58551243000440,58551243,0004,40
03070664000115,03070664,0001,15
02617817000139,02617817,0001,39
09185877000250,09185877,0002,50
08811119000822,08811119,0008,22
35401447000157,35401447,0001,57
10882777000342,10882777,0003,42
13233740000110,13233740,0001,10
10851723000158,10851723,0001,58
09454325000119,09454325,0001,19
41037250000183,41037250,0001,83
01233983000179,01233983,0001,79
11782436000104,11782436,0001,04
70227608000139,70227608,0001,39
09116278000101,09116278,0001,01
45791369000106,45791369,0001,06
36106678000109,36106678,0001,09
07713983000152,07713983,0001,52
07539233000106,07539233,0001,06
18955549000103,18955549,0001,03
07534580000146,07534580,0001,46
07534580000227,07534580,0002,27
01857439000106,01857439,0001,06
10844611000170,10844611,0001,70
10788677000190,10788677,0001,90
09379165000190,09379165,0001,90
09354457000179,09354457,0001,79
11856283000194,11856283,0001,94
19694110000200,19694110,0002,00
11184785000701,11184785,0007,01
11184785000973,11184785,0009,73
11184785001198,11184785,0011,98
11184785000540,11184785,0005,40
11184785000388,11184785,0003,88
08181087000152,08181087,0001,52
05490747000199,05490747,0001,99
12762763000159,12762763,0001,59
12727145000682,12727145,0006,82
11179185000160,11179185,0001,60
10407005000197,10407005,0001,97
05621860000328,05621860,0003,28
04591114000104,04591114,0001,04
04591114000457,04591114,0004,57
12823282000106,12823282,0001,06
17428731014357,17428731,0143,57
17428731014438,17428731,0144,38
00860573000195,00860573,0001,95
12790622000140,12790622,0001,40
07803353000330,07803353,0003,30
00171428000105,00171428,0001,05
09929134000166,09929134,0001,66
05797054000143,05797054,0001,43
08714435000100,08714435,0001,00
01401630000130,01401630,0001,30
01401630000483,01401630,0004,83
01401630000807,01401630,0008,07
12613006000113,12613006,0001,13
12601233000200,12601233,0002,00
10687226000166,10687226,0001,66
41024043000194,41024043,0001,94
41070889000160,41070889,0001,60
24221368000148,24221368,0001,48
15115504000124,15115504,0001,24
09250085000130,09250085,0001,30
00007201001434,00007201,0014,34
09165028000153,09165028,0001,53
10471171000152,10471171,0001,52
08107369000100,08107369,0001,00
09107137000114,09107137,0001,14
08860280000110,08860280,0001,10
09609595000151,09609595,0001,51
10995939000197,10995939,0001,97
10495660000144,10495660,0001,44
06893578000109,06893578,0001,09
02275901000111,02275901,0001,11
08348609000591,08348609,0005,91
25165699000332,25165699,0003,32
42357483001106,42357483,0011,06
00779059000120,00779059,0001,20
15031293000141,15031293,0001,41
15031293000494,15031293,0004,94
35283753000136,35283753,0001,36
14781342000109,14781342,0001,09
08419673000516,08419673,0005,16
02717529000156,02717529,0001,56
46874030000128,46874030,0001,28
32336808000211,32336808,0002,11
08991511000124,08991511,0001,24
05686604000319,05686604,0003,19
08432692000159,08432692,0001,59
00067365639415,00067365,6394,15
10667134000114,10667134,0001,14
04028237000131,04028237,0001,31
01464886000278,01464886,0002,78
01555725000109,01555725,0001,09
44070044000163,44070044,0001,63
12924624000184,12924624,0001,84
09112376000162,09112376,0001,62
02592351000164,02592351,0001,64
09326382000201,09326382,0002,01
02536066000479,02536066,0004,79
05167354000149,05167354,0001,49
07901411000105,07901411,0001,05
07632888000124,07632888,0001,24
15237137000131,15237137,0001,31
43008203000137,43008203,0001,37
05870208000185,05870208,0001,85
05870208000266,05870208,0002,66
13545808000104,13545808,0001,04
12216990000189,12216990,0001,89
02149861000161,02149861,0001,61
26771075000160,26771075,0001,60
63469811000156,63469811,0001,56
07961187000139,07961187,0001,39
05225198000125,05225198,0001,25
41550112000101,41550112,0001,01
41550112001922,41550112,0019,22
05386318000176,05386318,0001,76
05015767000108,05015767,0001,08
00017707676653,00017707,6766,53
26583323000149,26583323,0001,49
73336448000154,73336448,0001,54
03431716000131,03431716,0001,31
03431716000727,03431716,0007,27
29658437000107,29658437,0001,07
36669126000109,36669126,0001,09
07272222000102,07272222,0001,02
07137359000154,07137359,0001,54
29356545000117,29356545,0001,17
05241721000107,05241721,0001,07
04224860000240,04224860,0002,40
23937356000151,23937356,0001,51
07289630000177,07289630,0001,77
69374585000106,69374585,0001,06
10718163000168,10718163,0001,68
07209470000109,07209470,0001,09
10483444000774,10483444,0007,74
10483444003366,10483444,0033,66
07213670000135,07213670,0001,35
07247554000137,07247554,0001,37
19445702000107,19445702,0001,07
07776339000123,07776339,0001,23
07207822000510,07207822,0005,10
08396938000184,08396938,0001,84
17305349000134,17305349,0001,34
07667439000111,07667439,0001,11
10861456000108,10861456,0001,08
07220874000101,07220874,0001,01
10260249000351,10260249,0003,51
07957111000210,07957111,0002,10
04516387000194,04516387,0001,94
17159856007110,17159856,0071,10
07281538000160,07281538,0001,60
08397578000135,08397578,0001,35
10823545000151,10823545,0001,51
65120057000250,65120057,0002,50
06176339000120,06176339,0001,20
05975134000141,05975134,0001,41
04228626000100,04228626,0001,00
73909566000104,73909566,0001,04
09556964000195,09556964,0001,95
05863916000199,05863916,0001,99
03354650000123,03354650,0001,23
01413347000129,01413347,0001,29
41548652000142,41548652,0001,42
07366198000170,07366198,0001,70
23506376000178,23506376,0001,78
07323439000102,07323439,0001,02
06625313000111,06625313,0001,11
04259456000121,04259456,0001,21
09572788000185,09572788,0001,85
07179823000256,07179823,0002,56
16726866000114,16726866,0001,14
09524502000196,09524502,0001,96
09524502000358,09524502,0003,58
04628810000148,04628810,0001,48
04683393000136,04683393,0001,36
04683393000217,04683393,0002,17
01224164000165,01224164,0001,65
07592975000103,07592975,0001,03
04241322000183,04241322,0001,83
10567693000152,10567693,0001,52
05258321000104,05258321,0001,04
30185130000450,30185130,0004,50
09068173000116,09068173,0001,16
29841244000340,29841244,0003,40
06562219000160,06562219,0001,60
10962529000140,10962529,0001,40
03977401000194,03977401,0001,94
31759926000199,31759926,0001,99
04299154000187,04299154,0001,87
04299154000268,04299154,0002,68
07283054000150,07283054,0001,50
07283054000231,07283054,0002,31
35029057000106,35029057,0001,06
03773027000105,03773027,0001,05
63455976000179,63455976,0001,79
07041007000109,07041007,0001,09
19094602000183,19094602,0001,83
04423567000393,04423567,0003,93
08797337000183,08797337,0001,83
39711575000158,39711575,0001,58
39711575000310,39711575,0003,10
00000529563347,00000529,5633,47
23445513000101,23445513,0001,01
08624747000122,08624747,0001,22
01632154000169,01632154,0001,69
01179593000168,01179593,0001,68
07558179000146,07558179,0001,46
20350085000145,20350085,0001,45
23742620000100,23742620,0001,00
08219477000174,08219477,0001,74
00001188477838,00001188,4778,38
00078844509334,00078844,5093,34
00072142146368,00072142,1463,68
09411448000172,09411448,0001,72
09554482000104,09554482,0001,04
05601232000119,05601232,0001,19
05325014000107,05325014,0001,07
05325014001090,05325014,0010,90
00006813827324,00006813,8273,24
00083654429300,00083654,4293,00
01444368000101,01444368,0001,01
08072674000103,08072674,0001,03
36206858000154,36206858,0001,54
06635702000128,06635702,0001,28
15261806000100,15261806,0001,00
15743303000171,15743303,0001,71
10471487000225,10471487,0002,25
11161185000132,11161185,0001,32
01909512000138,01909512,0001,38
06051717000149,06051717,0001,49
07054332000106,07054332,0001,06
08976495000109,08976495,0001,09
14608193000172,14608193,0001,72
08997588000101,08997588,0001,01
09496357000187,09496357,0001,87
01819550000108,01819550,0001,08
03875890000173,03875890,0001,73
05938517000140,05938517,0001,40
01270517000163,01270517,0001,63
14233397000176,14233397,0001,76
07112014000146,07112014,0001,46
21421240000644,21421240,0006,44
22712188000133,22712188,0001,33
44384832000124,44384832,0001,24
44384832001520,44384832,0015,20
16843306000140,16843306,0001,40
08815353000151,08815353,0001,51
06135590000227,06135590,0002,27
04009865000170,04009865,0001,70
15458442000153,15458442,0001,53
06348562000107,06348562,0001,07
33805805000161,33805805,0001,61
34122432000197,34122432,0001,97
01145106000146,01145106,0001,46
05505281000158,05505281,0001,58
11727497000160,11727497,0001,60
33899204000165,33899204,0001,65
33899204001722,33899204,0017,22
27183425000563,27183425,0005,63
01287588000411,01287588,0004,11
16041592004702,16041592,0047,02
13406285000107,13406285,0001,07
13406285001006,13406285,0010,06
61442810000192,61442810,0001,92
10913161000391,10913161,0003,91
26164539000170,26164539,0001,70
06537334000347,06537334,0003,47
06537334000770,06537334,0007,70
06537334000690,06537334,0006,90
09622478000128,09622478,0001,28
11460795000137,11460795,0001,37
33890542000136,33890542,0001,36
10398739000238,10398739,0002,38
14602189000105,14602189,0001,05
14602189001500,14602189,0015,00
33979865000109,33979865,0001,09
16084121000107,16084121,0001,07
05907604000130,05907604,0001,30
05769698000128,05769698,0001,28
13817774000151,13817774,0001,51
71445555000276,71445555,0002,76
71445555000608,71445555,0006,08
02737847000189,02737847,0001,89
00117842000128,00117842,0001,28
04898425000200,04898425,0002,00
61079232000252,61079232,0002,52
15102098000165,15102098,0001,65
07267068000180,07267068,0001,80
07617476000115,07617476,0001,15
11895432000477,11895432,0004,77
22369569000323,22369569,0003,23
34149823000448,34149823,0004,48
13956651000100,13956651,0001,00
08331340000298,08331340,0002,98
09600534000123,09600534,0001,23
08374919000238,08374919,0002,38
15692726000100,15692726,0001,00
00187299000135,00187299,0001,35
13786785000111,13786785,0001,11
21188004000115,21188004,0001,15
03990321000179,03990321,0001,79
21120716000526,21120716,0005,26
21120716000364,21120716,0003,64
21120716000283,21120716,0002,83
21120716000445,21120716,0004,45
73734048000105,73734048,0001,05
01203383000168,01203383,0001,68
01203383000320,01203383,0003,20
01203383000672,01203383,0006,72
01203383000753,01203383,0007,53
01203383000834,01203383,0008,34
01203383001130,01203383,0011,30
00935396000835,00935396,0008,35
05950799000796,05950799,0007,96
14807945000124,14807945,0001,24
07851544000106,07851544,0001,06
00917738000118,00917738,0001,18
01476325000108,01476325,0001,08
22849328000543,22849328,0005,43
14075158000135,14075158,0001,35
34732379000146,34732379,0001,46
02634915000508,02634915,0005,08
00006215602515,00006215,6025,15
02078557000170,02078557,0001,70
14414973000181,14414973,0001,81
15122187000173,15122187,0001,73
01944031000163,01944031,0001,63
02510563000155,02510563,0001,55
15120066000516,15120066,0005,16
04383583000138,04383583,0001,38
07498296000838,07498296,0008,38
13012745000112,13012745,0001,12
16311011000122,16311011,0001,22
27515154001225,27515154,0012,25
27515154002035,27515154,0020,35
02370080000100,02370080,0001,00
01543722000155,01543722,0001,55
17776751000105,17776751,0001,05
16294266000124,16294266,0001,24
13529482000113,13529482,0001,13
03169677000146,03169677,0001,46
07243002000231,07243002,0002,31
17364487000194,17364487,0001,94
04562559000832,04562559,0008,32
57593253000567,57593253,0005,67
22768840000131,22768840,0001,31
12393289000135,12393289,0001,35
84447804000123,84447804,0001,23
00000915017253,00000915,0172,53
17799666000154,17799666,0001,54
34589564000123,34589564,0001,23
04193033000156,04193033,0001,56
06199077000119,06199077,0001,19
84656164000161,84656164,0001,61
23031289000101,23031289,0001,01
04413977000191,04413977,0001,91
05338882000202,05338882,0002,02
34485243000189,34485243,0001,89
09122002000128,09122002,0001,28
14919741000185,14919741,0001,85
04285694000101,04285694,0001,01
00043405614015,00043405,6140,15
07689042000120,07689042,0001,20
05036194000107,05036194,0001,07
04082624000407,04082624,0004,07
09029666000490,09029666,0004,90
09391823000240,09391823,0002,40
40573092000113,40573092,0001,13
25290339000362,25290339,0003,62
01135910000144,01135910,0001,44
13188854000276,13188854,0002,76
03067571000131,03067571,0001,31
03496757000297,03496757,0002,97
83318022000121,83318022,0001,21
04787941000178,04787941,0001,78
05389812000194,05389812,0001,94
02600407000185,02600407,0001,85
22257109000907,22257109,0009,07
05856869000156,05856869,0001,56
05571228000589,05571228,0005,89
05571228001127,05571228,0011,27
08086512000124,08086512,0001,24
01570147000180,01570147,0001,80
00003591443140,00003591,4431,40
83386797000134,83386797,0001,34
19464215000191,19464215,0001,91
05603888000170,05603888,0001,70
01259730000174,01259730,0001,74
05778126000105,05778126,0001,05
44392102000175,44392102,0001,75
04051523000118,04051523,0001,18
08489409000125,08489409,0001,25
44935685000133,44935685,0001,33
30182639000104,30182639,0001,04
16990253000190,16990253,0001,90
24946352000879,24946352,0008,79
24946352001255,24946352,0012,55
00047112115604,00047112,1156,04
07933914000154,07933914,0001,54
17684344000160,17684344,0001,60
48991366000104,48991366,0001,04
25019563000152,25019563,0001,52
10637095000102,10637095,0001,02
06697576000306,06697576,0003,06
24946352000364,24946352,0003,64
01945637000113,01945637,0001,13
15606735000130,15606735,0001,30
25021692000185,25021692,0001,85
07686322000185,07686322,0001,85
01292944000142,01292944,0001,42
23505902000185,23505902,0001,85
05584693000120,05584693,0001,20
14783775000195,14783775,0001,95
06862627000138,06862627,0001,38
04532951000162,04532951,0001,62
00122241000103,00122241,0001,03
03611978000188,03611978,0001,88
03059743000125,03059743,0001,25
00019409532000,00019409,5320,00
41515404000103,41515404,0001,03
07255490000116,07255490,0001,16
06718969000189,06718969,0001,89
04578286000148,04578286,0001,48
03119889000119,03119889,0001,19
05699871000169,05699871,0001,69
06062714000100,06062714,0001,00
00083544445115,00083544,4451,15
10981488000139,10981488,0001,39
10981488000562,10981488,0005,62
12059549000130,12059549,0001,30
05220364000109,05220364,0001,09
07103898000172,07103898,0001,72
63517098000179,63517098,0001,79
12187423000141,12187423,0001,41
12710740000109,12710740,0001,09
10904554000177,10904554,0001,77
30889735000189,30889735,0001,89
07139350000182,07139350,0001,82
07098999000100,07098999,0001,00
05534774000116,05534774,0001,16
23621048000112,23621048,0001,12
05876672000189,05876672,0001,89
63341770000118,63341770,0001,18
34963066000107,34963066,0001,07
28142800001995,28142800,0019,95
29099782000140,29099782,0001,40
10339976000147,10339976,0001,47
07068224000265,07068224,0002,65
10376555001249,10376555,0012,49
10376555000609,10376555,0006,09
10376555001320,10376555,0013,20
10376555000943,10376555,0009,43
10376555001753,10376555,0017,53
10376555000862,10376555,0008,62
10376555000358,10376555,0003,58
04784802000190,04784802,0001,90
06249791000174,06249791,0001,74
53503652003473,53503652,0034,73
53503652003392,53503652,0033,92
53503652003635,53503652,0036,35
53503652000296,53503652,0002,96
04680660000111,04680660,0001,11
07073042000100,07073042,0001,00
52492006000127,52492006,0001,27
07069487000370,07069487,0003,70
34040367000150,34040367,0001,50
07683539000131,07683539,0001,31
06110605000111,06110605,0001,11
00004507290520,00004507,2905,20
10929764000381,10929764,0003,81
69434090000125,69434090,0001,25
05530905000197,05530905,0001,97
83336180001267,83336180,0012,67
27426196000480,27426196,0004,80
31382646000104,31382646,0001,04
06997310000109,06997310,0001,09
04585921000114,04585921,0001,14
06289532000177,06289532,0001,77
10544341000181,10544341,0001,81
06077708000127,06077708,0001,27
19068101000122,19068101,0001,22
33794896000187,33794896,0001,87
06291900000111,06291900,0001,11
07609993000142,07609993,0001,42
10617301000112,10617301,0001,12
24607476000153,24607476,0001,53
04102265000151,04102265,0001,51
08581205000209,08581205,0002,09
09478309000166,09478309,0001,66
04330304000330,04330304,0003,30
04330304000178,04330304,0001,78
04503660001460,04503660,0014,60
04503660000146,04503660,0001,46
04503660000499,04503660,0004,99
04503660001380,04503660,0013,80
04503660003242,04503660,0032,42
04503660000308,04503660,0003,08
62703699000103,62703699,0001,03
03476269000218,03476269,0002,18
16503522000146,16503522,0001,46
04943405000114,04943405,0001,14
43058783000177,43058783,0001,77
56998438000670,56998438,0006,70
09321104000172,09321104,0001,72
02939124000162,02939124,0001,62
03491328000146,03491328,0001,46
43472117000180,43472117,0001,80
03838222000176,03838222,0001,76
43204213000148,43204213,0001,48
04938407000115,04938407,0001,15
53852984000103,53852984,0001,03
68405778000114,68405778,0001,14
45750411000132,45750411,0001,32
96428784000122,96428784,0001,22
59105262000597,59105262,0005,97
58681867000130,58681867,0001,30
10672263000109,10672263,0001,09
08193857000187,08193857,0001,87
41796234000174,41796234,0001,74
60620812000595,60620812,0005,95
06767974000181,06767974,0001,81
52556578000122,52556578,0001,22
49068737000135,49068737,0001,35
49068737000216,49068737,0002,16
20294467000107,20294467,0001,07
05849495001032,05849495,0010,32
05849495001202,05849495,0012,02
05849495001709,05849495,0017,09
05849495001890,05849495,0018,90
17692901000437,17692901,0004,37
45817467000167,45817467,0001,67
04690015000180,04690015,0001,80
04690015000775,04690015,0007,75
61352050000122,61352050,0001,22
12260690000105,12260690,0001,05
02949991000189,02949991,0001,89
00625283000167,00625283,0001,67
48584510000341,48584510,0003,41
60101300000199,60101300,0001,99
03708458000198,03708458,0001,98
01221461000157,01221461,0001,57
07272424000154,07272424,0001,54
43123272000272,43123272,0002,72
59708503000169,59708503,0001,69
59708503000673,59708503,0006,73
07433529000148,07433529,0001,48
21559841000103,21559841,0001,03
13085979000190,13085979,0001,90
47084728000102,47084728,0001,02
28124704000195,28124704,0001,95
28124704000276,28124704,0002,76
43171438000145,43171438,0001,45
20649744000149,20649744,0001,49
49656192000269,49656192,0002,69
56182090000133,56182090,0001,33
62674247000140,62674247,0001,40
04945406000106,04945406,0001,06
03193191000577,03193191,0005,77
18843495000186,18843495,0001,86
61881017000190,61881017,0001,90
66098914000145,66098914,0001,45
23612315000195,23612315,0001,95
47886049000157,47886049,0001,57
51254159000173,51254159,0001,73
44021095000103,44021095,0001,03
06303383000153,06303383,0001,53
61077079000143,61077079,0001,43
46486650000190,46486650,0001,90
01382443000157,01382443,0001,57
61584124000156,61584124,0001,56
44335701000157,44335701,0001,57
44335701000408,44335701,0004,08
58435827000108,58435827,0001,08
13515092000194,13515092,0001,94
55890016000109,55890016,0001,09
05824747000188,05824747,0001,88
47123542000115,47123542,0001,15
07471254000137,07471254,0001,37
00583122000158,00583122,0001,58
01008123000131,01008123,0001,31
36476306000166,36476306,0001,66
87689402000557,87689402,0005,57
62859657000166,62859657,0001,66
47497367001440,47497367,0014,40
61139432000172,61139432,0001,72
06268099000193,06268099,0001,93
08405256000190,08405256,0001,90
61487799000187,61487799,0001,87
61487799000349,61487799,0003,49
25224614000188,25224614,0001,88
27116724000151,27116724,0001,51
14012270000127,14012270,0001,27
61074829001103,61074829,0011,03
02549843000177,02549843,0001,77
18938887000129,18938887,0001,29
11031202000117,11031202,0001,17
11031202000389,11031202,0003,89
01751967000763,01751967,0007,63
01751967001140,01751967,0011,40
58673450000125,58673450,0001,25
43207151000128,43207151,0001,28
32184522000349,32184522,0003,49
32184522000268,32184522,0002,68
01832301000144,01832301,0001,44
01832301000225,01832301,0002,25
71896880000336,71896880,0003,36
32238981000104,32238981,0001,04
54380399000102,54380399,0001,02
31974104000120,31974104,0001,20
31974104000392,31974104,0003,92
31974104000473,31974104,0004,73
31974104000201,31974104,0002,01
31974104000716,31974104,0007,16
31974104000635,31974104,0006,35
31974104000554,31974104,0005,54
61274809000104,61274809,0001,04
64571292000103,64571292,0001,03
48748230000160,48748230,0001,60
48748230000321,48748230,0003,21
48748230000402,48748230,0004,02
69067031000166,69067031,0001,66
69067031000247,69067031,0002,47
61554028000165,61554028,0001,65
20152466000110,20152466,0001,10
51979557000157,51979557,0001,57
57582793000111,57582793,0001,11
51718724000106,51718724,0001,06
21403127000121,21403127,0001,21
36740390000183,36740390,0001,83
05797607000168,05797607,0001,68
56209307000151,56209307,0001,51
61241451000105,61241451,0001,05
02133004000173,02133004,0001,73
03101127000195,03101127,0001,95
01290096000132,01290096,0001,32
50984681000490,50984681,0004,90
50925890000110,50925890,0001,10
06373063000170,06373063,0001,70
12141133000590,12141133,0005,90
00194214000146,00194214,0001,46
43937721000135,43937721,0001,35
60917721000192,60917721,0001,92
65860215000128,65860215,0001,28
74451378000148,74451378,0001,48
59358770000153,59358770,0001,53
60103611000197,60103611,0001,97
54764337000366,54764337,0003,66
00766315000306,00766315,0003,06
54132006000141,54132006,0001,41
61916854000107,61916854,0001,07
01320716000210,01320716,0002,10
00873594000145,00873594,0001,45
00873594000498,00873594,0004,98
69004083000193,69004083,0001,93
01274689000105,01274689,0001,05
01962300000114,01962300,0001,14
17051740000150,17051740,0001,50
40181203000227,40181203,0002,27
24312884000188,24312884,0001,88
24312884000773,24312884,0007,73
24312884000692,24312884,0006,92
33185329000204,33185329,0002,04
34051080000207,34051080,0002,07
50564053000537,50564053,0005,37
50564053000880,50564053,0008,80
04887625000178,04887625,0001,78
13520755000240,13520755,0002,40
13520755000320,13520755,0003,20
07794384000100,07794384,0001,00
02390435000115,02390435,0001,15
61106159000180,61106159,0001,80
54834007000138,54834007,0001,38
00168581000175,00168581,0001,75
50155134000907,50155134,0009,07
50155134001040,50155134,0010,40
45050663001473,45050663,0014,73
45050663000906,45050663,0009,06
12014047000193,12014047,0001,93
58130089000786,58130089,0007,86
58180316000192,58180316,0001,92
02762121000953,02762121,0009,53
05700665000121,05700665,0001,21
60419785000244,60419785,0002,44
04548536000105,04548536,0001,05
13431516000132,13431516,0001,32
06306858000165,06306858,0001,65
45557022000195,45557022,0001,95
09621639000169,09621639,0001,69
00305721000100,00305721,0001,00
52406329000401,52406329,0004,01
52406329000584,52406329,0005,84
52406329000746,52406329,0007,46
57547333000152,57547333,0001,52
59126045000150,59126045,0001,50
02785261000190,02785261,0001,90
96654934000116,96654934,0001,16
26799702000170,26799702,0001,70
08024048000141,08024048,0001,41
84814029000105,84814029,0001,05
54423934000165,54423934,0001,65
12921223000170,12921223,0001,70
10895989000100,10895989,0001,00
13708347000135,13708347,0001,35
06210424000167,06210424,0001,67
08952522000103,08952522,0001,03
08481450000155,08481450,0001,55
52234556000308,52234556,0003,08
01946591000157,01946591,0001,57
08803023000146,08803023,0001,46
71983779000150,71983779,0001,50
46473243000148,46473243,0001,48
06948119000177,06948119,0001,77
02968391000168,02968391,0001,68
07464294000151,07464294,0001,51
55767909000161,55767909,0001,61
44230779000107,44230779,0001,07
50632496000194,50632496,0001,94
06967872000100,06967872,0001,00
63903025000115,63903025,0001,15
47036462000122,47036462,0001,22
67063271000752,67063271,0007,52
49217268000179,49217268,0001,79
49218936000182,49218936,0001,82
26748019000104,26748019,0001,04
46950226000154,46950226,0001,54
06111433000109,06111433,0001,09
54579107000327,54579107,0003,27
55184691000112,55184691,0001,12
60853942000730,60853942,0007,30
15071146000103,15071146,0001,03
51663680000326,51663680,0003,26
51663680000598,51663680,0005,98
51663680000245,51663680,0002,45
51663680001489,51663680,0014,89
51663680001993,51663680,0019,93
51663680001802,51663680,0018,02
13245713000167,13245713,0001,67
02945318000170,02945318,0001,70
33755687000124,33755687,0001,24
67899443000137,67899443,0001,37
14381634000146,14381634,0001,46
60077336000184,60077336,0001,84
57497539001359,57497539,0013,59
46986451000140,46986451,0001,40
45992476000194,45992476,0001,94
60519634000187,60519634,0001,87
66626920000128,66626920,0001,28
01597589000896,01597589,0008,96
19224814000138,19224814,0001,38
48169536001052,48169536,0010,52
48169536001486,48169536,0014,86
04746321000190,04746321,0001,90
51284743000252,51284743,0002,52
46766812000224,46766812,0002,24
57623761000117,57623761,0001,17
23712147000290,23712147,0002,90
23712147000100,23712147,0001,00
50119668000716,50119668,0007,16
56385834000621,56385834,0006,21
56385834001008,56385834,0010,08
02745436000135,02745436,0001,35
60500246001630,60500246,0016,30
06216544000171,06216544,0001,71
07277575000103,07277575,0001,03
07277575000286,07277575,0002,86
61156113000760,61156113,0007,60
61156113000922,61156113,0009,22
06346461000105,06346461,0001,05
01495691000104,01495691,0001,04
19340517000158,19340517,0001,58
09147254000101,09147254,0001,01
02360122000114,02360122,0001,14
46127635000155,46127635,0001,55
46127635000236,46127635,0002,36
07268038000199,07268038,0001,99
06922869000170,06922869,0001,70
10194297000127,10194297,0001,27
51866804000109,51866804,0001,09
06979521000119,06979521,0001,19
67890426000139,67890426,0001,39
57507626000297,57507626,0002,97
65940892000156,65940892,0001,56
56720428001488,56720428,0014,88
07393844000199,07393844,0001,99
18078396000155,18078396,0001,55
44629707000137,44629707,0001,37
10650326000118,10650326,0001,18
50115500000147,50115500,0001,47
02528096000190,02528096,0001,90
45523719000226,45523719,0002,26
45523719000811,45523719,0008,11
45523719000730,45523719,0007,30
45523719000900,45523719,0009,00
45523719001540,45523719,0015,40
43251230000306,43251230,0003,06
14897682000191,14897682,0001,91
54248547000725,54248547,0007,25
51321990000109,51321990,0001,09
15203247000182,15203247,0001,82
46374203000149,46374203,0001,49
60447133000132,60447133,0001,32
55753578000372,55753578,0003,72
03749931000185,03749931,0001,85
46149456000380,46149456,0003,80
60421161000180,60421161,0001,80
06291846001429,06291846,0014,29
10317887000108,10317887,0001,08
01069184000109,01069184,0001,09
72543978000100,72543978,0001,00
07523514000170,07523514,0001,70
54614813000109,54614813,0001,09
52311289000163,52311289,0001,63
03473471000105,03473471,0001,05
11681460000149,11681460,0001,49
45365541000151,45365541,0001,51
12359986000170,12359986,0001,70
00437218000108,00437218,0001,08
00437218000370,00437218,0003,70
40760217000114,40760217,0001,14
96263439000186,96263439,0001,86
47964911000100,47964911,0001,00
71966071000191,71966071,0001,91
03203556000173,03203556,0001,73
08245415000137,08245415,0001,37
56815244000187,56815244,0001,87
03302394000120,03302394,0001,20
05539641001023,05539641,0010,23
00413338000256,00413338,0002,56
17884123000135,17884123,0001,35
29854693000161,29854693,0001,61
06080227000170,06080227,0001,70
47254461002289,47254461,0022,89
10384820000188,10384820,0001,88
54473319000163,54473319,0001,63
44632610000183,44632610,0001,83
04450427000142,04450427,0001,42
12776168000253,12776168,0002,53
00248877000104,00248877,0001,04
07191228001208,07191228,0012,08
19428778000124,19428778,0001,24
01675624000171,01675624,0001,71
08091140000124,08091140,0001,24
45101250000318,45101250,0003,18
78147105001641,78147105,0016,41
38081947000147,38081947,0001,47
72770878000117,72770878,0001,17
43085349000186,43085349,0001,86
46151130000126,46151130,0001,26
46958948000155,46958948,0001,55
20901341000145,20901341,0001,45
76557867000619,76557867,0006,19
76557867000457,76557867,0004,57
27274241000185,27274241,0001,85
21659864000270,21659864,0002,70
21659864000351,21659864,0003,51
05233521001427,05233521,0014,27
48740351013909,48740351,0139,09
16880735000600,16880735,0006,00
72073117000106,72073117,0001,06
27595780000973,27595780,0009,73
27595780000701,27595780,0007,01
27595780001198,27595780,0011,98
27595780002321,27595780,0023,21
10965693000887,10965693,0008,87
61586160000400,61586160,0004,00
61563557001873,61563557,0018,73
61563557002330,61563557,0023,30
81159857012167,81159857,0121,67
44993632000179,44993632,0001,79
45007937000127,45007937,0001,27
59965038000141,59965038,0001,41
59965038004643,59965038,0046,43
15100972000125,15100972,0001,25
79111779000172,79111779,0001,72
19350180006362,19350180,0063,62
19350180011102,19350180,0111,02
14563317000140,14563317,0001,40
33666065000120,33666065,0001,20
52548435008072,52548435,0080,72
52548435012266,52548435,0122,66
52548435004751,52548435,0047,51
52548435012002,52548435,0120,02
52548435023209,52548435,0232,09
33673701000140,33673701,0001,40
75524413000174,75524413,0001,74
44801942000144,44801942,0001,44
79118311000100,79118311,0001,00
10554840000150,10554840,0001,50
77557635000119,77557635,0001,19
23373000001104,23373000,0011,04
75739797000142,75739797,0001,42
80229461000170,80229461,0001,70
03229127000175,03229127,0001,75
01678426000161,01678426,0001,61
84924448000191,84924448,0001,91
78586674001189,78586674,0011,89
78586674000611,78586674,0006,11
47063342000114,47063342,0001,14
54360623003110,54360623,0031,10
54360623003209,54360623,0032,09
54360623004515,54360623,0045,15
54360623006720,54360623,0067,20
54360623006992,54360623,0069,92
54360623008421,54360623,0084,21
54360623008774,54360623,0087,74
77081909000146,77081909,0001,46
24088688000171,24088688,0001,71
17997420000197,17997420,0001,97
05855974000170,05855974,0001,70
02987873000408,02987873,0004,08
79114450000408,79114450,0004,08
03706680000151,03706680,0001,51
96736350000190,96736350,0001,90
04987734000167,04987734,0001,67
91597617000191,91597617,0001,91
00993264001912,00993264,0019,12
90228214000102,90228214,0001,02
13463913000358,13463913,0003,58
04229761001142,04229761,0011,42
90394107001045,90394107,0010,45
95323275000172,95323275,0001,72
73654741000160,73654741,0001,60
88668298000153,88668298,0001,53
01090465000143,01090465,0001,43
01295501000105,01295501,0001,05
93561108000134,93561108,0001,34
95818399000129,95818399,0001,29
07807120000144,07807120,0001,44
89879142000184,89879142,0001,84
03367101001084,03367101,0010,84
95424735000159,95424735,0001,59
04700714000163,04700714,0001,63
05388226000125,05388226,0001,25
80432693000120,80432693,0001,20
86375656000104,86375656,0001,04
06098906000177,06098906,0001,77
00038842386987,00038842,3869,87
78994456000101,78994456,0001,01
02640179000177,02640179,0001,77
83163576000105,83163576,0001,05
09504254000111,09504254,0001,11
40217620000363,40217620,0003,63
27093977000238,27093977,0002,38
02474103001948,02474103,0019,48
83286443000118,83286443,0001,18
01629083000226,01629083,0002,26
84704295000177,84704295,0001,77
03094645000200,03094645,0002,00
83874867000101,83874867,0001,01
85316149000137,85316149,0001,37
05210535000100,05210535,0001,00
14676824000190,14676824,0001,90
01513315000103,01513315,0001,03
04176082001233,04176082,0012,33
14779384000440,14779384,0004,40
14779384000601,14779384,0006,01
14779384000520,14779384,0005,20
83665141000150,83665141,0001,50
00214121000802,00214121,0008,02
76560275000141,76560275,0001,41
81692956000799,81692956,0007,99
06269345000121,06269345,0001,21
84697051000104,84697051,0001,04
82837329000176,82837329,0001,76
22735063000129,22735063,0001,29
22755746000148,22755746,0001,48
00587085000156,00587085,0001,56
03356967000107,03356967,0001,07
04647090000168,04647090,0001,68
24913685000125,24913685,0001,25
79228219000283,79228219,0002,83
82784216000150,82784216,0001,50
22259826000102,22259826,0001,02
10403741000177,10403741,0001,77
92807312000200,92807312,0002,00
94100328000123,94100328,0001,23
00061493000170,00061493,0001,70
88276704000132,88276704,0001,32
89816128000131,89816128,0001,31
94476207000180,94476207,0001,80
89720643000113,89720643,0001,13
93123032000165,93123032,0001,65
90471798000495,90471798,0004,95
89723977007820,89723977,0078,20
89723977009792,89723977,0097,92
89723977007072,89723977,0070,72
31511797000115,31511797,0001,15
89823918000225,89823918,0002,25
01176077000260,01176077,0002,60
92783679000150,92783679,0001,50
92693829000135,92693829,0001,35
91359281000129,91359281,0001,29
03687067000134,03687067,0001,34
60820198000262,60820198,0002,62
77269009000127,77269009,0001,27
05108075000104,05108075,0001,04
20705907000830,20705907,0008,30
00124733000138,00124733,0001,38
85090033000122,85090033,0001,22
00795877000116,00795877,0001,16
80831696000137,80831696,0001,37
81451494000122,81451494,0001,22
04398339000149,04398339,0001,49
04492373000188,04492373,0001,88
81305377000231,81305377,0002,31
80027428000167,80027428,0001,67
77955532000107,77955532,0001,07
77577419000135,77577419,0001,35
77577419000216,77577419,0002,16
03270896000117,03270896,0001,17
76506625000191,76506625,0001,91
76610062002392,76610062,0023,92
77161461000251,77161461,0002,51
75173575000105,75173575,0001,05
75294801001005,75294801,0010,05
75294801001188,75294801,0011,88
80213176000160,80213176,0001,60
72071541000200,72071541,0002,00
76538412000141,76538412,0001,41
83742338000146,83742338,0001,46
78175734000360,78175734,0003,60
77371789000111,77371789,0001,11
77058006000144,77058006,0001,44
80024557000100,80024557,0001,00
30232632000141,30232632,0001,41
11393570000105,11393570,0001,05
03459945000164,03459945,0001,64
02879936000160,02879936,0001,60
67218461000297,67218461,0002,97
08642771000437,08642771,0004,37
04730369000100,04730369,0001,00
02295361000138,02295361,0001,38
43363381000771,43363381,0007,71
02574772000162,02574772,0001,62
77092245000110,77092245,0001,10
07016915000134,07016915,0001,34
17989379000107,17989379,0001,07
02962425000107,02962425,0001,07
00951459000170,00951459,0001,70
07875736000152,07875736,0001,52
44026037000164,44026037,0001,64
15147369000280,15147369,0002,80
11455829000286,11455829,0002,86
01557107000106,01557107,0001,06
06018322000144,06018322,0001,44
17077969000163,17077969,0001,63
79053559000130,79053559,0001,30
05094194000236,05094194,0002,36
05094194000589,05094194,0005,89
09568680000380,09568680,0003,80
02709992000156,02709992,0001,56
22164990006177,22164990,0061,77
54305743001170,54305743,0011,70
00001522590820,00001522,5908,20
02174951000293,02174951,0002,93
26816447000208,26816447,0002,08
47741152000532,47741152,0005,32
09433294000462,09433294,0004,62
13164085000276,13164085,0002,76
00094279268134,00094279,2681,34
00900779000100,00900779,0001,00
01657436000463,01657436,0004,63
01657436000110,01657436,0001,10
05306712000157,05306712,0001,57
02130870000100,02130870,0001,00
02173151000177,02173151,0001,77
03014011000119,03014011,0001,19
06251971000190,06251971,0001,90
10404860000144,10404860,0001,44
21870861000109,21870861,0001,09
21823063000118,21823063,0001,18
01002047000580,01002047,0005,80
19119357000111,19119357,0001,11
06048466000143,06048466,0001,43
06048466000224,06048466,0002,24
05359132000632,05359132,0006,32
00894402000187,00894402,0001,87
03286850000277,03286850,0002,77
00057240001285,00057240,0012,85
00057240003652,00057240,0036,52
00057240003733,00057240,0037,33
03585304000156,03585304,0001,56
03585304000741,03585304,0007,41
03585304000660,03585304,0006,60
09525963000183,09525963,0001,83
01197205000171,01197205,0001,71
04066598000172,04066598,0001,72
10739793000119,10739793,0001,19
00838511000187,00838511,0001,87
00639179000121,00639179,0001,21
37259223000188,37259223,0001,88
09397403000190,09397403,0001,90
28690998000112,28690998,0001,12
11996993000110,11996993,0001,10
28662500000108,28662500,0001,08
26198828000190,26198828,0001,90
57512691000987,57512691,0009,87
57512691001282,57512691,0012,82
31675747000173,31675747,0001,73
33521931000194,33521931,0001,94
28730877000157,28730877,0001,57
14046713000109,14046713,0001,09
14238231000142,14238231,0001,42
32063190000182,32063190,0001,82
61329181000270,61329181,0002,70
09470092000148,09470092,0001,48
28996338000164,28996338,0001,64
07110546000144,07110546,0001,44
33060278000880,33060278,0008,80
09054601000232,09054601,0002,32
03910770000160,03910770,0001,60
04078670000181,04078670,0001,81
07743793000188,07743793,0001,88
00796754000108,00796754,0001,08
02979668000158,02979668,0001,58
30661276000181,30661276,0001,81
33570797000111,33570797,0001,11
21944114000160,21944114,0001,60
11755795000245,11755795,0002,45
05215135000279,05215135,0002,79
27384866000108,27384866,0001,08
00264528000178,00264528,0001,78
37789320000182,37789320,0001,82
28474104000157,28474104,0001,57
04431749000144,04431749,0001,44
04567650000840,04567650,0008,40
03751762000118,03751762,0001,18
27249457000190,27249457,0001,90
33370259000183,33370259,0001,83
02639850000160,02639850,0001,60
03710040000115,03710040,0001,15
01175903000176,01175903,0001,76
12184169000128,12184169,0001,28
02035105001000,02035105,0010,00
28126720000117,28126720,0001,17
27487156000103,27487156,0001,03
31806623000180,31806623,0001,80
08588911000789,08588911,0007,89
08588911000274,08588911,0002,74
06044698000808,06044698,0008,08
06044698000476,06044698,0004,76
30069314002317,30069314,0023,17
30069314003127,30069314,0031,27
30069314010174,30069314,0101,74
07677731000549,07677731,0005,49
27486182000109,27486182,0001,09
32285454002943,32285454,0029,43
09452900000659,09452900,0006,59
00394502005537,00394502,0055,37
00394502039601,00394502,0396,01
00394502040103,00394502,0401,03
00394502039784,00394502,0397,84
00394502019910,00394502,0199,10
57012098000467,57012098,0004,67
08845896000111,08845896,0001,11
16817108000101,16817108,0001,01
07884280000359,07884280,0003,59
29209171000298,29209171,0002,98
21086442000172,21086442,0001,72
02714199000145,02714199,0001,45
21407318000161,21407318,0001,61
21407318000242,21407318,0002,42
66301334000537,66301334,0005,37
20330551000120,20330551,0001,20
14286194000148,14286194,0001,48
04693022000305,04693022,0003,05
11821679000104,11821679,0001,04
17112541000104,17112541,0001,04
18279158000108,18279158,0001,08
18279158000965,18279158,0009,65
18279158001180,18279158,0011,80
18279158001260,18279158,0012,60
20468310005020,20468310,0050,20
04354297000144,04354297,0001,44
66380148000107,66380148,0001,07
03308232000108,03308232,0001,08
19632116010053,19632116,0100,53
02894373000189,02894373,0001,89
42898528000170,42898528,0001,70
26070128000115,26070128,0001,15
26389015000187,26389015,0001,87
08395149000129,08395149,0001,29
09185563000176,09185563,0001,76
71256283000185,71256283,0001,85
18121305000117,18121305,0001,17
97442123000114,97442123,0001,14
12891455000123,12891455,0001,23
01610917000170,01610917,0001,70
19537752002753,19537752,0027,53
05401407000144,05401407,0001,44
03990289000121,03990289,0001,21
07287580000199,07287580,0001,99
42950501000260,42950501,0002,60
07636657000350,07636657,0003,50
17698002000280,17698002,0002,80
17277583000103,17277583,0001,03
17340597000116,17340597,0001,16
33764510000194,33764510,0001,94
21562418000243,21562418,0002,43
03612518000417,03612518,0004,17
05756652000174,05756652,0001,74
16813461000466,16813461,0004,66
67438390000157,67438390,0001,57
07524082000112,07524082,0001,12
04784896000106,04784896,0001,06
03685110000122,03685110,0001,22
65271314000174,65271314,0001,74
22366439000175,22366439,0001,75
16238339000160,16238339,0001,60
21574355000164,21574355,0001,64
08884747000161,08884747,0001,61
23133788000100,23133788,0001,00
04763393000146,04763393,0001,46
26970103001069,26970103,0010,69
19564343000530,19564343,0005,30
18572206000151,18572206,0001,51
15385199000190,15385199,0001,90
12648059000170,12648059,0001,70
10802512000206,10802512,0002,06
62546387000133,62546387,0001,33
39685211000493,39685211,0004,93
04804994000311,04804994,0003,11
08100152000178,08100152,0001,78
15454563000127,15454563,0001,27
19721208000128,19721208,0001,28
18710988000148,18710988,0001,48
18710988003406,18710988,0034,06
18710988003910,18710988,0039,10
00609820000185,00609820,0001,85
21399444000111,21399444,0001,11
20657342000196,20657342,0001,96
68534270000116,68534270,0001,16
04423462000172,04423462,0001,72
64232499000145,64232499,0001,45
13053302000250,13053302,0002,50
41850777000122,41850777,0001,22
03106638000108,03106638,0001,08
19368927004609,19368927,0046,09
19368927002908,19368927,0029,08
01702122000192,01702122,0001,92
02332686000909,02332686,0009,09
00907750000141,00907750,0001,41
41834524000165,41834524,0001,65
23640204009300,23640204,0093,00
03875931000636,03875931,0006,36
34925254000132,34925254,0001,32
05730396000146,05730396,0001,46
04106832000229,04106832,0002,29
06152551000157,06152551,0001,57
06912701000183,06912701,0001,83
04538778000100,04538778,0001,00
18316968000197,18316968,0001,97
20343885000139,20343885,0001,39
32821183000100,32821183,0001,00
10428943000173,10428943,0001,73
13255658000196,13255658,0001,96
02489981000108,02489981,0001,08
03861512001293,03861512,0012,93
42509257000970,42509257,0009,70
05989551000305,05989551,0003,05
29067113030346,29067113,0303,46
29067113037278,29067113,0372,78
08614679000110,08614679,0001,10
02053711000150,02053711,0001,50
06325805000191,06325805,0001,91
29667227001068,29667227,0010,68
27165041000194,27165041,0001,94
03108902000134,03108902,0001,34
03721769000278,03721769,0002,78
01682695002579,01682695,0025,79
01682695001416,01682695,0014,16
01682695001254,01682695,0012,54
10976297000189,10976297,0001,89
03428529000107,03428529,0001,07
31356763000101,31356763,0001,01
19447107000100,19447107,0001,00
00739106000101,00739106,0001,01
11520665000142,11520665,0001,42
22335578000131,22335578,0001,31
00066595991420,00066595,9914,20
11184785000620,11184785,0006,20
12727145000178,12727145,0001,78
11445160000756,11445160,0007,56
20554417000103,20554417,0001,03
02019761000110,02019761,0001,10
09382573000100,09382573,0001,00
07387064000136,07387064,0001,36
13799619000150,13799619,0001,50
03777995000190,03777995,0001,90
08215522000112,08215522,0001,12
07337105000180,07337105,0001,80
17428731015914,17428731,0159,14
03293241000164,03293241,0001,64
36093991000222,36093991,0002,22
08348609000168,08348609,0001,68
10725679000210,10725679,0002,10
11855413000174,11855413,0001,74
22950726000128,22950726,0001,28
17205184000129,17205184,0001,29
10791675000230,10791675,0002,30
10791675000583,10791675,0005,83
35272919000119,35272919,0001,19
02149861000242,02149861,0002,42
41550112000799,41550112,0007,99
41550112001256,41550112,0012,56
08106728000104,08106728,0001,04
15874625000150,15874625,0001,50
08488717000217,08488717,0002,17
35081017000103,35081017,0001,03
10260249000270,10260249,0002,70
73909566000376,73909566,0003,76
18097503000192,18097503,0001,92
21905440000168,21905440,0001,68
28286126000193,28286126,0001,93
10729699000189,10729699,0001,89
00006669655363,00006669,6553,63
44825343000160,44825343,0001,60
11707908000156,11707908,0001,56
09487141000155,09487141,0001,55
21753749000180,21753749,0001,80
07302876000131,07302876,0001,31
10415169000166,10415169,0001,66
23742620000363,23742620,0003,63
07210362000156,07210362,0001,56
08955795000101,08955795,0001,01
05325014000522,05325014,0005,22
00031727492315,00031727,4923,15
00006529051376,00006529,0513,76
03187435000347,03187435,0003,47
17211601000146,17211601,0001,46
10661303000109,10661303,0001,09
06963557000104,06963557,0001,04
00002180148305,00002180,1483,05
14233397000508,14233397,0005,08
21421257000197,21421257,0001,97
06959311000169,06959311,0001,69
07436787000188,07436787,0001,88
27999572000263,27999572,0002,63
15482050000120,15482050,0001,20
01066650000100,01066650,0001,00
17587351000143,17587351,0001,43
15191786000220,15191786,0002,20
06537334000185,06537334,0001,85
06125505000169,06125505,0001,69
15107246001700,15107246,0017,00
14492342000180,14492342,0001,80
42030064000185,42030064,0001,85
60829264000265,60829264,0002,65
08380889000191,08380889,0001,91
03872978000131,03872978,0001,31
96825575001780,96825575,0017,80
14038210000183,14038210,0001,83
00935396000169,00935396,0001,69
29829452000162,29829452,0001,62
14755524000105,14755524,0001,05
16234627000147,16234627,0001,47
07778667000169,07778667,0001,69
14605065000418,14605065,0004,18
60398369000479,60398369,0004,79
33927294000150,33927294,0001,50
27515154001810,27515154,0018,10
06158487000111,06158487,0001,11
15206469000159,15206469,0001,59
00821318000133,00821318,0001,33
34590315000158,34590315,0001,58
02699552000165,02699552,0001,65
04562559001480,04562559,0014,80
01088713000111,01088713,0001,11
84499383000184,84499383,0001,84
15815491000104,15815491,0001,04
29631434000171,29631434,0001,71
61454393000106,61454393,0001,06
04160537000170,04160537,0001,70
00735882000133,00735882,0001,33
06151921000131,06151921,0001,31
07524328000156,07524328,0001,56
00038943727968,00038943,7279,68
09057912000255,09057912,0002,55
84718741000100,84718741,0001,00
30094876000296,30094876,0002,96
24524797000194,24524797,0001,94
22257109000141,22257109,0001,41
22257109000303,22257109,0003,03
01528374001119,01528374,0011,19
01528374001623,01528374,0016,23
05346107000100,05346107,0001,00
05571228000317,05571228,0003,17
05571228000236,05571228,0002,36
83892117000740,83892117,0007,40
05923634000130,05923634,0001,30
03299955000422,03299955,0004,22
04199014000137,04199014,0001,37
11831785000241,11831785,0002,41
04550505000180,04550505,0001,80
05824316000383,05824316,0003,83
01641576000109,01641576,0001,09
44392102000256,44392102,0002,56
09120837000149,09120837,0001,49
15376197000135,15376197,0001,35
10197621000837,10197621,0008,37
44759507000107,44759507,0001,07
01945637000202,01945637,0002,02
10307397000970,10307397,0009,70
46548243000160,46548243,0001,60
69627727000280,69627727,0002,80
34972075000156,34972075,0001,56
06146695000362,06146695,0003,62
35389170000194,35389170,0001,94
17015050000145,17015050,0001,45
11703484000151,11703484,0001,51
00416543000194,00416543,0001,94
06751564000142,06751564,0001,42
10926330000166,10926330,0001,66
37319581000139,37319581,0001,39
28142800001480,28142800,0014,80
37113180001523,37113180,0015,23
53503652002744,53503652,0027,44
06855894001311,06855894,0013,11
06855894000773,06855894,0007,73
03534081000106,03534081,0001,06
23433246000152,23433246,0001,52
15474486000258,15474486,0002,58
42767382000123,42767382,0001,23
04503660000570,04503660,0005,70
03476269000137,03476269,0001,37
03476269000307,03476269,0003,07
43631191000283,43631191,0002,83
61065264000118,61065264,0001,18
61184701000112,61184701,0001,12
02351006000643,02351006,0006,43
43997253000194,43997253,0001,94
00585121000223,00585121,0002,23
03035916000175,03035916,0001,75
05347928000160,05347928,0001,60
54330626000195,54330626,0001,95
03658600000130,03658600,0001,30
58681867000563,58681867,0005,63
07874948000115,07874948,0001,15
22399193000138,22399193,0001,38
88961974000425,88961974,0004,25
44411353000150,44411353,0001,50
05849495001547,05849495,0015,47
61318333000158,61318333,0001,58
00625283000248,00625283,0002,48
66966359000479,66966359,0004,79
07556881000170,07556881,0001,70
05505330000152,05505330,0001,52
47087721000144,47087721,0001,44
77184745000182,77184745,0001,82
50479476000125,50479476,0001,25
10745687000148,10745687,0001,48
57705097000155,57705097,0001,55
61584223001886,61584223,0018,86
26607430000240,26607430,0002,40
22637264000193,22637264,0001,93
60832581000150,60832581,0001,50
56450877000309,56450877,0003,09
55386445000143,55386445,0001,43
60870847000159,60870847,0001,59
04826023000100,04826023,0001,00
17619009000340,17619009,0003,40
48194609000175,48194609,0001,75
53124228000150,53124228,0001,50
46515946000191,46515946,0001,91
01751967000925,01751967,0009,25
12260426000325,12260426,0003,25
67546671000123,67546671,0001,23
56139041000118,56139041,0001,18
71896880000174,71896880,0001,74
61274809000368,61274809,0003,68
22618188000179,22618188,0001,79
54691100000130,54691100,0001,30
08553324000169,08553324,0001,69
50949528001232,50949528,0012,32
00886257000788,00886257,0007,88
07063949000260,07063949,0002,60
04022404000137,04022404,0001,37
88657820000282,88657820,0002,82
00677174000193,00677174,0001,93
04001398000131,04001398,0001,31
03671726000144,03671726,0001,44
44649960000152,44649960,0001,52
80319064000199,80319064,0001,99
26837290000116,26837290,0001,16
02896951000116,02896951,0001,16
00459410000103,00459410,0001,03
51596690000124,51596690,0001,24
54764337000102,54764337,0001,02
00873594001389,00873594,0013,89
01274689000539,01274689,0005,39
52771516007308,52771516,0073,08
61356523000160,61356523,0001,60
40181203000499,40181203,0004,99
06695952000153,06695952,0001,53
24312884000854,24312884,0008,54
00679427001806,00679427,0018,06
48925481000172,48925481,0001,72
50564053000960,50564053,0009,60
48424774000176,48424774,0001,76
05593344000175,05593344,0001,75
62379813000191,62379813,0001,91
51059004000267,51059004,0002,67
75303222000182,75303222,0001,82
52406329000665,52406329,0006,65
02027538000115,02027538,0001,15
33958695000682,33958695,0006,82
61460325000494,61460325,0004,94
92660604017158,92660604,0171,58
46842894000591,46842894,0005,91
43377936000149,43377936,0001,49
08835673000173,08835673,0001,73
23228512000105,23228512,0001,05
23096269000380,23096269,0003,80
01369005000159,01369005,0001,59
60332384000171,60332384,0001,71
47595863000465,47595863,0004,65
05578838000180,05578838,0001,80
06044367000274,06044367,0002,74
55133094000240,55133094,0002,40
11104329000119,11104329,0001,19
00910456000199,00910456,0001,99
05651966000889,05651966,0008,89
50404987000188,50404987,0001,88
05855407000114,05855407,0001,14
07877712000132,07877712,0001,32
22581442000101,22581442,0001,01
07682525000101,07682525,0001,01
54224423001358,54224423,0013,58
08479501000104,08479501,0001,04
08493791000140,08493791,0001,40
65444200000189,65444200,0001,89
14381634000499,14381634,0004,99
02701989000196,02701989,0001,96
01597589000110,01597589,0001,10
01597589000462,01597589,0004,62
01597589001353,01597589,0013,53
12216168000118,12216168,0001,18
23002548000176,23002548,0001,76
13096055000199,13096055,0001,99
51485274000159,51485274,0001,59
50119668000120,50119668,0001,20
56385834000206,56385834,0002,06
56385834000389,56385834,0003,89
56385834001199,56385834,0011,99
56385834001350,56385834,0013,50
24536269000155,24536269,0001,55
57420598000195,57420598,0001,95
51466761000174,51466761,0001,74
21510745000170,21510745,0001,70
08085841000150,08085841,0001,50
45990181001231,45990181,0012,31
04322728000190,04322728,0001,90
45523719000145,45523719,0001,45
57634677000107,57634677,0001,07
54248547000130,54248547,0001,30
52848868000140,52848868,0001,40
06291846002158,06291846,0021,58
60997905000100,60997905,0001,00
08247387000197,08247387,0001,97
55065981000147,55065981,0001,47
54646120000190,54646120,0001,90
54651344000190,54651344,0001,90
36443753000119,36443753,0001,19
43954460001133,43954460,0011,33
09558301000100,09558301,0001,00
00158230000183,00158230,0001,83
58852518001296,58852518,0012,96
03615415000168,03615415,0001,68
06232585000151,06232585,0001,51
46040242000100,46040242,0001,00
27595780000469,27595780,0004,69
27595780002402,27595780,0024,02
76539600000860,76539600,0008,60
76539600006710,76539600,0067,10
61563557000982,61563557,0009,82
61563557002098,61563557,0020,98
25431024000126,25431024,0001,26
14563317000221,14563317,0002,21
49871213000188,49871213,0001,88
49871213000773,49871213,0007,73
03541406000170,03541406,0001,70
52548435002546,52548435,0025,46
52548435003356,52548435,0033,56
52548435014129,52548435,0141,29
52548435024191,52548435,0241,91
52548435025910,52548435,0259,10
52548435002627,52548435,0026,27
52548435004590,52548435,0045,90
52548435005723,52548435,0057,23
52548435009982,52548435,0099,82
52548435018469,52548435,0184,69
52548435015524,52548435,0155,24
52548435022229,52548435,0222,29
52548435024515,52548435,0245,15
52548435024868,52548435,0248,68
77895928000106,77895928,0001,06
78348257000126,78348257,0001,26
76299270000107,76299270,0001,07
86428893000196,86428893,0001,96
23373000002003,23373000,0020,03
02856274000102,02856274,0001,02
54360623006305,54360623,0063,05
54360623007530,54360623,0075,30
54360623009231,54360623,0092,31
02990334000690,02990334,0006,90
01892664000175,01892664,0001,75
73535494000182,73535494,0001,82
88676127000257,88676127,0002,57
89387864003137,89387864,0031,37
10144123000150,10144123,0001,50
91495549000150,91495549,0001,50
90055724000125,90055724,0001,25
32506981000130,32506981,0001,30
94102183000108,94102183,0001,08
02488357000196,02488357,0001,96
12188516000190,12188516,0001,90
26501438000228,26501438,0002,28
83286500001300,83286500,0013,00
78266566000157,78266566,0001,57
75399758000143,75399758,0001,43
95860581000148,95860581,0001,48
83050781000156,83050781,0001,56
84697051000295,84697051,0002,95
07175725003002,07175725,0030,02
79228219000100,79228219,0001,00
04029601000340,04029601,0003,40
01967524000119,01967524,0001,19
08537637000123,08537637,0001,23
83303404000181,83303404,0001,81
89790356000180,89790356,0001,80
12985357000155,12985357,0001,55
89716195000184,89716195,0001,84
89723977011851,89723977,0118,51
89456008000170,89456008,0001,70
77837979000181,77837979,0001,81
09813575000106,09813575,0001,06
14460993000270,14460993,0002,70
07569161000140,07569161,0001,40
00124733000219,00124733,0002,19
00395988001298,00395988,0012,98
75527101000114,75527101,0001,14
14898558000140,14898558,0001,40
81305377000150,81305377,0001,50
82083270000178,82083270,0001,78
00057852000115,00057852,0001,15
76610062000187,76610062,0001,87
75294801000106,75294801,0001,06
81067860000144,81067860,0001,44
77371789001606,77371789,0016,06
02592857000173,02592857,0001,73
00002405441969,00002405,4419,69
45212228000183,45212228,0001,83
05057833000102,05057833,0001,02
81472243000124,81472243,0001,24
35251088000107,35251088,0001,07
80393960000106,80393960,0001,06
39403409000194,39403409,0001,94
02016507003850,02016507,0038,50
26715965000154,26715965,0001,54
03532447000108,03532447,0001,08
07512519000289,07512519,0002,89
10914514000106,10914514,0001,06
33813869000104,33813869,0001,04
01395648000339,01395648,0003,39
04760363000267,04760363,0002,67
04760345000285,04760345,0002,85
10869844000127,10869844,0001,27
06941602000200,06941602,0002,00
03327988000196,03327988,0001,96
03201316000130,03201316,0001,30
14335163000130,14335163,0001,30
07140281000127,07140281,0001,27
02174951000455,02174951,0004,55
02174951000374,02174951,0003,74
07546521000198,07546521,0001,98
02910623000127,02910623,0001,27
06243343000163,06243343,0001,63
17439238000110,17439238,0001,10
06220490000118,06220490,0001,18
01002047000319,01002047,0003,19
01425693000127,01425693,0001,27
37602745000130,37602745,0001,30
01256967000100,01256967,0001,00
00853416000152,00853416,0001,52
00057240002338,00057240,0023,38
00057240001609,00057240,0016,09
00057240001447,00057240,0014,47
01627142000146,01627142,0001,46
25634551000138,25634551,0001,38
55340921000195,55340921,0001,95
00411566000106,00411566,0001,06
19802150000490,19802150,0004,90
29336674000143,29336674,0001,43
29330594000180,29330594,0001,80
28679017000217,28679017,0002,17
32175317000155,32175317,0001,55
33412792020196,33412792,0201,96
08046498000135,08046498,0001,35
31728462000153,31728462,0001,53
17162579001830,17162579,0018,30
02919878000150,02919878,0001,50
86800745000150,86800745,0001,50
42234005001443,42234005,0014,43
42234005000390,42234005,0003,90
73514523000120,73514523,0001,20
33445347000873,33445347,0008,73
22873602000196,22873602,0001,96
05484996000503,05484996,0005,03
32007908000202,32007908,0002,02
07598658000196,07598658,0001,96
06007800000110,06007800,0001,10
40405037000114,40405037,0001,14
10883162000179,10883162,0001,79
00074905562791,00074905,5627,91
34038046000111,34038046,0001,11
17803300000101,17803300,0001,01
24153141000102,24153141,0001,02
17814074000164,17814074,0001,64
27487693000145,27487693,0001,45
04428585000104,04428585,0001,04
27487156000286,27487156,0002,86
27390160000140,27390160,0001,40
13349563000131,13349563,0001,31
07370012000157,07370012,0001,57
61079117014580,61079117,0145,80
42502203000126,42502203,0001,26
08588911001750,08588911,0017,50
36337012000153,36337012,0001,53
07677731000204,07677731,0002,04
06095364000189,06095364,0001,89
20490472000187,20490472,0001,87
06982741000282,06982741,0002,82
18279158000612,18279158,0006,12
07063930000214,07063930,0002,14
07063938000280,07063938,0002,80
09454009000147,09454009,0001,47
66702325001015,66702325,0010,15
21587696000174,21587696,0001,74
04702118000546,04702118,0005,46
04702287000314,04702287,0003,14
21566120000120,21566120,0001,20
05418460000158,05418460,0001,58
33373179000181,33373179,0001,81
02730980000103,02730980,0001,03
17221771000101,17221771,0001,01
09223086000196,09223086,0001,96
07743406000103,07743406,0001,03
44161185000191,44161185,0001,91
19537752001358,19537752,0013,58
19537752002087,19537752,0020,87
19537752005264,19537752,0052,64
18119493000149,18119493,0001,49
06048760000155,06048760,0001,55
20301933000126,20301933,0001,26
19772946000102,19772946,0001,02
20698684000154,20698684,0001,54
10401764000142,10401764,0001,42
13987738000136,13987738,0001,36
07161354000167,07161354,0001,67
01676274000168,01676274,0001,68
28801503000185,28801503,0001,85
03662722000280,03662722,0002,80
19498344000109,19498344,0001,09
04535651000137,04535651,0001,37
04900868000107,04900868,0001,07
06151340000442,06151340,0004,42
20292256000127,20292256,0001,27
19169614000120,19169614,0001,20
17200072000185,17200072,0001,85
23347420000144,23347420,0001,44
09467474000112,09467474,0001,12
00070894787187,00070894,7871,87
11085742000183,11085742,0001,83
23814940001000,23814940,0010,00
18710988000733,18710988,0007,33
45615184000302,45615184,0003,02
10177346000113,10177346,0001,13
07320386000168,07320386,0001,68
00139155000375,00139155,0003,75
00055088112653,00055088,1126,53
00089352769600,00089352,7696,00
27745320000127,27745320,0001,27
22437735000110,22437735,0001,10
32172058001008,32172058,0010,08
00085007838853,00085007,8388,53
61365557000110,61365557,0001,10
10531748000174,10531748,0001,74
03004216000113,03004216,0001,13
01618978000184,01618978,0001,84
60594538000284,60594538,0002,84
01744153000106,01744153,0001,06
14197082000110,14197082,0001,10
23064231000164,23064231,0001,64
18471070000193,18471070,0001,93
86613403000121,86613403,0001,21
39155675000145,39155675,0001,45
07035044000791,07035044,0007,91
15141799008007,15141799,0080,07
27181949000191,27181949,0001,91
20936065000150,20936065,0001,50
34554478000185,34554478,0001,85
04869169000214,04869169,0002,14
01078990000143,01078990,0001,43
08369748000259,08369748,0002,59
24321382000202,24321382,0002,02
14487316000164,14487316,0001,64
32740490000159,32740490,0001,59
39980175000148,39980175,0001,48
07877700000108,07877700,0001,08
40881716000160,40881716,0001,60
24083917000246,24083917,0002,46
10782639000120,10782639,0001,20
03608944000134,03608944,0001,34
40884405000588,40884405,0005,88
03721769001592,03721769,0015,92
02112964000157,02112964,0001,57
18537443000181,18537443,0001,81
07262290000433,07262290,0004,33
17273767000278,17273767,0002,78
09104065000151,09104065,0001,51
58551243000289,58551243,0002,89
11445160000160,11445160,0001,60
24441891000180,24441891,0001,80
09133731000260,09133731,0002,60
08323347000187,08323347,0001,87
10505311000166,10505311,0001,66
10505311000328,10505311,0003,28
03454838000143,03454838,0001,43
20757012000172,20757012,0001,72
20388082000109,20388082,0001,09
00474300002407,00474300,0024,07
41550112003704,41550112,0037,04
00063456060300,00063456,0603,00
73992034000264,73992034,0002,64
10483444000260,10483444,0002,60
41329129000125,41329129,0001,25
46149768000203,46149768,0002,03
07195191000133,07195191,0001,33
05098354000134,05098354,0001,34
21455800000177,21455800,0001,77
01519852000152,01519852,0001,52
46351817000105,46351817,0001,05
00990842000308,00990842,0003,08
00045503427300,00045503,4273,00
05328117000112,05328117,0001,12
24996960000111,24996960,0001,11
03006548001702,03006548,0017,02
02157729000100,02157729,0001,00
20287659000188,20287659,0001,88
73584245000187,73584245,0001,87
04487622000147,04487622,0001,47
10935477000112,10935477,0001,12
00090445546468,00090445,5464,68
06640130000175,06640130,0001,75
08720365000100,08720365,0001,00
07971955000135,07971955,0001,35
04419796000172,04419796,0001,72
34772245000159,34772245,0001,59
17159856007039,17159856,0070,39
14448260000139,14448260,0001,39
27203655000113,27203655,0001,13
00117842000551,00117842,0005,51
61079232001143,61079232,0011,43
61079232001224,61079232,0012,24
61079232000503,61079232,0005,03
36259270000169,36259270,0001,69
34204930000189,34204930,0001,89
96825575001194,96825575,0011,94
96825575000112,96825575,0001,12
96825575000201,96825575,0002,01
24639231000108,24639231,0001,08
15102924000176,15102924,0001,76
15187776000130,15187776,0001,30
24516135000253,24516135,0002,53
13926910000141,13926910,0001,41
35156290000222,35156290,0002,22
10465849000194,10465849,0001,94
07814918000113,07814918,0001,13
17776751000440,17776751,0004,40
04949368000151,04949368,0001,51
04326294000105,04326294,0001,05
05194398000168,05194398,0001,68
05972820000169,05972820,0001,69
07700426000105,07700426,0001,05
30937909000131,30937909,0001,31
07481452000181,07481452,0001,81
79851648002922,79851648,0029,22
05571228000902,05571228,0009,02
40648726000150,40648726,0001,50
03299955000856,03299955,0008,56
10404940000108,10404940,0001,08
04943858000140,04943858,0001,40
46613141000180,46613141,0001,80
01585358000277,01585358,0002,77
41163192000134,41163192,0001,34
14976693000167,14976693,0001,67
32432542000120,32432542,0001,20
49643384000150,49643384,0001,50
34636649000115,34636649,0001,15
43072478000130,43072478,0001,30
00002690401371,00002690,4013,71
00003549365144,00003549,3651,44
09353456000100,09353456,0001,00
10922751000119,10922751,0001,19
01991046000182,01991046,0001,82
49273120000151,49273120,0001,51
10376555000439,10376555,0004,39
15731984000158,15731984,0001,58
25270244000115,25270244,0001,15
07683539000565,07683539,0005,65
10391246000195,10391246,0001,95
12931796000347,12931796,0003,47
04503660002190,04503660,0021,90
51470474000138,51470474,0001,38
03020454000201,03020454,0002,01
02085838000150,02085838,0001,50
58354903000150,58354903,0001,50
42428734000116,42428734,0001,16
07286417000101,07286417,0001,01
05849495000222,05849495,0002,22
05849495000303,05849495,0003,03
05849495001466,05849495,0014,66
61442737000230,61442737,0002,30
14051881000184,14051881,0001,84
72793334000170,72793334,0001,70
07452156000152,07452156,0001,52
44343762000166,44343762,0001,66
33572312000129,33572312,0001,29
43872274000183,43872274,0001,83
53552691000100,53552691,0001,00
66036146000103,66036146,0001,03
29291184001905,29291184,0019,05
03400080000160,03400080,0001,60
48585459000120,48585459,0001,20
61074829000638,61074829,0006,38
61074829000123,61074829,0001,23
46014122002939,46014122,0029,39
50949528000180,50949528,0001,80
48748230000593,48748230,0005,93
66973801000141,66973801,0001,41
12158299000196,12158299,0001,96
60603461000180,60603461,0001,80
04361392000175,04361392,0001,75
04474925000125,04474925,0001,25
61059978001357,61059978,0013,57
00679427000249,00679427,0002,49
20523058000208,20523058,0002,08
14270041000293,14270041,0002,93
14270041000102,14270041,0001,02
04864204000121,04864204,0001,21
07022853000173,07022853,0001,73
43992932000251,43992932,0002,51
66152414000497,66152414,0004,97
58130089002304,58130089,0023,04
58525197000162,58525197,0001,62
29381602000118,29381602,0001,18
92660604017077,92660604,0170,77
92660604017239,92660604,0172,39
10965623000152,10965623,0001,52
07968742000740,07968742,0007,40
00801700000185,00801700,0001,85
47585377000113,47585377,0001,13
52234556000146,52234556,0001,46
11515451000188,11515451,0001,88
34864792000164,34864792,0001,64
55973762000328,55973762,0003,28
49612377000190,49612377,0001,90
60853942001388,60853942,0013,88
45985371000108,45985371,0001,08
45985371006220,45985371,0062,20
55140818000100,55140818,0001,00
49395742000152,49395742,0001,52
01597589000209,01597589,0002,09
03132254000232,03132254,0002,32
06103087000109,06103087,0001,09
18022305000240,18022305,0002,40
46001459000100,46001459,0001,00
56883820000204,56883820,0002,04
64668981000122,64668981,0001,22
58910316000877,58910316,0008,77
72455587000134,72455587,0001,34
56035538000196,56035538,0001,96
03054730000163,03054730,0001,63
04135419000101,04135419,0001,01
06979521000380,06979521,0003,80
57507626000459,57507626,0004,59
18078396000317,18078396,0003,17
48838437000125,48838437,0001,25
44771350000470,44771350,0004,70
45523719001117,45523719,0011,17
09541336000217,09541336,0002,17
50505924000118,50505924,0001,18
05370882000109,05370882,0001,09
07191228000155,07191228,0001,55
07215293000173,07215293,0001,73
01847902000120,01847902,0001,20
27595780001864,27595780,0018,64
76539600000194,76539600,0001,94
80227796000159,80227796,0001,59
19350180000160,19350180,0001,60
19350180001050,19350180,0010,50
52548435016334,52548435,0163,34
52548435010808,52548435,0108,08
52548435010301,52548435,0103,01
52548435006371,52548435,0063,71
02162905000355,02162905,0003,55
44914992001371,44914992,0013,71
54360623002229,54360623,0022,29
10561387000109,10561387,0001,09
83951236000211,83951236,0002,11
91359711000102,91359711,0001,02
91359711004795,91359711,0047,95
89387864000111,89387864,0001,11
89387864003560,89387864,0035,60
89387864004532,89387864,0045,32
89387864003722,89387864,0037,22
92341312000187,92341312,0001,87
90149055000150,90149055,0001,50
88074364000167,88074364,0001,67
94704103000186,94704103,0001,86
19166180000376,19166180,0003,76
19166180000961,19166180,0009,61
16668247000110,16668247,0001,10
41542250000130,41542250,0001,30
31016787000103,31016787,0001,03
26501438000147,26501438,0001,47
00058641000105,00058641,0001,05
81433765002322,81433765,0023,22
01335341000180,01335341,0001,80
14779384000288,14779384,0002,88
36448137000150,36448137,0001,50
07175725004238,07175725,0042,38
04041804000270,04041804,0002,70
18442810000163,18442810,0001,63
82743832000162,82743832,0001,62
96735758000147,96735758,0001,47
89386569000140,89386569,0001,40
02290962000158,02290962,0001,58
75619056000128,75619056,0001,28
01009473000112,01009473,0001,12
23704608000100,23704608,0001,00
12878929000105,12878929,0001,05
80326143000127,80326143,0001,27
02096969000133,02096969,0001,33
08306731000171,08306731,0001,71
82077785000165,82077785,0001,65
23776082000166,23776082,0001,66
79986949000162,79986949,0001,62
87439626000187,87439626,0001,87
02016507004903,02016507,0049,03
27093515000130,27093515,0001,30
78261252000242,78261252,0002,42
24606519000186,24606519,0001,86
13544727000181,13544727,0001,81
10263004000116,10263004,0001,16
59598029000160,59598029,0001,60
01005875000149,01005875,0001,49
02382105000188,02382105,0001,88
08528222000193,08528222,0001,93
01612795000585,01612795,0005,85
09050432000181,09050432,0001,81
03585304001128,03585304,0011,28
02141279000159,02141279,0001,59
09047818000134,09047818,0001,34
29322070000148,29322070,0001,48
33059684000156,33059684,0001,56
28816270000194,28816270,0001,94
07065754000179,07065754,0001,79
28908804000889,28908804,0008,89
27608256000132,27608256,0001,32
29899143000169,29899143,0001,69
23274194003568,23274194,0035,68
23274194000461,23274194,0004,61
23274194000119,23274194,0001,19
00074569005080,00074569,0050,80
33489352000101,33489352,0001,01
28843928000238,28843928,0002,38
21487653000117,21487653,0001,17
03518700000160,03518700,0001,60
00007207453736,00007207,4537,36
02959423000169,02959423,0001,69
06698001000219,06698001,0002,19
27535996000196,27535996,0001,96
27535996001753,27535996,0017,53
06251333000170,06251333,0001,70
61288940001356,61288940,0013,56
32681371004755,32681371,0047,55
09452900002864,09452900,0028,64
09452900001205,09452900,0012,05
09580824000152,09580824,0001,52
09583363000171,09583363,0001,71
09623290000102,09623290,0001,02
36376804000137,36376804,0001,37
30581433000149,30581433,0001,49
07063934000200,07063934,0002,00
30417459000318,30417459,0003,18
21718267000199,21718267,0001,99
18891036000178,18891036,0001,78
07060755000201,07060755,0002,01
07083477000208,07083477,0002,08
04073803000127,04073803,0001,27
07060739000219,07060739,0002,19
17866823000105,17866823,0001,05
18279158003123,18279158,0031,23
19739564000179,19739564,0001,79
07063976000233,07063976,0002,33
20468310007236,20468310,0072,36
31819438000200,31819438,0002,00
22060818000132,22060818,0001,32
04702118000384,04702118,0003,84
19537752005183,19537752,0051,83
19537752005000,19537752,0050,00
22370928000109,22370928,0001,09
06044537000130,06044537,0001,30
07295811000106,07295811,0001,06
08352952001239,08352952,0012,39
00008719497687,00008719,4976,87
07392106000712,07392106,0007,12
25650383000689,25650383,0006,89
01901632000199,01901632,0001,99
04622945000104,04622945,0001,04
22673347000138,22673347,0001,38
18710988002000,18710988,0020,00
18710988002353,18710988,0023,53
25778390000156,25778390,0001,56
14355450000101,14355450,0001,01
81082091000234,81082091,0002,34
17780545000160,17780545,0001,60
10903047000119,10903047,0001,19
15479034000269,15479034,0002,69
27004978000188,27004978,0001,88
17745056000178,17745056,0001,78
39701753000160,39701753,0001,60
01527825000121,01527825,0001,21
49914641000140,49914641,0001,40
42135913000246,42135913,0002,46
42135913000831,42135913,0008,31
26124547000192,26124547,0001,92
16982376000260,16982376,0002,60
01835706000136,01835706,0001,36
52452141001897,52452141,0018,97
13158783000188,13158783,0001,88
05263312001345,05263312,0013,45
10760171000172,10760171,0001,72
01067819000139,01067819,0001,39
26673348000133,26673348,0001,33
01527612000108,01527612,0001,08
09383084000164,09383084,0001,64
33443860000230,33443860,0002,30
12644621000197,12644621,0001,97
10212665000112,10212665,0001,12
35434905000154,35434905,0001,54
00474300000293,00474300,0002,93
07405517000100,07405517,0001,00
07220874007025,07220874,0070,25
49191162000143,49191162,0001,43
09524502000609,09524502,0006,09
04506123000150,04506123,0001,50
19560032000250,19560032,0002,50
06929310000171,06929310,0001,71
00024374954368,00024374,9543,68
00049112872334,00049112,8723,34
00090386280304,00090386,2803,04
24475814000140,24475814,0001,40
03016372000102,03016372,0001,02
00023438231387,00023438,2313,87
00016691385349,00016691,3853,49
00089328558387,00089328,5583,87
11843560000124,11843560,0001,24
05938517000220,05938517,0002,20
00005352013383,00005352,0133,83
23105614000133,23105614,0001,33
33805805000242,33805805,0002,42
10398739000319,10398739,0003,19
96825575002913,96825575,0029,13
00792706000133,00792706,0001,33
33972146000239,33972146,0002,39
24380578004338,24380578,0043,38
07498296000595,07498296,0005,95
05124161000100,05124161,0001,00
66418765000154,66418765,0001,54
21675420000148,21675420,0001,48
06020142000105,06020142,0001,05
01564597000160,01564597,0001,60
00308668000109,00308668,0001,09
00026836319287,00026836,3192,87
06341475000128,06341475,0001,28
07854334000171,07854334,0001,71
04942017000119,04942017,0001,19
04973681000125,04973681,0001,25
04950283000193,04950283,0001,93
14710306000146,14710306,0001,46
12300288000360,12300288,0003,60
11414824000124,11414824,0001,24
00005214311311,00005214,3113,11
05454846000387,05454846,0003,87
97338099000178,97338099,0001,78
08635703000793,08635703,0007,93
08673030000170,08673030,0001,70
15733416000277,15733416,0002,77
10376555000781,10376555,0007,81
10376555001915,10376555,0019,15
10376555002644,10376555,0026,44
04416935000295,04416935,0002,95
03786607000137,03786607,0001,37
04330304000763,04330304,0007,63
43631191000100,43631191,0001,00
26118058000128,26118058,0001,28
00585121000304,00585121,0003,04
96225768000132,96225768,0001,32
47026067000169,47026067,0001,69
03076172000137,03076172,0001,37
69042703000189,69042703,0001,89
15698659000130,15698659,0001,30
61693461000181,61693461,0001,81
61024295000716,61024295,0007,16
05597399000153,05597399,0001,53
53886768000170,53886768,0001,70
12524929000107,12524929,0001,07
57642431000179,57642431,0001,79
60870847000310,60870847,0003,10
51466324000150,51466324,0001,50
45583336000162,45583336,0001,62
09536473000182,09536473,0001,82
44013159003131,44013159,0031,31
00240698000384,00240698,0003,84
47283262000174,47283262,0001,74
19769981000164,19769981,0001,64
03480200000187,03480200,0001,87
11763704000132,11763704,0001,32
07777267000139,07777267,0001,39
08348356000807,08348356,0008,07
46138319000189,46138319,0001,89
08028249000621,08028249,0006,21
09240285000102,09240285,0001,02
60343753000121,60343753,0001,21
09273218000194,09273218,0001,94
07011138000135,07011138,0001,35
07922794000190,07922794,0001,90
02584199000178,02584199,0001,78
14381634000308,14381634,0003,08
54361175000153,54361175,0001,53
48660971000194,48660971,0001,94
01597589000543,01597589,0005,43
46766812000143,46766812,0001,43
57622466000146,57622466,0001,46
03285633000181,03285633,0001,81
16925334000106,16925334,0001,06
07847836000507,07847836,0005,07
52957693000109,52957693,0001,09
55415608000179,55415608,0001,79
09339286000109,09339286,0001,09
11610213000151,11610213,0001,51
29249347000154,29249347,0001,54
61319588000135,61319588,0001,35
54826144000120,54826144,0001,20
50958412000107,50958412,0001,07
07847836000680,07847836,0006,80
61082988000250,61082988,0002,50
21659864000432,21659864,0004,32
72073117000297,72073117,0002,97
61586160000825,61586160,0008,25
43963933000197,43963933,0001,97
88617733000110,88617733,0001,10
79111779006537,79111779,0065,37
52548435012509,52548435,0125,09
52548435017578,52548435,0175,78
52548435002112,52548435,0021,12
52548435018701,52548435,0187,01
52548435012851,52548435,0128,51
52548435023039,52548435,0230,39
44914992003820,44914992,0038,20
78586674000107,78586674,0001,07
54360623004434,54360623,0044,34
54360623005830,54360623,0058,30
54360623007883,54360623,0078,83
54360623008936,54360623,0089,36
05777322000246,05777322,0002,46
89661250000186,89661250,0001,86
00850419000132,00850419,0001,32
00068691000165,00068691,0001,65
94496353000178,94496353,0001,78
93824563000347,93824563,0003,47
82693318000160,82693318,0001,60
29949197000191,29949197,0001,91
07175725001484,07175725,0014,84
19333351000142,19333351,0001,42
28060339000100,28060339,0001,00
79228219000445,79228219,0004,45
83404251000169,83404251,0001,69
07061124000126,07061124,0001,26
00672491000117,00672491,0001,17
13434315000199,13434315,0001,99
36546304000104,36546304,0001,04
05644129000156,05644129,0001,56
76436146000146,76436146,0001,46
79764643000161,79764643,0001,61
07614595000114,07614595,0001,14
19094822000107,19094822,0001,07
44026037000750,44026037,0007,50
05105045000144,05105045,0001,44
13191431000205,13191431,0002,05
06088741000586,06088741,0005,86
07283842000147,07283842,0001,47
07283842000490,07283842,0004,90
07956749000156,07956749,0001,56
11455829003706,11455829,0037,06
80389273000290,80389273,0002,90
03902129000264,03902129,0002,64
05701821000179,05701821,0001,79
39377447000110,39377447,0001,10
53309845001100,53309845,0011,00
22192546000710,22192546,0007,10
04444217000141,04444217,0001,41
37083474000154,37083474,0001,54
08266567000116,08266567,0001,16
09356736000171,09356736,0001,71
00057240004381,00057240,0043,81
03585304000318,03585304,0003,18
25634569001535,25634569,0015,35
05432316000176,05432316,0001,76
37065430000100,37065430,0001,00
02303064000197,02303064,0001,97
31134760000115,31134760,0001,15
31923667000190,31923667,0001,90
40361123000172,40361123,0001,72
31463078000176,31463078,0001,76
31879273000181,31879273,0001,81
27816487000301,27816487,0003,01
07065754000330,07065754,0003,30
32343113000186,32343113,0001,86
04754815000206,04754815,0002,06
03662454000116,03662454,0001,16
16366368000108,16366368,0001,08
44326884000144,44326884,0001,44
04391491000108,04391491,0001,08
06108102000101,06108102,0001,01
17803300000373,17803300,0003,73
04746729000162,04746729,0001,62
12019849000358,12019849,0003,58
41128517000148,41128517,0001,48
10307895000599,10307895,0005,99
07196033002141,07196033,0021,41
48979707000118,48979707,0001,18
32681371002035,32681371,0020,35
32681371006618,32681371,0066,18
09559505000165,09559505,0001,65
09583363000252,09583363,0002,52
09582350000188,09582350,0001,88
27853182000108,27853182,0001,08
02868179000129,02868179,0001,29
08185361000161,08185361,0001,61
66702325002259,66702325,0022,59
01823664000113,01823664,0001,13
09535153000450,09535153,0004,50
05882470000140,05882470,0001,40
03405415000133,03405415,0001,33
17246638000290,17246638,0002,90
44161185000434,44161185,0004,34
65305864000167,65305864,0001,67
21483359000480,21483359,0004,80
19792977000117,19792977,0001,17
18304758000189,18304758,0001,89
08086122000154,08086122,0001,54
22432769000898,22432769,0008,98
06084516000148,06084516,0001,48
23343494000102,23343494,0001,02
02572512000158,02572512,0001,58
04810813000106,04810813,0001,06
08693274000115,08693274,0001,15
00009051969880,00009051,9698,80
00001690616806,00001690,6168,06
20085953000107,20085953,0001,07
19059849002021,19059849,0020,21
48568850000117,48568850,0001,17
23664303000104,23664303,0001,04
19368927004366,19368927,0043,66
65339590000127,65339590,0001,27
42135913000670,42135913,0006,70
08650611000197,08650611,0001,97
04807836000234,04807836,0002,34
25239617000195,25239617,0001,95
16982376000189,16982376,0001,89
16433626000121,16433626,0001,21
34567306000146,34567306,0001,46
05458585000292,05458585,0002,92
29667227000681,29667227,0006,81
01444304000100,01444304,0001,00
42585759000123,42585759,0001,23
70212345000194,70212345,0001,94
00338885000133,00338885,0001,33
07262290000271,07262290,0002,71
40551833000165,40551833,0001,65
18073013000156,18073013,0001,56
27504914000146,27504914,0001,46
33443860000310,33443860,0003,10
00779059001100,00779059,0011,00
10505311000832,10505311,0008,32
05587143000165,05587143,0001,65
72412216001902,72412216,0019,02
16992192000108,16992192,0001,08
32321018000181,32321018,0001,81
10483444003528,10483444,0035,28
10803777000148,10803777,0001,48
46149768000122,46149768,0001,22
20862617000123,20862617,0001,23
12331922000160,12331922,0001,60
00090077172353,00090077,1723,53
00011641436387,00011641,4363,87
07815327000160,07815327,0001,60
01145821000189,01145821,0001,89
00020230451349,00020230,4513,49
28337064000100,28337064,0001,00
00086746669300,00086746,6693,00
08707061000103,08707061,0001,03
19757864000180,19757864,0001,80
27999572000182,27999572,0001,82
17159856007381,17159856,0073,81
30983631000139,30983631,0001,39
13527585000144,13527585,0001,44
43555462000269,43555462,0002,69
96825575000970,96825575,0009,70
05950799000605,05950799,0006,05
29406082000150,29406082,0001,50
10471064000124,10471064,0001,24
03935768000145,03935768,0001,45
16505412000113,16505412,0001,13
03384037000159,03384037,0001,59
12574558000160,12574558,0001,60
84507920000190,84507920,0001,90
05866280000139,05866280,0001,39
34486076000190,34486076,0001,90
02311117000111,02311117,0001,11
14610398000192,14610398,0001,92
03548281000100,03548281,0001,00
05215888000101,05215888,0001,01
07391475000103,07391475,0001,03
18494537000463,18494537,0004,63
01528374000732,01528374,0007,32
01528374001380,01528374,0013,80
01528374001976,01528374,0019,76
03299955000775,03299955,0007,75
08434043000197,08434043,0001,97
04708905000333,04708905,0003,33
04708905000503,04708905,0005,03
28151393000234,28151393,0002,34
00054870852187,00054870,8521,87
00063684470449,00063684,4704,49
10320422000793,10320422,0007,93
10320422000440,10320422,0004,40
45776055000126,45776055,0001,26
00007251149320,00007251,1493,20
34970756000185,34970756,0001,85
20222975000171,20222975,0001,71
27426196000137,27426196,0001,37
09665327000157,09665327,0001,57
46020863000121,46020863,0001,21
38756631000108,38756631,0001,08
00585121000142,00585121,0001,42
22226248000108,22226248,0001,08
14359778000104,14359778,0001,04
05251648000405,05251648,0004,05
56775935000102,56775935,0001,02
59708503000401,59708503,0004,01
08094471000380,08094471,0003,80
03193191001387,03193191,0013,87
08981172000103,08981172,0001,03
61506101000123,61506101,0001,23
01456021000189,01456021,0001,89
01446198000102,01446198,0001,02
71960801000147,71960801,0001,47
00074918000185,00074918,0001,85
20469145000143,20469145,0001,43
58188756002210,58188756,0022,10
58188756000277,58188756,0002,77
04357905000174,04357905,0001,74
44689768000190,44689768,0001,90
43646975000102,43646975,0001,02
08034991000135,08034991,0001,35
07078042001085,07078042,0010,85
07078042000607,07078042,0006,07
07078042000275,07078042,0002,75
07078042000518,07078042,0005,18
07078042000941,07078042,0009,41
07078042000437,07078042,0004,37
07991244000394,07991244,0003,94
44720159000156,44720159,0001,56
08047481000100,08047481,0001,00
16541130000171,16541130,0001,71
54481270000271,54481270,0002,71
48169536001214,48169536,0012,14
18022305000160,18022305,0001,60
60500246003765,60500246,0037,65
03806784000138,03806784,0001,38
03788359000163,03788359,0001,63
10311239000136,10311239,0001,36
20842277000179,20842277,0001,79
01969182000176,01969182,0001,76
07022473000210,07022473,0002,10
07022473000562,07022473,0005,62
52548435019279,52548435,0192,79
29363431000285,29363431,0002,85
23373000001295,23373000,0012,95
23373000001376,23373000,0013,76
54360623007450,54360623,0074,50
54360623009150,54360623,0091,50
91501783000819,91501783,0008,19
41420939000192,41420939,0001,92
05907238000119,05907238,0001,19
08161189000106,08161189,0001,06
83739946000100,83739946,0001,00
04739720000205,04739720,0002,05
92678440000897,92678440,0008,97
88175625000135,88175625,0001,35
87440434000190,87440434,0001,90
01176077000775,01176077,0007,75
91682336000137,91682336,0001,37
36601404000188,36601404,0001,88
08093504000105,08093504,0001,05
00956574000138,00956574,0001,38
03222609000101,03222609,0001,01
03222465000185,03222465,0001,85
02679180000105,02679180,0001,05
59409607000253,59409607,0002,53
80393960000289,80393960,0002,89
03989217000326,03989217,0003,26
25246163000180,25246163,0001,80
05575361000180,05575361,0001,80
03888604000104,03888604,0001,04
11127711000148,11127711,0001,48
02787125000139,02787125,0001,39
01002047000238,01002047,0002,38
22192546000809,22192546,0008,09
29639852000105,29639852,0001,05
15708861000104,15708861,0001,04
28442493000139,28442493,0001,39
33263906000158,33263906,0001,58
31119993000734,31119993,0007,34
31918535000412,31918535,0004,12
32519415000162,32519415,0001,62
31423643000171,31423643,0001,71
46682861000106,46682861,0001,06
10827182000203,10827182,0002,03
11830823000241,11830823,0002,41
31382336000190,31382336,0001,90
08295837000389,08295837,0003,89
15843867000186,15843867,0001,86
02035105001264,02035105,0012,64
02284444000121,02284444,0001,21
19199348000854,19199348,0008,54
30069314000535,30069314,0005,35
61084018010761,61084018,0107,61
09452900002600,09452900,0026,00
09649272000191,09649272,0001,91
00394502001540,00394502,0015,40
09557587000109,09557587,0001,09
20952073000190,20952073,0001,90
21256870000287,21256870,0002,87
20468310010539,20468310,0105,39
16726303000126,16726303,0001,26
04702118000708,04702118,0007,08
19711316000110,19711316,0001,10
17164435003351,17164435,0033,51
07636657000270,07636657,0002,70
07636657000512,07636657,0005,12
30535186000144,30535186,0001,44
02419870000125,02419870,0001,25
14788520000115,14788520,0001,15
08642410000148,08642410,0001,48
07392106000631,07392106,0006,31
25502014000134,25502014,0001,34
26970103000259,26970103,0002,59
01901632000270,01901632,0002,70
23357072000510,23357072,0005,10
04699717000124,04699717,0001,24
25769266000124,25769266,0001,24
22470777000152,22470777,0001,52
43066666000155,43066666,0001,55
17551250000384,17551250,0003,84
10208566001562,10208566,0015,62
01759112001408,01759112,0014,08
00950001000105,00950001,0001,05
12288046000137,12288046,0001,37
07258209000107,07258209,0001,07
00008723174633,00008723,1746,33
20673489000170,20673489,0001,70
19368927002070,19368927,0020,70
09535153000108,09535153,0001,08
01744153000297,01744153,0002,97
10328162000107,10328162,0001,07
08218726000107,08218726,0001,07
25946732000108,25946732,0001,08
00356328000145,00356328,0001,45
19646504000101,19646504,0001,01
32821183000445,32821183,0004,45
05458585000101,05458585,0001,01
17251034000232,17251034,0002,32
15605543000100,15605543,0001,00
33773353000264,33773353,0002,64
08490666000187,08490666,0001,87
10984821000163,10984821,0001,63
10808699000174,10808699,0001,74
05917434000174,05917434,0001,74
08552473000103,08552473,0001,03
09302928000103,09302928,0001,03
08365223000164,08365223,0001,64
00087791064472,00087791,0644,72
08713513000151,08713513,0001,51
40775447000157,40775447,0001,57
07199061000330,07199061,0003,30
05386318000257,05386318,0002,57
65120057000501,65120057,0005,01
08892245000263,08892245,0002,63
00064000699334,00064000,6993,34
12240002000137,12240002,0001,37
22881417000224,22881417,0002,24
07844087000122,07844087,0001,22
00080605000130,00080605,0001,30
03465537000115,03465537,0001,15
14578002000177,14578002,0001,77
09620025000162,09620025,0001,62
27535996001591,27535996,0015,91
12901925000192,12901925,0001,92
32906167000102,32906167,0001,02
11092359000152,11092359,0001,52
29829452000324,29829452,0003,24
07305883000197,07305883,0001,97
14160269000140,14160269,0001,40
42288886000160,42288886,0001,60
00080957919387,00080957,9193,87
05099585001134,05099585,0011,34
04894085000150,04894085,0001,50
17194077000495,17194077,0004,95
28152650000171,28152650,0001,71
14072714000110,14072714,0001,10
00004088282345,00004088,2823,45
00009015779368,00009015,7793,68
05802590000190,05802590,0001,90
09020353000128,09020353,0001,28
41479049000156,41479049,0001,56
04420916000151,04420916,0001,51
10458377000223,10458377,0002,23
04503660002009,04503660,0020,09
02351006000139,02351006,0001,39
67280008000120,67280008,0001,20
05849495001970,05849495,0019,70
45866316000360,45866316,0003,60
47874037000102,47874037,0001,02
45227673000117,45227673,0001,17
58739426000141,58739426,0001,41
01881662000180,01881662,0001,80
47497367000126,47497367,0001,26
05518605000192,05518605,0001,92
47937727000163,47937727,0001,63
07004424000173,07004424,0001,73
01779939000320,01779939,0003,20
09064802000130,09064802,0001,30
44469443000100,44469443,0001,00
14767118000154,14767118,0001,54
07078042001166,07078042,0011,66
11513763000152,11513763,0001,52
56560345000154,56560345,0001,54
45987062001220,45987062,0012,20
43963065000145,43963065,0001,45
17848016000151,17848016,0001,51
03063055000139,03063055,0001,39
00194724000709,00194724,0007,09
18788970000401,18788970,0004,01
22123935000106,22123935,0001,06
02797481000133,02797481,0001,33
05968684000133,05968684,0001,33
52548435021419,52548435,0214,19
52548435023381,52548435,0233,81
52548435007858,52548435,0078,58
52548435022571,52548435,0225,71
44914992001100,44914992,0011,00
23373000002500,23373000,0025,00
15153524000190,15153524,0001,90
90157108000185,90157108,0001,85
04360246000125,04360246,0001,25
82757907000164,82757907,0001,64
83707273000106,83707273,0001,06
15066212000149,15066212,0001,49
27874855000106,27874855,0001,06
09337839000194,09337839,0001,94
87935912000133,87935912,0001,33
00987763000178,00987763,0001,78
76667682000667,76667682,0006,67
76667682001043,76667682,0010,43
36933715000225,36933715,0002,25
39858391000204,39858391,0002,04
08642771000194,08642771,0001,94
03883369000188,03883369,0001,88
59409607000172,59409607,0001,72
82714783000130,82714783,0001,30
12545350000112,12545350,0001,12
10444161000128,10444161,0001,28
07210160000104,07210160,0001,04
22206143000197,22206143,0001,97
38003364000106,38003364,0001,06
00528786000203,00528786,0002,03
11243817000107,11243817,0001,07
29132339000123,29132339,0001,23
09637088000121,09637088,0001,21
04979687000100,04979687,0001,00
10539549000102,10539549,0001,02
41905203000104,41905203,0001,04
11387944000180,11387944,0001,80
02035105000888,02035105,0008,88
36070134000126,36070134,0001,26
19199348000188,19199348,0001,88
19199348000269,19199348,0002,69
09597351000104,09597351,0001,04
00394452053215,00394452,0532,15
17720994000113,17720994,0001,13
11089748000129,11089748,0001,29
22470777000233,22470777,0002,33
21041165000181,21041165,0001,81
22447684000107,22447684,0001,07
03886930000182,03886930,0001,82
17245838000148,17245838,0001,48
01593821001032,01593821,0010,32
05267176000128,05267176,0001,28
43939204000103,43939204,0001,03
17164435000840,17164435,0008,40
09214368000399,09214368,0003,99
14887241000109,14887241,0001,09
07636657000431,07636657,0004,31
66330549000152,66330549,0001,52
21483359001613,21483359,0016,13
08352952000348,08352952,0003,48
08352952000852,08352952,0008,52
31101610000105,31101610,0001,05
17397670000196,17397670,0001,96
08777540000198,08777540,0001,98
16238339000241,16238339,0002,41
16238339000594,16238339,0005,94
06977372000159,06977372,0001,59
00000330345672,00000330,3456,72
07278407000124,07278407,0001,24
59591974000300,59591974,0003,00
40770297000199,40770297,0001,99
24607928000105,24607928,0001,05
04810813000440,04810813,0004,40
01759112000193,01759112,0001,93
01759112001912,01759112,0019,12
00950001000792,00950001,0007,92
00030716555840,00030716,5558,40
12181979000120,12181979,0001,20
01354546000103,01354546,0001,03
19368927004870,19368927,0048,70
08352952001077,08352952,0010,77
12335668000179,12335668,0001,79
02710921000173,02710921,0001,73
02592563000141,02592563,0001,41
41834524000408,41834524,0004,08
23653694001052,23653694,0010,52
35045758000120,35045758,0001,20
20936065000312,20936065,0003,12
05458585000454,05458585,0004,54
10881906000116,10881906,0001,16
01682695000959,01682695,0009,59
24441206000115,24441206,0001,15
09320530000191,09320530,0001,91
16682796000140,16682796,0001,40
19972622000100,19972622,0001,00
35652700000145,35652700,0001,45
29884789000172,29884789,0001,72
10946897000285,10946897,0002,85
17452512000191,17452512,0001,91
43363210000157,43363210,0001,57
65120057000170,65120057,0001,70
09340994000160,09340994,0001,60
03354650000204,03354650,0002,04
07207806000447,07207806,0004,47
00080963501372,00080963,5013,72
30796425000110,30796425,0001,10
00002315868335,00002315,8683,35
97324545000195,97324545,0001,95
13167714000130,13167714,0001,30
00016550617391,00016550,6173,91
00805297000162,00805297,0001,62
05065496000103,05065496,0001,03
05018123001064,05018123,0010,64
22034458000102,22034458,0001,02
13829957001592,13829957,0015,92
19176878000100,19176878,0001,00
24380578000936,24380578,0009,36
17245051000186,17245051,0001,86
00556594000111,00556594,0001,11
15771520000175,15771520,0001,75
05436332000137,05436332,0001,37
00099709163353,00099709,1633,53
02003338000122,02003338,0001,22
17026052000130,17026052,0001,30
04082624000156,04082624,0001,56
34296373000173,34296373,0001,73
17200920000156,17200920,0001,56
00040439640300,00040439,6403,00
00094854254220,00094854,2542,20
08489409000397,08489409,0003,97
45807994000190,45807994,0001,90
11260994000100,11260994,0001,00
00003385806542,00003385,8065,42
13080626000288,13080626,0002,88
01972480000115,01972480,0001,15
00056491891372,00056491,8913,72
04041754000140,04041754,0001,40
05634414000196,05634414,0001,96
10428092000169,10428092,0001,69
34766054000184,34766054,0001,84
21050742000100,21050742,0001,00
83663484000186,83663484,0001,86
60546801000502,60546801,0005,02
02351006000210,02351006,0002,10
77097426000130,77097426,0001,30
61584223000138,61584223,0001,38
36146575000164,36146575,0001,64
39592214000130,39592214,0001,30
52134798001563,52134798,0015,63
36573767000157,36573767,0001,57
36573767000238,36573767,0002,38
55880934000157,55880934,0001,57
00770488000136,00770488,0001,36
60820321000164,60820321,0001,64
45293275000107,45293275,0001,07
62862479000122,62862479,0001,22
05487758000110,05487758,0001,10
08044340000126,08044340,0001,26
07991244000980,07991244,0009,80
02566288000353,02566288,0003,53
58746744000130,58746744,0001,30
06207276000121,06207276,0001,21
60853942001701,60853942,0017,01
61156113000175,61156113,0001,75
10328153000116,10328153,0001,16
15800153000190,15800153,0001,90
55753578000887,55753578,0008,87
21983240000123,21983240,0001,23
07955496001097,07955496,0010,97
07955496000104,07955496,0001,04
07955496000520,07955496,0005,20
78352663000162,78352663,0001,62
19350180000593,19350180,0005,93
52548435002708,52548435,0027,08
52548435026305,52548435,0263,05
23373000002429,23373000,0024,29
12463689000170,12463689,0001,70
10378082000166,10378082,0001,66
79917597000274,79917597,0002,74
02800821000219,02800821,0002,19
82743832000243,82743832,0002,43
13778875000160,13778875,0001,60
20445120000100,20445120,0001,00
51775690000191,51775690,0001,91
03201462000165,03201462,0001,65
26169262000178,26169262,0001,78
01623403000150,01623403,0001,50
10444161000632,10444161,0006,32
40912458000131,40912458,0001,31
09070704000105,09070704,0001,05
36690688000126,36690688,0001,26
03585982000208,03585982,0002,08
30621890000110,30621890,0001,10
48433739000113,48433739,0001,13
32265456000170,32265456,0001,70
08774241000108,08774241,0001,08
04676236000101,04676236,0001,01
01868396000318,01868396,0003,18
05484996000414,05484996,0004,14
07275520000318,07275520,0003,18
08039676000109,08039676,0001,09
03096738000192,03096738,0001,92
02615012000407,02615012,0004,07
02035105001507,02035105,0015,07
32285454000142,32285454,0001,42
32681371000920,32681371,0009,20
07549168000108,07549168,0001,08
08107709000100,08107709,0001,00
22245245000111,22245245,0001,11
03924282000101,03924282,0001,01
18279158000701,18279158,0007,01
03308232000280,03308232,0002,80
00494516000130,00494516,0001,30
71441661000109,71441661,0001,09
17164435004676,17164435,0046,76
23805088000114,23805088,0001,14
06963567000140,06963567,0001,40
06241044000190,06241044,0001,90
31433771000104,31433771,0001,04
21255567000260,21255567,0002,60
21255567001150,21255567,0011,50
24048514000266,24048514,0002,66
08352952000500,08352952,0005,00
07222297000189,07222297,0001,89
46096410000189,46096410,0001,89
00009786808630,00009786,8086,30
07392106000801,07392106,0008,01
24204979000269,24204979,0002,69
09545681000148,09545681,0001,48
10802512000125,10802512,0001,25
42793190000191,42793190,0001,91
73198574000351,73198574,0003,51
21437447000607,21437447,0006,07
19368927005680,19368927,0056,80
25860537000152,25860537,0001,52
03787516000540,03787516,0005,40
24897571000139,24897571,0001,39
10932674000269,10932674,0002,69
04273776000136,04273776,0001,36
13004833000172,13004833,0001,72
03656804000131,03656804,0001,31
15141799009089,15141799,0090,89
11252153000223,11252153,0002,23
07103283000146,07103283,0001,46
35483965000167,35483965,0001,67
08664187000130,08664187,0001,30
11523313000221,11523313,0002,21
00474300001346,00474300,0013,46
11829538000120,11829538,0001,20
04154972000191,04154972,0001,91
17159856007209,17159856,0072,09
42340181000145,42340181,0001,45
00085040134487,00085040,1344,87
30185130000379,30185130,0003,79
22330577000285,22330577,0002,85
41634619000135,41634619,0001,35
21872101001013,21872101,0010,13
10569208000180,10569208,0001,80
00003970465885,00003970,4658,85
35322558000178,35322558,0001,78
22034458000366,22034458,0003,66
27417612000130,27417612,0001,30
14414973000262,14414973,0002,62
04487080000102,04487080,0001,02
04240429000107,04240429,0001,07
04616801000137,04616801,0001,37
03071894000360,03071894,0003,60
20655105000196,20655105,0001,96
11148883000106,11148883,0001,06
09609245000195,09609245,0001,95
24946352000100,24946352,0001,00
43776584000102,43776584,0001,02
00051794039520,00051794,0395,20
00083287086391,00083287,0863,91
23908995000199,23908995,0001,99
51197647000196,51197647,0001,96
06855894000340,06855894,0003,40
05403409000172,05403409,0001,72
04420916000313,04420916,0003,13
04420916001476,04420916,0014,76
03230112000127,03230112,0001,27
07098541000143,07098541,0001,43
61531620001709,61531620,0017,09
13991890000192,13991890,0001,92
21072440000124,21072440,0001,24
52611571000247,52611571,0002,47
12260426001054,12260426,0010,54
07372785000415,07372785,0004,15
00766315000225,00766315,0002,25
35363181000103,35363181,0001,03
02805610000279,02805610,0002,79
02998301000505,02998301,0005,05
84814029000288,84814029,0002,88
54423934000246,54423934,0002,46
60519634000349,60519634,0003,49
47483716000150,47483716,0001,50
56385834000117,56385834,0001,17
67171769000143,67171769,0001,43
10667654000127,10667654,0001,27
55753578000100,55753578,0001,00
50377159000106,50377159,0001,06
29127993000149,29127993,0001,49
40760217000467,40760217,0004,67
81159857000150,81159857,0001,50
81159857001637,81159857,0016,37
79111779000253,79111779,0002,53
52548435026640,52548435,0266,40
52548435021508,52548435,0215,08
23373000002933,23373000,0029,33
19543116000103,19543116,0001,03
68979111000125,68979111,0001,25
11975534000150,11975534,0001,50
02474103001271,02474103,0012,71
12713820000100,12713820,0001,00
14755184000104,14755184,0001,04
04140159000162,04140159,0001,62
32546470000141,32546470,0001,41
76667682001124,76667682,0011,24
44221086000158,44221086,0001,58
04271910000160,04271910,0001,60
43241544000239,43241544,0002,39
01618204000153,01618204,0001,53
30683536000110,30683536,0001,10
00001577011155,00001577,0111,55
45318376000187,45318376,0001,87
02400001000159,02400001,0001,59
33570797000200,33570797,0002,00
10226386000108,10226386,0001,08
20217115000140,20217115,0001,40
23585399000115,23585399,0001,15
28356533000120,28356533,0001,20
10915021000190,10915021,0001,90
39397682000153,39397682,0001,53
39397682000315,39397682,0003,15
52006915000108,52006915,0001,08
11229349000116,11229349,0001,16
51940173000120,51940173,0001,20
28743765000130,28743765,0001,30
25436130000100,25436130,0001,00
60395589000104,60395589,0001,04
59107938000158,59107938,0001,58
32681371006960,32681371,0069,60
05115544000201,05115544,0002,01
24231808000148,24231808,0001,48
37337053000102,37337053,0001,02
46731185000105,46731185,0001,05
07063921000223,07063921,0002,23
18891036001069,18891036,0010,69
66301334001185,66301334,0011,85
33458465000140,33458465,0001,40
65107971002124,65107971,0021,24
01593821000303,01593821,0003,03
17164435003947,17164435,0039,47
19397579000104,19397579,0001,04
16786220000122,16786220,0001,22
18206243000146,18206243,0001,46
11734333000160,11734333,0001,60
04760257000100,04760257,0001,00
19564343000298,19564343,0002,98
05206729000132,05206729,0001,32
29628234000160,29628234,0001,60
00509884000104,00509884,0001,04
00950001001845,00950001,0018,45
04168918000103,04168918,0001,03
08090788000267,08090788,0002,67
20372140000106,20372140,0001,06
09646672000143,09646672,0001,43
01354546000294,01354546,0002,94
11744740000159,11744740,0001,59
40187710000197,40187710,0001,97
41834524000246,41834524,0002,46
51446159000175,51446159,0001,75
14099635000100,14099635,0001,00
21933935000281,21933935,0002,81
33449884000115,33449884,0001,15
42317705000187,42317705,0001,87
04194483000163,04194483,0001,63
27488738000104,27488738,0001,04
07187328000108,07187328,0001,08
07803353000179,07803353,0001,79
24357758000140,24357758,0001,40
04899037000669,04899037,0006,69
06018299000279,06018299,0002,79
03499970000171,03499970,0001,71
08215964000169,08215964,0001,69
14695804000167,14695804,0001,67
41632928000176,41632928,0001,76
18607519000106,18607519,0001,06
07557333000750,07557333,0007,50
11516329000126,11516329,0001,26
00083539158391,00083539,1583,91
07335301000115,07335301,0001,15
05996097000158,05996097,0001,58
07268379000164,07268379,0001,64
11727497000241,11727497,0002,41
13432810000169,13432810,0001,69
29141804000192,29141804,0001,92
24380578006705,24380578,0067,05
04165197000170,04165197,0001,70
19693476000183,19693476,0001,83
05162079001061,05162079,0010,61
18493354000180,18493354,0001,80
69625283000163,69625283,0001,63
20817402000190,20817402,0001,90
33028845000144,33028845,0001,44
10376555003373,10376555,0033,73
10376555002997,10376555,0029,97
10319846000142,10319846,0001,42
06997310000290,06997310,0002,90
56899602000268,56899602,0002,68
18938887000200,18938887,0002,00
65963142000523,65963142,0005,23
33185329000123,33185329,0001,23
92660604013837,92660604,0138,37
53389953000150,53389953,0001,50
05276312000146,05276312,0001,46
56679863000191,56679863,0001,91
55109474000168,55109474,0001,68
00194724000890,00194724,0008,90
05771750000180,05771750,0001,80
31995738000160,31995738,0001,60
04781143000139,04781143,0001,39
11364642000196,11364642,0001,96
14779384000369,14779384,0003,69
13022072000181,13022072,0001,81
20705907000406,20705907,0004,06
29300403000138,29300403,0001,38
23065793000122,23065793,0001,22
77883320000404,77883320,0004,04
03794552000107,03794552,0001,07
04596181000111,04596181,0001,11
36853331000111,36853331,0001,11
09433294000381,09433294,0003,81
77649283002418,77649283,0024,18
13111527000135,13111527,0001,35
25024696000117,25024696,0001,17
03286850000196,03286850,0001,96
03585304000237,03585304,0002,37
29639652000152,29639652,0001,52
35564539000158,35564539,0001,58
36813478000188,36813478,0001,88
28564466000481,28564466,0004,81
97417117000107,97417117,0001,07
24264867000112,24264867,0001,12
07885021000180,07885021,0001,80
28908804000455,28908804,0004,55
26794086000165,26794086,0001,65
02609799000658,02609799,0006,58
14868305000124,14868305,0001,24
15595943000181,15595943,0001,81
09064447000107,09064447,0001,07
21062047000150,21062047,0001,50
23781092000190,23781092,0001,90
22447684002827,22447684,0028,27
17112541000708,17112541,0007,08
09535153000531,09535153,0005,31
19537752000114,19537752,0001,14
24048514000185,24048514,0001,85
02391271001031,02391271,0010,31
34230979005175,34230979,0051,75
34230979011574,34230979,0115,74
18588762000116,18588762,0001,16
21175203000199,21175203,0001,99
76593763000317,76593763,0003,17
22818305000148,22818305,0001,48
09388890000125,09388890,0001,25
19368927005257,19368927,0052,57
61365557000897,61365557,0008,97
04167498000132,04167498,0001,32
19791227000120,19791227,0001,20
08875109000184,08875109,0001,84
10171882000101,10171882,0001,01
01682695001335,01682695,0013,35
05621860000166,05621860,0001,66
25165699000170,25165699,0001,70
33980212000131,33980212,0001,31
19473466000132,19473466,0001,32
18467419000202,18467419,0002,02
20090124000112,20090124,0001,12
45086409000100,45086409,0001,00
33811801000196,33811801,0001,96
09530502000107,09530502,0001,07
28081287000140,28081287,0001,40
00036307726334,00036307,7263,34
04423567000989,04423567,0009,89
38276228000181,38276228,0001,81
11201805000110,11201805,0001,10
29959937000170,29959937,0001,70
19498441000193,19498441,0001,93
27183425000210,27183425,0002,10
01287588000330,01287588,0003,30
32205185000167,32205185,0001,67
00733658000102,00733658,0001,02
43555462000188,43555462,0001,88
33930897000101,33930897,0001,01
12447077000193,12447077,0001,93
60398369000800,60398369,0008,00
00215234000156,00215234,0001,56
01528374000490,01528374,0004,90
05824316000111,05824316,0001,11
01676897002427,01676897,0024,27
09216084000170,09216084,0001,70
10376555000277,10376555,0002,77
27958067000190,27958067,0001,90
00035353007972,00035353,0079,72
60546801002980,60546801,0029,80
64787989000108,64787989,0001,08
07080388000127,07080388,0001,27
07497991000109,07497991,0001,09
05849495000494,05849495,0004,94
07037123000146,07037123,0001,46
07037123000227,07037123,0002,27
73056459000180,73056459,0001,80
06268099000355,06268099,0003,55
52181884000121,52181884,0001,21
62944004000185,62944004,0001,85
09182142000191,09182142,0001,91
05463581000111,05463581,0001,11
05457125000169,05457125,0001,69
22459840000150,22459840,0001,50
60933603048103,60933603,0481,03
23096269000208,23096269,0002,08
02998301000343,02998301,0003,43
03582844000186,03582844,0001,86
00194724000466,00194724,0004,66
00194724001276,00194724,0012,76
18788970000240,18788970,0002,40
15472488000127,15472488,0001,27
01480091000172,01480091,0001,72
05352496000186,05352496,0001,86
07022473000139,07022473,0001,39
03221900000157,03221900,0001,57
88676127002110,88676127,0021,10
28924774000209,28924774,0002,09
02677998000199,02677998,0001,99
02474103000976,02474103,0009,76
06153675000157,06153675,0001,57
26986376000291,26986376,0002,91
91399964000100,91399964,0001,00
89723977011002,89723977,0110,02
92807254000134,92807254,0001,34
01937440000132,01937440,0001,32
76667682000748,76667682,0007,48
77371789001789,77371789,0017,89
11649350000108,11649350,0001,08
18175007000100,18175007,0001,00
02077618006540,02077618,0065,40
35662605000122,35662605,0001,22
13111527000216,13111527,0002,16
19852831000110,19852831,0001,10
03575041000102,03575041,0001,02
17130608000133,17130608,0001,33
01002047000408,01002047,0004,08
14791422000218,14791422,0002,18
50284614000110,50284614,0001,10
38482180000168,38482180,0001,68
42234005001605,42234005,0016,05
07433768000106,07433768,0001,06
17070390000179,17070390,0001,79
08588911002307,08588911,0023,07
04221067000298,04221067,0002,98
61084018004877,61084018,0048,77
61084018003390,61084018,0033,90
61084018001851,61084018,0018,51
61084018008600,61084018,0086,00
66702325000124,66702325,0001,24
71241731000177,71241731,0001,77
71241731001149,71241731,0011,49
23805088000467,23805088,0004,67
21553177000195,21553177,0001,95
20698684000235,20698684,0002,35
20698684000405,20698684,0004,05
07941428000188,07941428,0001,88
17201666000100,17201666,0001,00
26429471000375,26429471,0003,75
16933590001460,16933590,0014,60
02572512000581,02572512,0005,81
34230979000963,34230979,0009,63
01759112000274,01759112,0002,74
00070647518600,00070647,5186,00
36710631000141,36710631,0001,41
07458295000193,07458295,0001,93
01524903000304,01524903,0003,04
17162983003695,17162983,0036,95
03966583000106,03966583,0001,06
02805820004416,02805820,0044,16
02126014000696,02126014,0006,96
29067113040813,29067113,0408,13
06101470000128,06101470,0001,28
04127762000104,04127762,0001,04
10639435000134,10639435,0001,34
08747503000560,08747503,0005,60
09379165000271,09379165,0002,71
07831927000112,07831927,0001,12
04801267000139,04801267,0001,39
11402443000125,11402443,0001,25
18467419000113,18467419,0001,13
39426571000128,39426571,0001,28
25109805000107,25109805,0001,07
15148375000170,15148375,0001,70
01722772000108,01722772,0001,08
35820506000121,35820506,0001,21
07815657000156,07815657,0001,56
12266743000197,12266743,0001,97
23514829000108,23514829,0001,08
13479289000115,13479289,0001,15
58163403000301,58163403,0003,01
13032743000195,13032743,0001,95
09594305000143,09594305,0001,43
03581989000324,03581989,0003,24
33380561000112,33380561,0001,12
18045185000205,18045185,0002,05
12103445000186,12103445,0001,86
01857346000173,01857346,0001,73
10376555003454,10376555,0034,54
26574250000129,26574250,0001,29
05261829000161,05261829,0001,61
34114460000162,34114460,0001,62
05073228000125,05073228,0001,25
07408046000436,07408046,0004,36
62545686001397,62545686,0013,97
74445099000171,74445099,0001,71
24312884001079,24312884,0010,79
68862960000102,68862960,0001,02
07954764000246,07954764,0002,46
04873789000146,04873789,0001,46
49976251000103,49976251,0001,03
13022198000156,13022198,0001,56
51874188000138,51874188,0001,38
00194724001357,00194724,0013,57
57700916000686,57700916,0006,86
52548435025082,52548435,0250,82
02987873000165,02987873,0001,65
88313457000105,88313457,0001,05
94813102005058,94813102,0050,58
10653638000185,10653638,0001,85
09059844000182,09059844,0001,82
17905113000139,17905113,0001,39
83874867000284,83874867,0002,84
26291836000186,26291836,0001,86
92644483000185,92644483,0001,85
08703867000204,08703867,0002,04
38239725000100,38239725,0001,00
01897846000139,01897846,0001,39
03835832000116,03835832,0001,16
01071353000145,01071353,0001,45
06315183000200,06315183,0002,00
00080671000100,00080671,0001,00
27241963000133,27241963,0001,33
02789187000180,02789187,0001,80
25218122000180,25218122,0001,80
52387923000222,52387923,0002,22
52387923000303,52387923,0003,03
02227767000183,02227767,0001,83
38013764000194,38013764,0001,94
11490163000116,11490163,0001,16
07834887000162,07834887,0001,62
22469527000100,22469527,0001,00
02224206000120,02224206,0001,20
33541368016705,33541368,0167,05
33541368018759,33541368,0187,59
33541368026182,33541368,0261,82
33541368026778,33541368,0267,78
33541368027740,33541368,0277,40
33541368000116,33541368,0001,16
44520687000161,44520687,0001,61
04147202000111,04147202,0001,11
34708029000144,34708029,0001,44
03461875000189,03461875,0001,89
27486182001938,27486182,0019,38
61084018002076,61084018,0020,76
09595355000145,09595355,0001,45
04513170000120,04513170,0001,20
06133785000157,06133785,0001,57
65315418000133,65315418,0001,33
06312445000193,06312445,0001,93
18715565000110,18715565,0001,10
16695025000197,16695025,0001,97
16238339000322,16238339,0003,22
00093187041604,00093187,0416,04
34230979014590,34230979,0145,90
28365123000145,28365123,0001,45
19059849001564,19059849,0015,64
11987276000121,11987276,0001,21
18594208000303,18594208,0003,03
08512037000453,08512037,0004,53
29877328000172,29877328,0001,72
19652702000188,19652702,0001,88
16982376000340,16982376,0003,40
08035281000120,08035281,0001,20
00779059000472,00779059,0004,72
01791741000109,01791741,0001,09
08769549000904,08769549,0009,04
52781963000173,52781963,0001,73
10913161000120,10913161,0001,20
17887379000104,17887379,0001,04
27657485000147,27657485,0001,47
29829452000596,29829452,0005,96
07498296000919,07498296,0009,19
78106754000118,78106754,0001,18
04694548000130,04694548,0001,30
00308668000443,00308668,0004,43
48057300000133,48057300,0001,33
07779299000173,07779299,0001,73
23212417000113,23212417,0001,13
04695332000199,04695332,0001,99
12066346000171,12066346,0001,71
06049258000169,06049258,0001,69
08794451000664,08794451,0006,64
08794451000583,08794451,0005,83
84498070000101,84498070,0001,01
09478309000832,09478309,0008,32
02351006001291,02351006,0012,91
62545686000234,62545686,0002,34
62545686001982,62545686,0019,82
05158344000147,05158344,0001,47
04690015001666,04690015,0016,66
57894016001001,57894016,0010,01
35218174000100,35218174,0001,00
35218260000112,35218260,0001,12
54991591000216,54991591,0002,16
13915083000190,13915083,0001,90
62379813000868,62379813,0008,68
52406329000908,52406329,0009,08
02130278000109,02130278,0001,09
02782342000136,02782342,0001,36
22902476000312,22902476,0003,12
81159857012329,81159857,0123,29
81159857012248,81159857,0122,48
76533777000264,76533777,0002,64
46574475000273,46574475,0002,73
02990334000428,02990334,0004,28
00220982000127,00220982,0001,27
00060663251915,00060663,2519,15
04741811000102,04741811,0001,02
86532538003269,86532538,0032,69
02474103000623,02474103,0006,23
78958717001614,78958717,0016,14
34314216000224,34314216,0002,24
78261252000161,78261252,0001,61
05621758000160,05621758,0001,60
30251782000100,30251782,0001,00
26355027000190,26355027,0001,90
08633849000104,08633849,0001,04
17994551000110,17994551,0001,10
06177710000178,06177710,0001,78
10624668000163,10624668,0001,63
00057240004039,00057240,0040,39
28564466000139,28564466,0001,39
10738611000276,10738611,0002,76
10383159000196,10383159,0001,96
42147496000170,42147496,0001,70
31468911000171,31468911,0001,71
31023302003043,31023302,0030,43
04335535000255,04335535,0002,55
27486182016102,27486182,0161,02
61084018002238,61084018,0022,38
09663533000128,09663533,0001,28
17255696000108,17255696,0001,08
21000344000685,21000344,0006,85
43614780000172,43614780,0001,72
28501422000160,28501422,0001,60
18715532000170,18715532,0001,70
07532851000124,07532851,0001,24
18985180000173,18985180,0001,73
01339828000301,01339828,0003,01
10810685000195,10810685,0001,95
17192048000818,17192048,0008,18
17162983003261,17162983,0032,61
06296177000163,06296177,0001,63
26401399000106,26401399,0001,06
46424729000196,46424729,0001,96
42317705000268,42317705,0002,68
14408651000120,14408651,0001,20
01682695000282,01682695,0002,82
19784967000210,19784967,0002,10
42415962000151,42415962,0001,51
42251174000177,42251174,0001,77
10704112000187,10704112,0001,87
69717643000157,69717643,0001,57
31987681000157,31987681,0001,57
31023023000226,31023023,0002,26
11163092000147,11163092,0001,47
07945637000108,07945637,0001,08
46742708000119,46742708,0001,19
73503245000105,73503245,0001,05
30653472000104,30653472,0001,04
04692152000153,04692152,0001,53
14593521000104,14593521,0001,04
07154484000172,07154484,0001,72
05458096000150,05458096,0001,50
07505066000182,07505066,0001,82
84481373000111,84481373,0001,11
05571228000740,05571228,0007,40
10553330000168,10553330,0001,68
06526131000193,06526131,0001,93
42807885000185,42807885,0001,85
60546801002556,60546801,0025,56
02847287000115,02847287,0001,15
62545686001800,62545686,0018,00
56764822002228,56764822,0022,28
49656192000188,49656192,0001,88
15090690000194,15090690,0001,94
00367104000139,00367104,0001,39
71868939000110,71868939,0001,10
49035678000107,49035678,0001,07
08578948000130,08578948,0001,30
33118090000179,33118090,0001,79
08742706000130,08742706,0001,30
09074183000164,09074183,0001,64
27595780001600,27595780,0016,00
52548435015605,52548435,0156,05
76299270000611,76299270,0006,11
95257945000108,95257945,0001,08
26650100000157,26650100,0001,57
02491143000179,02491143,0001,79
07956759000515,07956759,0005,15
86532538002963,86532538,0029,63
13841647000198,13841647,0001,98
92080019000103,92080019,0001,03
89723977006343,89723977,0063,43
76667682001639,76667682,0016,39
75294801002079,75294801,0020,79
77371789000626,77371789,0006,26
80389273000109,80389273,0001,09
06314327000203,06314327,0002,03
25634551000480,25634551,0004,80
00357038016039,00357038,0160,39
30676217000187,30676217,0001,87
35972454000290,35972454,0002,90
32681371002973,32681371,0029,73
07063914000221,07063914,0002,21
07063924000267,07063924,0002,67
17866823000288,17866823,0002,88
18275621000143,18275621,0001,43
19843929001697,19843929,0016,97
13583212000190,13583212,0001,90
16482121000238,16482121,0002,38
45701942000135,45701942,0001,35
34230979015219,34230979,0152,19
34230979017181,34230979,0171,81
34230979017696,34230979,0176,96
48112659000166,48112659,0001,66
13399764000143,13399764,0001,43
37978223000219,37978223,0002,19
04190998000195,04190998,0001,95
11252153000142,11252153,0001,42
04781666000185,04781666,0001,85
20962342000108,20962342,0001,08
00083520139391,00083520,1393,91
08269988000109,08269988,0001,09
09502691000104,09502691,0001,04
46987156000109,46987156,0001,09
47015663000143,47015663,0001,43
01659904000196,01659904,0001,96
13647862000152,13647862,0001,52
49057350000183,49057350,0001,83
14605065000507,14605065,0005,07
06993242000100,06993242,0001,00
01741756000154,01741756,0001,54
05491704000128,05491704,0001,28
06297912000153,06297912,0001,53
18045185000388,18045185,0003,88
51715706000251,51715706,0002,51
06204260000165,06204260,0001,65
00046265007300,00046265,0073,00
17323084000105,17323084,0001,05
31799479001254,31799479,0012,54
66707654000168,66707654,0001,68
09619469000340,09619469,0003,40
10993650000139,10993650,0001,39
08386255000146,08386255,0001,46
65993339000181,65993339,0001,81
45645462000528,45645462,0005,28
00657565000146,00657565,0001,46
56959422000305,56959422,0003,05
24312884000420,24312884,0004,20
00679427001997,00679427,0019,97
00679427002020,00679427,0020,20
00679427001059,00679427,0010,59
00679427000591,00679427,0005,91
00679427000834,00679427,0008,34
67114629000133,67114629,0001,33
52406329001718,52406329,0017,18
09499470000116,09499470,0001,16
48446570000136,48446570,0001,36
74251919000356,74251919,0003,56
07191228006609,07191228,0066,09
07046041000168,07046041,0001,68
76533777004332,76533777,0043,32
89387864004702,89387864,0047,02
94458312000197,94458312,0001,97
68979111000559,68979111,0005,59
19660348000214,19660348,0002,14
01044153000101,01044153,0001,01
79228219000526,79228219,0005,26
76295344000137,76295344,0001,37
14460993000431,14460993,0004,31
09377131000167,09377131,0001,67
81703126000124,81703126,0001,24
51079953000128,51079953,0001,28
05492166000196,05492166,0001,96
07084299000159,07084299,0001,59
05094194000821,05094194,0008,21
73704389000120,73704389,0001,20
09433294000977,09433294,0009,77
12247272000170,12247272,0001,70
35160379000181,35160379,0001,81
26469628000124,26469628,0001,24
28690998000201,28690998,0002,01
27776667000137,27776667,0001,37
00357038003484,00357038,0034,84
00357038002321,00357038,0023,21
00357038003999,00357038,0039,99
14102782000184,14102782,0001,84
27486182024121,27486182,0241,21
61084018005091,61084018,0050,91
17516113000147,17516113,0001,47
17223663000178,17223663,0001,78
00514564000142,00514564,0001,42
43998509000501,43998509,0005,01
19521040000298,19521040,0002,98
08992198000220,08992198,0002,20
19942283001190,19942283,0011,90
02490073000134,02490073,0001,34
19368927005842,19368927,0058,42
70176425000212,70176425,0002,12
19202817000170,19202817,0001,70
04836593000181,04836593,0001,81
00010627313442,00010627,3134,42
09264052000140,09264052,0001,40
09015680000191,09015680,0001,91
20327997000104,20327997,0001,04
02038405000144,02038405,0001,44
31906858000143,31906858,0001,43
34772245000230,34772245,0002,30
11796408000138,11796408,0001,38
33346586005835,33346586,0058,35
04697636000195,04697636,0001,95
16066888000103,16066888,0001,03
01106257000195,01106257,0001,95
11831785000322,11831785,0003,22
18358051000155,18358051,0001,55
05904360000131,05904360,0001,31
00003073663320,00003073,6633,20
53503652001349,53503652,0013,49
53503652003988,53503652,0039,88
34274233040821,34274233,0408,21
06977829000125,06977829,0001,25
45645462000102,45645462,0001,02
10455862000162,10455862,0001,62
15320722000109,15320722,0001,09
74212069000204,74212069,0002,04
01683837000145,01683837,0001,45
08166629000118,08166629,0001,18
67063271000914,67063271,0009,14
60036597000156,60036597,0001,56
12605744000119,12605744,0001,19
34024324000181,34024324,0001,81
07191228005386,07191228,0053,86
10486894000125,10486894,0001,25
05441551000457,05441551,0004,57
72096100000174,72096100,0001,74
08189329000154,08189329,0001,54
04206591000109,04206591,0001,09
83739946000525,83739946,0005,25
00061493001060,00061493,0010,60
89723977010294,89723977,0102,94
89723977012076,89723977,0120,76
90378894000140,90378894,0001,40
79776654000161,79776654,0001,61
75294801000882,75294801,0008,82
77371789002670,77371789,0026,70
12979342000184,12979342,0001,84
11324276000141,11324276,0001,41
05872541000123,05872541,0001,23
07421604000312,07421604,0003,12
47856063000108,47856063,0001,08
20739103000185,20739103,0001,85
00555887000184,00555887,0001,84
42799486000209,42799486,0002,09
03014011000623,03014011,0006,23
22192546000981,22192546,0009,81
48200642000160,48200642,0001,60
54177692000177,54177692,0001,77
51715706000170,51715706,0001,70
51715706000502,51715706,0005,02
17332957000138,17332957,0001,38
30511844000168,30511844,0001,68
33130543000182,33130543,0001,82
08956040000113,08956040,0001,13
07196033002303,07196033,0023,03
27486182008860,27486182,0088,60
09548328000111,09548328,0001,11
00394502003593,00394502,0035,93
18422469000184,18422469,0001,84
21831086000174,21831086,0001,74
41808775000175,41808775,0001,75
54371038000108,54371038,0001,08
22247399000142,22247399,0001,42
05324485000192,05324485,0001,92
71241731001220,71241731,0012,20
68539857000541,68539857,0005,41
16942195000552,16942195,0005,52
16942563000139,16942563,0001,39
00014104450898,00014104,4508,98
17033881000220,17033881,0002,20
34230979004101,34230979,0041,01
34230979005418,34230979,0054,18
34230979015308,34230979,0153,08
08211779000104,08211779,0001,04
22297707000144,22297707,0001,44
28744298000163,28744298,0001,63
17162983003857,17162983,0038,57
19368927005508,19368927,0055,08
08512037000615,08512037,0006,15
43814859000147,43814859,0001,47
42357483000630,42357483,0006,30
00078502420410,00078502,4204,10
00009364297474,00009364,2974,74
14419108000128,14419108,0001,28
07408612000167,07408612,0001,67
44553754000144,44553754,0001,44
03817070000125,03817070,0001,25
00747897000111,00747897,0001,11
14492342000695,14492342,0006,95
04672291000115,04672291,0001,15
11152300000102,11152300,0001,02
29358153000197,29358153,0001,97
08201761000202,08201761,0002,02
04082624001551,04082624,0015,51
13188854000357,13188854,0003,57
00008819912368,00008819,9123,68
37770370000118,37770370,0001,18
00067749097953,00067749,0979,53
44392102000418,44392102,0004,18
11860729000154,11860729,0001,54
05454846000204,05454846,0002,04
00005603153334,00005603,1533,34
52712311000187,52712311,0001,87
51800374000122,51800374,0001,22
05321987000240,05321987,0002,40
45176864000105,45176864,0001,05
73194615000412,73194615,0004,12
73194615000170,73194615,0001,70
43338797000144,43338797,0001,44
22493205000199,22493205,0001,99
08183516000120,08183516,0001,20
58322512000154,58322512,0001,54
58322512000588,58322512,0005,88
03253843000198,03253843,0001,98
45992724000792,45992724,0007,92
25037487000108,25037487,0001,08
00242184000520,00242184,0005,20
00242184000368,00242184,0003,68
00242184001682,00242184,0016,82
00242184000791,00242184,0007,91
00242184000449,00242184,0004,49
00242184000872,00242184,0008,72
00242184000287,00242184,0002,87
49642887000100,49642887,0001,00
28131759000122,28131759,0001,22
66607219000161,66607219,0001,61
02556064000107,02556064,0001,07
04333897000126,04333897,0001,26
04333897000711,04333897,0007,11
02119200000274,02119200,0002,74
03893705000173,03893705,0001,73
03799500000123,03799500,0001,23
55064562001081,55064562,0010,81
20514651000107,20514651,0001,07
76299270000530,76299270,0005,30
84683408000103,84683408,0001,03
02474103001433,02474103,0014,33
83662171000103,83662171,0001,03
83739946000444,83739946,0004,44
03257777000124,03257777,0001,24
13109982000104,13109982,0001,04
76376375000112,76376375,0001,12
79114450028256,79114450,0282,56
01937440001457,01937440,0014,57
14646268000100,14646268,0001,00
77371789000383,77371789,0003,83
77371789001940,77371789,0019,40
11234918000111,11234918,0001,11
11972381000197,11972381,0001,97
44026037000245,44026037,0002,45
02734023000821,02734023,0008,21
70356449000504,70356449,0005,04
54305037000157,54305037,0001,57
03129679000373,03129679,0003,73
03237630000172,03237630,0001,72
30090575005091,30090575,0050,91
00357038015733,00357038,0157,33
23274194008950,23274194,0089,50
33435231000349,33435231,0003,49
52928736000128,52928736,0001,28
31995680000154,31995680,0001,54
02373517000313,02373517,0003,13
32492373005000,32492373,0050,00
30676217000500,30676217,0005,00
09615848000108,09615848,0001,08
33873577000329,33873577,0003,29
33873577000167,33873577,0001,67
09535153000612,09535153,0006,12
17221771000292,17221771,0002,92
50272748000111,50272748,0001,11
17229964000109,17229964,0001,09
34230979017343,34230979,0173,43
00016116550649,00016116,5506,49
29093888000217,29093888,0002,17
01744153000882,01744153,0008,82
41804972000116,41804972,0001,16
11447344000160,11447344,0001,60
13244668000126,13244668,0001,26
53172475000121,53172475,0001,21
24083917000165,24083917,0001,65
04700295000160,04700295,0001,60
40829988000110,40829988,0001,10
00779059001363,00779059,0013,63
00467702000180,00467702,0001,80
03431716000808,03431716,0008,08
03087043000144,03087043,0001,44
54509820000132,54509820,0001,32
00007155492353,00007155,4923,53
00004874960359,00004874,9603,59
00002039674454,00002039,6744,54
89171201000246,89171201,0002,46
01287588001574,01287588,0015,74
17159856000107,17159856,0001,07
17159856007624,17159856,0076,24
01899414000167,01899414,0001,67
14602189002574,14602189,0025,74
14804587000104,14804587,0001,04
29829452000243,29829452,0002,43
24380578002980,24380578,0029,80
01892725000102,01892725,0001,02
05436597000135,05436597,0001,35
31229721000100,31229721,0001,00
00644907000193,00644907,0001,93
08054995000185,08054995,0001,85
06215856000160,06215856,0001,60
13311034000220,13311034,0002,20
16930286000144,16930286,0001,44
09614350000384,09614350,0003,84
09007096000194,09007096,0001,94
39325356000130,39325356,0001,30
46014122003072,46014122,0030,72
00242184001330,00242184,0013,30
00242184001259,00242184,0012,59
00242184000104,00242184,0001,04
06088176000123,06088176,0001,23
00873594001206,00873594,0012,06
09499470000540,09499470,0005,40
92660604000263,92660604,0002,63
92660604001316,92660604,0013,16
92660604015457,92660604,0154,57
08223614000144,08223614,0001,44
26803134000134,26803134,0001,34
67063271001139,67063271,0011,39
67063271000671,67063271,0006,71
67063271001210,67063271,0012,10
67063271000833,67063271,0008,33
67063271001058,67063271,0010,58
00653149000250,00653149,0002,50
23373000003662,23373000,0036,62
16692339000136,16692339,0001,36
52099356000128,52099356,0001,28
75809442000182,75809442,0001,82
80410343000406,80410343,0004,06
80410343000678,80410343,0006,78
09394905000249,09394905,0002,49
10413610000170,10413610,0001,70
76576198001270,76576198,0012,70
29229084000111,29229084,0001,11
53492523000169,53492523,0001,69
21286632000133,21286632,0001,33
01594992000195,01594992,0001,95
12919786000124,12919786,0001,24
76109594000216,76109594,0002,16
17536615000130,17536615,0001,30
07095509000104,07095509,0001,04
03801924000428,03801924,0004,28
03801924002200,03801924,0022,00
47399000000170,47399000,0001,70
25634569000130,25634569,0001,30
25634569002183,25634569,0021,83
25634551009860,25634551,0098,60
03071380000143,03071380,0001,43
51689935000168,51689935,0001,68
02027952000124,02027952,0001,24
23607506000169,23607506,0001,69
00357038015652,00357038,0156,52
03568496001245,03568496,0012,45
23274194011404,23274194,0114,04
23274194000704,23274194,0007,04
07361576000123,07361576,0001,23
15563826000489,15563826,0004,89
33130543002207,33130543,0022,07
30540330000130,30540330,0001,30
31023302002071,31023302,0020,71
02284444000636,02284444,0006,36
09549370000157,09549370,0001,57
09606256000111,09606256,0001,11
02870124000153,02870124,0001,53
15287336000154,15287336,0001,54
52873360000100,52873360,0001,00
33873577000590,33873577,0005,90
76987544000401,76987544,0004,01
37764079000218,37764079,0002,18
00057477272149,00057477,2721,49
34230979010179,34230979,0101,79
34230979009758,34230979,0097,58
34230979011493,34230979,0114,93
34230979013437,34230979,0134,37
21613363000172,21613363,0001,72
00071032681691,00071032,6816,91
16935745000182,16935745,0001,82
00002970181673,00002970,1816,73
19371553000260,19371553,0002,60
08213355000170,08213355,0001,70
53155284000151,53155284,0001,51
00002651667480,00002651,6674,80
02489981001422,02489981,0014,22
97550973000136,97550973,0001,36
13345100000100,13345100,0001,00
08811119001713,08811119,0017,13
41235813000148,41235813,0001,48
10260249000513,10260249,0005,13
07591258000663,07591258,0006,63
00005031543345,00005031,5433,45
00002691122352,00002691,1223,52
00006329570345,00006329,5703,45
00096881194315,00096881,1943,15
00003058550340,00003058,5503,40
00002138881490,00002138,8814,90
00005149800368,00005149,8003,68
00081540450368,00081540,4503,68
44406870000130,44406870,0001,30
00001994863366,00001994,8633,66
00080336779372,00080336,7793,72
05975316000112,05975316,0001,12
00060520718348,00060520,7183,48
00005830377390,00005830,3773,90
03536615000397,03536615,0003,97
10267349000148,10267349,0001,48
34149823000600,34149823,0006,00
01767998000117,01767998,0001,17
04497756000491,04497756,0004,91
04210423000197,04210423,0001,97
00061411710282,00061411,7102,82
01528374001461,01528374,0014,61
17780223000111,17780223,0001,11
62545686001206,62545686,0012,06
33325184002758,33325184,0027,58
60723061055868,60723061,0558,68
46569957000154,46569957,0001,54
07526557001505,07526557,0015,05
01188827000133,01188827,0001,33
45217882000180,45217882,0001,80
04690015001402,04690015,0014,02
12260426000759,12260426,0007,59
07662972000190,07662972,0001,90
24312884000935,24312884,0009,35
00679427001563,00679427,0015,63
00726861000151,00726861,0001,51
05110926000404,05110926,0004,04
45523719001389,45523719,0013,89
19567442000223,19567442,0002,23
40760217000629,40760217,0006,29
47254461000154,47254461,0001,54
52548435024353,52548435,0243,53
88313853000124,88313853,0001,24
94813102000846,94813102,0008,46
94458312000278,94458312,0002,78
94458312000782,94458312,0007,82
87296026019711,87296026,0197,11
02474103000895,02474103,0008,95
13305170000126,13305170,0001,26
82096314000102,82096314,0001,02
03391986000166,03391986,0001,66
08093667000198,08093667,0001,98
02661209000121,02661209,0001,21
01201041000109,01201041,0001,09
75958926000193,75958926,0001,93
64502289000120,64502289,0001,20
02249513000166,02249513,0001,66
38479657000156,38479657,0001,56
09433294000624,09433294,0006,24
10713051000203,10713051,0002,03
01831822000187,01831822,0001,87
05760401000163,05760401,0001,63
13164401000129,13164401,0001,29
26582379000189,26582379,0001,89
03801924000185,03801924,0001,85
03801924001580,03801924,0015,80
34790251000139,34790251,0001,39
22192546001104,22192546,0011,04
22192546001287,22192546,0012,87
43944876000107,43944876,0001,07
29899143000320,29899143,0003,20
31643851000267,31643851,0002,67
28434280000327,28434280,0003,27
50318451000140,50318451,0001,40
06635285001780,06635285,0017,80
06635285001004,06635285,0010,04
17441792000213,17441792,0002,13
32681371002620,32681371,0026,20
32681371004240,32681371,0042,40
09541775000149,09541775,0001,49
09580252000101,09580252,0001,01
33798026000186,33798026,0001,86
53794143000189,53794143,0001,89
42849455000126,42849455,0001,26
04800789000116,04800789,0001,16
05553301000166,05553301,0001,66
65364614000106,65364614,0001,06
19843929000100,19843929,0001,00
07271007000359,07271007,0003,59
21483359000137,21483359,0001,37
17340123000174,17340123,0001,74
08352952001581,08352952,0015,81
03662722000108,03662722,0001,08
37813181000185,37813181,0001,85
34230979010330,34230979,0103,30
34230979007461,34230979,0074,61
34230979013607,34230979,0136,07
34230979013860,34230979,0138,60
23201343000110,23201343,0001,10
26178616000140,26178616,0001,40
07631568000230,07631568,0002,30
13132317000123,13132317,0001,23
02657017001113,02657017,0011,13
09327209000139,09327209,0001,39
03614931000178,03614931,0001,78
72412216000256,72412216,0002,56
41426487000156,41426487,0001,56
00064676722320,00064676,7223,20
00046584374300,00046584,3743,00
00006529068341,00006529,0683,41
00071342141334,00071342,1413,34
07919864000150,07919864,0001,50
96825575002670,96825575,0026,70
33504871000100,33504871,0001,00
84010040001933,84010040,0019,33
32923187000515,32923187,0005,15
22257109001113,22257109,0011,13
01528374001542,01528374,0015,42
01528374001704,01528374,0017,04
07570829000500,07570829,0005,00
17447589000173,17447589,0001,73
00003395147363,00003395,1473,63
28541171000147,28541171,0001,47
10481071000107,10481071,0001,07
05648225000172,05648225,0001,72
04690015001232,04690015,0012,32
55958318000171,55958318,0001,71
02303346000194,02303346,0001,94
92660604015708,92660604,0157,08
16703851000211,16703851,0002,11
19201121000120,19201121,0001,20
44632347000122,44632347,0001,22
92769470000132,92769470,0001,32
80418205000120,80418205,0001,20
82096314000447,82096314,0004,47
83739946000363,83739946,0003,63
21157133000146,21157133,0001,46
92330844000119,92330844,0001,19
93094597000161,93094597,0001,61
18513338000102,18513338,0001,02
07298131000499,07298131,0004,99
10665557000103,10665557,0001,03
01170800000113,01170800,0001,13
01170800000202,01170800,0002,02
00074670000152,00074670,0001,52
07489111000152,07489111,0001,52
37055356000132,37055356,0001,32
13424449000129,13424449,0001,29
10536371000146,10536371,0001,46
05094194000660,05094194,0006,60
05094194000406,05094194,0004,06
37082632000151,37082632,0001,51
00001180001440,00001180,0014,40
00001180003575,00001180,0035,75
00001180005861,00001180,0058,61
00001180005357,00001180,0053,57
00001180005780,00001180,0057,80
00001180003656,00001180,0036,56
00001180005942,00001180,0059,42
00001180002170,00001180,0021,70
00001180005004,00001180,0050,04
00001180002331,00001180,0023,31
00001180002765,00001180,0027,65
33541368022276,33541368,0222,76
33049503000100,33049503,0001,00
00052494764815,00052494,7648,15
28606630000123,28606630,0001,23
14325952000190,14325952,0001,90
08930868000100,08930868,0001,00
19853264000388,19853264,0003,88
07196033002575,07196033,0025,75
09633726000136,09633726,0001,36
05354271000592,05354271,0005,92
42934489000119,42934489,0001,19
42934489000461,42934489,0004,61
08191899000189,08191899,0001,89
04702118000899,04702118,0008,99
17766825000203,17766825,0002,03
05476099000116,05476099,0001,16
08352952000690,08352952,0006,90
07150233001272,07150233,0012,72
32279043000144,32279043,0001,44
44363037000150,44363037,0001,50
34230979009405,34230979,0094,05
34230979008603,34230979,0086,03
34230979005094,34230979,0050,94
11603938000112,11603938,0001,12
15527124000105,15527124,0001,05
08166947000189,08166947,0001,89
00065464990615,00065464,9906,15
10218169000176,10218169,0001,76
26614327000147,26614327,0001,47
26178616000817,26178616,0008,17
26178616001546,26178616,0015,46
19368927003718,19368927,0037,18
11069370000100,11069370,0001,00
00999591000403,00999591,0004,03
13244668000550,13244668,0005,50
26673348000214,26673348,0002,14
11995055000286,11995055,0002,86
00008306442458,00008306,4424,58
51413949000154,51413949,0001,54
00099930846387,00099930,8463,87
28133640000199,28133640,0001,99
07179823000175,07179823,0001,75
00000322151341,00000322,1513,41
14030255000101,14030255,0001,01
54324211000109,54324211,0001,09
00000592142361,00000592,1423,61
07268379000326,07268379,0003,26
12441452000198,12441452,0001,98
60594538001680,60594538,0016,80
21120716000100,21120716,0001,00
13471578000178,13471578,0001,78
26733777000159,26733777,0001,59
02709163000335,02709163,0003,35
27317546000127,27317546,0001,27
09614350000112,09614350,0001,12
20321669000192,20321669,0001,92
00041453603387,00041453,6033,87
05991437000310,05991437,0003,10
06849988000144,06849988,0001,44
39978755000796,39978755,0007,96
32142502000143,32142502,0001,43
15698659000211,15698659,0002,11
60723061004368,60723061,0043,68
45992724000105,45992724,0001,05
00242184001410,00242184,0014,10
54290200000155,54290200,0001,55
20757013000117,20757013,0001,17
14672378000146,14672378,0001,46
08693795000172,08693795,0001,72
05026924000180,05026924,0001,80
19004551000151,19004551,0001,51
64700735000291,64700735,0002,91
07680706000190,07680706,0001,90
96178199000111,96178199,0001,11
61082988003519,61082988,0035,19
61082988003004,61082988,0030,04
05252578000159,05252578,0001,59
94458312000430,94458312,0004,30
12475797000162,12475797,0001,62
41820666000173,41820666,0001,73
83060327000186,83060327,0001,86
89723977008478,89723977,0084,78
04502574000208,04502574,0002,08
06087883000286,06087883,0002,86
38948791000159,38948791,0001,59
02910203000493,02910203,0004,93
18591777000133,18591777,0001,33
03005123000103,03005123,0001,03
77649283002507,77649283,0025,07
10653596000182,10653596,0001,82
02787125000210,02787125,0002,10
22192546001368,22192546,0013,68
25634569002000,25634569,0020,00
02400001000400,02400001,0004,00
30538060000123,30538060,0001,23
00001180001106,00001180,0011,06
00001180001793,00001180,0017,93
00001180003303,00001180,0033,03
00001180003818,00001180,0038,18
02016507004822,02016507,0048,22
02016507000169,02016507,0001,69
06030279001023,06030279,0010,23
28689842000464,28689842,0004,64
48132276000150,48132276,0001,50
03435212000190,03435212,0001,90
03475418000909,03475418,0009,09
17915300001256,17915300,0012,56
53310946000110,53310946,0001,10
32681371007428,32681371,0074,28
32681371007509,32681371,0075,09
09553075000174,09553075,0001,74
09563085000190,09563085,0001,90
30019349000136,30019349,0001,36
02870124001206,02870124,0012,06
01475971000150,01475971,0001,50
28089542000100,28089542,0001,00
26178616001031,26178616,0010,31
20094607000276,20094607,0002,76
56340218000140,56340218,0001,40
15141799005504,15141799,0055,04
02489991000143,02489991,0001,43
62004692000101,62004692,0001,01
10963007000162,10963007,0001,62
08827677000290,08827677,0002,90
41408808000190,41408808,0001,90
10260249000785,10260249,0007,85
19022732000100,19022732,0001,00
04423567000717,04423567,0007,17
05603629000140,05603629,0001,40
96825575001003,96825575,0010,03
84098383000172,84098383,0001,72
44394238000114,44394238,0001,14
41515404000286,41515404,0002,86
05648225000253,05648225,0002,53
07935999000100,07935999,0001,00
07922139000131,07922139,0001,31
45773571000105,45773571,0001,05
66966359000126,66966359,0001,26
03918238000199,03918238,0001,99
00739209000171,00739209,0001,71
26607430000593,26607430,0005,93
03503152001410,03503152,0014,10
10875713000152,10875713,0001,52
46093371000166,46093371,0001,66
10827585000171,10827585,0001,71
10203219000141,10203219,0001,41
29064366000106,29064366,0001,06
76549856000182,76549856,0001,82
16786082000343,16786082,0003,43
60603461000423,60603461,0004,23
11220193000102,11220193,0001,02
02016507000320,02016507,0003,20
08585824000182,08585824,0001,82
05094194000317,05094194,0003,17
50972758000160,50972758,0001,60
18449504000159,18449504,0001,59
34632840000270,34632840,0002,70
31134935000194,31134935,0001,94
31134885000145,31134885,0001,45
00001180003907,00001180,0039,07
10256296000321,10256296,0003,21
03568496000869,03568496,0008,69
34730618000129,34730618,0001,29
17915300001175,17915300,0011,75
10280806000134,10280806,0001,34
09572216000104,09572216,0001,04
40102716000114,40102716,0001,14
15147147000186,15147147,0001,86
17866823002060,17866823,0020,60
08625249000285,08625249,0002,85
08007853000167,08007853,0001,67
37480915000151,37480915,0001,51
11244131000130,11244131,0001,30
17766825000114,17766825,0001,14
08110004000134,08110004,0001,34
07271007000278,07271007,0002,78
55231481000138,55231481,0001,38
03848414000163,03848414,0001,63
24797158000100,24797158,0001,00
22168975000166,22168975,0001,66
16238339000837,16238339,0008,37
23005683000175,23005683,0001,75
42876993000290,42876993,0002,90
28122878000119,28122878,0001,19
49401457000105,49401457,0001,05
55329291000158,55329291,0001,58
00950001001330,00950001,0013,30
08025296000450,08025296,0004,50
04172876000176,04172876,0001,76
26178616000655,26178616,0006,55
04747794000293,04747794,0002,93
02440482000479,02440482,0004,79
34778573000162,34778573,0001,62
29667227001220,29667227,0012,20
16750632000102,16750632,0001,02
84010040006145,84010040,0061,45
00005638607404,00005638,6074,04
08481822000143,08481822,0001,43
41550112003208,41550112,0032,08
04488288000146,04488288,0001,46
63310411000101,63310411,0001,01
23186195000101,23186195,0001,01
00047215186334,00047215,1863,34
38056418000436,38056418,0004,36
08688317000174,08688317,0001,74
19892960000131,19892960,0001,31
41414499000160,41414499,0001,60
01528374000309,01528374,0003,09
15482315000270,15482315,0002,70
07570829000250,07570829,0002,50
52468198000136,52468198,0001,36
18981768000159,18981768,0001,59
00132114000195,00132114,0001,95
05832650000117,05832650,0001,17
28568392000109,28568392,0001,09
00472135000150,00472135,0001,50
10795414000299,10795414,0002,99
68260371001037,68260371,0010,37
58138058003100,58138058,0031,00
67534917000147,67534917,0001,47
13431516000566,13431516,0005,66
74236480000120,74236480,0001,20
01478057000325,01478057,0003,25
07191228004061,07191228,0040,61
07191228002603,07191228,0026,03
07191228006510,07191228,0065,10
27595780001511,27595780,0015,11
76533777001406,76533777,0014,06
52548435025406,52548435,0254,06
76491109000130,76491109,0001,30
68797695000118,68797695,0001,18
00749040000130,00749040,0001,30
82096314000609,82096314,0006,09
06248391000144,06248391,0001,44
40731699000184,40731699,0001,84
20480467000193,20480467,0001,93
30398454000123,30398454,0001,23
16904055000247,16904055,0002,47
36556884000102,36556884,0001,02
33051624000197,33051624,0001,97
97528318000181,97528318,0001,81
55727157000105,55727157,0001,05
36555352000150,36555352,0001,50
03221799000134,03221799,0001,34
41952235000160,41952235,0001,60
64324981000881,64324981,0008,81
04637026000104,04637026,0001,04
51383782000126,51383782,0001,26
05117323000507,05117323,0005,07
14793554000289,14793554,0002,89
37454866000263,37454866,0002,63
21437447005404,21437447,0054,04
17192048000907,17192048,0009,07
22635197000500,22635197,0005,00
66473554000114,66473554,0001,14
12082943000190,12082943,0001,90
26893667000154,26893667,0001,54
70206339000124,70206339,0001,24
01682695000878,01682695,0008,78
08803711000106,08803711,0001,06
00003662581418,00003662,5814,18
00779059000553,00779059,0005,53
52191745000189,52191745,0001,89
04493975000150,04493975,0001,50
48929999000184,48929999,0001,84
36393580000171,36393580,0001,71
96825575003308,96825575,0033,08
84098383000687,84098383,0006,87
01528374001038,01528374,0010,38
50308054000197,50308054,0001,97
13861254000499,13861254,0004,99
11474465000109,11474465,0001,09
04420916000666,04420916,0006,66
07571294000150,07571294,0001,50
10993650000210,10993650,0002,10
24474925000132,24474925,0001,32
19558802000140,19558802,0001,40
12963000000176,12963000,0001,76
45454236000136,45454236,0001,36
07140533000118,07140533,0001,18
16774816000102,16774816,0001,02
10529896000154,10529896,0001,54
47006812000108,47006812,0001,08
72770878000389,72770878,0003,89
53769781000220,53769781,0002,20
27595780000892,27595780,0008,92
52548435023110,52548435,0231,10
03861236000100,03861236,0001,00
04448716000107,04448716,0001,07
37891520000141,37891520,0001,41
25634569000997,25634569,0009,97
25634551002343,25634551,0023,43
40270958000117,40270958,0001,17
04833584000307,04833584,0003,07
11434993000126,11434993,0001,26
30511844001563,30511844,0015,63
17750886000193,17750886,0001,93
09596556000167,09596556,0001,67
66301334000618,66301334,0006,18
14427957000123,14427957,0001,23
13513244000110,13513244,0001,10
08625249000102,08625249,0001,02
09535153000701,09535153,0007,01
33309404000706,33309404,0007,06
21551726000192,21551726,0001,92
14887241000290,14887241,0002,90
13566860000139,13566860,0001,39
23075739000168,23075739,0001,68
08352952001662,08352952,0016,62
72271695001390,72271695,0013,90
08201260000137,08201260,0001,37
38619045000111,38619045,0001,11
22482228000106,22482228,0001,06
04747794000102,04747794,0001,02
12213443000140,12213443,0001,40
06216693000130,06216693,0001,30
04429533000144,04429533,0001,44
08729116000178,08729116,0001,78
41434556001145,41434556,0011,45
05325014001251,05325014,0012,51
86938446000187,86938446,0001,87
17101079000140,17101079,0001,40
06537334000851,06537334,0008,51
16127441000199,16127441,0001,99
34149823001177,34149823,0011,77
05950799000362,05950799,0003,62
33431854000181,33431854,0001,81
34564161000120,34564161,0001,20
53311435000113,53311435,0001,13
13579819000105,13579819,0001,05
21821364000102,21821364,0001,02
55898766000127,55898766,0001,27
55018852000106,55018852,0001,06
13999991000100,13999991,0001,00
60546801003102,60546801,0031,02
02599353000185,02599353,0001,85
03484293000118,03484293,0001,18
34314216000143,34314216,0001,43
65035222000195,65035222,0001,95
05684084000143,05684084,0001,43
56385834001784,56385834,0017,84
27595780002160,27595780,0021,60
61563557002179,61563557,0021,79
52548435026569,52548435,0265,69
52548435021923,52548435,0219,23
29363431000366,29363431,0003,66
29363431000447,29363431,0004,47
14143405000193,14143405,0001,93
47719468000102,47719468,0001,02
87533824000105,87533824,0001,05
86532538003005,86532538,0030,05
00124733001886,00124733,0018,86
02295361000723,02295361,0007,23
05062988000218,05062988,0002,18
53571243000146,53571243,0001,46
09378010000563,09378010,0005,63
09378010000997,09378010,0009,97
09378010001292,09378010,0012,92
34404435000113,34404435,0001,13
47741152000702,47741152,0007,02
09433294000896,09433294,0008,96
02498705000106,02498705,0001,06
17350225000251,17350225,0002,51
17350225000170,17350225,0001,70
36770574000196,36770574,0001,96
43278007000182,43278007,0001,82
12149165000370,12149165,0003,70
07075810000156,07075810,0001,56
01464420000191,01464420,0001,91
01462285000145,01462285,0001,45
33556309000111,33556309,0001,11
28890663000148,28890663,0001,48
08956040001004,08956040,0010,04
02035105001779,02035105,0017,79
17966898000150,17966898,0001,50
09452900003240,09452900,0032,40
04218950000571,04218950,0005,71
52889209000151,52889209,0001,51
33845322000190,33845322,0001,90
33845322002720,33845322,0027,20
13410313000160,13410313,0001,60
02329307000166,02329307,0001,66
19451038002403,19451038,0024,03
72271695000904,72271695,0009,04
72271695000823,72271695,0008,23
72271695001129,72271695,0011,29
28942127000220,28942127,0002,20
32205887000140,32205887,0001,40
05978260000150,05978260,0001,50
08540049000149,08540049,0001,49
17416722000396,17416722,0003,96
16041592000120,16041592,0001,20
02084734000121,02084734,0001,21
95865572003246,95865572,0032,46
18103185000206,18103185,0002,06
02976581000550,02976581,0005,50
13524220000166,13524220,0001,66
00636227000209,00636227,0002,09
22257109001466,22257109,0014,66
08015412000107,08015412,0001,07
06697576002007,06697576,0020,07
10376555004183,10376555,0041,83
17466073000176,17466073,0001,76
07632502000265,07632502,0002,65
43257658000439,43257658,0004,39
02549843000509,02549843,0005,09
45992724000288,45992724,0002,88
45992724001764,45992724,0017,64
45992724002302,45992724,0023,02
68260371000499,68260371,0004,99
05600628000303,05600628,0003,03
41221457000103,41221457,0001,03
61059978001942,61059978,0019,42
07078042001670,07078042,0016,70
06967872000290,06967872,0002,90
46887139000108,46887139,0001,08
02999999000400,02999999,0004,00
02999999000664,02999999,0006,64
55753578002235,55753578,0022,35
27595780004375,27595780,0043,75
27595780004022,27595780,0040,22
09385367000145,09385367,0001,45
41940749000104,41940749,0001,04
55078779000150,55078779,0001,50
22192546000477,22192546,0004,77
18385072000160,18385072,0001,60
23274194002596,23274194,0025,96
23274194005501,23274194,0055,01
24618789000107,24618789,0001,07
10728901000158,10728901,0001,58
28775179000178,28775179,0001,78
07677731001782,07677731,0017,82
27486182023664,27486182,0236,64
20980329000173,20980329,0001,73
43407020000194,43407020,0001,94
64324981000105,64324981,0001,05
02506261000103,02506261,0001,03
05408246000110,05408246,0001,10
16669681000115,16669681,0001,15
08352952001409,08352952,0014,09
08352952001743,08352952,0017,43
72271695001200,72271695,0012,00
51383782000550,51383782,0005,50
18224058000184,18224058,0001,84
37589182000198,37589182,0001,98
00003582491803,00003582,4918,03
16733677000179,16733677,0001,79
03875931000202,03875931,0002,02
37811059000170,37811059,0001,70
16625236000153,16625236,0001,53
28952592000160,28952592,0001,60
57268706000156,57268706,0001,56
10587243000121,10587243,0001,21
00779059001525,00779059,0015,25
15031293000656,15031293,0006,56
35224575000172,35224575,0001,72
01571702000864,01571702,0008,64
00037786938320,00037786,9383,20
00050283103434,00050283,1034,34
08229161000163,08229161,0001,63
14671572000107,14671572,0001,07
03419290000109,03419290,0001,09
15072752000135,15072752,0001,35
44235380000119,44235380,0001,19
68260371000901,68260371,0009,01
46014122001452,46014122,0014,52
05866984000705,05866984,0007,05
13631347001822,13631347,0018,22
60960473000162,60960473,0001,62
47340930000158,47340930,0001,58
52548435019600,52548435,0196,00
13202747000174,13202747,0001,74
02033131000109,02033131,0001,09
27852039000193,27852039,0001,93
04584665000140,04584665,0001,40
03667130000170,03667130,0001,70
53280790000172,53280790,0001,72
57155150000191,57155150,0001,91
28259369000809,28259369,0008,09
18449504000400,18449504,0004,00
18449504004227,18449504,0042,27
36457536000188,36457536,0001,88
25634551008899,25634551,0088,99
00001180003494,00001180,0034,94
00001180005195,00001180,0051,95
38032217000156,38032217,0001,56
32540627000121,32540627,0001,21
09493979000151,09493979,0001,51
03564702000196,03564702,0001,96
02088583000180,02088583,0001,80
11671820000393,11671820,0003,93
86666716000148,86666716,0001,48
65306953000128,65306953,0001,28
51624707000100,51624707,0001,00
26822600000129,26822600,0001,29
57978466000183,57978466,0001,83
11910433000109,11910433,0001,09
11170969000127,11170969,0001,27
00065798783634,00065798,7836,34
51383782000207,51383782,0002,07
16604593000135,16604593,0001,35
41696350000111,41696350,0001,11
10208566000167,10208566,0001,67
07963642000135,07963642,0001,35
37440128000267,37440128,0002,67
19368927005923,19368927,0059,23
41823170000234,41823170,0002,34
00562968000101,00562968,0001,01
41160680000198,41160680,0001,98
12219928000140,12219928,0001,40
08811556000170,08811556,0001,70
10436362000183,10436362,0001,83
10791675000150,10791675,0001,50
89850341001646,89850341,0016,46
58544688000150,58544688,0001,50
10941603000141,10941603,0001,41
07316498000650,07316498,0006,50
21120716000798,21120716,0007,98
03702159000146,03702159,0001,46
13776699000128,13776699,0001,28
49383250000147,49383250,0001,47
02029142000107,02029142,0001,07
01528374000902,01528374,0009,02
10728404000150,10728404,0001,50
07605563000748,07605563,0007,48
00053690800978,00053690,8009,78
59455655000105,59455655,0001,05
08407920000130,08407920,0001,30
10683835000147,10683835,0001,47
00096459530300,00096459,5303,00
43875130000180,43875130,0001,80
32900127000153,32900127,0001,53
00098475320368,00098475,3203,68
51680741000100,51680741,0001,00
53503652004011,53503652,0040,11
53503652000105,53503652,0001,05
72302409000173,72302409,0001,73
04071002000122,04071002,0001,22
10745687000300,10745687,0003,00
28150710000117,28150710,0001,17
55534469000100,55534469,0001,00
46090221000794,46090221,0007,94
20542013000108,20542013,0001,08
50948587000133,50948587,0001,33
08143344000161,08143344,0001,61
65482200000173,65482200,0001,73
36195336000102,36195336,0001,02
29802819000154,29802819,0001,54
10873769000178,10873769,0001,78
59974154000127,59974154,0001,27
36584315000170,36584315,0001,70
48740351002109,48740351,0021,09
52548435016172,52548435,0161,72
52548435019198,52548435,0191,98
08868097000160,08868097,0001,60
92587062000160,92587062,0001,60
03806553000710,03806553,0007,10
03806553000639,03806553,0006,39
03134201000170,03134201,0001,70
10703285000180,10703285,0001,80
03801924002471,03801924,0024,71
39115514000390,39115514,0003,90
15542095000819,15542095,0008,19
56309119000103,56309119,0001,03
38214783000189,38214783,0001,89
00456850000107,00456850,0001,07
00001180004032,00001180,0040,32
00357038013102,00357038,0131,02
12609494000195,12609494,0001,95
48951158000173,48951158,0001,73
46155662000131,46155662,0001,31
21185633000191,21185633,0001,91
36297810000107,36297810,0001,07
13248429000144,13248429,0001,44
13051611000100,13051611,0001,00
54066339000110,54066339,0001,10
27487693001893,27487693,0018,93
09452900003402,09452900,0034,02
00394502002007,00394502,0020,07
86666716000300,86666716,0003,00
28917748000687,28917748,0006,87
13938283000169,13938283,0001,69
41842055000126,41842055,0001,26
21752910000109,21752910,0001,09
00086445456804,00086445,4568,04
11042059000169,11042059,0001,69
31846208000150,31846208,0001,50
00015861804877,00015861,8048,77
11941003000146,11941003,0001,46
01037501000105,01037501,0001,05
40926628000218,40926628,0002,18
33773353000183,33773353,0001,83
47925043000222,47925043,0002,22
00051259338304,00051259,3383,04
27185201000167,27185201,0001,67
08269988000281,08269988,0002,81
08927050000120,08927050,0001,20
06942221000165,06942221,0001,65
07209686000174,07209686,0001,74
04423567002256,04423567,0022,56
23299478000160,23299478,0001,60
26020106000140,26020106,0001,40
15482050000200,15482050,0002,00
15809486000180,15809486,0001,80
06253424000144,06253424,0001,44
12302292000104,12302292,0001,04
22224520000110,22224520,0001,10
57464104000255,57464104,0002,55
07605563000586,07605563,0005,86
19378167000119,19378167,0001,19
53503652004283,53503652,0042,83
02315076000131,02315076,0001,31
53401659000116,53401659,0001,16
44411353000583,44411353,0005,83
72302409000416,72302409,0004,16
11069547000160,11069547,0001,60
60723061033708,60723061,0337,08
05505390000175,05505390,0001,75
50925551000134,50925551,0001,34
13809963000344,13809963,0003,44
00679427003264,00679427,0032,64
13520755000169,13520755,0001,69
02990234000159,02990234,0001,59
10250551000167,10250551,0001,67
08507787000194,08507787,0001,94
58804025000128,58804025,0001,28
55254825000205,55254825,0002,05
26589128000126,26589128,0001,26
08292480001195,08292480,0011,95
08292480001438,08292480,0014,38
08292480000113,08292480,0001,13
79111779007770,79111779,0077,70
17997420000600,17997420,0006,00
00472805003072,00472805,0030,72
58397379000103,58397379,0001,03
76667682002104,76667682,0021,04
76031186000108,76031186,0001,08
10284766000107,10284766,0001,07
08929256000190,08929256,0001,90
73417735000270,73417735,0002,70
06077688000356,06077688,0003,56
03396004000129,03396004,0001,29
38120962000157,38120962,0001,57
11266165000207,11266165,0002,07
00012377000160,00012377,0001,60
01552504000187,01552504,0001,87
41562791000120,41562791,0001,20
34705080000100,34705080,0001,00
02743574000266,02743574,0002,66
21233901000101,21233901,0001,01
03632896000110,03632896,0001,10
30777114000103,30777114,0001,03
30777114000456,30777114,0004,56
52995323000166,52995323,0001,66
07792269000105,07792269,0001,05
11591124000105,11591124,0001,05
57092477000161,57092477,0001,61
16904055000328,16904055,0003,28
31541824000100,31541824,0001,00
01062613000116,01062613,0001,16
28154862002131,28154862,0021,31
48318399000180,48318399,0001,80
08588911002137,08588911,0021,37
26198515000484,26198515,0004,84
32438772000104,32438772,0001,04
27880089000184,27880089,0001,84
08409637000148,08409637,0001,48
17191172000192,17191172,0001,92
41785833000273,41785833,0002,73
47604527000199,47604527,0001,99
10780884000289,10780884,0002,89
07740099000298,07740099,0002,98
07740099000611,07740099,0006,11
07740099000883,07740099,0008,83
15606007002334,15606007,0023,34
52496525000325,52496525,0003,25
24221207000154,24221207,0001,54
08025296000530,08025296,0005,30
27175877000170,27175877,0001,70
00011536531847,00011536,5318,47
22282628000160,22282628,0001,60
01524903000568,01524903,0005,68
58840147000170,58840147,0001,70
08620924000100,08620924,0001,00
43061782000181,43061782,0001,81
43091153000102,43091153,0001,02
51920472000101,51920472,0001,01
56937989000119,56937989,0001,19
00014148803400,00014148,8034,00
14054065000124,14054065,0001,24
03014234000186,03014234,0001,86
02617304000128,02617304,0001,28
00779059000804,00779059,0008,04
30614462000160,30614462,0001,60
21872101000122,21872101,0001,22
26020106000221,26020106,0002,21
00007005987403,00007005,9874,03
35956652000189,35956652,0001,89
42929315000591,42929315,0005,91
42929315000168,42929315,0001,68
28612598000431,28612598,0004,31
48400777000412,48400777,0004,12
03536615000125,03536615,0001,25
53906335000130,53906335,0001,30
14053968000190,14053968,0001,90
14053968001405,14053968,0014,05
14053968000352,14053968,0003,52
13463104000184,13463104,0001,84
75526079000198,75526079,0001,98
35793976000143,35793976,0001,43
10892021000112,10892021,0001,12
25158790000169,25158790,0001,69
44072660000153,44072660,0001,53
40541776000133,40541776,0001,33
00095495576349,00095495,5763,49
33146732000143,33146732,0001,43
13742401000169,13742401,0001,69
53503652004100,53503652,0041,00
03992929001295,03992929,0012,95
03258582000107,03258582,0001,07
59105262000163,59105262,0001,63
56565039000100,56565039,0001,00
17692901002219,17692901,0022,19
46968905000150,46968905,0001,50
07436109000115,07436109,0001,15
26982634000180,26982634,0001,80
14809173000321,14809173,0003,21
39830947000327,39830947,0003,27
48861901000102,48861901,0001,02
00520634000337,00520634,0003,37
15181688000120,15181688,0001,20
15181688001607,15181688,0016,07
06235812000100,06235812,0001,00
03116586000142,03116586,0001,42
00028873000102,00028873,0001,02
22928522000190,22928522,0001,90
28022024000160,28022024,0001,60
51467132000916,51467132,0009,16
51467132000401,51467132,0004,01
20826545000240,20826545,0002,40
41920863000164,41920863,0001,64
09082724000104,09082724,0001,04
19299770000105,19299770,0001,05
27595780001007,27595780,0010,07
10965693000291,10965693,0002,91
59965038005887,59965038,0058,87
76533777004502,76533777,0045,02
76299270000298,76299270,0002,98
17997420000863,17997420,0008,63
10923648000193,10923648,0001,93
09202940000138,09202940,0001,38
07624625000173,07624625,0001,73
09328910000172,09328910,0001,72
11975534000230,11975534,0002,30
11256093000136,11256093,0001,36
03367101000355,03367101,0003,55
03367101001327,03367101,0013,27
03367101001408,03367101,0014,08
03367101002560,03367101,0025,60
83647479000180,83647479,0001,80
83647917000614,83647917,0006,14
76614254000161,76614254,0001,61
34853469000195,34853469,0001,95
86959426000192,86959426,0001,92
00632572000193,00632572,0001,93
03806553000124,03806553,0001,24
03806553000809,03806553,0008,09
46954377000180,46954377,0001,80
53832359000191,53832359,0001,91
05872541000476,05872541,0004,76
04879275000106,04879275,0001,06
07121367000293,07121367,0002,93
05009692000152,05009692,0001,52
10444161000390,10444161,0003,90
43109717000189,43109717,0001,89
01608998000174,01608998,0001,74
39805770000147,39805770,0001,47
08542246000105,08542246,0001,05
04918453000586,04918453,0005,86
17851447001149,17851447,0011,49
03662354000190,03662354,0001,90
00001180007139,00001180,0071,39
03852459000705,03852459,0007,05
04382714000162,04382714,0001,62
14735941000269,14735941,0002,69
51769603000193,51769603,0001,93
14053968000786,14053968,0007,86
30676217000420,30676217,0004,20
34708029000578,34708029,0005,78
07985073000129,07985073,0001,29
03461082000755,03461082,0007,55
32681371005646,32681371,0056,46
86442720000556,86442720,0005,56
86442720001528,86442720,0015,28
05498436000176,05498436,0001,76
30182548000160,30182548,0001,60
05690271000130,05690271,0001,30
64210875000109,64210875,0001,09
19221229000184,19221229,0001,84
20177093000131,20177093,0001,31
42876993000452,42876993,0004,52
18219789000131,18219789,0001,31
13599606000480,13599606,0004,80
00054916950682,00054916,9506,82
19612331000100,19612331,0001,00
78657384000298,78657384,0002,98
26178616001627,26178616,0016,27
27500978000250,27500978,0002,50
66473554000203,66473554,0002,03
12733590000302,12733590,0003,02
70176425000131,70176425,0001,31
18144066000110,18144066,0001,10
03279285002850,03279285,0028,50
29067113040490,29067113,0404,90
04011297000575,04011297,0005,75
05458585000373,05458585,0003,73
33284926000105,33284926,0001,05
61090089000119,61090089,0001,19
08859671000114,08859671,0001,14
19758842000488,19758842,0004,88
41302357000101,41302357,0001,01
07281538000241,07281538,0002,41
21872101000556,21872101,0005,56
10842709000198,10842709,0001,98
42929315000400,42929315,0004,00
05476815000599,05476815,0005,99
14053968001243,14053968,0012,43
14053968000433,14053968,0004,33
42925433000106,42925433,0001,06
04669925000180,04669925,0001,80
06020142000288,06020142,0002,88
84718741000798,84718741,0007,98
12684651000127,12684651,0001,27
43335161000149,43335161,0001,49
19867404000105,19867404,0001,05
44018817000162,44018817,0001,62
02649005000256,02649005,0002,56
43635526000150,43635526,0001,50
00062930052368,00062930,0523,68
00015514617572,00015514,6175,72
00078790514300,00078790,5143,00
05740287000100,05740287,0001,00
44935680000100,44935680,0001,00
59131566000103,59131566,0001,03
15339921000150,15339921,0001,50
04405310000147,04405310,0001,47
06134846000605,06134846,0006,05
61487799000268,61487799,0002,68
45992724002574,45992724,0025,74
00003519000123,00003519,0001,23
56139041000541,56139041,0005,41
00242184000600,00242184,0006,00
01853408000179,01853408,0001,79
59320820000294,59320820,0002,94
65963142000876,65963142,0008,76
10535766000205,10535766,0002,05
58130089001162,58130089,0011,62
46534246000144,46534246,0001,44
04131341000157,04131341,0001,57
15718820000190,15718820,0001,90
28389927000184,28389927,0001,84
07078042001247,07078042,0012,47
07078042001409,07078042,0014,09
21362359000189,21362359,0001,89
06319722000190,06319722,0001,90
51663680001640,51663680,0016,40
20826545000169,20826545,0001,69
54757686000199,54757686,0001,99
07191228006196,07191228,0061,96
52548435015109,52548435,0151,09
87547675000133,87547675,0001,33
03367101002307,03367101,0023,07
89120877000120,89120877,0001,20
05690512000140,05690512,0001,40
01486112000167,01486112,0001,67
88564745000124,88564745,0001,24
76667682001558,76667682,0015,58
26865909000104,26865909,0001,04
76816792000139,76816792,0001,39
17079975000150,17079975,0001,50
12211981000103,12211981,0001,03
06246061000110,06246061,0001,10
72060999000175,72060999,0001,75
01657436000625,01657436,0006,25
55625739000180,55625739,0001,80
00181221000960,00181221,0009,60
04833584000480,04833584,0004,80
41948065000140,41948065,0001,40
10256296000160,10256296,0001,60
17210644000107,17210644,0001,07
30090605000181,30090605,0001,81
17450360000198,17450360,0001,98
42465389000190,42465389,0001,90
28894029000183,28894029,0001,83
04266704000161,04266704,0001,61
07898948000155,07898948,0001,55
20662766000149,20662766,0001,49
04205348000680,04205348,0006,80
04205348000338,04205348,0003,38
32438772004002,32438772,0040,02
27486182013863,27486182,0138,63
86666716000229,86666716,0002,29
33300971000106,33300971,0001,06
36665147000148,36665147,0001,48
07484707000160,07484707,0001,60
48142882000156,48142882,0001,56
14232247000148,14232247,0001,48
31157610000127,31157610,0001,27
04295026000165,04295026,0001,65
08877756000206,08877756,0002,06
17429671000175,17429671,0001,75
19059849002102,19059849,0021,02
19059849002374,19059849,0023,74
86608114000649,86608114,0006,49
32161582000184,32161582,0001,84
15032995000140,15032995,0001,40
00002063976821,00002063,9768,21
05389137000101,05389137,0001,01
16667978000141,16667978,0001,41
37831567000543,37831567,0005,43
13550095000240,13550095,0002,40
22482228000793,22482228,0007,93
00060029269172,00060029,2691,72
15141799005253,15141799,0052,53
38505151000174,38505151,0001,74
18842271000150,18842271,0001,50
57262211000110,57262211,0001,10
56008934000124,56008934,0001,24
00338885001024,00338885,0010,24
40743674000109,40743674,0001,09
27739081000100,27739081,0001,00
47925043000303,47925043,0003,03
00002484381409,00002484,3814,09
42929315000249,42929315,0002,49
07173830000160,07173830,0001,60
38542705000103,38542705,0001,03
28690900000127,28690900,0001,27
23819297000117,23819297,0001,17
23122434000917,23122434,0009,17
57485033000277,57485033,0002,77
10197621000241,10197621,0002,41
51038713000185,51038713,0001,85
02649005000175,02649005,0001,75
48025693000101,48025693,0001,01
46509104000127,46509104,0001,27
14093288000605,14093288,0006,05
31799479000100,31799479,0001,00
18988028000144,18988028,0001,44
18627195001646,18627195,0016,46
26484540000181,26484540,0001,81
02158076000175,02158076,0001,75
39329236000101,39329236,0001,01
48363428000559,48363428,0005,59
44944577000631,44944577,0006,31
54323785000162,54323785,0001,62
06979521000542,06979521,0005,42
02216876000286,02216876,0002,86
09082724000287,09082724,0002,87
07191228008210,07191228,0082,10
25461857000130,25461857,0001,30
21314559015600,21314559,0156,00
94813102000170,94813102,0001,70
11113293000130,11113293,0001,30
90394107000405,90394107,0004,05
02633583000113,02633583,0001,13
03367101000517,03367101,0005,17
00028505140044,00028505,1400,44
04602431000189,04602431,0001,89
17979757000171,17979757,0001,71
76302157000133,76302157,0001,33
57006716000113,57006716,0001,13
02785831000141,02785831,0001,41
00037489615100,00037489,6151,00
12985159000191,12985159,0001,91
01251337000134,01251337,0001,34
35478685000403,35478685,0004,03
50619412000182,50619412,0001,82
30810486000194,30810486,0001,94
07360865000108,07360865,0001,08
09281188000168,09281188,0001,68
03096738000869,03096738,0008,69
17814074000407,17814074,0004,07
43894824000165,43894824,0001,65
36318624000107,36318624,0001,07
02091250000100,02091250,0001,00
27486182005259,27486182,0052,59
16565897000130,16565897,0001,30
22447684000530,22447684,0005,30
31819438000120,31819438,0001,20
19632116007770,19632116,0077,70
45813832000165,45813832,0001,65
53176007000125,53176007,0001,25
17281346000108,17281346,0001,08
31366649000154,31366649,0001,54
20584786000149,20584786,0001,49
02823335000992,02823335,0009,92
30554734000264,30554734,0002,64
34230979019125,34230979,0191,25
47962823000161,47962823,0001,61
00027226115891,00027226,1158,91
37325767000109,37325767,0001,09
40289239000148,40289239,0001,48
19059849000320,19059849,0003,20
47973689000102,47973689,0001,02
18485037000112,18485037,0001,12
43407597000104,43407597,0001,04
58428867000122,58428867,0001,22
03504437000584,03504437,0005,84
11184785001350,11184785,0013,50
01401630000726,01401630,0007,26
55704685000149,55704685,0001,49
00779059001797,00779059,0017,97
00779059001444,00779059,0014,44
61329181000512,61329181,0005,12
03994427000493,03994427,0004,93
03994427000302,03994427,0003,02
22399702000122,22399702,0001,22
21191338000148,21191338,0001,48
41434556000173,41434556,0001,73
00990842000138,00990842,0001,38
30653472000376,30653472,0003,76
32677726000150,32677726,0001,50
13829957001916,13829957,0019,16
00014938308487,00014938,3084,87
38542705000294,38542705,0002,94
07072909000285,07072909,0002,85
08419352001089,08419352,0010,89
05646631000872,05646631,0008,72
04833448000228,04833448,0002,28
05099585001215,05099585,0012,15
59499919000114,59499919,0001,14
10525283000149,10525283,0001,49
43533014000183,43533014,0001,83
59653926000129,59653926,0001,29
06855894000188,06855894,0001,88
60546801000260,60546801,0002,60
03120545000120,03120545,0001,20
61451654000126,61451654,0001,26
77591402002003,77591402,0020,03
40805770000126,40805770,0001,26
00348040000129,00348040,0001,29
28072750000198,28072750,0001,98
48194609000337,48194609,0003,37
59320820001770,59320820,0017,70
56851611000106,56851611,0001,06
01779939000169,01779939,0001,69
27462319000195,27462319,0001,95
07019511000102,07019511,0001,02
81159857003680,81159857,0036,80
76533777000698,76533777,0006,98
52548435022652,52548435,0226,52
23373000000809,23373000,0008,09
03647936000105,03647936,0001,05
83685354000144,83685354,0001,44
79469714000101,79469714,0001,01
03806553000558,03806553,0005,58
53640248000183,53640248,0001,83
55154371000624,55154371,0006,24
81804684000267,81804684,0002,67
13390962000146,13390962,0001,46
33337007000152,33337007,0001,52
07786727000195,07786727,0001,95
33295346000113,33295346,0001,13
09054601000151,09054601,0001,51
00357038004375,00357038,0043,75
00357038003646,00357038,0036,46
00357038012394,00357038,0123,94
12609494000276,12609494,0002,76
11676271000188,11676271,0001,88
17332857000101,17332857,0001,01
32836259000163,32836259,0001,63
16659619000223,16659619,0002,23
36414225000131,36414225,0001,31
07320618000188,07320618,0001,88
12351253000946,12351253,0009,46
12351253000199,12351253,0001,99
12351253001241,12351253,0012,41
08419352002727,08419352,0027,27
17870729000111,17870729,0001,11
32681371002116,32681371,0021,16
32681371007851,32681371,0078,51
09647168000168,09647168,0001,68
18279158001694,18279158,0016,94
20290896000106,20290896,0001,06
40587565000212,40587565,0002,12
43817093000154,43817093,0001,54
14198875000154,14198875,0001,54
61215364000264,61215364,0002,64
01676274000915,01676274,0009,15
00008230273928,00008230,2739,28
04763393000227,04763393,0002,27
23347420000306,23347420,0003,06
00438756001008,00438756,0010,08
53039634000114,53039634,0001,14
48821167000140,48821167,0001,40
20333363000156,20333363,0001,56
47603663000164,47603663,0001,64
07915660000141,07915660,0001,41
15201143000139,15201143,0001,39
38848107000671,38848107,0006,71
45514922000155,45514922,0001,55
21103907000156,21103907,0001,56
02191819000109,02191819,0001,09
05917434000255,05917434,0002,55
03614931000330,03614931,0003,30
03994427000221,03994427,0002,21
10681691000190,10681691,0001,90
35859228000116,35859228,0001,16
09524502002059,09524502,0020,59
28684229000101,28684229,0001,01
00000939438305,00000939,4383,05
08981770000255,08981770,0002,55
14053968001081,14053968,0010,81
14053968000867,14053968,0008,67
08419352001755,08419352,0017,55
08419352001593,08419352,0015,93
08419352001674,08419352,0016,74
01358086000272,01358086,0002,72
07568434000131,07568434,0001,31
21642529000260,21642529,0002,60
05099585000677,05099585,0006,77
00021912254387,00021912,2543,87
11427268000120,11427268,0001,20
11446113000131,11446113,0001,31
15748239000111,15748239,0001,11
51715706000413,51715706,0004,13
10307397000201,10307397,0002,01
07570829000411,07570829,0004,11
61414749000170,61414749,0001,70
07587275000112,07587275,0001,12
07502787000139,07502787,0001,39
34223624000190,34223624,0001,90
56071128000109,56071128,0001,09
37113180000802,37113180,0008,02
45598515000173,45598515,0001,73
13072388000188,13072388,0001,88
10267561001187,10267561,0011,87
10267561000458,10267561,0004,58
20658296000140,20658296,0001,40
02502379000163,02502379,0001,63
02162259000750,02162259,0007,50
03831403000170,03831403,0001,70
39830947000165,39830947,0001,65
02762121000287,02762121,0002,87
05724262000112,05724262,0001,12
10529896000405,10529896,0004,05
54423934000831,54423934,0008,31
66994450000155,66994450,0001,55
45985371003395,45985371,0033,95
50894070000109,50894070,0001,09
01593699000618,01593699,0006,18
43251230000489,43251230,0004,89
55753578002154,55753578,0021,54
51864996000114,51864996,0001,14
41759096000153,41759096,0001,53
23373000004120,23373000,0041,20
94638582000180,94638582,0001,80
91958108000147,91958108,0001,47
89317697000302,89317697,0003,02
05477173000208,05477173,0002,08
98593668000194,98593668,0001,94
08868097000322,08868097,0003,22
19843524000172,19843524,0001,72
03367101001831,03367101,0018,31
03367101000789,03367101,0007,89
07687870000120,07687870,0001,20
55219925000110,55219925,0001,10
52311529009690,52311529,0096,90
12407691000121,12407691,0001,21
07579025000130,07579025,0001,30
13773968000100,13773968,0001,00
00933558000120,00933558,0001,20
35835010000121,35835010,0001,21
01895390000178,01895390,0001,78
33923560000177,33923560,0001,77
00350232000170,00350232,0001,70
07430059000169,07430059,0001,69
30090575005334,30090575,0053,34
10431501000267,10431501,0002,67
00357038012122,00357038,0121,22
28927556000147,28927556,0001,47
18291095000105,18291095,0001,05
24232418000192,24232418,0001,92
05215135000600,05215135,0006,00
31479108000132,31479108,0001,32
36297810002908,36297810,0029,08
27193630000186,27193630,0001,86
21146066000164,21146066,0001,64
08419352002484,08419352,0024,84
00986410000153,00986410,0001,53
09452900001701,09452900,0017,01
18279158002313,18279158,0023,13
20468310009956,20468310,0099,56
08843214000131,08843214,0001,31
09618465000185,09618465,0001,85
38734810000144,38734810,0001,44
07277010000118,07277010,0001,18
66196866000128,66196866,0001,28
08870769000920,08870769,0009,20
10760580000179,10760580,0001,79
08657988000178,08657988,0001,78
07272615000205,07272615,0002,05
02325282000122,02325282,0001,22
17168634000312,17168634,0003,12
23357072002059,23357072,0020,59
07870995000190,07870995,0001,90
00005210504646,00005210,5046,46
41499197000132,41499197,0001,32
21204608000108,21204608,0001,08
20051181000192,20051181,0001,92
22335392000182,22335392,0001,82
00004146967864,00004146,9678,64
12431786000180,12431786,0001,80
03029662000182,03029662,0001,82
25431016000180,25431016,0001,80
14284188000151,14284188,0001,51
41823170000153,41823170,0001,53
14707364000544,14707364,0005,44
00064951723115,00064951,7231,15
32821183000283,32821183,0002,83
51515703000193,51515703,0001,93
29201747000190,29201747,0001,90
04802920000184,04802920,0001,84
01682695003389,01682695,0033,89
10483444004680,10483444,0046,80
72432727000159,72432727,0001,59
43332756000574,43332756,0005,74
43332756000736,43332756,0007,36
03006548000137,03006548,0001,37
53471219000135,53471219,0001,35
30129391000100,30129391,0001,00
01287588000845,01287588,0008,45
09603217000160,09603217,0001,60
33726160000171,33726160,0001,71
14746937000115,14746937,0001,15
21112261000173,21112261,0001,73
05476815000165,05476815,0001,65
08419352001240,08419352,0012,40
08419352002131,08419352,0021,31
08419352001160,08419352,0011,60
08419352002301,08419352,0023,01
07228748000195,07228748,0001,95
63716443000101,63716443,0001,01
13928488000163,13928488,0001,63
05574041000105,05574041,0001,05
05099585000758,05099585,0007,58
05832555000113,05832555,0001,13
01259730000689,01259730,0006,89
01676897000211,01676897,0002,11
08886407000170,08886407,0001,70
58926754000157,58926754,0001,57
02786494000298,02786494,0002,98
61658147000168,61658147,0001,68
03785719000173,03785719,0001,73
40331592000149,40331592,0001,49
45214103000192,45214103,0001,92
48600191000159,48600191,0001,59
39830947000670,39830947,0006,70
52247381000535,52247381,0005,35
92660604014132,92660604,0141,32
09358882000136,09358882,0001,36
05826986000258,05826986,0002,58
56220791000110,56220791,0001,10
05311552000134,05311552,0001,34
02516147000164,02516147,0001,64
08385744000183,08385744,0001,83
07078042001751,07078042,0017,51
56431521000158,56431521,0001,58
19700243000160,19700243,0001,60
34660849000294,34660849,0002,94
59225698000196,59225698,0001,96
35732217000170,35732217,0001,70
36111732000104,36111732,0001,04
15709473000130,15709473,0001,30
01255050000425,01255050,0004,25
02195100000146,02195100,0001,46
52867298000135,52867298,0001,35
03509978001305,03509978,0013,05
07191228000740,07191228,0007,40
07191228008806,07191228,0088,06
50152869000120,50152869,0001,20
20791886000146,20791886,0001,46
37254148000162,37254148,0001,62
05477173001271,05477173,0012,71
94012481000107,94012481,0001,07
02649132000174,02649132,0001,74
31499115000104,31499115,0001,04
04983701000149,04983701,0001,49
28891664000107,28891664,0001,07
76576396000181,76576396,0001,81
06272683000112,06272683,0001,12
23110922000157,23110922,0001,57
10492887000136,10492887,0001,36
10492887000217,10492887,0002,17
01502510000391,01502510,0003,91
52606798000113,52606798,0001,13
75195297000197,75195297,0001,97
13520896000181,13520896,0001,81
86183449000158,86183449,0001,58
76012012000106,76012012,0001,06
82648742000354,82648742,0003,54
82648742000940,82648742,0009,40
78388402000607,78388402,0006,07
52973303000194,52973303,0001,94
13114396000492,13114396,0004,92
77371789002246,77371789,0022,46
80858053000349,80858053,0003,49
77525673000190,77525673,0001,90
77525673000270,77525673,0002,70
58752131000105,58752131,0001,05
27790783000100,27790783,0001,00
08629324000103,08629324,0001,03
55384381000141,55384381,0001,41
42354972000396,42354972,0003,96
28515300000122,28515300,0001,22
05219549000195,05219549,0001,95
60717657000104,60717657,0001,04
33150608000151,33150608,0001,51
08847399000152,08847399,0001,52
10840738000110,10840738,0001,10
40285967000181,40285967,0001,81
02102394000114,02102394,0001,14
10547330000155,10547330,0001,55
01868396000156,01868396,0001,56
19064035000112,19064035,0001,12
40261035003467,40261035,0034,67
47367504000108,47367504,0001,08
12950140000100,12950140,0001,00
28578649000294,28578649,0002,94
24829836000161,24829836,0001,61
46447673000195,46447673,0001,95
29225976000144,29225976,0001,44
12351253000784,12351253,0007,84
08588911000193,08588911,0001,93
82647884000305,82647884,0003,05
82647884000135,82647884,0001,35
22447684003041,22447684,0030,41
24286169000118,24286169,0001,18
15619326000179,15619326,0001,79
09475363000158,09475363,0001,58
26183699000832,26183699,0008,32
23143522000652,23143522,0006,52
47129568000170,47129568,0001,70
25388869000186,25388869,0001,86
21483359001028,21483359,0010,28
24790661000126,24790661,0001,26
22432769000111,22432769,0001,11
16587435000114,16587435,0001,14
00007619901604,00007619,9016,04
03906433000107,03906433,0001,07
71229405000497,71229405,0004,97
13996019000181,13996019,0001,81
49914641000493,49914641,0004,93
00001486999107,00001486,9991,07
18356390000100,18356390,0001,00
00014940388549,00014940,3885,49
06912544000106,06912544,0001,06
00059090057587,00059090,0575,87
15821899000180,15821899,0001,80
10806990000294,10806990,0002,94
00338885000990,00338885,0009,90
34803364000121,34803364,0001,21
24471108000120,24471108,0001,20
00779059000634,00779059,0006,34
00779059001606,00779059,0016,06
10275054000385,10275054,0003,85
22553497000108,22553497,0001,08
27976081000116,27976081,0001,16
00255218000197,00255218,0001,97
08488717000136,08488717,0001,36
00063457270325,00063457,2703,25
10772915000179,10772915,0001,79
07175375000131,07175375,0001,31
02518353000294,02518353,0002,94
03006548001885,03006548,0018,85
00005396630426,00005396,6304,26
49785497000190,49785497,0001,90
17416722000124,17416722,0001,24
42489453000173,42489453,0001,73
62832070000163,62832070,0001,63
04992714000427,04992714,0004,27
04992714002551,04992714,0025,51
14053968001677,14053968,0016,77
16896097000100,16896097,0001,00
30486042000226,30486042,0002,26
00061436209382,00061436,2093,82
21579836000162,21579836,0001,62
00001469154536,00001469,1545,36
20395342000165,20395342,0001,65
57343468000287,57343468,0002,87
61970279000120,61970279,0001,20
06065767000185,06065767,0001,85
39978755000281,39978755,0002,81
49472451000110,49472451,0001,10
55420970000480,55420970,0004,80
60546801002394,60546801,0023,94
10267561000105,10267561,0001,05
44770207000110,44770207,0001,10
28568392000702,28568392,0007,02
59530832000162,59530832,0001,62
06984234000369,06984234,0003,69
59320820002076,59320820,0020,76
02502762000111,02502762,0001,11
55969428000139,55969428,0001,39
29708128000196,29708128,0001,96
04507739000226,04507739,0002,26
29306736000174,29306736,0001,74
10640173000470,10640173,0004,70
59069348000188,59069348,0001,88
56029784000135,56029784,0001,35
44650563000362,44650563,0003,62
11357110000121,11357110,0001,21
01449914000105,01449914,0001,05
96508130000109,96508130,0001,09
00055191177800,00055191,1778,00
23636967000160,23636967,0001,60
41852236000133,41852236,0001,33
06915161000191,06915161,0001,91
08191086000199,08191086,0001,99
43493124000169,43493124,0001,69
56395510000160,56395510,0001,60
10667654000712,10667654,0007,12
64178536000184,64178536,0001,84
07191228000660,07191228,0006,60
44993632009559,44993632,0095,59
87606372000306,87606372,0003,06
94366796000144,94366796,0001,44
18339696000140,18339696,0001,40
00303837000100,00303837,0001,00
52508742000126,52508742,0001,26
31659735000155,31659735,0001,55
11150969000246,11150969,0002,46
12336613000183,12336613,0001,83
86183449000581,86183449,0005,81
86183449001049,86183449,0010,49
19151953000189,19151953,0001,89
73500480000123,73500480,0001,23
04335788000148,04335788,0001,48
01956509000175,01956509,0001,75
09247343000120,09247343,0001,20
33588168000119,33588168,0001,19
76578202000187,76578202,0001,87
44026037001055,44026037,0010,55
15378979000103,15378979,0001,03
15380245000169,15380245,0001,69
11169419000783,11169419,0007,83
11169419000945,11169419,0009,45
32079726000239,32079726,0002,39
28670958000109,28670958,0001,09
30161582000825,30161582,0008,25
08932787000565,08932787,0005,65
00913233000428,00913233,0004,28
05302000000160,05302000,0001,60
33841370000100,33841370,0001,00
21478597000154,21478597,0001,54
33921435000128,33921435,0001,28
60999412000109,60999412,0001,09
15120702000500,15120702,0005,00
06175064000703,06175064,0007,03
19638964000198,19638964,0001,98
66301334000456,66301334,0004,56
13796559000111,13796559,0001,11
71241731000843,71241731,0008,43
49576415000105,49576415,0001,05
42603554000204,42603554,0002,04
13697410000266,13697410,0002,66
31889563000106,31889563,0001,06
49401457000288,49401457,0002,88
21204608000299,21204608,0002,99
23778652000157,23778652,0001,57
01669679000179,01669679,0001,79
07190108000133,07190108,0001,33
26549889000154,26549889,0001,54
15003110000184,15003110,0001,84
01037501000377,01037501,0003,77
00083266054504,00083266,0545,04
00001800021550,00001800,0215,50
02262991000106,02262991,0001,06
03082308000111,03082308,0001,11
24143877000108,24143877,0001,08
14930847000180,14930847,0001,80
08220952000122,08220952,0001,22
19625463000177,19625463,0001,77
09686157000197,09686157,0001,97
13741456000235,13741456,0002,35
05564306000194,05564306,0001,94
00076105946368,00076105,9463,68
43332756000221,43332756,0002,21
43332756000302,43332756,0003,02
00000410693316,00000410,6933,16
00098458191334,00098458,1913,34
00016670639368,00016670,6393,68
01004450000115,01004450,0001,15
00016694295391,00016694,2953,91
03433003000298,03433003,0002,98
00026721066300,00026721,0663,00
57641376000100,57641376,0001,00
19495243000176,19495243,0001,76
16936685000112,16936685,0001,12
33841727000231,33841727,0002,31
48822201000109,48822201,0001,09
12447077000355,12447077,0003,55
04385585000166,04385585,0001,66
27515154001730,27515154,0017,30
02709163000173,02709163,0001,73
50667613000155,50667613,0001,55
00004972685310,00004972,6853,10
13226507000100,13226507,0001,00
19558802000573,19558802,0005,73
07263666000181,07263666,0001,81
18093112000108,18093112,0001,08
03116586000576,03116586,0005,76
61243119000180,61243119,0001,80
21249330000195,21249330,0001,95
57149146000110,57149146,0001,10
07210049000380,07210049,0003,80
41663288000161,41663288,0001,61
08531518000244,08531518,0002,44
05922371000497,05922371,0004,97
23323690000115,23323690,0001,15
10156615000165,10156615,0001,65
02998301000262,02998301,0002,62
14630184000188,14630184,0001,88
03083792000527,03083792,0005,27
07078042001832,07078042,0018,32
07509106000164,07509106,0001,64
30735389000184,30735389,0001,84
07259555000100,07259555,0001,00
25318354000100,25318354,0001,00
35855877000149,35855877,0001,49
30272428000154,30272428,0001,54
37600741000113,37600741,0001,13
33050196000188,33050196,0001,88
28662477000151,28662477,0001,51
07191228003502,07191228,0035,02
07191228008300,07191228,0083,00
26277170000101,26277170,0001,01
94580479000126,94580479,0001,26
17568859000102,17568859,0001,02
43713923000101,43713923,0001,01
00019110790004,00019110,7900,04
08944802000161,08944802,0001,61
75451609000267,75451609,0002,67
85099471000151,85099471,0001,51
00002158866071,00002158,8660,71
75904383002680,75904383,0026,80
18073887000103,18073887,0001,03
20146725000108,20146725,0001,08
14337622000386,14337622,0003,86
00357038005185,00357038,0051,85
42540211000248,42540211,0002,48
42910115000163,42910115,0001,63
42220660000128,42220660,0001,28
27934777000180,27934777,0001,80
06933939000195,06933939,0001,95
07677731001006,07677731,0010,06
00394502002783,00394502,0027,83
05620585000166,05620585,0001,66
66301334001770,66301334,0017,70
48142882000237,48142882,0002,37
40452234000194,40452234,0001,94
53570443000184,53570443,0001,84
26240335000170,26240335,0001,70
07271007000197,07271007,0001,97
37552537000174,37552537,0001,74
18572225000188,18572225,0001,88
34230979010845,34230979,0108,45
19942283001271,19942283,0012,71
12024157000136,12024157,0001,36
16770752000171,16770752,0001,71
19368927006148,19368927,0061,48
42805842000160,42805842,0001,60
28952592000241,28952592,0002,41
11686050000271,11686050,0002,71
10275054000202,10275054,0002,02
43662838000153,43662838,0001,53
59048669000104,59048669,0001,04
07152689000380,07152689,0003,80
03006548001532,03006548,0015,32
23656364000120,23656364,0001,20
21411450000228,21411450,0002,28
41725829000139,41725829,0001,39
14933477000134,14933477,0001,34
15416473000222,15416473,0002,22
00032989393234,00032989,3932,34
23828963000264,23828963,0002,64
61924573000104,61924573,0001,04
05683638000198,05683638,0001,98
63432656000101,63432656,0001,01
46291531000181,46291531,0001,81
46027524000177,46027524,0001,77
00242184001925,00242184,0019,25
59320820000103,59320820,0001,03
59320820001509,59320820,0015,09
26444799000107,26444799,0001,07
61070632000116,61070632,0001,16
60881299001215,60881299,0012,15
56813280000292,56813280,0002,92
43399567000195,43399567,0001,95
19749574000195,19749574,0001,95
08903879000193,08903879,0001,93
51531373000120,51531373,0001,20
76533777001074,76533777,0010,74
07322382000119,07322382,0001,19
89732986000289,89732986,0002,89
13576035000115,13576035,0001,15
02999886000154,02999886,0001,54
29022606000100,29022606,0001,00
95111100000282,95111100,0002,82
08882806000162,08882806,0001,62
17480550000158,17480550,0001,58
07175725001050,07175725,0010,50
03327767000118,03327767,0001,18
07924408000875,07924408,0008,75
92697093000173,92697093,0001,73
13592743000140,13592743,0001,40
02033131000796,02033131,0007,96
44026037000911,44026037,0009,11
36128741000108,36128741,0001,08
26917005000177,26917005,0001,77
10652115000114,10652115,0001,14
29639665000121,29639665,0001,21
28259369000132,28259369,0001,32
28259369000485,28259369,0004,85
00181221000537,00181221,0005,37
02104496000179,02104496,0001,79
33072687000120,33072687,0001,20
36355030000168,36355030,0001,68
27169879000156,27169879,0001,56
08925365000139,08925365,0001,39
61241658000180,61241658,0001,80
36556233000112,36556233,0001,12
36130395000194,36130395,0001,94
25388869000429,25388869,0004,29
19312473000152,19312473,0001,52
61414838000205,61414838,0002,05
08562870000247,08562870,0002,47
64403764000100,64403764,0001,00
34230979003989,34230979,0039,89
34230979015138,34230979,0151,38
07031916001804,07031916,0018,04
07031916003840,07031916,0038,40
59770233000116,59770233,0001,16
17168907001058,17168907,0010,58
19770412000139,19770412,0001,39
37831567000462,37831567,0004,62
10227685000167,10227685,0001,67
63353587000132,63353587,0001,32
52060377000130,52060377,0001,30
10505311000913,10505311,0009,13
09326382000112,09326382,0001,12
03690113000235,03690113,0002,35
04992714001822,04992714,0018,22
04992714002985,04992714,0029,85
14492342001233,14492342,0012,33
16084121000360,16084121,0003,60
61550497001269,61550497,0012,69
26303725000142,26303725,0001,42
07244914000147,07244914,0001,47
10699345000139,10699345,0001,39
04218335000131,04218335,0001,31
02302100000106,02302100,0001,06
50180042000120,50180042,0001,20
00028618980382,00028618,9803,82
55363379000439,55363379,0004,39
59599555000144,59599555,0001,44
00625064000188,00625064,0001,88
17785304000104,17785304,0001,04
48621063000191,48621063,0001,91
54849682000130,54849682,0001,30
45987062000177,45987062,0001,77
06915161000353,06915161,0003,53
08006135000842,08006135,0008,42
14730819000119,14730819,0001,19
27595780000620,27595780,0006,20
27688182000191,27688182,0001,91
13474212000152,13474212,0001,52
12022153000119,12022153,0001,19
94772233000237,94772233,0002,37
92812429000100,92812429,0001,00
78388402000526,78388402,0005,26
75164350000192,75164350,0001,92
32750290000268,32750290,0002,68
03327988000358,03327988,0003,58
16684816000200,16684816,0002,00
47075363000150,47075363,0001,50
00947027000196,00947027,0001,96
81804684000852,81804684,0008,52
05094194000902,05094194,0009,02
01627142000812,01627142,0008,12
00357038005428,00357038,0054,28
29644432000117,29644432,0001,17
30527352000160,30527352,0001,60
10962228000116,10962228,0001,16
15525426000136,15525426,0001,36
04880945000104,04880945,0001,04
82647884005609,82647884,0056,09
18538045000422,18538045,0004,22
17467515000107,17467515,0001,07
24374667000112,24374667,0001,12
18119493000220,18119493,0002,20
08645856000126,08645856,0001,26
00001613738609,00001613,7386,09
34114368000100,34114368,0001,00
07881225000143,07881225,0001,43
12285462000262,12285462,0002,62
00002942088109,00002942,0881,09
34230979005680,34230979,0056,80
34230979004012,34230979,0040,12
34230979018587,34230979,0185,87
08269898000290,08269898,0002,90
36359686000310,36359686,0003,10
36359686000230,36359686,0002,30
36359686000159,36359686,0001,59
61844679000190,61844679,0001,90
41151184000178,41151184,0001,78
47721657000101,47721657,0001,01
00078564778300,00078564,7783,00
00000627068375,00000627,0683,75
47887687000192,47887687,0001,92
01492405000580,01492405,0005,80
55399340000129,55399340,0001,29
02709163000688,02709163,0006,88
10652793000187,10652793,0001,87
02302100002907,02302100,0029,07
01528374000813,01528374,0008,13
30442051000215,30442051,0002,15
02220262000197,02220262,0001,97
08257539000213,08257539,0002,13
27426196000803,27426196,0008,03
39978755001091,39978755,0010,91
05849495000907,05849495,0009,07
49034010000137,49034010,0001,37
16836335000850,16836335,0008,50
59320820001851,59320820,0018,51
48658108000100,48658108,0001,00
56927163000330,56927163,0003,30
08691136000105,08691136,0001,05
08691136000601,08691136,0006,01
65744138000493,65744138,0004,93
60291275000900,60291275,0009,00
15020020000100,15020020,0001,00
79458584000365,79458584,0003,65
05451797000329,05451797,0003,29
12069532000245,12069532,0002,45
19238174000891,19238174,0008,91
08153310000239,08153310,0002,39
58569302000165,58569302,0001,65
43399567000357,43399567,0003,57
63041479000205,63041479,0002,05
56385834000702,56385834,0007,02
60592375000110,60592375,0001,10
02298244000128,02298244,0001,28
05955701000106,05955701,0001,06
34397536000104,34397536,0001,04
29363431000790,29363431,0007,90
23373000002690,23373000,0026,90
00046364455034,00046364,4550,34
89271894000168,89271894,0001,68
53461262000110,53461262,0001,10
07049258000121,07049258,0001,21
64957900000104,64957900,0001,04
86377025000124,86377025,0001,24
03209450000268,03209450,0002,68
85284248000184,85284248,0001,84
93315000000161,93315000,0001,61
78388402000798,78388402,0007,98
76700939001100,76700939,0011,00
80273881000153,80273881,0001,53
02993750000218,02993750,0002,18
03507699000250,03507699,0002,50
07249898000185,07249898,0001,85
42354972000124,42354972,0001,24
24446331000118,24446331,0001,18
44163021000101,44163021,0001,01
15452593000285,15452593,0002,85
00892555000195,00892555,0001,95
07090691000100,07090691,0001,00
50421337000140,50421337,0001,40
31269012000220,31269012,0002,20
59028770000195,59028770,0001,95
57442989000100,57442989,0001,00
18463305000103,18463305,0001,03
08352952001158,08352952,0011,58
26365747000137,26365747,0001,37
13491552000191,13491552,0001,91
34230979004284,34230979,0042,84
07031916002959,07031916,0029,59
41918595000146,41918595,0001,46
17162983005396,17162983,0053,96
54981786000102,54981786,0001,02
62016034000121,62016034,0001,21
31884811000126,31884811,0001,26
12134546000114,12134546,0001,14
00779059000987,00779059,0009,87
28169305000140,28169305,0001,40
02843131000166,02843131,0001,66
58473827000100,58473827,0001,00
07973886000107,07973886,0001,07
03673273000195,03673273,0001,95
53779140000176,53779140,0001,76
00954394000117,00954394,0001,17
11951913000290,11951913,0002,90
07842762000184,07842762,0001,84
35470537000108,35470537,0001,08
55272823000168,55272823,0001,68
27212648000188,27212648,0001,88
14907194000207,14907194,0002,07
69197580000155,69197580,0001,55
60874229000349,60874229,0003,49
01895314000162,01895314,0001,62
49770258000166,49770258,0001,66
05600628000222,05600628,0002,22
58565771001188,58565771,0011,88
47946793000957,47946793,0009,57
56502560000107,56502560,0001,07
37932778000149,37932778,0001,49
21807368000136,21807368,0001,36
72111321000174,72111321,0001,74
07378783000190,07378783,0001,90
05143343000129,05143343,0001,29
55151863000151,55151863,0001,51
02259840000107,02259840,0001,07
09469807000142,09469807,0001,42
47934761000184,47934761,0001,84
77147387000138,77147387,0001,38
87113700000170,87113700,0001,70
01090465000305,01090465,0003,05
03522692000126,03522692,0001,26
04234476000148,04234476,0001,48
85393783000173,85393783,0001,73
78817897000138,78817897,0001,38
17163084000187,17163084,0001,87
00061493000412,00061493,0004,12
48426220000108,48426220,0001,08
58569183000140,58569183,0001,40
08786692000157,08786692,0001,57
89308779000200,89308779,0002,00
13778827000172,13778827,0001,72
03785066000122,03785066,0001,22
30090575004958,30090575,0049,58
24229815000105,24229815,0001,05
30076475000122,30076475,0001,22
00357038015300,00357038,0153,00
42458257000131,42458257,0001,31
38328918000137,38328918,0001,37
27535996001834,27535996,0018,34
28955565000141,28955565,0001,41
28671832000159,28671832,0001,59
60395589002301,60395589,0023,01
00873894002844,00873894,0028,44
09452900001973,09452900,0019,73
17404930000618,17404930,0006,18
16941833000197,16941833,0001,97
29209171000379,29209171,0003,79
09362301000130,09362301,0001,30
66301334001347,66301334,0013,47
02870124002016,02870124,0020,16
12687427000199,12687427,0001,99
11748664000150,11748664,0001,50
03506174000119,03506174,0001,19
17155276000141,17155276,0001,41
61414838000116,61414838,0001,16
16583748000102,16583748,0001,02
07222913000100,07222913,0001,00
47271141000102,47271141,0001,02
20658534000117,20658534,0001,17
00039447026893,00039447,0268,93
12671097000224,12671097,0002,24
34230979012546,34230979,0125,46
07031916004579,07031916,0045,79
08001904000143,08001904,0001,43
01759112001670,01759112,0016,70
09253694000224,09253694,0002,24
37317905000108,37317905,0001,08
07998850000331,07998850,0003,31
17116784000110,17116784,0001,10
63296769000119,63296769,0001,19
33192658000100,33192658,0001,00
04747794000617,04747794,0006,17
21652038000119,21652038,0001,19
62899915000138,62899915,0001,38
39671152000151,39671152,0001,51
29376889000198,29376889,0001,98
36356884000169,36356884,0001,69
41704707000166,41704707,0001,66
39649359000120,39649359,0001,20
00000877075352,00000877,0753,52
00005325099353,00005325,0993,53
00747897000383,00747897,0003,83
23727532000120,23727532,0001,20
14602189000792,14602189,0007,92
03244450000118,03244450,0001,18
21120716000879,21120716,0008,79
04557307000220,04557307,0002,20
05601311000120,05601311,0001,20
02341470000144,02341470,0001,44
08039420000193,08039420,0001,93
01362266000147,01362266,0001,47
15597216000153,15597216,0001,53
14982996000192,14982996,0001,92
55363379000510,55363379,0005,10
60546801003609,60546801,0036,09
69144434002458,69144434,0024,58
56959422000143,56959422,0001,43
56679871000138,56679871,0001,38
57466731000144,57466731,0001,44
60233712000182,60233712,0001,82
03359531000163,03359531,0001,63
62379813001163,62379813,0011,63
12766401000136,12766401,0001,36
92779503001601,92779503,0016,01
58111936000170,58111936,0001,70
44000941000362,44000941,0003,62
44000941000443,44000941,0004,43
60755519000705,60755519,0007,05
44914992000138,44914992,0001,38
39776969000275,39776969,0002,75
23468561000115,23468561,0001,15
00965861000104,00965861,0001,04
03279710000190,03279710,0001,90
89317697003743,89317697,0037,43
61381943000104,61381943,0001,04
00042595495020,00042595,4950,20
79390530000143,79390530,0001,43
75813923000161,75813923,0001,61
24327087000174,24327087,0001,74
87788931000184,87788931,0001,84
92644483001408,92644483,0014,08
14460993000865,14460993,0008,65
03357962000190,03357962,0001,90
59970248000128,59970248,0001,28
01353824000108,01353824,0001,08
04945686000144,04945686,0001,44
09047090000140,09047090,0001,40
42018981000144,42018981,0001,44
60821465000135,60821465,0001,35
40177446000100,40177446,0001,00
01829874000119,01829874,0001,19
33103862000107,33103862,0001,07
33541368031771,33541368,0317,71
00001180007481,00001180,0074,81
57312701000183,57312701,0001,83
02870124002954,02870124,0029,54
20468310009280,20468310,0092,80
03308232000795,03308232,0007,95
33511455000120,33511455,0001,20
65096119000236,65096119,0002,36
17766825000629,17766825,0006,29
00003273357690,00003273,3576,90
04820730000270,04820730,0002,70
16583748000609,16583748,0006,09
00036610879672,00036610,8796,72
42324684000127,42324684,0001,27
29628234000240,29628234,0002,40
18710988005107,18710988,0051,07
34230979003806,34230979,0038,06
30957416000163,30957416,0001,63
54389840000117,54389840,0001,17
17442368000102,17442368,0001,02
64676035000470,64676035,0004,70
19083056000185,19083056,0001,85
37831567000381,37831567,0003,81
08324174000111,08324174,0001,11
01744153001269,01744153,0012,69
13432399000121,13432399,0001,21
02657017002004,02657017,0020,04
05648960000186,05648960,0001,86
06250109000163,06250109,0001,63
47925043000141,47925043,0001,41
02200917000165,02200917,0001,65
30647870000118,30647870,0001,18
61099826000810,61099826,0008,10
63910865000105,63910865,0001,05
66575612000110,66575612,0001,10
21947956000175,21947956,0001,75
21947956001490,21947956,0014,90
21947956001570,21947956,0015,70
21947956002461,21947956,0024,61
21947956002623,21947956,0026,23
19979914000174,19979914,0001,74
03567329000470,03567329,0004,70
08666201000134,08666201,0001,34
15129010000107,15129010,0001,07
06855894001230,06855894,0012,30
03779994000184,03779994,0001,84
61881017001242,61881017,0012,42
03831403001495,03831403,0014,95
13921195000154,13921195,0001,54
58312422000182,58312422,0001,82
17027781000100,17027781,0001,00
59535667000131,59535667,0001,31
61683652000162,61683652,0001,62
21308808000100,21308808,0001,00
72908817000173,72908817,0001,73
04558449000392,04558449,0003,92
44000941000524,44000941,0005,24
49162760000194,49162760,0001,94
33570437000110,33570437,0001,10
05827836000188,05827836,0001,88
06254306000150,06254306,0001,50
93384311000182,93384311,0001,82
87834883000113,87834883,0001,13
24874058000122,24874058,0001,22
05813363000160,05813363,0001,60
51066807000168,51066807,0001,68
94337680000187,94337680,0001,87
75528208000187,75528208,0001,87
04713363000125,04713363,0001,25
76212372000143,76212372,0001,43
16829146000184,16829146,0001,84
41265121000142,41265121,0001,42
85155372000140,85155372,0001,40
26657785000163,26657785,0001,63
26917005000924,26917005,0009,24
35169160000143,35169160,0001,43
53640248000264,53640248,0002,64
37891520000575,37891520,0005,75
37891520000737,37891520,0007,37
00670232000157,00670232,0001,57
09097534000586,09097534,0005,86
04182353000100,04182353,0001,00
01211210000434,01211210,0004,34
40108957000170,40108957,0001,70
28679017000136,28679017,0001,36
32625852000160,32625852,0001,60
43768512000105,43768512,0001,05
05484996002891,05484996,0028,91
60924040000402,60924040,0004,02
49044443000173,49044443,0001,73
82647884005447,82647884,0054,47
06116568000159,06116568,0001,59
23808561000117,23808561,0001,17
23808561000206,23808561,0002,06
23808561000621,23808561,0006,21
23808561000702,23808561,0007,02
01251037000155,01251037,0001,55
22332830000230,22332830,0002,30
67277617000120,67277617,0001,20
17162637000349,17162637,0003,49
18979005000173,18979005,0001,73
00046193456600,00046193,4566,00
08645856000207,08645856,0002,07
06286309000176,06286309,0001,76
00006053790680,00006053,7906,80
20664473000109,20664473,0001,09
05117323000930,05117323,0009,30
07687696000115,07687696,0001,15
01339828000131,01339828,0001,31
34230979012201,34230979,0122,01
00009241839694,00009241,8396,94
64429400000361,64429400,0003,61
46250191000140,46250191,0001,40
33504169000138,33504169,0001,38
00999591000586,00999591,0005,86
14674839000110,14674839,0001,10
08920894000140,08920894,0001,40
19784967000482,19784967,0004,82
62984532000168,62984532,0001,68
08492211000109,08492211,0001,09
52928736000802,52928736,0008,02
10791675000664,10791675,0006,64
63980341000190,63980341,0001,90
05325014002061,05325014,0020,61
89171201000670,89171201,0006,70
61079232000686,61079232,0006,86
14576573000172,14576573,0001,72
37870576000110,37870576,0001,10
13861430000140,13861430,0001,40
83914598000151,83914598,0001,51
55743057000172,55743057,0001,72
63970934000176,63970934,0001,76
63626669000103,63626669,0001,03
60618428000124,60618428,0001,24
48119972000126,48119972,0001,26
66495605000109,66495605,0001,09
14854559000193,14854559,0001,93
19446670000164,19446670,0001,64
15709609000101,15709609,0001,01
13096055000350,13096055,0003,50
10972489000117,10972489,0001,17
59225698001672,59225698,0016,72
49871213004418,49871213,0044,18
09911217000128,09911217,0001,28
89317697004804,89317697,0048,04
00021192227034,00021192,2270,34
73811234000435,73811234,0004,35
00061493000765,00061493,0007,65
21034799000107,21034799,0001,07
75190983001147,75190983,0011,47
02771116000150,02771116,0001,50
68295795000146,68295795,0001,46
59598029000402,59598029,0004,02
54430840000113,54430840,0001,13
07899139000168,07899139,0001,68
35173284000100,35173284,0001,00
08847399000233,08847399,0002,33
63119095000187,63119095,0001,87
34470844000460,34470844,0004,60
20082362000186,20082362,0001,86
06015015000100,06015015,0001,00
36376804000218,36376804,0002,18
03945518000196,03945518,0001,96
23808561000540,23808561,0005,40
10544659000162,10544659,0001,62
33873577000752,33873577,0007,52
07636657002213,07636657,0022,13
46461379000138,46461379,0001,38
19564343000964,19564343,0009,64
26429471000294,26429471,0002,94
19059849001050,19059849,0010,50
05514905000101,05514905,0001,01
18710988003830,18710988,0038,30
18710988005379,18710988,0053,79
97527545000273,97527545,0002,73
08583456000214,08583456,0002,14
17551250000546,17551250,0005,46
17806779000130,17806779,0001,30
64676035000209,64676035,0002,09
35294771000385,35294771,0003,85
29067113041704,29067113,0417,04
18826614000273,18826614,0002,73
61099826000659,61099826,0006,59
65087687000190,65087687,0001,90
32325305000240,32325305,0002,40
04486664000163,04486664,0001,63
48430602000105,48430602,0001,05
11285712000110,11285712,0001,10
59848063000145,59848063,0001,45
39769041000182,39769041,0001,82
34554594000102,34554594,0001,02
92779503000125,92779503,0001,25
62267317000146,62267317,0001,46
28152650014202,28152650,0142,02
54398712000130,54398712,0001,30
02786494000107,02786494,0001,07
53503652004526,53503652,0045,26
27939668000155,27939668,0001,55
03779994000427,03779994,0004,27
03779994001580,03779994,0015,80
00948820000100,00948820,0001,00
06789311000168,06789311,0001,68
72812852000194,72812852,0001,94
62222000000193,62222000,0001,93
52548435017063,52548435,0170,63
00039968774049,00039968,7740,49
00805163000141,00805163,0001,41
78815107000185,78815107,0001,85
09440984000104,09440984,0001,04
66968549000182,66968549,0001,82
76212349000159,76212349,0001,59
75190983000175,75190983,0001,75
34470844000207,34470844,0002,07
36579067000170,36579067,0001,70
08629324000286,08629324,0002,86
80247943000152,80247943,0001,52
79381497000195,79381497,0001,95
34230979017262,34230979,0172,62
35435541000127,35435541,0001,27
00000011782413,00000011,7824,13
00000010426513,00000010,4265,13
00000071241713,00000071,2417,13
00000029878712,00000029,8787,12
00000063485612,00000063,4856,12
00000035029113,00000035,0291,13
00000000850913,00000000,8509,13
00000060517212,00000060,5172,12
00000053552713,00000053,5527,13
00000062703713,00000062,7037,13
00000031066412,00000031,0664,12
00000012059513,00000012,0595,13
00000060989112,00000060,9891,12
00000012033812,00000012,0338,12
00000072815412,00000072,8154,12
00000055712312,00000055,7123,12
00000014608213,00000014,6082,13
00000005975213,00000005,9752,13
00000006635712,00000006,6357,12
00000062165412,00000062,1654,12
00000024069811,00000024,0698,11
00000084697113,00000084,6971,13
00000000267812,00000000,2678,12
00000023640213,00000023,6402,13
00000046151113,00000046,1511,13
00000083874913,00000083,8749,13
00000003159913,00000003,1599,13
00000036089412,00000036,0894,12
00000084340412,00000084,3404,12
00000033654513,00000033,6545,13
00000052548413,00000052,5484,13
00000069973112,00000069,9731,12
00000015474513,00000015,4745,13
00000022470813,00000022,4708,13
00000084704313,00000084,7043,13
00000033082312,00000033,0823,12
00000003250713,00000003,2507,13
00000006510813,00000006,5108,13
00000029067113,00000029,0671,13
00000061079113,00000061,0791,13
00000001631113,00000001,6311,13
00000047463212,00000047,4632,12
00000087203712,00000087,2037,12
00000000709912,00000000,7099,12
00000083808912,00000083,8089,12
00000053863212,00000053,8632,12
00000012891513,00000012,8915,13
00000002082813,00000002,0828,13
00000080229513,00000080,2295,13
00000079571112,00000079,5711,12
00000032817412,00000032,8174,12
00000056012312,00000056,0123,12
00000010691812,00000010,6918,12
00000028801513,00000028,8015,13
00000093825712,00000093,8257,12
00000039903212,00000039,9032,12
00000014676813,00000014,6768,13
00000015141813,00000015,1418,13
00000034317212,00000034,3172,12
00000011031213,00000011,0312,13
00000024994913,00000024,9949,13
00000047741213,00000047,7412,13
00000043875611,00000043,8756,11
00000082784213,00000082,7842,13
00000020372113,00000020,3721,13
00000019076413,00000019,0764,13
00000002719113,00000002,7191,13
00000019757913,00000019,7579,13
00000014075213,00000014,0752,13
00000058910313,00000058,9103,13
00000065120113,00000065,1201,13
00000013545813,00000013,5458,13
00000081073712,00000081,0737,12
00000001091513,00000001,0915,13
00000017112513,00000017,1125,13
00000010861513,00000010,8615,13
00000001295512,00000001,2955,12
00000075240812,00000075,2408,12
00000094871412,00000094,8714,12
00000082155212,00000082,1552,12
00000083742313,00000083,7423,13
00000095246612,00000095,2466,12
00000091071412,00000091,0714,12
00000010788713,00000010,7887,13
00000024899812,00000024,8998,12
00000060492612,00000060,4926,12
00000038460213,00000038,4602,13
00000021256913,00000021,2569,13
00000077649313,00000077,6493,13
00000026429513,00000026,4295,13
00000065261312,00000065,2613,12
00000025360712,00000025,3607,12
00000075294813,00000075,2948,13
00000079339112,00000079,3391,12
00000048740413,00000048,7404,13
00000015102113,00000015,1021,13
00000045014212,00000045,0142,12
00000053503713,00000053,5037,13
00000012705212,00000012,7052,12
00000025923512,00000025,9235,12
00000092221112,00000092,2211,12
00000045615213,00000045,6152,13
00000003074213,00000003,0742,13
00000016294313,00000016,2943,13
00000010444213,00000010,4442,13
00000067515612,00000067,5156,12
00000004687413,00000004,6874,13
00000028908813,00000028,9088,13
00000004040513,00000004,0405,13
00000051979613,00000051,9796,13
00000034963113,00000034,9631,13
00000045329512,00000045,3295,12
00000096005312,00000096,0053,12
00000029391212,00000029,3912,12
00000057018212,00000057,0182,12
00000048135112,00000048,1351,12
00000071798212,00000071,7982,12
00000048737912,00000048,7379,12
00000033845313,00000033,8453,13
00000004616812,00000004,6168,12
00000012648113,00000012,6481,13
00000061337912,00000061,3379,12
00000011649413,00000011,6494,13
00000042942213,00000042,9422,13
00000045676512,00000045,6765,12
00000072896312,00000072,8963,12
00000030597412,00000030,5974,12
00000002881213,00000002,8812,13
00000022192513,00000022,1925,13
00000010328213,00000010,3282,13
00000033087913,00000033,0879,13
00000029468313,00000029,4683,13
00000001871113,00000001,8711,13
00000049438612,00000049,4386,12
00000016109212,00000016,1092,12
00000094100313,00000094,1003,13
00000075581812,00000075,5818,12
00000002118813,00000002,1188,13
00000053250112,00000053,2501,12
00000075929812,00000075,9298,12
00000060620813,00000060,6208,13
00000060484712,00000060,4847,12
00000060829313,00000060,8293,13
00000022084813,00000022,0848,13
00000015133212,00000015,1332,12
00000015701512,00000015,7015,12
00000031987713,00000031,9877,13
00000095042512,00000095,0425,12
00000033435213,00000033,4352,13
00000003423113,00000003,4231,13
00000034762712,00000034,7627,12
00000050157712,00000050,1577,12
00000013529513,00000013,5295,13
00000011359112,00000011,3591,12
00000088707712,00000088,7077,12
00000071393512,00000071,3935,12
00000012241612,00000012,2416,12
00000036851112,00000036,8511,12
00000058702112,00000058,7021,12
00000019368913,00000019,3689,13
00000003633713,00000003,6337,13
00000070044212,00000070,0442,12
00000043613912,00000043,6139,12
00000056998712,00000056,9987,12
00000040882113,00000040,8821,13
00000068935812,00000068,9358,12
00000090741812,00000090,7418,12
00000042317713,00000042,3177,13
00000001769813,00000001,7698,13
00000028564513,00000028,5645,13
00000021574413,00000021,5744,13
00000052957713,00000052,9577,13
00000001878913,00000001,8789,13
00000019094613,00000019,0946,13
00000060500213,00000060,5002,13
00000002714212,00000002,7142,12
00000042991512,00000042,9915,12
00000087359411,00000087,3594,11
00000097442113,00000097,4421,13
00000003585312,00000003,5853,12
00000058309812,00000058,3098,12
00000041550113,00000041,5501,13
00000034088113,00000034,0881,13
00000053882312,00000053,8823,12
00000014594112,00000014,5941,12
00000092660613,00000092,6606,13
00000054614813,00000054,6148,13
00000011831813,00000011,8318,13
00000028142813,00000028,1428,13
00000029535313,00000029,5353,13
00000033906613,00000033,9066,13
00000084894112,00000084,8941,12
00000009609612,00000009,6096,12
00000069717613,00000069,7176,13
00000046424713,00000046,4247,13
00000051940213,00000051,9402,13
00000049217313,00000049,2173,13
00000070390612,00000070,3906,12
00000020709413,00000020,7094,13
00000011987313,00000011,9873,13
00000019428813,00000019,4288,13
00000059316412,00000059,3164,12
00000002584212,00000002,5842,12
00000061329213,00000061,3292,13
00000060870813,00000060,8708,13
00000047022912,00000047,0229,12
00000023357113,00000023,3571,13
00000018018413,00000018,0184,13
00000064571313,00000064,5713,13
00000011838613,00000011,8386,13
00000042413212,00000042,4132,12
00000019350213,00000019,3502,13
00000033666113,00000033,6661,13
00000043377913,00000043,3779,13
00000015752713,00000015,7527,13
00000010509913,00000010,5099,13
00000010544313,00000010,5443,13
00000054360613,00000054,3606,13
00000004491513,00000004,4915,13
00000045523713,00000045,5237,13
00000015595913,00000015,5959,13
00000050181212,00000050,1812,12
00000073588211,00000073,5882,11
00000034054212,00000034,0542,12
00000011545213,00000011,5452,13
00000014016312,00000014,0163,12
00000092500912,00000092,5009,12
00000093791712,00000093,7917,12
00000088609912,00000088,6099,12
00000042445413,00000042,4454,13
00000001261313,00000001,2613,13
00000093830812,00000093,8308,12
00000017142811,00000017,1428,11
00000001221713,00000001,2217,13
00000083975812,00000083,9758,12
00000044384813,00000044,3848,13
00000025105612,00000025,1056,12
00000030761712,00000030,7617,12
00000019537813,00000019,5378,13
00000038759312,00000038,7593,12
00000045318413,00000045,3184,13
00000003364713,00000003,3647,13
00000091821412,00000091,8214,12
00000006291912,00000006,2919,12
00000037875212,00000037,8752,12
00000083233512,00000083,2335,12
00000034940413,00000034,9404,13
00000028720513,00000028,7205,13
00000029854713,00000029,8547,13
00000037878213,00000037,8782,13
00000019045712,00000019,0457,12
00000021718313,00000021,7183,13
00000040361113,00000040,3611,13
00000062895312,00000062,8953,12
00000071120112,00000071,1201,12
00000082131811,00000082,1318,11
00000010745713,00000010,7457,13
00000006098211,00000006,0982,11
00000001524912,00000001,5249,12
00000017519712,00000017,5197,12
00000044161213,00000044,1612,13
00000038081913,00000038,0819,13
00000014012313,00000014,0123,13
00000035820513,00000035,8205,13
00000024607913,00000024,6079,13
00000063464612,00000063,4646,12
00000001446113,00000001,4461,13
00000010403713,00000010,4037,13
00000029322113,00000029,3221,13
00000033578712,00000033,5787,12
00000076506613,00000076,5066,13
00000061114312,00000061,1143,12
00000024048513,00000024,0485,13
00000008672812,00000008,6728,12
00000030182613,00000030,1826,13
00000076835412,00000076,8354,12
00000023514813,00000023,5148,13
00000092905911,00000092,9059,11
00000089550912,00000089,5509,12
00000019257613,00000019,2576,13
00000004746713,00000004,7467,13
00000033060313,00000033,0603,13
00000044715612,00000044,7156,12
00000030796413,00000030,7964,13
00000071256313,00000071,2563,13
00000040282412,00000040,2824,12
00000047021212,00000047,0212,12
00000033572313,00000033,5723,13
00000060820213,00000060,8202,13
00000077955513,00000077,9555,13
00000043066713,00000043,0667,13
00000016784312,00000016,7843,12
00000033479213,00000033,4792,13
00000010825712,00000010,8257,12
00000069795212,00000069,7952,12
00000047633912,00000047,6339,12
00000044801913,00000044,8019,13
00000052417212,00000052,4172,12
00000011681513,00000011,6815,13
00000031696812,00000031,6968,12
00000018011913,00000018,0119,13
00000060101313,00000060,1013,13
00000066152413,00000066,1524,13
00000096289312,00000096,2893,12
00000070371212,00000070,3712,12
00000013254113,00000013,2541,13
00000017337813,00000017,3378,13
00000065373312,00000065,3733,12
00000062961812,00000062,9618,12
00000000206713,00000000,2067,13
00000095727912,00000095,7279,12
00000010912913,00000010,9129,13
00000012002813,00000012,0028,13
00000076557913,00000076,5579,13
00000050634611,00000050,6346,11
00000019632113,00000019,6321,13
00000024911412,00000024,9114,12
00000033980213,00000033,9802,13
00000060963412,00000060,9634,12
00000010803813,00000010,8038,13
00000069481212,00000069,4812,12
00000073514513,00000073,5145,13
00000014868313,00000014,8683,13
00000031759913,00000031,7599,13
00000051673512,00000051,6735,12
00000013012713,00000013,0127,13
00000055846912,00000055,8469,12
00000020936113,00000020,9361,13
00000020090113,00000020,0901,13
00000094231112,00000094,2311,12
00000084656213,00000084,6562,13
00000010887112,00000010,8871,12
00000031133512,00000031,1335,12
00000010567713,00000010,5677,13
00000002753613,00000002,7536,13
00000077557613,00000077,5576,13
00000066098913,00000066,0989,13
00000007498312,00000007,4983,12
00000019421411,00000019,4214,11
00000019016312,00000019,0163,12
00000001832312,00000001,8323,12
00000076593813,00000076,5938,13
00000001772113,00000001,7721,13
00000033185313,00000033,1853,13
00000024524813,00000024,5248,13
00000019464213,00000019,4642,13
00000030718912,00000030,7189,12
00000031518913,00000031,5189,13
00000043355412,00000043,3554,12
00000048748213,00000048,7482,13
00000078842812,00000078,8428,12
00000001682712,00000001,6827,12
00000030076513,00000030,0765,13
00000079114513,00000079,1145,13
00000026291813,00000026,2918,13
00000078440912,00000078,4409,12
00000015733413,00000015,7334,13
00000003319213,00000003,3192,13
00000071983813,00000071,9838,13
00000028472912,00000028,4729,12
00000015437212,00000015,4372,12
00000043251213,00000043,2512,13
00000046900212,00000046,9002,12
00000046806612,00000046,8066,12
00000033197213,00000033,1972,13
00000036259313,00000036,2593,13
00000018365713,00000018,3657,13
00000022399213,00000022,3992,13
00000013434313,00000013,4343,13
00000025224613,00000025,2246,13
00000052516512,00000052,5165,12
00000082837313,00000082,8373,13
00000018279213,00000018,2792,13
00000071373612,00000071,3736,12
00000056679913,00000056,6799,13
00000021120713,00000021,1207,13
00000010553313,00000010,5533,13
00000031931912,00000031,9319,12
00000024897613,00000024,8976,13
00000022447713,00000022,4477,13
00000034925313,00000034,9253,13
00000078261313,00000078,2613,13
00000053281212,00000053,2812,12
00000095544812,00000095,5448,12
00000014233413,00000014,2334,13
00000031974113,00000031,9741,13
00000061487813,00000061,4878,13
00000071896913,00000071,8969,13
00000061274813,00000061,2748,13
00000081810912,00000081,8109,12
00000047879412,00000047,8794,12
00000011163113,00000011,1631,13
00000076777312,00000076,7773,12
00000020351112,00000020,3511,12
00000099959111,00000099,9591,11
00000069358912,00000069,3589,12
00000039397713,00000039,3977,13
00000005613913,00000005,6139,13
00000041760812,00000041,7608,12
00000082514112,00000082,5141,12
00000009452912,00000009,4529,12
00000032681413,00000032,6814,13
00000025634613,00000025,6346,13
00000081854712,00000081,8547,12
00000061763412,00000061,7634,12
00000029106212,00000029,1062,12
00000087427112,00000087,4271,12
00000040098712,00000040,0987,12
00000001612812,00000001,6128,12
00000032336813,00000032,3368,13
00000023937413,00000023,9374,13
00000090681712,00000090,6817,12
00000043721811,00000043,7218,11
00000025385613,00000025,3856,13
00000017216713,00000017,2167,13
00000011414813,00000011,4148,13
00000054646113,00000054,6461,13
00000061990812,00000061,9908,12
00000019972613,00000019,9726,13
00000060546813,00000060,5468,13
00000031101613,00000031,1016,13
00000035260912,00000035,2609,12
00000040770313,00000040,7703,13
00000002932513,00000002,9325,13
00000037098513,00000037,0985,13
00000048194613,00000048,1946,13
00000019095112,00000019,0951,12
00000020969712,00000020,9697,12
00000073503213,00000073,5032,13
00000091359713,00000091,3597,13
00000032868512,00000032,8685,12
00000002912813,00000002,9128,13
00000043008213,00000043,0082,13
00000034732413,00000034,7324,13
00000095145911,00000095,1459,11
00000008046512,00000008,0465,12
00000042147513,00000042,1475,13
00000023734912,00000023,7349,12
00000071544812,00000071,5448,12
00000061519212,00000061,5192,12
00000014408713,00000014,4087,13
00000064232513,00000064,2325,13
00000021050713,00000021,0507,13
00000080240512,00000080,2405,12
00000070158212,00000070,1582,12
00000079611912,00000079,6119,12
00000061156113,00000061,1561,13
00000028931313,00000028,9313,13
00000013406313,00000013,4063,13
00000012473311,00000012,4733,11
00000010946913,00000010,9469,13
00000011224713,00000011,2247,13
00000059385212,00000059,3852,12
00000027093513,00000027,0935,13
00000075173613,00000075,1736,13
00000041333811,00000041,3338,11
00000020698713,00000020,6987,13
00000017692913,00000017,6929,13
00000018594213,00000018,5942,13
00000084887212,00000084,8872,12
00000088111212,00000088,1112,12
00000046040213,00000046,0402,13
00000022950713,00000022,9507,13
00000033764513,00000033,7645,13
00000004330312,00000004,3303,12
00000019176913,00000019,1769,13
00000029336313,00000029,3363,13
00000039685213,00000039,6852,13
00000071445613,00000071,4456,13
00000039450211,00000039,4502,11
00000076674412,00000076,6744,12
00000015874613,00000015,8746,13
00000033498613,00000033,4986,13
00000005686612,00000005,6866,12
00000053898112,00000053,8981,12
00000020895413,00000020,8954,13
00000007553112,00000007,5531,12
00000057507613,00000057,5076,13
00000031928613,00000031,9286,13
00000019974513,00000019,9745,13
00000029913413,00000029,9134,13
00000078149212,00000078,1492,12
00000006146712,00000006,1467,12
00000076560313,00000076,5603,13
00000022712213,00000022,7122,13
00000022953612,00000022,9536,12
00000091208412,00000091,2084,12
00000027183413,00000027,1834,13
00000013022113,00000013,0221,13
00000033279912,00000033,2799,12
00000003334612,00000003,3346,12
00000012260413,00000012,2604,13
00000077786712,00000077,7867,12
00000010883213,00000010,8832,13
00000049502812,00000049,5028,12
00000053124213,00000053,1242,13
00000044504312,00000044,5043,12
00000078994513,00000078,9945,13
00000062545713,00000062,5457,13
00000033890513,00000033,8905,13
00000015458413,00000015,4584,13
00000034485213,00000034,4852,13
00000020556413,00000020,5564,13
00000017273713,00000017,2737,13
00000073442712,00000073,4427,12
00000045050713,00000045,0507,13
00000011595213,00000011,5952,13
00000092807313,00000092,8073,13
00000046574513,00000046,5745,13
00000016574412,00000016,5744,12
00000059107913,00000059,1079,13
00000010739813,00000010,7398,13
00000011784211,00000011,7842,11
00000086532513,00000086,5325,13
00000058208612,00000058,2086,12
00000036870712,00000036,8707,12
00000006044712,00000006,0447,12
00000014256912,00000014,2569,12
00000012316512,00000012,3165,12
00000035662613,00000035,6626,13
00000037259213,00000037,2592,13
00000070682212,00000070,6822,12
00000010415213,00000010,4152,13
00000075524413,00000075,5244,13
00000016238313,00000016,2383,13
00000061260813,00000061,2608,13
00000032179113,00000032,1791,13
00000083529512,00000083,5295,12
00000039426613,00000039,4266,13
00000081305413,00000081,3054,13
00000062072812,00000062,0728,12
00000016942213,00000016,9422,13
00000025165713,00000025,1657,13
00000058247512,00000058,2475,12
00000058746713,00000058,7467,13
00000014238213,00000014,2382,13
00000076099912,00000076,0999,12
00000026148312,00000026,1483,12
00000017551313,00000017,5513,13
00000020850413,00000020,8504,13
00000029060613,00000029,0606,13
00000021400913,00000021,4009,13
00000022768813,00000022,7688,13
00000073921112,00000073,9211,12
00000018467413,00000018,4674,13
00000067189712,00000067,1897,12
00000030131812,00000030,1318,12
00000044876212,00000044,8762,12
00000041705513,00000041,7055,13
00000045212213,00000045,2122,13
00000012478313,00000012,4783,13
00000031806613,00000031,8066,13
00000052203612,00000052,2036,12
00000017277613,00000017,2776,13
00000092693813,00000092,6938,13
00000032489713,00000032,4897,13
00000077943812,00000077,9438,12
00000030069313,00000030,0693,13
00000030074613,00000030,0746,13
00000000091413,00000000,0914,13
00000014051913,00000014,0519,13
00000052387913,00000052,3879,13
00000002674813,00000002,6748,13
00000016321512,00000016,3215,12
00000047283313,00000047,2833,13
00000012224111,00000012,2241,11
00000024312913,00000024,3129,13
00000054548512,00000054,5485,12
00000069593112,00000069,5931,12
00000036624512,00000036,6245,12
00000036627212,00000036,6272,12
00000072680412,00000072,6804,12
00000002991913,00000002,9919,13
00000032175313,00000032,1753,13
00000052406313,00000052,4063,13
00000017200113,00000017,2001,13
00000010260213,00000010,2602,13
00000083313412,00000083,3134,12
00000016933613,00000016,9336,13
00000020350113,00000020,3501,13
00000060845212,00000060,8452,12
00000031382313,00000031,3823,13
00000065305913,00000065,3059,13
00000032184513,00000032,1845,13
00000029331813,00000029,3318,13
00000032351912,00000032,3519,12
00000004066612,00000004,0666,12
00000030751613,00000030,7516,13
00000030075413,00000030,0754,13
00000015031313,00000015,0313,13
00000037020313,00000037,0203,13
00000003367112,00000003,3671,12
00000044629713,00000044,6297,13
00000007705813,00000007,7058,13
00000088153512,00000088,1535,12
00000029099813,00000029,0998,13
00000051080812,00000051,0808,12
00000049656213,00000049,6562,13
00000028681812,00000028,6818,12
00000034040413,00000034,0404,13
00000031382613,00000031,3826,13
00000001847912,00000001,8479,12
00000018087313,00000018,0873,13
00000018938913,00000018,9389,13
00000010914513,00000010,9145,13
00000044234612,00000044,2346,12
00000001201413,00000001,2014,13
00000083336213,00000083,3362,13
00000016503513,00000016,5035,13
00000071099612,00000071,0996,12
00000058025912,00000058,0259,12
00000039155713,00000039,1557,13
00000011184813,00000011,1848,13
00000052234613,00000052,2346,13
00000027242112,00000027,2421,12
00000015187813,00000015,1878,13
00000023105613,00000023,1056,13
00000042899213,00000042,8992,13
00000015191813,00000015,1918,13
00000071254512,00000071,2545,12
00000002875312,00000002,8753,12
00000015557312,00000015,5573,12
00000087689413,00000087,6894,13
00000013799613,00000013,7996,13
00000027823412,00000027,8234,12
00000043123313,00000043,1233,13
00000004102413,00000004,1024,13
00000028039113,00000028,0391,13
00000010667713,00000010,6677,13
00000003508113,00000003,5081,13
00000013545512,00000013,5455,12
00000063341813,00000063,3418,13
00000014593513,00000014,5935,13
00000087788812,00000087,7888,12
00000013431513,00000013,4315,13
00000029899113,00000029,8991,13
00000030967412,00000030,9674,12
00000058188813,00000058,1888,13
00000072784112,00000072,7841,12
00000095323313,00000095,3233,13
00000040433413,00000040,4334,13
00000045911112,00000045,9111,12
00000031117313,00000031,1173,13
00000033059713,00000033,0597,13
00000099291312,00000099,2913,12
00000031819413,00000031,8194,13
00000023814913,00000023,8149,13
00000023653713,00000023,6537,13
00000061065313,00000061,0653,13
00000024883612,00000024,8836,12
00000028352612,00000028,3526,12
00000069374613,00000069,3746,13
00000056218612,00000056,2186,12
00000072554912,00000072,5549,12
00000037457913,00000037,4579,13
00000046096413,00000046,0964,13
00000066401312,00000066,4013,12
00000008481413,00000008,4814,13
00000059708513,00000059,7085,13
00000010650313,00000010,6503,13
00000032301112,00000032,3011,12
00000063517113,00000063,5171,13
00000080432713,00000080,4327,13
00000001978513,00000001,9785,13
00000000197713,00000000,1977,13
00000096654913,00000096,6549,13
00000023742613,00000023,7426,13
00000019498313,00000019,4983,13
00000019942313,00000019,9423,13
00000048169513,00000048,1695,13
00000079567612,00000079,5676,12
00000010378113,00000010,3781,13
00000007366212,00000007,3662,12
00000072793313,00000072,7933,13
00000040417512,00000040,4175,12
00000000672813,00000000,6728,13
00000075813913,00000075,8139,13
00000044139812,00000044,1398,12
00000036710613,00000036,7106,13
00000068626312,00000068,6263,12
00000023924612,00000023,9246,12
00000014492313,00000014,4923,13
00000009524512,00000009,5245,12
00000018926612,00000018,9266,12
00000018122111,00000018,1221,11
00000010058812,00000010,0588,12
00000085799512,00000085,7995,12
00000018304813,00000018,3048,13
00000063414812,00000063,4148,12
00000001573213,00000001,5732,13
00000010791713,00000010,7917,13
00000048049912,00000048,0499,12
00000033807612,00000033,8076,12
00000084196712,00000084,1967,12
00000085889112,00000085,8891,12
00000037398613,00000037,3986,13
00000020657313,00000020,6573,13
00000011516313,00000011,5163,13
00000007026312,00000007,0263,12
00000011707913,00000011,7079,13
00000033370313,00000033,3703,13
00000020776212,00000020,7762,12
00000042251213,00000042,2512,13
00000093270311,00000093,2703,11
00000088602812,00000088,6028,12
00000031367913,00000031,3679,13
00000042135913,00000042,1359,13
00000046288112,00000046,2881,12
00000030185113,00000030,1851,13
00000001889113,00000001,8891,13
00000017305313,00000017,3053,13
00000039711613,00000039,7116,13
00000056518912,00000056,5189,12
00000014381613,00000014,3816,13
00000083018811,00000083,0188,11
00000003802412,00000003,8024,12
00000026771113,00000026,7711,13
00000030741813,00000030,7418,13
00000013519913,00000013,5199,13
00000027109212,00000027,1092,12
00000088676113,00000088,6761,13
00000013091713,00000013,0917,13
00000012331913,00000012,3319,13
00000037337113,00000037,3371,13
00000043602512,00000043,6025,12
00000029624312,00000029,6243,12
00000084052612,00000084,0526,12
00000046149513,00000046,1495,13
00000027099912,00000027,0999,12
00000077371813,00000077,3718,13
00000038615112,00000038,6151,12
00000017091713,00000017,0917,13
00000014783813,00000014,7838,13
00000093544612,00000093,5446,12
00000041527312,00000041,5273,12
00000024946413,00000024,9464,13
00000060691212,00000060,6912,12
00000027515213,00000027,5152,13
00000075392312,00000075,3923,12
00000059751312,00000059,7513,12
00000015104613,00000015,1046,13
00000004001412,00000004,0014,12
00080671000371,00080671,0003,71
00000020775512,00000020,7755,12
00000011402413,00000011,4024,13
00000054764313,00000054,7643,13
00000080858412,00000080,8584,12
00000073234412,00000073,2344,12
00000017776813,00000017,7768,13
00000006108313,00000006,1083,13
00000022469513,00000022,4695,13
00000009064812,00000009,0648,12
00000058130113,00000058,1301,13
00000089879113,00000089,8791,13
00000051663713,00000051,6637,13
00000007707212,00000007,7072,12
00000033263913,00000033,2639,13
00000030653613,00000030,6536,13
00000010956612,00000010,9566,12
00000075050712,00000075,0507,12
00000033118113,00000033,1181,13
00000083739913,00000083,7399,13
00000004419812,00000004,4198,12
00000031590913,00000031,5909,13
00000015120113,00000015,1201,13
00000012601213,00000012,6012,13
00000065348513,00000065,3485,13
00000054014112,00000054,0141,12
00000070227613,00000070,2276,13
00000030937913,00000030,9379,13
00000059900412,00000059,9004,12
00000018195512,00000018,1955,12
00000030278813,00000030,2788,13
00000034772213,00000034,7722,13
00000020152513,00000020,1525,13
00000011393613,00000011,3936,13
00000073654713,00000073,6547,13
00000091597613,00000091,5976,13
00000021403113,00000021,4031,13
00000037499312,00000037,4993,12
00000080911412,00000080,9114,12
00000006390313,00000006,3903,13
00000035283813,00000035,2838,13
00000000801711,00000000,8017,11
00000045356512,00000045,3565,12
00000058662812,00000058,6628,12
00000085533212,00000085,5332,12
00000029683912,00000029,6839,12
00000067218513,00000067,2185,13
00000078147113,00000078,1471,13
00000096825613,00000096,8256,13
00000057593313,00000057,5933,13
00000030706612,00000030,7066,12
00000058551213,00000058,5512,13
00000048990412,00000048,9904,12
00000012790613,00000012,7906,13
00000017814113,00000017,8141,13
00000027721912,00000027,7219,12
00000089720613,00000089,7206,13
00000016990313,00000016,9903,13
00000091858812,00000091,8588,12
00000026607413,00000026,6074,13
00000036206913,00000036,2069,13
00000006188113,00000006,1881,13
00000072208712,00000072,2087,12
00000068558912,00000068,5589,12
00000080024613,00000080,0246,13
00000071314812,00000071,3148,12
00000033131513,00000033,1315,13
00000054361213,00000054,3612,13
00000069228712,00000069,2287,12
00000083486112,00000083,4861,12
00000045036612,00000045,0366,12
00000054473313,00000054,4733,13
00000072455613,00000072,4556,13
00000051596713,00000051,5967,13
00000050479513,00000050,4795,13
00000047483713,00000047,4837,13
00000086428913,00000086,4289,13
00000026198813,00000026,1988,13
00000086427712,00000086,4277,12
00000055184713,00000055,1847,13
00000028996313,00000028,9963,13
00000048585513,00000048,5855,13
00000061586213,00000061,5862,13
00000021421213,00000021,4212,13
00000039892212,00000039,8922,12
00000055334313,00000055,3343,13
00000091123812,00000091,1238,12
00000077577413,00000077,5774,13
00000060953612,00000060,9536,12
00000011451112,00000011,4511,12
00000078071212,00000078,0712,12
00000014779413,00000014,7794,13
00000040917313,00000040,9173,13
00000014897713,00000014,8977,13
00000027019912,00000027,0199,12
00000027497713,00000027,4977,13
00000021437413,00000021,4374,13
00000026275413,00000026,2754,13
00000022206113,00000022,2061,13
00000038382212,00000038,3822,12
00000042210712,00000042,2107,12
00000095456812,00000095,4568,12
00000026628213,00000026,6282,13
00000059174312,00000059,1743,12
00000071757312,00000071,7573,12
00000060445412,00000060,4454,12
00000062096112,00000062,0961,12
00000030946512,00000030,9465,12
00000011760812,00000011,7608,12
00000024198712,00000024,1987,12
00000010020512,00000010,0205,12
00000018654813,00000018,6548,13
00000067899413,00000067,8994,13
00000026481313,00000026,4813,13
00000021559813,00000021,5598,13
00000076002912,00000076,0029,12
00000035652713,00000035,6527,13
00000010194313,00000010,1943,13
00000016813513,00000016,8135,13
00000027175312,00000027,1753,12
00000050925913,00000050,9259,13
00000057717512,00000057,7175,12
00000010561413,00000010,5614,13
00000017221813,00000017,2218,13
00000076538413,00000076,5384,13
00000081077112,00000081,0771,12
00000057622513,00000057,6225,13
00000032485413,00000032,4854,13
00000095351512,00000095,3515,12
00000089525212,00000089,5252,12
00000006092413,00000006,0924,13
00000046486713,00000046,4867,13
00000084499413,00000084,4994,13
00000069627713,00000069,6277,13
00000051715713,00000051,7157,13
00000072775812,00000072,7758,12
00000026970113,00000026,9701,13
00000006268112,00000006,2681,12
00000013841613,00000013,8416,13
00000068405813,00000068,4058,13
00000046945512,00000046,9455,12
00000062497912,00000062,4979,12
00000003223913,00000003,2239,13
00000027595813,00000027,5958,13
00000023445513,00000023,4455,13
00000056217612,00000056,2176,12
00000077161513,00000077,1615,13
00000010425113,00000010,4251,13
00000026401413,00000026,4014,13
00000061916913,00000061,9169,13
00000043992913,00000043,9929,13
00000083163613,00000083,1636,13
00000055753613,00000055,7536,13
00000040160613,00000040,1606,13
00000030411613,00000030,4116,13
00000069434113,00000069,4341,13
00000023506413,00000023,5064,13
00000057497513,00000057,4975,13
00000011703513,00000011,7035,13
00000026469513,00000026,4695,13
00000011734313,00000011,7343,13
00000024887711,00000024,8877,11
00000027378512,00000027,3785,12
00000003108912,00000003,1089,12
00000061106213,00000061,1062,13
00000022257113,00000022,2571,13
00000080831713,00000080,8317,13
00000082757913,00000082,7579,13
00000081451513,00000081,4515,13
00000055788412,00000055,7884,12
00000012985413,00000012,9854,13
00000010725713,00000010,7257,13
00000018843513,00000018,8435,13
00000092783713,00000092,7837,13
00000008945613,00000008,9456,13
00000049384112,00000049,3841,12
00000083286513,00000083,2865,13
00000002635513,00000002,6355,13
00000027417613,00000027,4176,13
00000090428312,00000090,4283,12
00000032906213,00000032,9062,13
00000013510213,00000013,5102,13
00000010810713,00000010,8107,13
00000063124512,00000063,1245,12
00000025498412,00000025,4984,12
00000050115513,00000050,1155,13
00000070430713,00000070,4307,13
00000017051713,00000017,0517,13
00000087944512,00000087,9445,12
00000008972413,00000008,9724,13
00000022844412,00000022,8444,12
00000020468313,00000020,4683,13
00000082454212,00000082,4542,12
00000074445113,00000074,4451,13
00000014956912,00000014,9569,12
00000031023313,00000031,0233,13
00000066702313,00000066,7023,13
00000017255713,00000017,2557,13
00000010687213,00000010,6872,13
00000062693512,00000062,6935,12
00000014443712,00000014,4437,12
00000050119713,00000050,1197,13
00000031874412,00000031,8744,12
00000059895512,00000059,8955,12
00000049877312,00000049,8773,12
00000070730412,00000070,7304,12
00000045782912,00000045,7829,12
00000082077813,00000082,0778,13
00000023904412,00000023,9044,12
00000023561513,00000023,5615,13
00000031468913,00000031,4689,13
00000071598912,00000071,5989,12
00000045293313,00000045,2933,13
00000011387913,00000011,3879,13
00000096428813,00000096,4288,13
00000090394113,00000090,3941,13
00000079587711,00000079,5877,11
00000069625313,00000069,6253,13
00000065444213,00000065,4442,13
00000015482113,00000015,4821,13
00000034864813,00000034,8648,13
00000095686812,00000095,6868,12
00000018572213,00000018,5722,13
00000032291312,00000032,2913,12
00000026070113,00000026,0701,13
00000074335312,00000074,3353,12
00000010505313,00000010,5053,13
00000010666512,00000010,6665,12
00000025246213,00000025,2462,13
00000043614813,00000043,6148,13
00000081001512,00000081,0015,12
00000038226712,00000038,2267,12
00000042509313,00000042,5093,13
00000015147413,00000015,1474,13
00000095259612,00000095,2596,12
00000030163712,00000030,1637,12
00000088668313,00000088,6683,13
00000095257913,00000095,2579,13
00000026150112,00000026,1501,12
00000061352113,00000061,3521,13
00000005907612,00000005,9076,12
00000023343513,00000023,3435,13
00000077905911,00000077,9059,11
00000033474113,00000033,4741,13
00000061355912,00000061,3559,12
00000028279313,00000028,2793,13
00000056165512,00000056,1655,12
00000010729713,00000010,7297,13
00000076942712,00000076,9427,12
00000093888912,00000093,8889,12
00000083698913,00000083,6989,13
00000006906713,00000006,9067,13
00000014648912,00000014,6489,12
00000002709413,00000002,7094,13
00000030661313,00000030,6613,13
00000005458112,00000005,4581,12
00000023735212,00000023,7352,12
00000013210411,00000013,2104,11
00000048584513,00000048,5845,13
00000000002412,00000000,0024,12
00000010981513,00000010,9815,13
00000041990112,00000041,9901,12
00000027891912,00000027,8919,12
00000029108113,00000029,1081,13
00000019456412,00000019,4564,12
00000032318913,00000032,3189,13
00000011727513,00000011,7275,13
00000010667113,00000010,6671,13
00000063258112,00000063,2581,12
00000018715513,00000018,7155,13
00000050629912,00000050,6299,12
00000043207213,00000043,2072,13
00000021407313,00000021,4073,13
00000000920813,00000000,9208,13
00000089975912,00000089,9759,12
00000040515212,00000040,5152,12
00000033773413,00000033,7734,13
00000022902513,00000022,9025,13
00000011610213,00000011,6102,13
00000028501413,00000028,5014,13
00000012929412,00000012,9294,12
00000045485412,00000045,4854,12
00000074367912,00000074,3679,12
00000026335913,00000026,3359,13
00000013164113,00000013,1641,13
00000085282212,00000085,2822,12
00000070657512,00000070,6575,12
00000075303213,00000075,3032,13
00000049420212,00000049,4202,12
00000022755713,00000022,7557,13
00000028672113,00000028,6721,13
00000010926313,00000010,9263,13
00000003102313,00000003,1023,13
00000024934713,00000024,9347,13
00000071868913,00000071,8689,13
00000014560212,00000014,5602,12
00000082958412,00000082,9584,12
00000060332413,00000060,3324,13
00000015933213,00000015,9332,13
00000054380413,00000054,3804,13
00000072475512,00000072,4755,12
00000044392113,00000044,3921,13
00000034967612,00000034,9676,12
00000012727113,00000012,7271,13
00000010984813,00000010,9848,13
00000023452213,00000023,4522,13
00000042793213,00000042,7932,13
00000062379813,00000062,3798,13
00000080058612,00000080,0586,12
00000072875812,00000072,8758,12
00000010401813,00000010,4018,13
00000060103613,00000060,1036,13
00000016756212,00000016,7562,12
00000079986913,00000079,9869,13
00000031733713,00000031,7337,13
00000058435813,00000058,4358,13
00000030251813,00000030,2518,13
00000077184713,00000077,1847,13
00000090598412,00000090,5984,12
00000057582813,00000057,5828,13
00000008976512,00000008,9765,12
00000090228213,00000090,2282,13
00000096635312,00000096,6353,12
00000008093512,00000008,0935,12
00000044221113,00000044,2211,13
00000013233713,00000013,2337,13
00000044870812,00000044,8708,12
00000035272913,00000035,2729,13
00000033412813,00000033,4128,13
00000032007913,00000032,0079,13
00000025747712,00000025,7477,12
00000015115513,00000015,1155,13
00000060519613,00000060,5196,13
00000001175912,00000001,1759,12
00000007373413,00000007,3734,13
00000080529711,00000080,5297,11
00000079912412,00000079,9124,12
00000045583313,00000045,5833,13
00000016084113,00000016,0841,13
00000010376613,00000010,3766,13
00000043204213,00000043,2042,13
00000019397613,00000019,3976,13
00000096713813,00000096,7138,13
00000001719213,00000001,7192,13
00000042807913,00000042,8079,13
00000070410112,00000070,4101,12
00000020292313,00000020,2923,13
00000016992213,00000016,9922,13
00000010403213,00000010,4032,13
00000072830512,00000072,8305,12
00000070639512,00000070,6395,12
00000039242812,00000039,2428,12
00000015107213,00000015,1072,13
00000052311313,00000052,3113,13
00095252282315,00095252,2823,15
00000088276713,00000088,2767,13
00000022366413,00000022,3664,13
00000035218313,00000035,2183,13
00000057781312,00000057,7813,12
00000075328512,00000075,3285,12
00000038711113,00000038,7111,13
00000057634713,00000057,6347,13
00000054579113,00000054,5791,13
00000010384813,00000010,3848,13
00000014710313,00000014,7103,13
00000093539611,00000093,5396,11
00000090478212,00000090,4782,12
00000013956713,00000013,9567,13
00000084481413,00000084,4814,13
00000029667213,00000029,6672,13
00000015198512,00000015,1985,12
00000019166213,00000019,1662,13
00000002528112,00000002,5281,12
00000083050813,00000083,0508,13
00000094332912,00000094,3329,12
00000016925313,00000016,9253,13
00000011972112,00000011,9721,12
00000033023912,00000033,0239,12
00000061241513,00000061,2415,13
00000006108413,00000006,1084,13
00000010404913,00000010,4049,13
00000028081313,00000028,0813,13
00000048984312,00000048,9843,12
00000014448313,00000014,4483,13
00000062410412,00000062,4104,12
00000089387913,00000089,3879,13
00000030621913,00000030,6219,13
00000060917713,00000060,9177,13
00000010844613,00000010,8446,13
00000078850212,00000078,8502,12
00000075132912,00000075,1329,12
00000076863212,00000076,8632,12
00000079456412,00000079,4564,12
00000013805513,00000013,8055,13
00000030090613,00000030,0906,13
00000019119413,00000019,1194,13
00000006155413,00000006,1554,13
00000016817113,00000016,8171,13
00000037084612,00000037,0846,12
00000005789413,00000005,7894,13
00000014563313,00000014,5633,13
00000044632613,00000044,6326,13
00000026986413,00000026,9864,13
00000012713813,00000012,7138,13
00000056450913,00000056,4509,13
00000026178212,00000026,1782,12
00000018816612,00000018,8166,12
00000076299313,00000076,2993,13
00000072697112,00000072,6971,12
00000096736413,00000096,7364,13
00000097417113,00000097,4171,13
00000026794113,00000026,7941,13
00000078749512,00000078,7495,12
00000075235112,00000075,2351,12
00000021566113,00000021,5661,13
00000045992513,00000045,9925,13
00000060853913,00000060,8539,13
00000033927313,00000033,9273,13
00000086528713,00000086,5287,13
00000014286213,00000014,2862,13
00000027116713,00000027,1167,13
00000049035713,00000049,0357,13
00000047254513,00000047,2545,13
00000015090713,00000015,0907,13
00000048876312,00000048,8763,12
00000033899213,00000033,8992,13
00000046921512,00000046,9215,12
00000040826212,00000040,8262,12
00000057773212,00000057,7732,12
00000069555612,00000069,5556,12
00000026650113,00000026,6501,13
00000010639413,00000010,6394,13
00000010962513,00000010,9625,13
00000050941912,00000050,9419,12
00000014602213,00000014,6022,13
00000010802513,00000010,8025,13
00000096092512,00000096,0925,12
00000014755513,00000014,7555,13
00000046229512,00000046,2295,12
00000071960312,00000071,9603,12
00000029594212,00000029,5942,12
00000013987713,00000013,9877,13
00000078033512,00000078,0335,12
00000035044412,00000035,0444,12
00000002362113,00000002,3621,13
00000028816313,00000028,8163,13
00000025270213,00000025,2702,13
00000076174812,00000076,1748,12
00000014605113,00000014,6051,13
00000050564113,00000050,5641,13
00000055973813,00000055,9738,13
00000011671813,00000011,6718,13
00000058766712,00000058,7667,12
00000096224812,00000096,2248,12
00000091773811,00000091,7738,11
00000050482912,00000050,4829,12
00000009558312,00000009,5583,12
00000032821213,00000032,8212,13
00000058852513,00000058,8525,13
00000022034513,00000022,0345,13
00000017964312,00000017,9643,12
00000019712513,00000019,7125,13
00000000798712,00000000,7987,12
00000089816113,00000089,8161,13
00000069004113,00000069,0041,13
00000046950213,00000046,9502,13
00000037066812,00000037,0668,12
00000065622212,00000065,6222,12
00000096422812,00000096,4228,12
00000017905113,00000017,9051,13
00000034204913,00000034,2049,13
00000070543312,00000070,5433,12
00000027621212,00000027,6212,12
00000010904712,00000010,9047,12
00000016726913,00000016,7269,13
00000004354312,00000004,3543,12
00000076631511,00000076,6315,11
00000010319813,00000010,3198,13
00000014791413,00000014,7914,13
00000042297612,00000042,2976,12
00000061030912,00000061,0309,12
00000018141712,00000018,1417,12
00000029249313,00000029,2493,13
00000072078212,00000072,0782,12
00000005769712,00000005,7697,12
00000011104313,00000011,1043,13
00000015283712,00000015,2837,12
00000057976112,00000057,9761,12
00000056899613,00000056,8996,13
00000010171913,00000010,1719,13
00000005912613,00000005,9126,13
00000083404313,00000083,4043,13
00000033554113,00000033,5541,13
00000027486213,00000027,4862,13
00000051866813,00000051,8668,13
00000000446513,00000000,4465,13
00000003243113,00000003,2431,13
00000012574613,00000012,5746,13
00000001979313,00000001,9793,13
00000018500713,00000018,5007,13
00000029406113,00000029,4061,13
00000008845912,00000008,8459,12
00000034122413,00000034,1224,13
00000022849313,00000022,8493,13
00000046374213,00000046,3742,13
00000061365613,00000061,3656,13
00000056385813,00000056,3858,13
00000083665113,00000083,6651,13
00000083851111,00000083,8511,11
00000010851713,00000010,8517,13
00000044230813,00000044,2308,13
00000021498612,00000021,4986,12
00000075345812,00000075,3458,12
00000085524712,00000085,5247,12
00000021996612,00000021,9966,12
00000018022313,00000018,0223,13
00000044343813,00000044,3438,13
00000017211613,00000017,2116,13
00000061139413,00000061,1394,13
00000061442813,00000061,4428,13
00000051197613,00000051,1976,13
00000078247612,00000078,2476,12
00000061319613,00000061,3196,13
00000015385213,00000015,3852,13
00000061077113,00000061,0771,13
00000021412111,00000021,4121,11
00000010317913,00000010,3179,13
00000020537112,00000020,5371,12
00000054330613,00000054,3306,13
00000024852113,00000024,8521,13
00000025109813,00000025,1098,13
00000060832613,00000060,8326,13
00000055386413,00000055,3864,13
00000014807913,00000014,8079,13
00000018329113,00000018,3291,13
00000031214212,00000031,2142,12
00000046731213,00000046,7312,13
00000015066213,00000015,0662,13
00000096466712,00000096,4667,12
00000050995912,00000050,9959,12
00000078175713,00000078,1757,13
00000017994613,00000017,9946,13
00000021000313,00000021,0003,13
00000047123513,00000047,1235,13
00000003937913,00000003,9379,13
00000056344112,00000056,3441,12
00000084906412,00000084,9064,12
00000017275113,00000017,2751,13
00000037100412,00000037,1004,12
00000072724212,00000072,7242,12
00000001716313,00000001,7163,13
00000070803912,00000070,8039,12
00000021188812,00000021,1888,12
00000080213213,00000080,2132,13
00000008169313,00000008,1693,13
00000001707813,00000001,7078,13
00000017397713,00000017,3977,13
00000033273113,00000033,2731,13
00000036106713,00000036,1067,13
00000023585413,00000023,5854,13
00000031198912,00000031,1989,12
00000078515412,00000078,5154,12
00000067679712,00000067,6797,12
00000069678712,00000069,6787,12
00000054585912,00000054,5859,12
00000056038912,00000056,0389,12
00000004241613,00000004,2416,13
00000045750413,00000045,7504,13
00000082743813,00000082,7438,13
00000020673513,00000020,6735,13
00000039701813,00000039,7018,13
00000001817513,00000001,8175,13
00000000377313,00000000,3773,13
00000048691712,00000048,6917,12
00000013398312,00000013,3983,12
00000048057313,00000048,0573,13
00000049434112,00000049,4341,12
00000010624713,00000010,6247,13
00000029631413,00000029,6314,13
00000083892113,00000083,8921,13
00000010935513,00000010,9355,13
00000048335812,00000048,3358,12
00000041850813,00000041,8508,13
00000035322613,00000035,3226,13
00000075693612,00000075,6936,12
00000000724312,00000000,7243,12
00000012422813,00000012,4228,13
00000018955513,00000018,9555,13
00000012644613,00000012,6446,13
00000079547612,00000079,5476,12
00000018041913,00000018,0419,13
00000019465912,00000019,4659,12
00000083951512,00000083,9515,12
00000005483413,00000005,4834,13
00000085789512,00000085,7895,12
00000018985213,00000018,9852,13
00000057623813,00000057,6238,13
00000050578312,00000050,5783,12
00000036710411,00000036,7104,11
00000017223713,00000017,2237,13
00000086442713,00000086,4427,13
00000061563613,00000061,5636,13
00000017173513,00000017,1735,13
00000031463113,00000031,4631,13
00000010738613,00000010,7386,13
00000075142611,00000075,1426,11
00000061777112,00000061,7771,12
00000049068713,00000049,0687,13
00000070607612,00000070,6076,12
00000055186112,00000055,1861,12
00000023505913,00000023,5059,13
00000030653513,00000030,6535,13
00000055767913,00000055,7679,13
00000015206513,00000015,2065,13
00000042856912,00000042,8569,12
00000010904613,00000010,9046,13
00000016041613,00000016,0416,13
00000033328113,00000033,3281,13
00000091359313,00000091,3593,13
00000041068312,00000041,0683,12
00000072167213,00000072,1672,13
00000028943712,00000028,9437,12
00000060802312,00000060,8023,12
00000017799713,00000017,7997,13
00000070228512,00000070,2285,12
00000030775413,00000030,7754,13
00000001582311,00000001,5823,11
00000054248513,00000054,2485,13
00000087742412,00000087,7424,12
00000091682313,00000091,6823,13
00000030905113,00000030,9051,13
00000026452811,00000026,4528,11
00000014887213,00000014,8872,13
00000041944812,00000041,9448,12
00000034296413,00000034,2964,13
00000031511813,00000031,5118,13
00000016415812,00000016,4158,12
00000022581413,00000022,5814,13
00000017799413,00000017,7994,13
00000019374412,00000019,3744,12
00000054691113,00000054,6911,13
00000024380613,00000024,3806,13
00000072071513,00000072,0715,13
00000025024713,00000025,0247,13
00000049451611,00000049,4516,11
00000004022412,00000004,0224,12
00000083663513,00000083,6635,13
00000041605412,00000041,6054,12
00000057006712,00000057,0067,12
00000032403513,00000032,4035,13
00000073365811,00000073,3658,11
00000010704113,00000010,7041,13
00000054224413,00000054,2244,13
00000028843913,00000028,8439,13
00000011085713,00000011,0857,13
00000058568712,00000058,5687,12
00000037363813,00000037,3638,13
00000072683812,00000072,6838,12
00000004784912,00000004,7849,12
00000004594111,00000004,5941,11
00000041930312,00000041,9303,12
00000032035612,00000032,0356,12
00000066330513,00000066,3305,13
00000086418613,00000086,4186,13
00000017159913,00000017,1599,13
00000036669113,00000036,6691,13
00000076667713,00000076,6677,13
00000060183212,00000060,1832,12
00000058512111,00000058,5121,11
00000037537312,00000037,5373,12
00000051988112,00000051,9881,12
00000033794913,00000033,7949,13
00000012285613,00000012,2856,13
00000050155113,00000050,1551,13
00000014695813,00000014,6958,13
00000013807113,00000013,8071,13
00000056720413,00000056,7204,13
00000029198812,00000029,1988,12
00000031879313,00000031,8793,13
00000040786712,00000040,7867,12
00000075568812,00000075,5688,12
00000083286413,00000083,2864,13
00000013342813,00000013,3428,13
00000028356513,00000028,3565,13
00000046930212,00000046,9302,12
00000086338512,00000086,3385,12
00000031728513,00000031,7285,13
00000016541113,00000016,5411,13
00000080389313,00000080,3893,13
00000084447813,00000084,4478,13
00000070694912,00000070,6949,12
00000046127613,00000046,1276,13
00000017015113,00000017,0151,13
00000085341611,00000085,3416,11
00000010678212,00000010,6782,12
00000034638112,00000034,6381,12
00000037319613,00000037,3196,13
00000033429512,00000033,4295,12
00000046682913,00000046,6829,13
00000070607412,00000070,6074,12
00000063469813,00000063,4698,13
00000057949412,00000057,9494,12
00000043472113,00000043,4721,13
00000057512713,00000057,5127,13
00000010882813,00000010,8828,13
00000023133813,00000023,1338,13
00000047595913,00000047,5959,13
00000015261813,00000015,2618,13
00000043997313,00000043,9973,13
00000010383213,00000010,3832,13
00000052611613,00000052,6116,13
00000005225212,00000005,2252,12
00000008331813,00000008,3318,13
00000037275412,00000037,2754,12
00000047548212,00000047,5482,12
00000034589613,00000034,5896,13
00000001457813,00000001,4578,13
00000013708313,00000013,7083,13
00000083697512,00000083,6975,12
00000010471513,00000010,4715,13
00000034000812,00000034,0008,12
00000060419813,00000060,4198,13
00000029850313,00000029,8503,13
00000018493413,00000018,4934,13
00000088074413,00000088,0744,13
00000087935913,00000087,9359,13
00000029829513,00000029,8295,13
00000027583213,00000027,5832,13
00000000000312,00000000,0003,12
00000019473513,00000019,4735,13
00000029796712,00000029,7967,12
00000076539613,00000076,5396,13
00000030914112,00000030,9141,12
00000010995913,00000010,9959,13
00000090471813,00000090,4718,13
00000011390413,00000011,3904,13
00000096263413,00000096,2634,13
00000046470912,00000046,4709,12
00000072838412,00000072,8384,12
00000093263812,00000093,2638,12
00000056764813,00000056,7648,13
00000046742713,00000046,7427,13
00000028365113,00000028,3651,13
00000035045813,00000035,0458,13
00000050949513,00000050,9495,13
00000037217712,00000037,2177,12
00000086424112,00000086,4241,12
00000000138313,00000000,1383,13
00000002609812,00000002,6098,12
00000060447113,00000060,4471,13
00000043983412,00000043,9834,12
00000048568913,00000048,5689,13
00000062528311,00000062,5283,11
00000052556613,00000052,5566,13
00000078777112,00000078,7771,12
00000020962313,00000020,9623,13
00000010247613,00000010,2476,13
00000055109513,00000055,1095,13
00000049057413,00000049,0574,13
00000071960813,00000071,9608,13
00000053905513,00000053,9055,13
00000043171413,00000043,1714,13
00000018826613,00000018,8266,13
00000055933412,00000055,9334,12
00000049643413,00000049,6434,13
00000096200312,00000096,2003,12
00000049871213,00000049,8712,13
00000043835812,00000043,8358,12
00000012746912,00000012,7469,12
00000072670712,00000072,6707,12
00000022735113,00000022,7351,13
00000079851613,00000079,8516,13
00000041070913,00000041,0709,13
00000039665812,00000039,6658,12
00000046842913,00000046,8429,13
00000011724513,00000011,7245,13
00000013245713,00000013,2457,13
00000059728212,00000059,7282,12
00000067063313,00000067,0633,13
00000023510112,00000023,5101,12
00000049273113,00000049,2731,13
00000062979112,00000062,9791,12
00000081067312,00000081,0673,12
00000010428913,00000010,4289,13
00000003349312,00000003,3493,12
00000051466813,00000051,4668,13
00000002275912,00000002,2759,12
00000061506113,00000061,5061,13
00000014788513,00000014,7885,13
00000026349212,00000026,3492,12
00000057844311,00000057,8443,11
00000034285312,00000034,2853,12
00000026500213,00000026,5002,13
00000001669513,00000001,6695,13
00000020343913,00000020,3439,13
00000033570813,00000033,5708,13
00000010637113,00000010,6371,13
00000089915112,00000089,9151,12
00000093771312,00000093,7713,12
00000045163912,00000045,1639,12
00000011889813,00000011,8898,13
00000030866811,00000030,8668,11
00000020554413,00000020,5544,13
00000091337312,00000091,3373,12
00000069635612,00000069,6356,12
00000033380613,00000033,3806,13
00000005849512,00000005,8495,12
00000034970813,00000034,9708,13
00000078586713,00000078,5867,13
00000053479312,00000053,4793,12
00000001040713,00000001,0407,13
00000041037313,00000041,0373,13
00000018236612,00000018,2366,12
00000066301313,00000066,3013,13
00000084937912,00000084,9379,12
00000001659912,00000001,6599,12
00000035340812,00000035,3408,12
00000051620812,00000051,6208,12
00000086146812,00000086,1468,12
00000020688313,00000020,6883,13
00000075399813,00000075,3998,13
00000027816513,00000027,8165,13
00000005278213,00000005,2782,13
00000031918513,00000031,9185,13
00000075691612,00000075,6916,12
00000027852612,00000027,8526,12
00000021821713,00000021,8217,13
00000015743313,00000015,7433,13
00000091495513,00000091,4955,13
00000026164513,00000026,1645,13
00000077895913,00000077,8959,13
00000036443813,00000036,4438,13
00000025102213,00000025,1022,13
00000012776213,00000012,7762,13
00000004555713,00000004,5557,13
00000021302812,00000021,3028,12
00000072722212,00000072,7222,12
00000014765313,00000014,7653,13
00000051241612,00000051,2416,12
00000028474113,00000028,4741,13
00000033979913,00000033,9799,13
00000010311213,00000010,3112,13
00000066253112,00000066,2531,12
00000081472213,00000081,4722,13
00000082159612,00000082,1596,12
00000048260212,00000048,2602,12
00000046833912,00000046,8339,12
00000020649713,00000020,6497,13
00000022637313,00000022,6373,13
00000021905413,00000021,9054,13
00000068979113,00000068,9791,13
00000070224712,00000070,2247,12
00000027745313,00000027,7453,13
00000017021212,00000017,0212,12
00000028969512,00000028,9695,12
00000005730412,00000005,7304,12
00000034024313,00000034,0243,13
00000058312211,00000058,3122,11
00000072958112,00000072,9581,12
00000032499213,00000032,4992,13
00000032296413,00000032,2964,13
00000030359212,00000030,3592,12
00000065756511,00000065,7565,11
00000082044212,00000082,0442,12
00000046138313,00000046,1383,13
00000012260713,00000012,2607,13
00000084326912,00000084,3269,12
00000017210213,00000017,2102,13
00000089811712,00000089,8117,12
00000078757412,00000078,7574,12
00000036119812,00000036,1198,12
00000041329113,00000041,3291,13
00000047015713,00000047,0157,13
00000024357813,00000024,3578,13
00000000610613,00000000,6106,13
00000078266613,00000078,2666,13
00000093918212,00000093,9182,12
00000010653613,00000010,6536,13
00000032013212,00000032,0132,12
00000029336713,00000029,3367,13
00000018119513,00000018,1195,13
00000017417612,00000017,4176,12
00000066966413,00000066,9664,13
00000052915512,00000052,9155,12
00000015113413,00000015,1134,13
00000080726712,00000080,7267,12
00000028337113,00000028,3371,13
00000077763412,00000077,7634,12
00000046958913,00000046,9589,13
00000072755212,00000072,7552,12
00000073058812,00000073,0588,12
00000096216412,00000096,2164,12
00000010277113,00000010,2771,13
00000038833712,00000038,8337,12
00000082083313,00000082,0833,13
00000057012113,00000057,0121,13
00000028730913,00000028,7309,13
00000096048212,00000096,0482,12
00000017162613,00000017,1626,13
00000011252213,00000011,2522,13
00000021086413,00000021,0864,13
00000076328912,00000076,3289,12
00000041834513,00000041,8345,13
00000041716513,00000041,7165,13
00000022437713,00000022,4377,13
00000050632513,00000050,6325,13
00000017323113,00000017,3231,13
00000062918512,00000062,9185,12
00000000419112,00000000,4191,12
00000018343812,00000018,3438,12
00000063917911,00000063,9179,11
00000047026113,00000047,0261,13
00000096282313,00000096,2823,13
00000095424713,00000095,4247,13
00000060627112,00000060,6271,12
00000068539913,00000068,5399,13
00000010307413,00000010,3074,13
00000036476313,00000036,4763,13
00000019564313,00000019,5643,13
00000082194812,00000082,1948,12
00000002638913,00000002,6389,13
00000044285912,00000044,2859,12
00000019059813,00000019,0598,13
00000018675413,00000018,6754,13
00000001761913,00000001,7619,13
00000011513813,00000011,5138,13
00000021675413,00000021,6754,13
00000026401812,00000026,4018,12
00000010993713,00000010,9937,13
00000046987213,00000046,9872,13
00000026169313,00000026,1693,13
00000001446212,00000001,4462,12
00000005413213,00000005,4132,13
00000010827213,00000010,8272,13
00000033755713,00000033,7557,13
00000015071113,00000015,0711,13
00000022881413,00000022,8814,13
00000013786813,00000013,7868,13
00000009070712,00000009,0707,12
00000090203512,00000090,2035,12
00000094458313,00000094,4583,13
00000065993313,00000065,9933,13
00000062104212,00000062,1042,12
00000018978512,00000018,9785,12
00000028320412,00000028,3204,12
00000016482113,00000016,4821,13
00000030140112,00000030,1401,12
00000042113313,00000042,1133,13
00000035363213,00000035,3632,13
00000076730112,00000076,7301,12
00000055133113,00000055,1331,13
00000014046713,00000014,0467,13
00000026791812,00000026,7918,12
00000088030212,00000088,0302,12
00000016271412,00000016,2714,12
00000016366413,00000016,3664,13
00000011127713,00000011,1277,13
00000012006213,00000012,0062,13
00000003888612,00000003,8886,12
00000044326913,00000044,3269,13
00000071912312,00000071,9123,12
00000014723812,00000014,7238,12
00000010269212,00000010,2692,12
00000035972513,00000035,9725,13
00000060603513,00000060,6035,13
00000046997212,00000046,9972,12
00000018275613,00000018,2756,13
00000059105313,00000059,1053,13
00000030676213,00000030,6762,13
00000019843913,00000019,8439,13
00000023637113,00000023,6371,13
00000032546513,00000032,5465,13
00000057566512,00000057,5665,12
00000013158813,00000013,1588,13
00000013515113,00000013,5151,13
00000025650413,00000025,6504,13
00000044411413,00000044,4114,13
00000081703113,00000081,7031,13
00000052006913,00000052,0069,13
00000016762712,00000016,7627,12
00000012545413,00000012,5454,13
00000054184612,00000054,1846,12
00000077434112,00000077,4341,12
00000058681913,00000058,6819,13
00000011515513,00000011,5155,13
00000019852813,00000019,8528,13
00000023183412,00000023,1834,12
00000016234613,00000016,2346,13
00000045791413,00000045,7914,13
00000012463713,00000012,4637,13
00000094476213,00000094,4762,13
00000005491712,00000005,4917,12
00000067942711,00000067,9427,11
00000019660313,00000019,6603,13
00000027487213,00000027,4872,13
00000025006313,00000025,0063,13
00000000440713,00000000,4407,13
00000029949213,00000029,9492,13
00000094994712,00000094,9947,12
00000020705913,00000020,7059,13
00000016668213,00000016,6682,13
00000079228213,00000079,2282,13
00000040551813,00000040,5518,13
00000023612313,00000023,6123,13
00000083707313,00000083,7073,13
00000058102812,00000058,1028,12
00000020786713,00000020,7867,13
00000048762611,00000048,7626,11
00000017591112,00000017,5911,12
00000012141113,00000012,1411,13
00000096225813,00000096,2258,13
00000013583213,00000013,5832,13
00000057700913,00000057,7009,13
00000007458312,00000007,4583,12
00000022618213,00000022,6182,13
00000040217613,00000040,2176,13
00000037978213,00000037,9782,13
00000078153312,00000078,1533,12
00000013207212,00000013,2072,12
00000076366612,00000076,3666,12
00000092341313,00000092,3413,13
00000019224113,00000019,2241,13
00000010913213,00000010,9132,13
00000012187413,00000012,1874,13
00000024153113,00000024,1531,13
00000076610113,00000076,6101,13
00000051470513,00000051,4705,13
00000051254213,00000051,2542,13
00000024083913,00000024,0839,13
00000017587413,00000017,5874,13
00000021659913,00000021,6599,13
00000019711313,00000019,7113,13
00000029356513,00000029,3565,13
00000058554112,00000058,5541,12
00000057051112,00000057,0511,12
00000030296612,00000030,2966,12
00000016908813,00000016,9088,13
00000014355513,00000014,3555,13
00000062346312,00000062,3463,12
00000053309813,00000053,3098,13
00000076295313,00000076,2953,13
00000023912712,00000023,9127,12
00000019652713,00000019,6527,13
00000028743813,00000028,7438,13
00000047467312,00000047,4673,12
00000025881512,00000025,8815,12
00000047816712,00000047,8167,12
00000013188913,00000013,1889,13
00000032999612,00000032,9996,12
00000015454613,00000015,4546,13
00000024899113,00000024,8991,13
00000031808113,00000031,8081,13
00000005040513,00000005,0405,13
00000035828412,00000035,8284,12
00000034149813,00000034,1498,13
00000017866813,00000017,8668,13
00000017205213,00000017,2052,13
00000001868412,00000001,8684,12
00000061074813,00000061,0748,13
00000048433713,00000048,4337,13
00000019447113,00000019,4471,13
00000010094712,00000010,0947,12
00000025928612,00000025,9286,12
00000061255112,00000061,2551,12
00000030204512,00000030,2045,12
00000000548512,00000000,5485,12
00000017799412,00000017,7994,12
00000015605513,00000015,6055,13
00000049736812,00000049,7368,12
00000013550113,00000013,5501,13
00000051718713,00000051,7187,13
00000015153513,00000015,1535,13
00000019183313,00000019,1833,13
00000044771413,00000044,7714,13
00000019333413,00000019,3334,13
00000021731512,00000021,7315,12
00000018045213,00000018,0452,13
00000019202813,00000019,2028,13
00000013004813,00000013,0048,13
00000076533813,00000076,5338,13
00000023594512,00000023,5945,12
00000029330613,00000029,3306,13
00000052105513,00000052,1055,13
00000056182113,00000056,1821,13
00000010569213,00000010,5692,13
00000002550213,00000002,5502,13
00000070111412,00000070,1114,12
00000006912712,00000006,9127,12
00000077139812,00000077,1398,12
00000027319512,00000027,3195,12
00000012878913,00000012,8789,13
00000010208613,00000010,2086,13
00000075491712,00000075,4917,12
00000062042612,00000062,0426,12
00000025725112,00000025,7251,12
00000025021713,00000025,0217,13
00000011455813,00000011,4558,13
00000063143312,00000063,1433,12
00000088313513,00000088,3135,13
00000066707713,00000066,7077,13
00000044689813,00000044,6898,13
00000011520713,00000011,5207,13
00000062674213,00000062,6742,13
00000069827512,00000069,8275,12
00000031799513,00000031,7995,13
00000070639112,00000070,6391,12
00000067114613,00000067,1146,13
00000058180313,00000058,1803,13
00000059043612,00000059,0436,12
00000017989413,00000017,9894,13
00000021749512,00000021,7495,12
00000090752412,00000090,7524,12
00000015237113,00000015,2371,13
00000008479512,00000008,4795,12
00000008039413,00000008,0394,13
00000019772913,00000019,7729,13
00000011321613,00000011,3216,13
00000010483413,00000010,4834,13
00000043579112,00000043,5791,12
00000061584113,00000061,5841,13
00000056959413,00000056,9594,13
00000016982413,00000016,9824,13
00000087440413,00000087,4404,13
00000035703811,00000035,7038,11
00000002867913,00000002,8679,13
00000038758912,00000038,7589,12
00000045990213,00000045,9902,13
00000031688413,00000031,6884,13
00000031923713,00000031,9237,13
00000096194712,00000096,1947,12
00000034314213,00000034,3142,13
00000010302613,00000010,3026,13
00000093392912,00000093,3929,12
00000095026912,00000095,0269,12
00000012019813,00000012,0198,13
00000057705113,00000057,7051,13
00000010197613,00000010,1976,13
00000020127813,00000020,1278,13
00000079014112,00000079,0141,12
00000048991413,00000048,9914,13
00000044317512,00000044,3175,12
00000034913312,00000034,9133,12
00000006007812,00000006,0078,12
00000095090512,00000095,0905,12
00000045645513,00000045,6455,13
00000090055713,00000090,0557,13
00000045086413,00000045,0864,13
00000070460412,00000070,4604,12
00000001090313,00000001,0903,13
00000078156612,00000078,1566,12
00000010144113,00000010,1441,13
00000016843313,00000016,8433,13
00000042594612,00000042,5946,12
00000001980412,00000001,9804,12
00000044169412,00000044,1694,12
00000012710713,00000012,7107,13
00000083862612,00000083,8626,12
00000082699912,00000082,6999,12
00000061584912,00000061,5849,12
00000019853313,00000019,8533,13
00000071131112,00000071,1311,12
00000013399813,00000013,3998,13
00000079053613,00000079,0536,13
00000014099613,00000014,0996,13
00000045036713,00000045,0367,13
00000021473613,00000021,4736,13
00000086641912,00000086,6419,12
00000045701913,00000045,7019,13
00000074251913,00000074,2519,13
00000076990812,00000076,9908,12
00000050505913,00000050,5059,13
00000070780412,00000070,7804,12
00000069932412,00000069,9324,12
00000044749312,00000044,7493,12
00000019553713,00000019,5537,13
00000033962813,00000033,9628,13
00000070639212,00000070,6392,12
00000013647913,00000013,6479,13
00000021412812,00000021,4128,12
00000019169613,00000019,1696,13
00000091040712,00000091,0407,12
00000025920512,00000025,9205,12
00000052181913,00000052,1819,13
00000002700513,00000002,7005,13
00000028151413,00000028,1514,13
00000016858111,00000016,8581,11
00000071613512,00000071,6135,12
00000029903312,00000029,9033,12
00000073704413,00000073,7044,13
00000027776713,00000027,7767,13
00000047036513,00000047,0365,13
00000048446613,00000048,4466,13
00000022873613,00000022,8736,13
00000012597312,00000012,5973,12
00000063730612,00000063,7306,12
00000002499713,00000002,4997,13
00000046986513,00000046,9865,13
00000050284613,00000050,2846,13
00000041515413,00000041,5154,13
00000048112713,00000048,1127,13
00000019472411,00000019,4724,11
00000034554513,00000034,5545,13
00000040711512,00000040,7115,12
00000022370913,00000022,3709,13
00000017803313,00000017,8033,13
00000061184713,00000061,1847,13
00000094700912,00000094,7009,12
00000065860213,00000065,8602,13
00000022242112,00000022,2421,12
00000021895413,00000021,8954,13
00000035160413,00000035,1604,13
00000036933713,00000036,9337,13
00000010441512,00000010,4415,12
00000010789912,00000010,7899,12
00000001228813,00000001,2288,13
00000061079213,00000061,0792,13
00000049218913,00000049,2189,13
00000075619113,00000075,6191,13
00000035389213,00000035,3892,13
00000019543113,00000019,5431,13
00000036601413,00000036,6014,13
00000066036113,00000066,0361,13
00000075527113,00000075,5271,13
00000002869113,00000002,8691,13
00000031683213,00000031,6832,13
00000010307913,00000010,3079,13
00000019199313,00000019,1993,13
00000089440211,00000089,4402,11
00000030535213,00000030,5352,13
00000042977813,00000042,9778,13
00000002543113,00000002,5431,13
00000069778312,00000069,7783,12
00000020858412,00000020,8584,12
00000080443412,00000080,4434,12
00000008435412,00000008,4354,12
00000095000111,00000095,0001,11
00000060036613,00000060,0366,13
00000013915511,00000013,9155,11
00000013349613,00000013,3496,13
00000080907912,00000080,9079,12
00000053388812,00000053,3888,12
00000001221712,00000001,2217,12
00000001089613,00000001,0896,13
00000011744713,00000011,7447,13
00000077081913,00000077,0819,13
00000033419613,00000033,4196,13
00000010177313,00000010,1773,13
00000072622912,00000072,6229,12
00000059914412,00000059,9144,12
00000087775412,00000087,7754,12
00000022872913,00000022,8729,13
00000021562413,00000021,5624,13
00000082258512,00000082,2585,12
00000049454112,00000049,4541,12
00000054635812,00000054,6358,12
00000089386613,00000089,3866,13
00000011797113,00000011,7971,13
00000091162812,00000091,1628,12
00000094102213,00000094,1022,13
00000024221413,00000024,2214,13
00000079776713,00000079,7767,13
00000047303712,00000047,3037,12
00000012605713,00000012,6057,13
00000033373213,00000033,3732,13
00000015975912,00000015,9759,12
00000035218213,00000035,2182,13
00000077004312,00000077,0043,12
00000002420513,00000002,4205,13
00000096653312,00000096,6533,12
00000075465212,00000075,4652,12
00000018235812,00000018,2358,12
00000042180412,00000042,1804,12
00000021072413,00000021,0724,13
00000054991613,00000054,9916,13
00000005194412,00000005,1944,12
00000001956911,00000001,9569,11
00000018574412,00000018,5744,12
00000048365912,00000048,3659,12
00000018357112,00000018,3571,12
00000071032812,00000071,0328,12
00000027608313,00000027,6083,13
00000072103612,00000072,1036,12
00000042340213,00000042,3402,13
00000001564612,00000001,5646,12
00000020952113,00000020,9521,13
00000023805113,00000023,8051,13
00000000122413,00000000,1224,13
00000004147212,00000004,1472,12
00000042719112,00000042,7191,12
00000031639713,00000031,6397,13
00000058243212,00000058,2432,12
00000000510813,00000000,5108,13
00000015800213,00000015,8002,13
00000033449913,00000033,4499,13
00000010782613,00000010,7826,13
00000090156812,00000090,1568,12
00000010929813,00000010,9298,13
00000032432513,00000032,4325,13
00000043262912,00000043,2629,12
00000042248612,00000042,2486,12
00000046976412,00000046,9764,12
00000054305713,00000054,3057,13
00000000474311,00000000,4743,11
00000055871412,00000055,8714,12
00000043998513,00000043,9985,13
00000044520713,00000044,5207,13
00000080319113,00000080,3191,13
00000026583313,00000026,5833,13
00000084718713,00000084,7187,13
00000027994912,00000027,9949,12
00000037113213,00000037,1132,13
00000010471312,00000010,4713,12
00000021399413,00000021,3994,13
00000090077911,00000090,0779,11
00000010718213,00000010,7182,13
00000035294813,00000035,2948,13
00000015853612,00000015,8536,12
00000054415512,00000054,4155,12
00000036717312,00000036,7173,12
00000002957112,00000002,9571,12
00000095982511,00000095,9825,11
00000073198613,00000073,1986,13
00000060487612,00000060,4876,12
00000083652212,00000083,6522,12
00000055140813,00000055,1408,13
00000002750113,00000002,7501,13
00000019791213,00000019,7912,13
00000069249512,00000069,2495,12
00000014763312,00000014,7633,12
00000036813513,00000036,8135,13
00000094704113,00000094,7041,13
00000045985413,00000045,9854,13
00000082714813,00000082,7148,13
00000013353412,00000013,3534,12
00000005950812,00000005,9508,12
00000087695512,00000087,6955,12
00000053461112,00000053,4611,12
00000025218113,00000025,2181,13
00000081666312,00000081,6663,12
00000020448213,00000020,4482,13
00000026799713,00000026,7997,13
00000081893312,00000081,8933,12
00000009054612,00000009,0546,12
00000014102813,00000014,1028,13
00000072096113,00000072,0961,13
00000029453212,00000029,4532,12
00000077092213,00000077,0922,13
00000012921213,00000012,9212,13
00000076491113,00000076,4911,13
00000090296712,00000090,2967,12
00000014072713,00000014,0727,13
00000025925612,00000025,9256,12
00000022909612,00000022,9096,12
00000063068612,00000063,0686,12
00000063151812,00000063,1518,12
00000037789313,00000037,7893,13
00000029209213,00000029,2092,13
00000048108112,00000048,1081,12
00000014487313,00000014,4873,13
00000013544713,00000013,5447,13
00000074212113,00000074,2121,13
00000031906913,00000031,9069,13
00000049008712,00000049,0087,12
00000001218213,00000001,2182,13
00000017516113,00000017,5161,13
00000039107712,00000039,1077,12
00000011796413,00000011,7964,13
00000020384112,00000020,3841,12
00000010989813,00000010,9898,13
00000013812113,00000013,8121,13
00000016838412,00000016,8384,12
00000046548213,00000046,5482,13
00000053708812,00000053,7088,12
00000073223812,00000073,2238,12
00000012188513,00000012,1885,13
00000012875912,00000012,8759,12
00000088777612,00000088,7776,12
00000002022313,00000002,0223,13
00000045131712,00000045,1317,12
00000034548412,00000034,5484,12
00000015203213,00000015,2032,13
00000026398512,00000026,3985,12
00000023693513,00000023,6935,13
00000024900712,00000024,9007,12
00000033958713,00000033,9587,13
00000074451413,00000074,4514,13
00000033346613,00000033,3466,13
00000027999613,00000027,9996,13
00000053591312,00000053,5913,12
00000073535513,00000073,5355,13
00000070176413,00000070,1764,13
00000014038213,00000014,0382,13
00000051456411,00000051,4564,11
00000020290913,00000020,2909,13
00000061024313,00000061,0243,13
00000015320713,00000015,3207,13
00000054921712,00000054,9217,12
00000042898513,00000042,8985,13
00000036573813,00000036,5738,13
00000017441512,00000017,4415,12
00000058824712,00000058,8247,12
00000084906712,00000084,9067,12
00000090378913,00000090,3789,13
00000050134413,00000050,1344,13
00000011701313,00000011,7013,13
00000054571312,00000054,5713,12
00000053886813,00000053,8868,13
00000028126713,00000028,1267,13
00000010823513,00000010,8235,13
00000017745113,00000017,7451,13
00000023712113,00000023,7121,13
00000052878611,00000052,8786,11
00000086247512,00000086,2475,12
00000024948912,00000024,9489,12
00000017364513,00000017,3645,13
00000031599413,00000031,5994,13
00000092640512,00000092,6405,12
00000021870913,00000021,8709,13
00000005597412,00000005,5974,12
00000009312313,00000009,3123,13
00000016290812,00000016,2908,12
00000045227713,00000045,2277,13
00000055655812,00000055,6558,12
00000014781313,00000014,7813,13
00000024400713,00000024,4007,13
00000056815213,00000056,8152,13
00000011062612,00000011,0626,12
00000062204912,00000062,2049,12
00000018358113,00000018,3581,13
00000032932412,00000032,9324,12
00000094496413,00000094,4964,13
00000017439213,00000017,4392,13
00000062519712,00000062,5197,12
00000048979713,00000048,9797,13
00000073336413,00000073,3364,13
00000051512312,00000051,5123,12
00000011490213,00000011,4902,13
00000030075912,00000030,0759,12
00000015542113,00000015,5421,13
00000005385313,00000005,3853,13
00000019440312,00000019,4403,12
00000007853711,00000007,8537,11
00000086057311,00000086,0573,11
00000079414312,00000079,4143,12
00000096492712,00000096,4927,12
00000017244713,00000017,2447,13
00000010976313,00000010,9763,13
00000002032813,00000002,0328,13
00000018121313,00000018,1213,13
00000099326411,00000099,3264,11
00000012247313,00000012,2473,13
00000010081212,00000010,0812,12
00000010455913,00000010,4559,13
00000016066913,00000016,0669,13
00000010808713,00000010,8087,13
00000039592213,00000039,5922,13
00000020490513,00000020,4905,13
00000094963612,00000094,9636,12
00000001290112,00000001,2901,12
00000012979313,00000012,9793,13
00000003270912,00000003,2709,12
00000079227912,00000079,2279,12
00000063385312,00000063,3853,12
00000028154913,00000028,1549,13
00000072864212,00000072,8642,12
00000041796213,00000041,7962,13
00000026469613,00000026,4696,13
00000013191413,00000013,1914,13
00000015276112,00000015,2761,12
00000055753612,00000055,7536,12
00000056519712,00000056,5197,12
00000001952113,00000001,9521,13
00000043872313,00000043,8723,13
00000001510113,00000001,5101,13
00000079118313,00000079,1183,13
00000072073113,00000072,0731,13
00000010554813,00000010,5548,13
00000079111813,00000079,1118,13
00000075739813,00000075,7398,13
00000073028812,00000073,0288,12
00000049493712,00000049,4937,12
00000012214612,00000012,2146,12
00000000669812,00000000,6698,12
00000014197113,00000014,1971,13
00000023326912,00000023,3269,12
00000056560313,00000056,5603,13
00000017245113,00000017,2451,13
00000034599512,00000034,5995,12
00000041548713,00000041,5487,13
00000055659411,00000055,6594,11
00000042737812,00000042,7378,12
00000020301913,00000020,3019,13
00000015698713,00000015,6987,13
00000021629112,00000021,6291,12
00000034590313,00000034,5903,13
00000080282512,00000080,2825,12
00000092678413,00000092,6784,13
00000022123913,00000022,1239,13
00000012823313,00000012,8233,13
00000088847512,00000088,8475,12
00000007084312,00000007,0843,12
00000011843613,00000011,8436,13
00000046014113,00000046,0141,13
00000042065912,00000042,0659,12
00000016786213,00000016,7862,13
00000072710112,00000072,7101,12
00000091045611,00000091,0456,11
00000008992212,00000008,9922,12
00000086506112,00000086,5061,12
00000010486913,00000010,4869,13
00000013778913,00000013,7789,13
00000028058212,00000028,0582,12
00000082693313,00000082,6933,13
00000025769313,00000025,7693,13
00000055588711,00000055,5887,11
00000073910611,00000073,9106,11
00000076376413,00000076,3764,13
00000058708511,00000058,7085,11
00000013824412,00000013,8244,12
00000045817513,00000045,8175,13
00000055064613,00000055,0646,13
00000038013813,00000038,0138,13
00000060395613,00000060,3956,13
00000041808813,00000041,8088,13
00000001576512,00000001,5765,12
00000039598811,00000039,5988,11
00000073371112,00000073,3711,12
00000044993613,00000044,9936,13
00000043814913,00000043,8149,13
00000022297713,00000022,2977,13
00000054177713,00000054,1777,13
00000004713911,00000004,7139,11
00000000123613,00000000,1236,13
00000058725412,00000058,7254,12
00000041156611,00000041,1566,11
00000061536812,00000061,5368,12
00000002106213,00000002,1062,13
00000032856312,00000032,8563,12
00000076436113,00000076,4361,13
00000002119212,00000002,1192,12
00000011856313,00000011,8563,13
00000007955512,00000007,9555,12
00000022277712,00000022,2777,12
00000007421612,00000007,4216,12
00000002474112,00000002,4741,12
00000051800413,00000051,8004,13
00000043963113,00000043,9631,13
00000097324513,00000097,3245,13
00000082665712,00000082,6657,12
00000024218411,00000024,2184,11
00000071220312,00000071,2203,12
00000075243312,00000075,2433,12
00000007726913,00000007,7269,13
00000010398713,00000010,3987,13
00000072136712,00000072,1367,12
00000044553813,00000044,5538,13
00000069293112,00000069,2931,12
00000000140213,00000000,1402,13
00000016652513,00000016,6525,13
00000008747512,00000008,7475,12
00000085120412,00000085,1204,12
00000038170712,00000038,1707,12
00000093824613,00000093,8246,13
00000055415613,00000055,4156,13
00000095413412,00000095,4134,12
00000052712313,00000052,7123,13
00000094543312,00000094,5433,12
00000021872113,00000021,8721,13
00000000142713,00000000,1427,13
00000016942613,00000016,9426,13
00000027384913,00000027,3849,13
00000005506613,00000005,5066,13
00000042357513,00000042,3575,13
00000060443712,00000060,4437,12
00000051485313,00000051,4853,13
00000020739113,00000020,7391,13
00000040881713,00000040,8817,13
00000019802213,00000019,8022,13
00000058559712,00000058,5597,12
00000031011312,00000031,0113,12
00000018422513,00000018,4225,13
00000021831113,00000021,8311,13
00000051173212,00000051,1732,12
00000004333912,00000004,3339,12
00000030075513,00000030,0755,13
00000002008613,00000002,0086,13
00000054323212,00000054,3232,12
00000005959213,00000005,9592,13
00000072152912,00000072,1529,12
00000076576213,00000076,5762,13
00000001441513,00000001,4415,13
00000024516113,00000024,5161,13
00000037866112,00000037,8661,12
00000011152313,00000011,1523,13
00000026501413,00000026,5014,13
00000042950513,00000042,9505,13
00000025037513,00000025,0375,13
00000051284713,00000051,2847,13
00000079719612,00000079,7196,12
00000026183713,00000026,1837,13
00000045748412,00000045,7484,12
00000056035513,00000056,0355,13
00000069042713,00000069,0427,13
00000091650312,00000091,6503,12
00000073410313,00000073,4103,13
00000011860713,00000011,8607,13
00000066973813,00000066,9738,13
00000047585413,00000047,5854,13
00000067438413,00000067,4384,13
00000081835212,00000081,8352,12
00000024606513,00000024,6065,13
00000015843913,00000015,8439,13
00000000558913,00000000,5589,13
00000022673313,00000022,6733,13
00000042286312,00000042,2863,12
00000044235712,00000044,2357,12
00000010869813,00000010,8698,13
00000045061212,00000045,0612,12
00000070834812,00000070,8348,12
00000022247413,00000022,2474,13
00000091501813,00000091,5018,13
00000060421213,00000060,4212,13
00000092732212,00000092,7322,12
00000022060813,00000022,0608,13
00000062482512,00000062,4825,12
00000041905213,00000041,9052,13
00000048200613,00000048,2006,13
00000011972413,00000011,9724,13
00000083662213,00000083,6622,13
00000072627913,00000072,6279,13
00000059072412,00000059,0724,12
00000006108112,00000006,1081,12
00000032577812,00000032,5778,12
00000074789711,00000074,7897,11
00000082117812,00000082,1178,12
00000049642913,00000049,6429,13
00000032172113,00000032,1721,13
00000060077313,00000060,0773,13
00000081433813,00000081,4338,13
00000047087713,00000047,0877,13
00000068534313,00000068,5343,13
00000088175613,00000088,1756,13
00000011324313,00000011,3243,13
00000037730312,00000037,7303,12
00000009530512,00000009,5305,12
00000042799513,00000042,7995,13
00000015771513,00000015,7715,13
00000095833612,00000095,8336,12
00000018588813,00000018,5888,13
00000025019613,00000025,0196,13
00000029358213,00000029,3582,13
00000050361912,00000050,3619,12
00000089560412,00000089,5604,12
00000090149113,00000090,1491,13
00000012216213,00000012,2162,13
00000046722912,00000046,7229,12
00000000131113,00000000,1311,13
00000047568313,00000047,5683,13
00000004167512,00000004,1675,12
00000073194613,00000073,1946,13
00000021308712,00000021,3087,12
00000018494513,00000018,4945,13
00000077097413,00000077,0974,13
00000082017612,00000082,0176,12
00000053219912,00000053,2199,12
00000057642413,00000057,6424,13
00000031732913,00000031,7329,13
00000045505112,00000045,5051,12
00000038937112,00000038,9371,12
00000033569712,00000033,5697,12
00000058322513,00000058,3225,13
00000017536613,00000017,5366,13
00000015692713,00000015,6927,13
00000017033913,00000017,0339,13
00000028744313,00000028,7443,13
00000066607213,00000066,6072,13
00000015938212,00000015,9382,12
00000032538412,00000032,5384,12
00000003799512,00000003,7995,12
00000043241513,00000043,2415,13
00000021577312,00000021,5773,12
00000059409613,00000059,4096,13
00000084683413,00000084,6834,13
00000066975812,00000066,9758,12
00000095657411,00000095,6574,11
00000061454413,00000061,4544,13
00000046770211,00000046,7702,11
00000023138413,00000023,1384,13
00000020287713,00000020,2877,13
00000001807313,00000001,8073,13
00000083303413,00000083,3034,13
00000011234913,00000011,2349,13
00000015122213,00000015,1222,13
00000014646313,00000014,6463,13
00000040760213,00000040,7602,13
00000053244912,00000053,2449,12
00000020901313,00000020,9013,13
00000004041812,00000004,0418,12
00000037770413,00000037,7704,13
00000013053313,00000013,0533,13
00000014419113,00000014,4191,13
00000070611212,00000070,6112,12
00000045992713,00000045,9927,13
00000072582112,00000072,5821,12
00000028131813,00000028,1318,13
00000070639312,00000070,6393,12
00000081611912,00000081,6119,12
00000014359813,00000014,3598,13
00000069827412,00000069,8274,12
00000017227712,00000017,2277,12
00000003518712,00000003,5187,12
00000018206213,00000018,2062,13
00000033546512,00000033,5465,12
00000003977412,00000003,9774,12
00000074086112,00000074,0861,12
00000025560612,00000025,5606,12
00000089790413,00000089,7904,13
00000027657513,00000027,6575,13
00000001733313,00000001,7333,13
00000033130513,00000033,1305,13
00000005437113,00000005,4371,13
00000020514713,00000020,5147,13
00000071966113,00000071,9661,13
00000047856113,00000047,8561,13
00000090157113,00000090,1571,13
00000045176913,00000045,1769,13
00000095483312,00000095,4833,12
00000034972113,00000034,9721,13
00000030511813,00000030,5118,13
00000021753713,00000021,7537,13
00000009321112,00000009,3211,12
00000025436113,00000025,4361,13
00000015472513,00000015,4725,13
00000034051113,00000034,0511,13
00000095943112,00000095,9431,12
00000043338813,00000043,3388,13
00000000408313,00000000,4083,13
00000000213312,00000000,2133,12
00000029093913,00000029,0939,13
00000009007112,00000009,0071,12
00000023359113,00000023,3591,13
00000004402613,00000004,4026,13
00000027274213,00000027,2742,13
00000081853612,00000081,8536,12
00000053492513,00000053,4925,13
00000096143512,00000096,1435,12
00000052583212,00000052,5832,12
00000082236112,00000082,2361,12
00080671002153,00080671,0021,53
00000024443613,00000024,4436,13
00000049976313,00000049,9763,13
00000061356513,00000061,3565,13
00000072493812,00000072,4938,12
00000015949912,00000015,9499,12
00000066380113,00000066,3801,13
00000032376312,00000032,3763,12
00000093949112,00000093,9491,12
00000052769612,00000052,7696,12
00000052928713,00000052,9287,13
00000038358312,00000038,3583,12
00000029617613,00000029,6176,13
00000021498513,00000021,4985,13
00000003077813,00000003,0778,13
00000073914812,00000073,9148,12
00000017887413,00000017,8874,13
00000067717411,00000067,7174,11
00000076109613,00000076,1096,13
00000001026313,00000001,0263,13
00000035434913,00000035,4349,13
00000061513412,00000061,5134,12
00000070356413,00000070,3564,13
00000024231813,00000024,2318,13
00000048424813,00000048,4248,13
00000058639212,00000058,6392,12
00000009397412,00000009,3974,12
00000023030612,00000023,0306,12
00000087973412,00000087,9734,12
00000011447313,00000011,4473,13
00000089171213,00000089,1712,13
00000083969412,00000083,9694,12
00000038067812,00000038,0678,12
00000048838413,00000048,8384,13
00000079764613,00000079,7646,13
00000054509813,00000054,5098,13
00000045961812,00000045,9618,12
00000013244713,00000013,2447,13
00000020388113,00000020,3881,13
00000021286613,00000021,2866,13
00000065314911,00000065,3149,11
00000032492413,00000032,4924,13
00000054651313,00000054,6513,13
00000029639913,00000029,6399,13
00000053744412,00000053,7444,12
00000033458513,00000033,4585,13
00000044013213,00000044,0132,13
00000005430513,00000005,4305,13
00000004700312,00000004,7003,12
00000061014712,00000061,0147,12
00000012919813,00000012,9198,13
00000031229713,00000031,2297,13
00000023228513,00000023,2285,13
00000083951213,00000083,9512,13
00000000805512,00000000,8055,12
00000023700812,00000023,7008,12
00000013057413,00000013,0574,13
00000031995713,00000031,9957,13
00000017246613,00000017,2466,13
00000045077412,00000045,0774,12
00000046762412,00000046,7624,12
00000044977612,00000044,9776,12
00000019691812,00000019,6918,12
00000001618212,00000001,6182,12
00000062158612,00000062,1586,12
00000030630612,00000030,6306,12
00000016930313,00000016,9303,13
00000027340212,00000027,3402,12
00000017070413,00000017,0704,13
00000033873613,00000033,8736,13
00000070639412,00000070,6394,12
00000005436612,00000005,4366,12
00000002337313,00000002,3373,13
00000033888511,00000033,8885,11
00000050272713,00000050,2727,13
00000003991812,00000003,9918,12
00000016692313,00000016,6923,13
00000062859713,00000062,8597,13
00000095575912,00000095,5759,12
00000065940913,00000065,9409,13
00000095595112,00000095,5951,12
00000080410313,00000080,4103,13
00000020419913,00000020,4199,13
00000096158512,00000096,1585,12
00000031296812,00000031,2968,12
00000015815513,00000015,8155,13
00000010199313,00000010,1993,13
00000029229113,00000029,2291,13
00000096735813,00000096,7358,13
00000000172313,00000000,1723,13
00000034734712,00000034,7347,12
00000054907512,00000054,9075,12
00000010413613,00000010,4136,13
00000052099413,00000052,0994,13
00000034486113,00000034,4861,13
00000021129612,00000021,1296,12
00000018994112,00000018,9941,12
00000001331113,00000001,3311,13
00000004223413,00000004,2234,13
00000053172513,00000053,1725,13
00000039325413,00000039,3254,13
00000074075712,00000074,0757,12
00000017950113,00000017,9501,13
00000069773712,00000069,7737,12
00000030870412,00000030,8704,12
00000051775713,00000051,7757,13
00000007783813,00000007,7838,13
00000081938612,00000081,9386,12
00000026803113,00000026,8031,13
00000044720213,00000044,7202,13
00000021455813,00000021,4558,13
00000017884113,00000017,8841,13
00000022432813,00000022,4328,13
00000075809413,00000075,8094,13
00000023274213,00000023,2742,13
00000023433213,00000023,4332,13
00000010226413,00000010,2264,13
00000004180513,00000004,1805,13
00000012924613,00000012,9246,13
00000014804613,00000014,8046,13
00000029141813,00000029,1418,13
00000018927312,00000018,9273,12
00000064490711,00000064,4907,11
00000016505413,00000016,5054,13
00000028152713,00000028,1527,13
00000030540313,00000030,5403,13
00000037065413,00000037,0654,13
00000010932713,00000010,9327,13
00000015148413,00000015,1484,13
00000021613413,00000021,6134,13
00000016935713,00000016,9357,13
00000006345613,00000006,3456,13
00000051583412,00000051,5834,12
00000010465813,00000010,4658,13
00000072686111,00000072,6861,11
00000016189812,00000016,1898,12
00000026612112,00000026,6121,12
00000041654311,00000041,6543,11
00000042104212,00000042,1042,12
00000017917412,00000017,9174,12
00000075958913,00000075,9589,13
00000046001513,00000046,0015,13
00000038479713,00000038,4797,13
00000078543312,00000078,5433,12
00000076987513,00000076,9875,13
00000000176812,00000000,1768,12
00000044406913,00000044,4069,13
00000030683513,00000030,6835,13
00000020279512,00000020,2795,12
00000053155313,00000053,1553,13
00000015563813,00000015,5638,13
00000000465713,00000000,4657,13
00000055340913,00000055,3409,13
00000077772712,00000077,7727,12
00000007222312,00000007,2223,12
00000080352812,00000080,3528,12
00000095493712,00000095,4937,12
00000069838812,00000069,8388,12
00000017780213,00000017,7802,13
00000037764113,00000037,7641,13
00000031322512,00000031,3225,12
00000071873312,00000071,8733,12
00000046020913,00000046,0209,13
00000043021913,00000043,0219,13
00000030983613,00000030,9836,13
00000066626913,00000066,6269,13
00000013255713,00000013,2557,13
00000058525213,00000058,5252,13
00000032063213,00000032,0632,13
00000031356813,00000031,3568,13
00000088313913,00000088,3139,13
00000061693513,00000061,6935,13
00000009755113,00000009,7551,13
00000096062612,00000096,0626,12
00000044442212,00000044,4422,12
00000003568512,00000003,5685,12
00000059686812,00000059,6868,12
00000015287313,00000015,2873,13
00000033325213,00000033,3252,13
00000045217913,00000045,2179,13
00000021487713,00000021,4877,13
00000071441713,00000071,4417,13
00000038019212,00000038,0192,12
00000072770913,00000072,7709,13
00000062546413,00000062,5464,13
00000020469113,00000020,4691,13
00000060755513,00000060,7555,13
00000021255613,00000021,2556,13
00000019371613,00000019,3716,13
00000080936712,00000080,9367,12
00000070955112,00000070,9551,12
00000030172913,00000030,1729,13
00000013345113,00000013,3451,13
00000087144412,00000087,1444,12
00000011888312,00000011,8883,12
00000054826113,00000054,8261,13
00000052618312,00000052,6183,12
00000017452513,00000017,4525,13
00000026850213,00000026,8502,13
00000051466313,00000051,4663,13
00000041542313,00000041,5423,13
00000001199713,00000001,1997,13
00000041549712,00000041,5497,12
00000008955812,00000008,9558,12
00000029300413,00000029,3004,13
00000073615812,00000073,6158,12
00000041235813,00000041,2358,13
00000060723113,00000060,7231,13
00000052873413,00000052,8734,13
00000012010412,00000012,0104,12
00000075265612,00000075,2656,12
00000021483413,00000021,4834,13
00000064502313,00000064,5023,13
00000015376213,00000015,3762,13
00000006886313,00000006,8863,13
00000034655412,00000034,6554,12
00000023704613,00000023,7046,13
00000002299113,00000002,2991,13
00000032923213,00000032,9232,13
00000033919912,00000033,9199,12
00000082133612,00000082,1336,12
00000023607513,00000023,6075,13
00000000195613,00000000,1956,13
00000022495112,00000022,4951,12
00000018715613,00000018,7156,13
00000057566412,00000057,5664,12
00000051109312,00000051,1093,12
00000028701212,00000028,7012,12
00000026242113,00000026,2421,13
00000074814512,00000074,8145,12
00000034636613,00000034,6366,13
00000002178813,00000002,1788,13
00000092402912,00000092,4029,12
00000094813113,00000094,8131,13
00000004739913,00000004,7399,13
00000030713812,00000030,7138,12
00000010713113,00000010,7131,13
00000041401612,00000041,4016,12
00000076629712,00000076,6297,12
00000060398413,00000060,3984,13
00000019979913,00000019,9799,13
00000010481113,00000010,4811,13
00000056441312,00000056,4413,12
00000051689913,00000051,6899,13
00000014767113,00000014,7671,13
00000019567413,00000019,5674,13
00000082096313,00000082,0963,13
00000077049112,00000077,0491,12
00000011458212,00000011,4582,12
00000024475813,00000024,4758,13
00000011855413,00000011,8554,13
00000008729613,00000008,7296,13
00000059753212,00000059,7532,12
00096328371349,00096328,3713,49
00000075912612,00000075,9126,12
00000013305213,00000013,3052,13
00041745833315,00041745,8333,15
00000035366212,00000035,3662,12
00000000840113,00000000,8401,13
00000095569612,00000095,5696,12
00000003581712,00000003,5817,12
00000077883313,00000077,8833,13
00000011755813,00000011,7558,13
00000054423913,00000054,4239,13
00000025993512,00000025,9935,12
00000029499912,00000029,4999,12
00000017441813,00000017,4418,13
00000093094613,00000093,0946,13
00000074891112,00000074,8911,12
00000092769513,00000092,7695,13
00000023201313,00000023,2013,13
00000005760412,00000005,7604,12
00000052763112,00000052,7631,12
00000066352912,00000066,3529,12
00000024321413,00000024,3214,13
00000026570212,00000026,5702,12
00000037813213,00000037,8132,13
00000094674712,00000094,6747,12
00000013520813,00000013,5208,13
00000018513313,00000018,5133,13
00000003379813,00000003,3798,13
00000093567412,00000093,5674,12
00000095417812,00000095,4178,12
00000072981312,00000072,9813,12
00000045776113,00000045,7761,13
00000033813913,00000033,8139,13
00000035324512,00000035,3245,12
00000003583513,00000003,5835,13
00000035482812,00000035,4828,12
00000010665613,00000010,6656,13
00000025239613,00000025,2396,13
00000016433613,00000016,4336,13
00000010922813,00000010,9228,13
00000048007912,00000048,0079,12
00000016726313,00000016,7263,13
00000013164413,00000013,1644,13
00000050318513,00000050,3185,13
00000049221313,00000049,2213,13
00000019201113,00000019,2011,13
00000056463312,00000056,4633,12
00000057420613,00000057,4206,13
00000011830813,00000011,8308,13
00000017168913,00000017,1689,13
00000079444212,00000079,4442,12
00000026178613,00000026,1786,13
00000052771513,00000052,7715,13
00000072412213,00000072,4122,13
00000072094712,00000072,0947,12
00000073203912,00000073,2039,12
00000039980213,00000039,9802,13
00000033504913,00000033,5049,13
00000009077511,00000009,0775,11
00000045987113,00000045,9871,13
00000089823913,00000089,8239,13
00000014919713,00000014,9197,13
00000075708312,00000075,7083,12
00000014755213,00000014,7552,13
00000095818413,00000095,8184,13
00000021157113,00000021,1571,13
00000013096113,00000013,0961,13
00000017447613,00000017,4476,13
00000065364613,00000065,3646,13
00000004866113,00000004,8661,13
00000044632313,00000044,6323,13
00000047937713,00000047,9377,13
00000092330813,00000092,3308,13
00000042849513,00000042,8495,13
00000016703913,00000016,7039,13
00000076315712,00000076,3157,12
00000095802512,00000095,8025,12
00000053794113,00000053,7941,13
00000011995113,00000011,9951,13
00000022098211,00000022,0982,11
00000026582413,00000026,5824,13
00000012447113,00000012,4471,13
00000079198612,00000079,1986,12
00000013132313,00000013,1323,13
00000005553312,00000005,5533,12
00000036149312,00000036,1493,12
00000031643913,00000031,6439,13
00000093272112,00000093,2721,12
00000028434313,00000028,4343,13
00000055958313,00000055,9583,13
00000043944913,00000043,9449,13
00000005959813,00000005,9598,13
00000018318212,00000018,3182,12
00000081669512,00000081,6695,12
00000015527113,00000015,5271,13
00000028541213,00000028,5412,13
00000034790313,00000034,7903,13
00000017340113,00000017,3401,13
00000011603913,00000011,6039,13
00000056482312,00000056,4823,12
00000036853313,00000036,8533,13
00000039978813,00000039,9788,13
00000080418213,00000080,4182,13
00000047397212,00000047,3972,12
00000008191912,00000008,1919,12
00000033541413,00000033,5414,13
00000011364613,00000011,3646,13
00000033049513,00000033,0495,13
00000096178213,00000096,1782,13
00000026614313,00000026,6143,13
00000033230313,00000033,2303,13
00000051413913,00000051,4139,13
00000028606613,00000028,6066,13
00000060997913,00000060,9979,13
00000037055413,00000037,0554,13
00000031675713,00000031,6757,13
00000074979912,00000074,9799,12
00000053542712,00000053,5427,12
00000047418112,00000047,4181,12
00000014030313,00000014,0303,13
00000028133613,00000028,1336,13
00000071502312,00000071,5023,12
00000042934513,00000042,9345,13
00000017766813,00000017,7668,13
00000054290213,00000054,2902,13
00000013471613,00000013,4716,13
00000012475813,00000012,4758,13
00000033489413,00000033,4894,13
00000045025712,00000045,0257,12
00000096337312,00000096,3373,12
00000020330613,00000020,3306,13
00000020321713,00000020,3217,13
00000059358813,00000059,3588,13
00000037082613,00000037,0826,13
00000037883612,00000037,8836,12
00000019340513,00000019,3405,13
00000015102913,00000015,1029,13
00000061460313,00000061,4603,13
00000024899912,00000024,8999,12
00000086730312,00000086,7303,12
00000078319312,00000078,3193,12
00000060594513,00000060,5945,13
00000054324213,00000054,3242,13
00000004436313,00000004,4363,13
00000026673313,00000026,6733,13
00000060820313,00000060,8203,13
00000019004613,00000019,0046,13
00000043776613,00000043,7766,13
00000052525812,00000052,5258,12
00000005476112,00000005,4761,12
00000011069413,00000011,0694,13
00000010218213,00000010,2182,13
00000044394213,00000044,3942,13
00000008693812,00000008,6938,12
00000050269212,00000050,2692,12
00000014672413,00000014,6724,13
00000003126913,00000003,1269,13
00000027203713,00000027,2037,13
00000067171813,00000067,1718,13
00000012441513,00000012,4415,13
00000002075713,00000002,0757,13
00000023781113,00000023,7811,13
00000041820713,00000041,8207,13
00000010536413,00000010,5364,13
00000027390213,00000027,3902,13
00000012393313,00000012,3933,13
00000032142513,00000032,1425,13
00000089308712,00000089,3087,12
00000021260112,00000021,2601,12
00000099084211,00000099,0842,11
00000010428113,00000010,4281,13
00000001170812,00000001,1708,12
00000026733813,00000026,7338,13
00000003227913,00000003,2279,13
00000062004713,00000062,0047,13
00000068499912,00000068,4999,12
00000001432613,00000001,4326,13
00000020862613,00000020,8626,13
00000076807112,00000076,8071,12
00000027317513,00000027,3175,13
00000027091612,00000027,0916,12
00000085858212,00000085,8582,12
00000013424413,00000013,4244,13
00000060878812,00000060,8788,12
00000083060313,00000083,0603,13
00000034352112,00000034,3521,12
00000073584213,00000073,5842,13
00000023601212,00000023,6012,12
00000032265513,00000032,2655,13
00000011107113,00000011,1071,13
00000056036312,00000056,0363,12
00000000793612,00000000,7936,12
00000010875713,00000010,8757,13
00000053310913,00000053,3109,13
00000096232912,00000096,2329,12
00000052671812,00000052,6718,12
00000054481313,00000054,4813,13
00000027974812,00000027,9748,12
00000073920911,00000073,9209,11
00000032205213,00000032,2052,13
00000088276812,00000088,2768,12
00000034707612,00000034,7076,12
00000020165112,00000020,1651,12
00000060302812,00000060,3028,12
00000014759712,00000014,7597,12
00000041408813,00000041,4088,13
00000049796912,00000049,7969,12
00000011975513,00000011,9755,13
00000030051212,00000030,0512,12
00000018981813,00000018,9818,13
00000048132313,00000048,1323,13
00000035819912,00000035,8199,12
00000084301712,00000084,3017,12
00000030019313,00000030,0193,13
00000095530812,00000095,5308,12
00000017915313,00000017,9153,13
00000033805813,00000033,8058,13
00000010827613,00000010,8276,13
00000020094613,00000020,0946,13
00000021175213,00000021,1752,13
00000027871312,00000027,8713,12
00000014898613,00000014,8986,13
00000010203213,00000010,2032,13
00000010391213,00000010,3912,13
00000034114513,00000034,1145,13
00000035031512,00000035,0315,12
00000046093413,00000046,0934,13
00000056340213,00000056,3402,13
00000036154212,00000036,1542,12
00000011243813,00000011,2438,13
00000038948813,00000038,9488,13
00000056209313,00000056,2093,13
00000028089513,00000028,0895,13
00000029064413,00000029,0644,13
00000003232113,00000003,2321,13
00000030538113,00000030,5381,13
00000010429913,00000010,4299,13
00000001989313,00000001,9893,13
00000062862513,00000062,8625,13
00000076549913,00000076,5499,13
00000084098413,00000084,0984,13
00000019022713,00000019,0227,13
00000084924413,00000084,9244,13
00000003861913,00000003,8619,13
00000038729812,00000038,7298,12
00000011220213,00000011,2202,13
00000039182412,00000039,1824,12
00000019231912,00000019,2319,12
00000028689813,00000028,6898,13
00000017200913,00000017,2009,13
00000041022712,00000041,0227,12
00000016750613,00000016,7506,13
00000064700713,00000064,7007,13
00000026816413,00000026,8164,13
00000095630912,00000095,6309,12
00000002910212,00000002,9102,12
00000034754212,00000034,7542,12
00000031016813,00000031,0168,13
00000045773613,00000045,7736,13
00000060343813,00000060,3438,13
00000018591813,00000018,5918,13
00000034632813,00000034,6328,13
00000035542112,00000035,5421,12
00000087038712,00000087,0387,12
00000032285513,00000032,2855,13
00000020445113,00000020,4451,13
00000049401513,00000049,4015,13
00000078348912,00000078,3489,12
00000040102713,00000040,1027,13
00000014610413,00000014,6104,13
00000063310413,00000063,3104,13
00000040946212,00000040,9462,12
00000011244113,00000011,2441,13
00000068260413,00000068,2604,13
00000093029312,00000093,0293,12
00000058138113,00000058,1381,13
00000080078512,00000080,0785,12
00000041414513,00000041,4145,13
00000023186213,00000023,1862,13
00000084818212,00000084,8182,12
00000018449513,00000018,4495,13
00000010795413,00000010,7954,13
00000004287713,00000004,2877,13
00000023821112,00000023,8211,12
00000061584213,00000061,5842,13
00000012259913,00000012,2599,13
00000038056413,00000038,0564,13
00000079221412,00000079,2214,12
00000007490411,00000007,4904,11
00000034778613,00000034,7786,13
00000087135112,00000087,1351,12
00000052468213,00000052,4682,13
00000031134913,00000031,1349,13
00000010458413,00000010,4584,13
00000015482313,00000015,4823,13
00000055329313,00000055,3293,13
00000034730613,00000034,7306,13
00000084814512,00000084,8145,12
00000058326512,00000058,3265,12
00000010617313,00000010,6173,13
00000027426213,00000027,4262,13
00000047477912,00000047,4779,12
00000074236513,00000074,2365,13
00000010256313,00000010,2563,13
00000002216913,00000002,2169,13
00000037480913,00000037,4809,13
00000004364713,00000004,3647,13
00000024797213,00000024,7972,13
00000008025312,00000008,0253,12
00000015571112,00000015,5711,12
00000023005713,00000023,0057,13
00000024404812,00000024,4048,12
00000068797713,00000068,7977,13
00000013211411,00000013,2114,11
00000010280813,00000010,2808,13
00000014780612,00000014,7806,12
00000000081112,00000000,0811,12
00000086252512,00000086,2525,12
00000095722212,00000095,7222,12
00000028568413,00000028,5684,13
00000055231513,00000055,2315,13
00000041728812,00000041,7288,12
00000012762813,00000012,7628,13
00000025662912,00000025,6629,12
00000050972813,00000050,9728,13
00000067534913,00000067,5349,13
00000028122913,00000028,1229,13
00000011229313,00000011,2293,13
00000015147113,00000015,1471,13
00000038484112,00000038,4841,12
00000047213511,00000047,2135,11
00000031059313,00000031,0593,13
00000034803413,00000034,8034,13
00000080349912,00000080,3499,12
00000020785612,00000020,7856,12
00000044209212,00000044,2092,12
00000044882912,00000044,8829,12
00000037945512,00000037,9455,12
00000036556913,00000036,5569,13
00000016774813,00000016,7748,13
00000040473413,00000040,4734,13
00000040912513,00000040,9125,13
00000019558813,00000019,5588,13
00000070206313,00000070,2063,13
00000084507913,00000084,5079,13
00000022635213,00000022,6352,13
00000010529913,00000010,5299,13
00000037454913,00000037,4549,13
00000030398513,00000030,3985,13
00000088625711,00000088,6257,11
00000038612412,00000038,6124,12
00000040731713,00000040,7317,13
00000079270611,00000079,2706,11
00000030094913,00000030,0949,13
00000029363413,00000029,3634,13
00000003221812,00000003,2218,12
00000010965713,00000010,9657,13
00000014793613,00000014,7936,13
00000050732312,00000050,7323,12
00000023065813,00000023,0658,13
00000036376813,00000036,3768,13
00000016904113,00000016,9041,13
00000051383813,00000051,3838,13
00000062325912,00000062,3259,12
00000086883212,00000086,8832,12
00000045454213,00000045,4542,13
00000036393613,00000036,3936,13
00000062483912,00000062,4839,12
00000001296313,00000001,2963,13
00000052191713,00000052,1917,13
00000047006813,00000047,0068,13
00000055727213,00000055,7272,13
00000012082913,00000012,0829,13
00000004788613,00000004,7886,13
00000026893713,00000026,8937,13
00000020480513,00000020,4805,13
00000021553213,00000021,5532,13
00000032343113,00000032,3431,13
00000076825312,00000076,8253,12
00000024474913,00000024,4749,13
00000053769813,00000053,7698,13
00000071405312,00000071,4053,12
00000031076913,00000031,0769,13
00000033051613,00000033,0516,13
00000036555413,00000036,5554,13
00000075712912,00000075,7129,12
00000011474513,00000011,4745,13
00000046370312,00000046,3703,12
00000044939812,00000044,9398,12
00000013861313,00000013,8613,13
00000066473613,00000066,4736,13
00000004029612,00000004,0296,12
00000056998413,00000056,9984,13
00000006432513,00000006,4325,13
00000060933613,00000060,9336,13
00000050308113,00000050,3081,13
00000075125212,00000075,1252,12
00000028942113,00000028,9421,13
00000088356712,00000088,3567,12
00000000489313,00000000,4893,13
00000056840812,00000056,8408,12
00000033673713,00000033,6737,13
00000097528313,00000097,5283,13
00000082012612,00000082,0126,12
00000013513213,00000013,5132,13
00000088037112,00000088,0371,12
00000055309112,00000055,3091,12
00000047603612,00000047,6036,12
00000013956512,00000013,9565,12
00000047603512,00000047,6035,12
00000010760213,00000010,7602,13
00000041689212,00000041,6892,12
00000024665213,00000024,6652,13
00000055898813,00000055,8988,13
00000021821413,00000021,8214,13
00000050983512,00000050,9835,12
00000041434613,00000041,4346,13
00000010713512,00000010,7135,12
00000018607513,00000018,6075,13
00000023075713,00000023,0757,13
00000013566913,00000013,5669,13
00000034842912,00000034,8429,12
00000034618812,00000034,6188,12
00000053311413,00000053,3114,13
00000013579813,00000013,5798,13
00000044487212,00000044,4872,12
00000055018913,00000055,0189,13
00000002724213,00000002,7242,13
00000033431913,00000033,4319,13
00000047719513,00000047,7195,13
00000072271713,00000072,2717,13
00000017750913,00000017,7509,13
00000062166912,00000062,1669,12
00000000001413,00000000,0014,13
00000001442813,00000001,4428,13
00000087533813,00000087,5338,13
00000044295312,00000044,2953,12
00000021551713,00000021,5517,13
00000012213413,00000012,2134,13
00000022482213,00000022,4822,13
00000027487713,00000027,4877,13
00000017101113,00000017,1011,13
00000033309413,00000033,3094,13
00000087291212,00000087,2912,12
00000016127413,00000016,1274,13
00000037891513,00000037,8915,13
00000047602612,00000047,6026,12
00000032205913,00000032,2059,13
00000004027113,00000004,0271,13
00000034564213,00000034,5642,13
00000095965612,00000095,9656,12
00000065035213,00000065,0352,13
00000008635712,00000008,6357,12
00000001143513,00000001,1435,13
00000086938413,00000086,9384,13
00000017966913,00000017,9669,13
00000017997413,00000017,9974,13
00000024987112,00000024,9871,12
00000028890713,00000028,8907,13
00000023293112,00000023,2931,12
00000017350213,00000017,3502,13
00000036770613,00000036,7706,13
00000012149213,00000012,1492,13
00000093780112,00000093,7801,12
00000048925513,00000048,9255,13
00000017466113,00000017,4661,13
00000018103213,00000018,1032,13
00000013410313,00000013,4103,13
00000080154112,00000080,1541,12
00000007632512,00000007,6325,12
00000001676912,00000001,6769,12
00000059782612,00000059,7826,12
00000097338113,00000097,3381,13
00000028924813,00000028,9248,13
00000029765812,00000029,7658,12
00000022226213,00000022,2262,13
00000033556313,00000033,5563,13
00000014622912,00000014,6229,12
00000056006312,00000056,0063,12
00000045866313,00000045,8663,13
00000053571213,00000053,5712,13
00000052067312,00000052,0673,12
00000014644212,00000014,6442,12
00000046090213,00000046,0902,13
00000046887113,00000046,8871,13
00000034404413,00000034,4044,13
00000043257713,00000043,2577,13
00000093853712,00000093,8537,12
00000085400512,00000085,4005,12
00000034610812,00000034,6108,12
00000025052713,00000025,0527,13
00000095865613,00000095,8656,13
00000023111212,00000023,1112,12
00000004327813,00000004,3278,13
00000052889213,00000052,8892,13
00022303219353,00022303,2193,53
00000010212713,00000010,2127,13
00000042189512,00000042,1895,12
00000017416713,00000017,4167,13
00000001945113,00000001,9451,13
00000070758112,00000070,7581,12
00000041221513,00000041,2215,13
00000054082512,00000054,0825,12
00000073727912,00000073,7279,12
00000013524213,00000013,5242,13
00000063622711,00000063,6227,11
00000020847312,00000020,8473,12
00000057268713,00000057,2687,13
00000000912212,00000000,9122,12
00000035224613,00000035,2246,13
00000020980313,00000020,9803,13
00000041426513,00000041,4265,13
00000034192912,00000034,1929,12
00000020331312,00000020,3313,12
00000016625213,00000016,6252,13
00000055078813,00000055,0788,13
00000005996513,00000005,9965,13
00000016669713,00000016,6697,13
00000010728913,00000010,7289,13
00000040884413,00000040,8844,13
00000010587213,00000010,5872,13
00000011821713,00000011,8217,13
00000004340713,00000004,3407,13
00000018224113,00000018,2241,13
00000037589213,00000037,5892,13
00000028952613,00000028,9526,13
00000061442713,00000061,4427,13
00000047340913,00000047,3409,13
00000082647913,00000082,6479,13
00000013631313,00000013,6313,13
00000016733713,00000016,7337,13
00000001571712,00000001,5717,12
00000041940713,00000041,9407,13
00000015072813,00000015,0728,13
00000014671613,00000014,6716,13
00000039115513,00000039,1155,13
00000082291612,00000082,2916,12
00000060960513,00000060,9605,13
00000013202713,00000013,2027,13
00000089850313,00000089,8503,13
00000018385113,00000018,3851,13
00000044235413,00000044,2354,13
00000025062612,00000025,0626,12
00000024618813,00000024,6188,13
00000058669812,00000058,6698,12
00000010661313,00000010,6613,13
00000028775213,00000028,7752,13
00000084079212,00000084,0792,12
00000037440113,00000037,4401,13
00000008868112,00000008,8681,12
00000013348111,00000013,3481,11
00000002054213,00000002,0542,13
00000029959913,00000029,9599,13
00000036195313,00000036,1953,13
00000028259413,00000028,2594,13
00000076055612,00000076,0556,12
00000072302413,00000072,3024,13
00000002785213,00000002,7852,13
00000028150713,00000028,1507,13
00000043875113,00000043,8751,13
00000032900113,00000032,9001,13
00000010941613,00000010,9416,13
00000065482213,00000065,4822,13
00000010683813,00000010,6838,13
00000007335312,00000007,3353,12
00000036448113,00000036,4481,13
00000028286113,00000028,2861,13
00000081433412,00000081,4334,12
00000055534513,00000055,5345,13
00000005880413,00000005,8804,13
00000041696413,00000041,6964,13
00000036623512,00000036,6235,12
00000020885812,00000020,8858,12
00000023212413,00000023,2124,13
00000036671312,00000036,6713,12
00000036457513,00000036,4575,13
00000010436413,00000010,4364,13
00000078958713,00000078,9587,13
00000051680713,00000051,6807,13
00000001117113,00000001,1171,13
00000006530713,00000006,5307,13
00000041160713,00000041,1607,13
00000059974213,00000059,9742,13
00000070639812,00000070,6398,12
00000003564712,00000003,5647,12
00000026822613,00000026,8226,13
00000038032213,00000038,0322,13
00000032540613,00000032,5406,13
00000012219913,00000012,2199,13
00000051624713,00000051,6247,13
00000036584313,00000036,5843,13
00000007316512,00000007,3165,12
00000079636412,00000079,6364,12
00000037021612,00000037,0216,12
00000029802813,00000029,8028,13
00000010873813,00000010,8738,13
00000057978513,00000057,9785,13
00000011910413,00000011,9104,13
00000029381613,00000029,3816,13
00000021456613,00000021,4566,13
00000016604613,00000016,6046,13
00000049383313,00000049,3833,13
00000092587113,00000092,5871,13
00000045846712,00000045,8467,12
00000058544713,00000058,5447,13
00000057155213,00000057,1552,13
00000013776713,00000013,7767,13
00000086666713,00000086,6667,13
00000000407112,00000000,4071,12
00000094939812,00000094,9398,12
00000081082113,00000081,0821,13
00000053280813,00000053,2808,13
00000020291412,00000020,2914,12
00000088115612,00000088,1156,12
00000050948613,00000050,9486,13
00000010728413,00000010,7284,13
00000017851413,00000017,8514,13
00000041823213,00000041,8232,13
00000059455713,00000059,4557,13
00000040926613,00000040,9266,13
00000029902312,00000029,9023,12
00000013051613,00000013,0516,13
00000021185613,00000021,1856,13
00000036297813,00000036,2978,13
00000023299513,00000023,2995,13
00000027435712,00000027,4357,12
00000038065512,00000038,0655,12
00000052105412,00000052,1054,12
00000031846213,00000031,8462,13
00000055254813,00000055,2548,13
00000001037512,00000001,0375,12
00000001194113,00000001,1941,13
00000028917713,00000028,9177,13
00000070212313,00000070,2123,13
00000019378213,00000019,3782,13
00000011069513,00000011,0695,13
00000005996112,00000005,9961,12
00000057464113,00000057,4641,13
00000046155713,00000046,1557,13
00000055053912,00000055,0539,12
00000073417713,00000073,4177,13
00000021752913,00000021,7529,13
00000058397413,00000058,3974,13
00000004568511,00000004,5685,11
00000089270512,00000089,2705,12
00000013938313,00000013,9383,13
00000043914912,00000043,9149,12
00000012609513,00000012,6095,13
00000011042113,00000011,0421,13
00000026589113,00000026,5891,13
00000010250613,00000010,2506,13
00000089292612,00000089,2926,12
00000047280511,00000047,2805,11
00000010284813,00000010,2848,13
00000082924812,00000082,9248,12
00000013248413,00000013,2484,13
00000048951213,00000048,9512,13
00000001788313,00000001,7883,13
00000000138113,00000000,1381,13
00000022690413,00000022,6904,13
00000020842313,00000020,8423,13
00000040541813,00000040,5418,13
00000060776912,00000060,7769,12
00000022224513,00000022,2245,13
00000012302313,00000012,3023,13
00000056309113,00000056,3091,13
00000027185213,00000027,1852,13
00000085077912,00000085,0779,12
00000043363413,00000043,3634,13
00000083647913,00000083,6479,13
00000003134212,00000003,1342,12
00000072096912,00000072,0969,12
00000054066313,00000054,0663,13
00000010703313,00000010,7033,13
00000038214813,00000038,2148,13
00000053401713,00000053,4017,13
00000050925613,00000050,9256,13
00000076031213,00000076,0312,13
00000076614313,00000076,6143,13
00000026020113,00000026,0201,13
00000023150812,00000023,1508,12
00000004792513,00000004,7925,13
00000001552512,00000001,5525,12
00000050958413,00000050,9584,13
00000062534212,00000062,5342,12
00000002802213,00000002,8022,13
00000026198513,00000026,1985,13
00000013463113,00000013,4631,13
00000043091213,00000043,0912,13
00000043061813,00000043,0618,13
00000039455212,00000039,4552,12
00000032438813,00000032,4388,13
00000028612613,00000028,6126,13
00000076246312,00000076,2463,12
00000011256113,00000011,2561,13
00000075526113,00000075,5261,13
00000015181713,00000015,1817,13
00000013742413,00000013,7424,13
00000048400813,00000048,4008,13
00000007740112,00000007,7401,12
00000000339612,00000000,3396,12
00000030142312,00000030,1423,12
00000048318413,00000048,3184,13
00000003907812,00000003,9078,12
00000005693813,00000005,6938,13
00000049184512,00000049,1845,12
00000033146713,00000033,1467,13
00000020605413,00000020,6054,13
00000035956713,00000035,9567,13
00000058840113,00000058,8401,13
00000020826513,00000020,8265,13
00000086959413,00000086,9594,13
00000022282613,00000022,2826,13
00000002617312,00000002,6173,12
00000083647513,00000083,6475,13
00000026982613,00000026,9826,13
00000011591113,00000011,5911,13
00000039929312,00000039,9293,12
00000010923613,00000010,9236,13
00000015025112,00000015,0251,12
00000053906313,00000053,9063,13
00000017130613,00000017,1306,13
00000003632912,00000003,6329,12
00000048861913,00000048,8619,13
00000019299813,00000019,2998,13
00000010780913,00000010,7809,13
00000057092513,00000057,0925,13
00000034853513,00000034,8535,13
00000092029412,00000092,0294,12
00000034705113,00000034,7051,13
00000005656513,00000005,6565,13
00000022928513,00000022,9285,13
00000001089213,00000001,0892,13
00000052158912,00000052,1589,12
00000027880113,00000027,8801,13
00000031165912,00000031,1659,12
00000001405413,00000001,4054,13
00000051467113,00000051,4671,13
00000014054113,00000014,0541,13
00000026574313,00000026,5743,13
00000042929313,00000042,9293,13
00000003812113,00000003,8121,13
00000052995313,00000052,9953,13
00000030689913,00000030,6899,13
00000031541813,00000031,5418,13
00000010626112,00000010,6261,12
00000062358112,00000062,3581,12
00000041562813,00000041,5628,13
00000047604513,00000047,6045,13
00000027175913,00000027,1759,13
00000025158813,00000025,1588,13
00000024221213,00000024,2212,13
00000036690713,00000036,6907,13
00000051600613,00000051,6006,13
00000092160812,00000092,1608,12
00000001560613,00000001,5606,13
00000021992913,00000021,9929,13
00000077922712,00000077,9227,12
00000093289112,00000093,2891,12
00000041920913,00000041,9209,13
00000074361112,00000074,3611,12
00000041842113,00000041,8421,13
00000008659212,00000008,6592,12
00000021233913,00000021,2339,13
00000017191213,00000017,1912,13
00000084096412,00000084,0964,12
00000011266213,00000011,2662,13
00000014809213,00000014,8092,13
00000090827212,00000090,8272,12
00000030777113,00000030,7771,13
00000052496513,00000052,4965,13
00000046968913,00000046,9689,13
00000032585812,00000032,5858,12
00000044072713,00000044,0727,13
00000051920513,00000051,9205,13
00000030614513,00000030,6145,13
00000000160912,00000000,1609,12
00000003579413,00000003,5794,13
00000052063411,00000052,0634,11
00000063257211,00000063,2572,11
00000086209212,00000086,2092,12
00000087547713,00000087,5477,13
00000039830913,00000039,8309,13
00000044053112,00000044,0531,12
00000034766113,00000034,7661,13
00000056902712,00000056,9027,12
00000074337712,00000074,3377,12
00000044018813,00000044,0188,13
00000014735913,00000014,7359,13
00000043635513,00000043,6355,13
00000038524612,00000038,5246,12
00000079850712,00000079,8507,12
00000044935713,00000044,9357,13
00000085422512,00000085,4225,12
00000039805813,00000039,8058,13
00000041634613,00000041,6346,13
00000004011312,00000004,0113,12
00000086800713,00000086,8007,13
00000048792812,00000048,7928,12
00000053832413,00000053,8324,13
00000026865913,00000026,8659,13
00000033284913,00000033,2849,13
00000078657413,00000078,6574,13
00000064210913,00000064,2109,13
00000041313412,00000041,3134,12
00000047497413,00000047,4974,13
00000076816813,00000076,8168,13
00000021362413,00000021,3624,13
00000019758813,00000019,7588,13
00000047064212,00000047,0642,12
00000002947113,00000002,9471,13
00000061090113,00000061,0901,13
00000020177113,00000020,1771,13
00000059131613,00000059,1316,13
00000042925413,00000042,9254,13
00000041302413,00000041,3024,13
00000046534213,00000046,5342,13
00000007206113,00000007,2061,13
00000071213712,00000071,2137,12
00000037811113,00000037,8111,13
00000069422212,00000069,4222,12
00000065963113,00000065,9631,13
00000088564713,00000088,5647,13
00000010535813,00000010,5358,13
00000012684713,00000012,6847,13
00000018219813,00000018,2198,13
00000013599613,00000013,5996,13
00000018144113,00000018,1441,13
00000063197212,00000063,1972,12
00000061348512,00000061,3485,12
00000057402912,00000057,4029,12
00000015339913,00000015,3399,13
00000032792912,00000032,7929,12
00000051769613,00000051,7696,13
00000054984412,00000054,9844,12
00000054757713,00000054,7577,13
00000004165212,00000004,1652,12
00000018534112,00000018,5341,12
00000059320813,00000059,3208,13
00000043109713,00000043,1097,13
00000030182513,00000030,1825,13
00000029658413,00000029,6584,13
00000012300313,00000012,3003,13
00000056905112,00000056,9051,12
00000026490112,00000026,4901,12
00000046954413,00000046,9544,13
00000003470813,00000003,4708,13
00000014861112,00000014,8611,12
00000046699312,00000046,6993,12
00000010842713,00000010,8427,13
00000089120913,00000089,1209,13
00000015718813,00000015,7188,13
00000043335213,00000043,3352,13
00000019612313,00000019,6123,13
00000028389913,00000028,3899,13
00000060201412,00000060,2014,12
00000019867413,00000019,8674,13
00000012103413,00000012,1034,13
00000019221213,00000019,2212,13
00000012733613,00000012,7336,13
00000050096912,00000050,0969,12
00000088596712,00000088,5967,12
00000054768212,00000054,7682,12
00000062460612,00000062,4606,12
00000041948113,00000041,9481,13
00000018842313,00000018,8423,13
00000001898813,00000001,8988,13
00000004266712,00000004,2667,12
00000017429713,00000017,4297,13
00000020662813,00000020,6628,13
00000076302213,00000076,3022,13
00000042465413,00000042,4654,13
00000042053512,00000042,0535,12
00000078989512,00000078,9895,12
00000038542713,00000038,5427,13
00000046024312,00000046,0243,12
00000021314613,00000021,3146,13
00000014093313,00000014,0933,13
00000053891412,00000053,8914,12
00000026335812,00000026,3358,12
00000017245813,00000017,2458,13
00000042950312,00000042,9503,12
00000022168812,00000022,1688,12
00000001221213,00000001,2212,13
00000011877213,00000011,8772,13
00000032161613,00000032,1616,13
00000000170813,00000000,1708,13
00000073056513,00000073,0565,13
00000023122413,00000023,1224,13
00000005748513,00000005,7485,13
00000017210613,00000017,2106,13
00000036125212,00000036,1252,12
00000044944613,00000044,9446,13
00000037831613,00000037,8316,13
00000071738312,00000071,7383,12
00000030110613,00000030,1106,13
00000053269613,00000053,2696,13
00000001666813,00000001,6668,13
00000051038713,00000051,0387,13
00000011113313,00000011,1133,13
00000039315813,00000039,3158,13
00000056008913,00000056,0089,13
00000058911213,00000058,9112,13
00000039329213,00000039,3292,13
00000025461913,00000025,4619,13
00000036665113,00000036,6651,13
00000003330113,00000003,3301,13
00000002889413,00000002,8894,13
00000028690913,00000028,6909,13
00000020817413,00000020,8174,13
00000075573312,00000075,5733,12
00000031157613,00000031,1576,13
00000048363413,00000048,3634,13
00000017450413,00000017,4504,13
00000018627213,00000018,6272,13
00000040743713,00000040,7437,13
00000001503313,00000001,5033,13
00000012513412,00000012,5134,12
00000017979813,00000017,9798,13
00000048025713,00000048,0257,13
00000057262213,00000057,2622,13
00000038505213,00000038,5052,13
00000035401413,00000035,4014,13
00000014232213,00000014,2322,13
00000026484513,00000026,4845,13
00000046509113,00000046,5091,13
00000086608113,00000086,6081,13
00000074847112,00000074,8471,12
00000054323813,00000054,3238,13
00000023819313,00000023,8193,13
00000070195112,00000070,1951,12
00000021580812,00000021,5808,12
00000048142913,00000048,1429,13
00000036318613,00000036,3186,13
00000022399713,00000022,3997,13
00000027739113,00000027,7391,13
00000061451713,00000061,4517,13
00000055625713,00000055,6257,13
00000059653913,00000059,6539,13
00000021191313,00000021,1913,13
00000050619413,00000050,6194,13
00000083685413,00000083,6854,13
00000057006713,00000057,0067,13
00000045813813,00000045,8138,13
00000092811912,00000092,8119,12
00000027462313,00000027,4623,13
00000039944312,00000039,9443,12
00000010525313,00000010,5253,13
00000055704713,00000055,7047,13
00000058428913,00000058,4289,13
00000047084713,00000047,0847,13
00000004353313,00000004,3533,13
00000020584813,00000020,5848,13
00000043407613,00000043,4076,13
00000040289213,00000040,2892,13
00000003480411,00000003,4804,11
00000028072813,00000028,0728,13
00000047811412,00000047,8114,12
00000032677713,00000032,6777,13
00000037325813,00000037,3258,13
00000040805813,00000040,8058,13
00000007274613,00000007,2746,13
00000061600912,00000061,6009,12
00000056466312,00000056,4663,12
00000031205512,00000031,2055,12
00000059499913,00000059,4999,13
00000047973713,00000047,9737,13
00000028562712,00000028,5627,12
00000043894813,00000043,8948,13
00000027858312,00000027,8583,12
00000045360213,00000045,3602,13
00000030554713,00000030,5547,13
00000033050213,00000033,0502,13
00000077591413,00000077,5914,13
00000041420913,00000041,4209,13
00000010471113,00000010,4711,13
00000075986612,00000075,9866,12
00000017281313,00000017,2813,13
00000027249513,00000027,2495,13
00000010594211,00000010,5942,11
00000048334512,00000048,3345,12
00000075684312,00000075,6843,12
00000036479412,00000036,4794,12
00000028233412,00000028,2334,12
00000081159913,00000081,1599,13
00000084193512,00000084,1935,12
00000005317613,00000005,3176,13
00000047962813,00000047,9628,13
00000053039613,00000053,0396,13
00000020912512,00000020,9125,12
00000073608712,00000073,6087,12
00000001848513,00000001,8485,13
00000003048613,00000003,0486,13
00000056851613,00000056,8516,13
00000016547312,00000016,5473,12
00000003831412,00000003,8314,12
00000035478713,00000035,4787,13
00000014933513,00000014,9335,13
00000012985213,00000012,9852,13
00000079469713,00000079,4697,13
00000052311513,00000052,3115,13
00000032836313,00000032,8363,13
00000045514913,00000045,5149,13
00000021622612,00000021,6226,12
00000089317713,00000089,3177,13
00000098593713,00000098,5937,13
00000043827112,00000043,8271,12
00000075027912,00000075,0279,12
00000043817113,00000043,8171,13
00000023347413,00000023,3474,13
00000050894113,00000050,8941,13
00000019843513,00000019,8435,13
00000037857212,00000037,8572,12
00000020658313,00000020,6583,13
00000061215413,00000061,2154,13
00000003656812,00000003,6568,12
00000054897413,00000054,8974,13
00000065271313,00000065,2713,13
00000012351313,00000012,3513,13
00000093355811,00000093,3558,11
00000010267613,00000010,2676,13
00000076878712,00000076,8787,12
00000053640213,00000053,6402,13
00000033295313,00000033,2953,13
00000011427313,00000011,4273,13
00000061414713,00000061,4147,13
00000001339113,00000001,3391,13
00000055154413,00000055,1544,13
00000073206212,00000073,2062,12
00000028684213,00000028,6842,13
00000016659613,00000016,6596,13
00000001593712,00000001,5937,12
00000015201113,00000015,2011,13
00000014198913,00000014,1989,13
00000017332913,00000017,3329,13
00000011676313,00000011,6763,13
00000079156612,00000079,1566,12
00000082209512,00000082,2095,12
00000037517612,00000037,5176,12
00000021642513,00000021,6425,13
00000094638613,00000094,6386,13
00000035859213,00000035,8592,13
00000005186513,00000005,1865,13
00000074080512,00000074,0805,12
00000015748213,00000015,7482,13
00000057242612,00000057,2426,12
00000075872812,00000075,8728,12
00000038848113,00000038,8481,13
00000054771712,00000054,7717,12
00000040587613,00000040,5876,13
00000066994513,00000066,9945,13
00000047603713,00000047,6037,13
00000010431513,00000010,4315,13
00000056071113,00000056,0711,13
00000081804713,00000081,8047,13
00000013072413,00000013,0724,13
00000077867312,00000077,8673,12
00000011446113,00000011,4461,13
00000025023812,00000025,0238,12
00000021918212,00000021,9182,12
00000013580912,00000013,5809,12
00000055219913,00000055,2199,13
00000020333413,00000020,3334,13
00000041759113,00000041,7591,13
00000048821213,00000048,8212,13
00000021103913,00000021,1039,13
00000012407713,00000012,4077,13
00000096471712,00000096,4717,12
00000001377413,00000001,3774,13
00000077525713,00000077,5257,13
00000045598513,00000045,5985,13
00000052606813,00000052,6068,13
00000089817712,00000089,8177,12
00000034223613,00000034,2236,13
00000075790312,00000075,7903,12
00000078388413,00000078,3884,13
00000017870713,00000017,8707,13
00000091958113,00000091,9581,13
00000088432112,00000088,4321,12
00000013520913,00000013,5209,13
00000025290313,00000025,2903,13
00000072287512,00000072,2875,12
00000086579912,00000086,5799,12
00000013114413,00000013,1144,13
00000027454412,00000027,4544,12
00000048029212,00000048,0292,12
00000041499213,00000041,4992,13
00000023110913,00000023,1109,13
00000010492913,00000010,4929,13
00000029201713,00000029,2017,13
00000051515713,00000051,5157,13
00000024232413,00000024,2324,13
00000072432713,00000072,4327,13
00000086293212,00000086,2932,12
00000010681713,00000010,6817,13
00000075195313,00000075,1953,13
00000082648713,00000082,6487,13
00000026491312,00000026,4913,12
00000076576413,00000076,5764,13
00000031366613,00000031,3666,13
00000036111713,00000036,1117,13
00000007601213,00000007,6012,13
00000088864112,00000088,8641,12
00000012431813,00000012,4318,13
00000052973313,00000052,9733,13
00000021204613,00000021,2046,13
00000031499113,00000031,4991,13
00000056220813,00000056,2208,13
00000028891713,00000028,8917,13
00000043939213,00000043,9392,13
00000028927613,00000028,9276,13
00000021146113,00000021,1461,13
00000002195112,00000002,1951,12
00000061658113,00000061,6581,13
00000036414213,00000036,4142,13
00000015709513,00000015,7095,13
00000072770112,00000072,7701,12
00000022335413,00000022,3354,13
00000017168613,00000017,1686,13
00000012059913,00000012,0599,13
00000059225713,00000059,2257,13
00000052247413,00000052,2474,13
00000050152913,00000050,1529,13
00000091855612,00000091,8556,12
00000025161512,00000025,1615,12
00000019700213,00000019,7002,13
00000012550512,00000012,5505,12
00000084504612,00000084,5046,12
00000038734813,00000038,7348,13
00000053115512,00000053,1155,12
00000072726212,00000072,7262,12
00000037254113,00000037,2541,13
00000080858113,00000080,8581,13
00000058325612,00000058,3256,12
00000062726812,00000062,7268,12
00000061531613,00000061,5316,13
00000031479113,00000031,4791,13
00000034660813,00000034,6608,13
00000004983712,00000004,9837,12
00000014746913,00000014,7469,13
00000053471213,00000053,4712,13
00000020051213,00000020,0512,13
00000013463913,00000013,4639,13
00000074300612,00000074,3006,12
00000027193613,00000027,1936,13
00000030129413,00000030,1294,13
00000027790813,00000027,7908,13
00000096032212,00000096,0322,12
00000017983313,00000017,9833,13
00000012134513,00000012,1345,13
00000014707413,00000014,7074,13
00000033726213,00000033,7262,13
00000063716413,00000063,7164,13
00000066196913,00000066,1969,13
00000023252812,00000023,2528,12
00000058269912,00000058,2699,12
00000014284213,00000014,2842,13
00000048600213,00000048,6002,13
00000052151412,00000052,1514,12
00000052867313,00000052,8673,13
00000020791913,00000020,7919,13
00000058752113,00000058,7521,13
00000058926813,00000058,9268,13
00000010699313,00000010,6993,13
00000055740412,00000055,7404,12
00000021112313,00000021,1123,13
00000018953912,00000018,9539,12
00000043332813,00000043,3328,13
00000096184712,00000096,1847,12
00000000787112,00000000,7871,12
00000086183413,00000086,1834,13
00000093588812,00000093,5888,12
00000045214113,00000045,2141,13
00000035099812,00000035,0998,12
00000035023211,00000035,0232,11
00000030065512,00000030,0655,12
00000094012513,00000094,0125,13
00000013928513,00000013,9285,13
00000009864111,00000009,8641,11
00000001115113,00000001,1151,13
00000018291113,00000018,2911,13
00000027864912,00000027,8649,12
00000035732213,00000035,7322,13
00000040331613,00000040,3316,13
00000033923613,00000033,9236,13
00000016936713,00000016,9367,13
00000018339713,00000018,3397,13
00000049785513,00000049,7855,13
00000010840713,00000010,8407,13
00000096508113,00000096,5081,13
00000044650613,00000044,6506,13
00000001906413,00000001,9064,13
00000075688812,00000075,6888,12
00000092644513,00000092,6445,13
00000029708113,00000029,7081,13
00000002922613,00000002,9226,13
00000047129613,00000047,1296,13
00000024286213,00000024,2862,13
00000030383711,00000030,3837,11
00000049914613,00000049,9146,13
00000027976113,00000027,9761,13
00000019693513,00000019,6935,13
00000057343513,00000057,3435,13
00000069842312,00000069,8423,12
00000024829813,00000024,8298,13
00000031659713,00000031,6597,13
00000014976713,00000014,9767,13
00000071229413,00000071,2294,13
00000029306713,00000029,3067,13
00000049472513,00000049,4725,13
00000059530813,00000059,5308,13
00000061970313,00000061,9703,13
00000049927112,00000049,9271,12
00000047367513,00000047,3675,13
00000015821913,00000015,8219,13
00000015619313,00000015,6193,13
00000056883813,00000056,8838,13
00000028515313,00000028,5153,13
00000005542113,00000005,5421,13
00000043493113,00000043,4931,13
00000010275113,00000010,2751,13
00000064178513,00000064,1785,13
00000025388913,00000025,3889,13
00000017995913,00000017,9959,13
00000021579813,00000021,5798,13
00000069151612,00000069,1516,12
00000022553513,00000022,5535,13
00000094753612,00000094,7536,12
00000025521811,00000025,5218,11
00000055384413,00000055,3844,13
00000076578213,00000076,5782,13
00000060717713,00000060,7177,13
00000008847412,00000008,8474,12
00000001725113,00000001,7251,13
00000081910912,00000081,9109,12
00000069125412,00000069,1254,12
00000062832113,00000062,8321,13
00000052508713,00000052,5087,13
00000001080713,00000001,0807,13
00000056029813,00000056,0298,13
00000028578613,00000028,5786,13
00000019625513,00000019,6255,13
00000010547313,00000010,5473,13
00000059069313,00000059,0693,13
00000002363713,00000002,3637,13
00000041852213,00000041,8522,13
00000093409912,00000093,4099,12
00000025183512,00000025,1835,12
00000017780513,00000017,7805,13
00000010772913,00000010,7729,13
00000011357113,00000011,3571,13
00000025027612,00000025,0276,12
00000024790713,00000024,7907,13
00000071753812,00000071,7538,12
00000004028613,00000004,0286,13
00000001915213,00000001,9152,13
00000042489513,00000042,4895,13
00000023096313,00000023,0963,13
00000012950113,00000012,9501,13
00000020395313,00000020,3953,13
00000021023912,00000021,0239,12
00000075451613,00000075,4516,13
00000001399613,00000001,3996,13
00000039064312,00000039,0643,12
00000010640213,00000010,6402,13
00000052195512,00000052,1955,12
00000016896113,00000016,8961,13
00000052335212,00000052,3352,12
00000016587413,00000016,5874,13
00080671001343,00080671,0013,43
00000018356413,00000018,3564,13
00000044770213,00000044,7702,13
00000094366813,00000094,3668,13
00000017183613,00000017,1836,13
00000036546313,00000036,5463,13
00000092473412,00000092,4734,12
00000012336613,00000012,3366,13
00000004026113,00000004,0261,13
00000037083513,00000037,0835,13
00000024471113,00000024,4711,13
00000033588213,00000033,5882,13
00000078132613,00000078,1326,13
00000056395513,00000056,3955,13
00000043713913,00000043,7139,13
00000020835513,00000020,8355,13
00000073500513,00000073,5005,13
00000043357912,00000043,3579,12
00000018573512,00000018,5735,12
00000033150613,00000033,1506,13
00000014930813,00000014,9308,13
00000020608612,00000020,6086,12
00000087606413,00000087,6064,13
00000026995512,00000026,9955,12
00000019565112,00000019,5651,12
00000060657712,00000060,6577,12
00000004235513,00000004,2355,13
00000055969413,00000055,9694,13
00000013278111,00000013,2781,11
00000033841713,00000033,8417,13
00000013226513,00000013,2265,13
00000055643112,00000055,6431,12
00000007877712,00000007,8777,12
00000022459813,00000022,4598,13
00000072100512,00000072,1005,12
00000011169413,00000011,1694,13
00000010044512,00000010,0445,12
00000049576413,00000049,5764,13
00000030272413,00000030,2724,13
00000031889613,00000031,8896,13
00000041663313,00000041,6633,13
00000033921413,00000033,9214,13
00000091323311,00000091,3233,11
00000013697413,00000013,6974,13
00000013796613,00000013,7966,13
00000094580513,00000094,5805,13
00000087233413,00000087,2334,13
00000002101912,00000002,1019,12
00000030823112,00000030,8231,12
00000016696812,00000016,6968,12
00000001034713,00000001,0347,13
00000057641413,00000057,6414,13
00000032079713,00000032,0797,13
00000014630213,00000014,6302,13
00000061750612,00000061,7506,12
00000014499112,00000014,4991,12
00000035855913,00000035,8559,13
00000033841413,00000033,8414,13
00000015003113,00000015,0031,13
00000018073913,00000018,0739,13
00000096861612,00000096,8616,12
00000013741513,00000013,7415,13
00000032226112,00000032,2261,12
00000022629912,00000022,6299,12
00000030837912,00000030,8379,12
00000075904413,00000075,9044,13
00000072595612,00000072,5956,12
00000080396812,00000080,3968,12
00000061243113,00000061,2431,13
00000002998312,00000002,9983,12
00000050667613,00000050,6676,13
00000022294112,00000022,2941,12
00000002867113,00000002,8671,13
00000008944812,00000008,9448,12
00000017568913,00000017,5689,13
00000048822213,00000048,8222,13
00000023323713,00000023,3237,13
00000023778713,00000023,7787,13
00000021249313,00000021,2493,13
00000000530212,00000000,5302,12
00000037600713,00000037,6007,13
00000001096313,00000001,0963,13
00000041785813,00000041,7858,13
00000019495213,00000019,4952,13
00000001537913,00000001,5379,13
00000001963913,00000001,9639,13
00000072636712,00000072,6367,12
00000033072713,00000033,0727,13
00000022320913,00000022,3209,13
00000026277213,00000026,2772,13
00000015380213,00000015,3802,13
00000046770213,00000046,7702,13
00000059223712,00000059,2237,12
00000085315212,00000085,3152,12
00000085099513,00000085,0995,13
00000028662513,00000028,6625,13
00000000343312,00000000,3433,12
00000060999413,00000060,9994,13
00000043855912,00000043,8559,12
00000057149113,00000057,1491,13
00000024143913,00000024,1439,13
00000046613113,00000046,6131,13
00000030735413,00000030,7354,13
00000095111113,00000095,1111,13
00000022818313,00000022,8183,13
00000026549913,00000026,5499,13
00000071901112,00000071,9011,12
00000008220112,00000008,2201,12
00000015120713,00000015,1207,13
00000021478613,00000021,4786,13
00000010156613,00000010,1566,13
00000053717113,00000053,7171,13
00000011686113,00000011,6861,13
00000020146713,00000020,1467,13
00000088828112,00000088,8281,12
00000015416513,00000015,4165,13
00000041725813,00000041,7258,13
00000046027513,00000046,0275,13
00000042910113,00000042,9101,13
00000061924613,00000061,9246,13
00000012024213,00000012,0242,13
00000063432713,00000063,4327,13
00000011201813,00000011,2018,13
00000043399613,00000043,3996,13
00000033277712,00000033,2777,12
00000027934813,00000027,9348,13
00000017201713,00000017,2017,13
00000019675212,00000019,6752,12
00000013592713,00000013,5927,13
00000042220713,00000042,2207,13
00000051531413,00000051,5314,13
00000016770813,00000016,7708,13
00000060881313,00000060,8813,13
00000029022613,00000029,0226,13
00000089038812,00000089,0388,12
00000014337613,00000014,3376,13
00000054849713,00000054,8497,13
00000061070613,00000061,0706,13
00000042805813,00000042,8058,13
00000072078112,00000072,0781,12
00000071526912,00000071,5269,12
00000059048713,00000059,0487,13
00000029998912,00000029,9989,12
00000002382913,00000002,3829,13
00000026444813,00000026,4448,13
00000042540213,00000042,5402,13
00000027688213,00000027,6882,13
00000017111113,00000017,1111,13
00000060375912,00000060,3759,12
00000040452213,00000040,4522,13
00000056205912,00000056,2059,12
00000019749613,00000019,7496,13
00000044759513,00000044,7595,13
00000056813313,00000056,8133,13
00000037552513,00000037,5525,13
00000017480613,00000017,4806,13
00000045546912,00000045,5469,12
00000046291513,00000046,2915,13
00000054868913,00000054,8689,13
00000008973313,00000008,9733,13
00000043662813,00000043,6628,13
00000039365813,00000039,3658,13
00000019770413,00000019,7704,13
00000069339412,00000069,3394,12
00000056836412,00000056,8364,12
00000092697113,00000092,6971,13
00000026240313,00000026,2403,13
00000003333713,00000003,3337,13
00000001357613,00000001,3576,13
00000053570413,00000053,5704,13
00000079244112,00000079,2441,12
00000042183412,00000042,1834,12
00000036130413,00000036,1304,13
00000055363413,00000055,3634,13
00000029639713,00000029,6397,13
00000094772213,00000094,7722,13
00000063353613,00000063,3536,13
00000052060413,00000052,0604,13
00000036732712,00000036,7327,12
00000010652113,00000010,6521,13
00000024962113,00000024,9621,13
00000036556213,00000036,5562,13
00000000501813,00000000,5018,13
00000005955712,00000005,9557,12
00000092812413,00000092,8124,13
00000026303713,00000026,3037,13
00000036901112,00000036,9011,12
00000070319212,00000070,3192,12
00000010227713,00000010,2277,13
00000003635513,00000003,6355,13
00000089253712,00000089,2537,12
00000059599613,00000059,5996,13
00000030675712,00000030,6757,12
00000019312513,00000019,3125,13
00000085628712,00000085,6287,12
00000080061412,00000080,0614,12
00000012022213,00000012,0222,13
00000061414813,00000061,4148,13
00000013474213,00000013,4742,13
00000019724812,00000019,7248,12
00000072449112,00000072,4491,12
00000059770213,00000059,7702,13
00000048621113,00000048,6211,13
00000022009212,00000022,0092,12
00000002104512,00000002,1045,12
00000052920113,00000052,9201,13
00000027169913,00000027,1699,13
00000032750313,00000032,7503,13
00000036128713,00000036,1287,13
00000002302112,00000002,3021,12
00000061550513,00000061,5505,13
00000060592413,00000060,5924,13
00000082575412,00000082,5754,12
00000002691713,00000002,6917,13
00000062506411,00000062,5064,11
00000061241713,00000061,2417,13
00000075164413,00000075,1644,13
00000008269912,00000008,2699,12
00000010962213,00000010,9622,13
00000014924112,00000014,9241,12
00000014730813,00000014,7308,13
00000064403813,00000064,4038,13
00000011748713,00000011,7487,13
00000041151213,00000041,1512,13
00000078348313,00000078,3483,13
00000006941612,00000006,9416,12
00000047887713,00000047,8877,13
00000005105913,00000005,1059,13
00000026887913,00000026,8879,13
00001462494374,00001462,4943,74
00000023656413,00000023,6564,13
00000022202612,00000022,2026,12
00000009331513,00000009,3315,13
00000012066313,00000012,0663,13
00000064957913,00000064,9579,13
00000047075413,00000047,0754,13
00000089271913,00000089,2719,13
00000080273913,00000080,2739,13
00000048809512,00000048,8095,12
00000036359713,00000036,3597,13
00000015525413,00000015,5254,13
00000086978812,00000086,9788,12
00000016684813,00000016,6848,13
00000058569313,00000058,5693,13
00000061844713,00000061,8447,13
00000078812312,00000078,8123,12
00000014160313,00000014,1603,13
00000086458612,00000086,4586,12
00000076700913,00000076,7009,13
00000022982412,00000022,9824,12
00000070492612,00000070,4926,12
00000004903413,00000004,9034,13
00000055399313,00000055,3993,13
00000034114413,00000034,1144,13
00000081533112,00000081,5331,12
00000029644413,00000029,6444,13
00000030527413,00000030,5274,13
00000031884813,00000031,8848,13
00000001853813,00000001,8538,13
00000006201613,00000006,2016,13
00000024374713,00000024,3747,13
00000010652813,00000010,6528,13
00000032094512,00000032,0945,12
00000085284213,00000085,2842,13
00000003977713,00000003,9777,13
00000012285513,00000012,2855,13
00000016836313,00000016,8363,13
00000017467513,00000017,4675,13
00000005744313,00000005,7443,13
00000053461313,00000053,4613,13
00000000103413,00000000,1034,13
00000094702711,00000094,7027,11
00000024229813,00000024,2298,13
00000041245712,00000041,2457,12
00000008637713,00000008,6377,13
00000030442113,00000030,4421,13
00000019910512,00000019,9105,12
00000073787812,00000073,7878,12
00000059028813,00000059,0288,13
00000047721713,00000047,7217,13
00000054034112,00000054,0341,12
00000065744113,00000065,7441,13
00000060291313,00000060,2913,13
00000020523113,00000020,5231,13
00000000150213,00000000,1502,13
00000079458613,00000079,4586,13
00000005451812,00000005,4518,12
00000012069513,00000012,0695,13
00000019238213,00000019,2382,13
00000027781513,00000027,7815,13
00000034823813,00000034,8238,13
00000058492113,00000058,4921,13
00000026004112,00000026,0041,12
00000048658113,00000048,6581,13
00000086911412,00000086,9114,12
00000056927213,00000056,9272,13
00000063041513,00000063,0415,13
00000034397513,00000034,3975,13
00000028124713,00000028,1247,13
00000044335713,00000044,3357,13
00000077147413,00000077,1474,13
00000015452613,00000015,4526,13
00000078817913,00000078,8179,13
00000072908813,00000072,9088,13
00000018463313,00000018,4633,13
00000022598412,00000022,5984,12
00000050421313,00000050,4213,13
00000047934813,00000047,9348,13
00000058569213,00000058,5692,13
00000089255511,00000089,2555,11
00000004416313,00000004,4163,13
00000056502613,00000056,5026,13
00000055151913,00000055,1519,13
00000027212613,00000027,2126,13
00000058163413,00000058,1634,13
00000013491613,00000013,4916,13
00000087866912,00000087,8669,12
00000011951913,00000011,9519,13
00000035470513,00000035,4705,13
00000029937512,00000029,9375,12
00000017256113,00000017,2561,13
00000045859212,00000045,8592,12
00000029917713,00000029,9177,13
00000036146613,00000036,1466,13
00000070906912,00000070,9069,12
00000058473813,00000058,4738,13
00000042458313,00000042,4583,13
00000053779113,00000053,7791,13
00000018953112,00000018,9531,12
00000024446313,00000024,4463,13
00000089308813,00000089,3088,13
00000060874213,00000060,8742,13
00000017163113,00000017,1631,13
00000028169313,00000028,1693,13
00000094698112,00000094,6981,12
00000072111313,00000072,1113,13
00000078427612,00000078,4276,12
00000007249912,00000007,2499,12
00000014907213,00000014,9072,13
00000049770313,00000049,7703,13
00000085393813,00000085,3938,13
00000001498313,00000001,4983,13
00000021807413,00000021,8074,13
00000028431312,00000028,4313,12
00000077048811,00000077,0488,11
00000035226912,00000035,2269,12
00000051433412,00000051,4334,12
00000087113713,00000087,1137,13
00000048426213,00000048,4262,13
00000041163213,00000041,1632,13
00000023727513,00000023,7275,13
00000035577713,00000035,5777,13
00000041704713,00000041,7047,13
00000004201913,00000004,2019,13
00000041918613,00000041,9186,13
00000009362312,00000009,3623,12
00000017490213,00000017,4902,13
00000079738912,00000079,7389,12
00000026365713,00000026,3657,13
00000055272813,00000055,2728,13
00000069197613,00000069,1976,13
00000037932813,00000037,9328,13
00000003507712,00000003,5077,12
00000058565813,00000058,5658,13
00000047946813,00000047,9468,13
00000042344812,00000042,3448,12
00000095439411,00000095,4394,11
00000054981813,00000054,9818,13
00000029376913,00000029,3769,13
00000039671213,00000039,6712,13
00000072229112,00000072,2291,12
00000036356913,00000036,3569,13
00000015597213,00000015,5972,13
00000032797112,00000032,7971,12
00000037850712,00000037,8507,12
00000012671113,00000012,6711,13
00000092779513,00000092,7795,13
00000063296813,00000063,2968,13
00000087788913,00000087,7889,13
00000033579612,00000033,5796,12
00000012687413,00000012,6874,13
00000017027813,00000017,0278,13
00000087389411,00000087,3894,11
00000033972113,00000033,9721,13
00000094114512,00000094,1145,12
00000017155313,00000017,1553,13
00000035061712,00000035,0617,12
00000096586111,00000096,5861,11
00000040181213,00000040,1812,13
00000002165213,00000002,1652,13
00000080394212,00000080,3942,12
00000075252912,00000075,2529,12
00000016941813,00000016,9418,13
00000023414712,00000023,4147,12
00000013622712,00000013,6227,12
00000056013112,00000056,0131,12
00000058111913,00000058,1119,13
00000061647713,00000061,6477,13
00000013778813,00000013,7788,13
00000033595312,00000033,5953,12
00000017404913,00000017,4049,13
00000047271113,00000047,2711,13
00000069144413,00000069,1444,13
00000079390513,00000079,3905,13
00000045573112,00000045,5731,12
00000020658513,00000020,6585,13
00000039649413,00000039,6494,13
00000012766413,00000012,7664,13
00000008001912,00000008,0019,12
00000037317913,00000037,3179,13
00000033192713,00000033,1927,13
00000028955613,00000028,9556,13
00000017116813,00000017,1168,13
00000035673312,00000035,6733,12
00000092536912,00000092,5369,12
00000060233713,00000060,2337,13
00000057466713,00000057,4667,13
00000079988512,00000079,9885,12
00000012110713,00000012,1107,13
00000061381913,00000061,3819,13
00000016583713,00000016,5837,13
00000044000913,00000044,0009,13
00000038328913,00000038,3289,13
00000032444512,00000032,4445,12
00000028671813,00000028,6718,13
00000062899913,00000062,8999,13
00000023468613,00000023,4686,13
00000060821513,00000060,8215,13
00000059535713,00000059,5357,13
00000087834913,00000087,8349,13
00000056489612,00000056,4896,12
00000016784613,00000016,7846,13
00000023974413,00000023,9744,13
00000010320413,00000010,3204,13
00000002739813,00000002,7398,13
00000007103912,00000007,1039,12
00000062543112,00000062,5431,12
00000056775913,00000056,7759,13
00000033511513,00000033,5115,13
00000066575613,00000066,5756,13
00000001512913,00000001,5129,13
00000029628213,00000029,6282,13
00000032625913,00000032,6259,13
00000030647913,00000030,6479,13
00000085155413,00000085,1554,13
00000024874113,00000024,8741,13
00000090470912,00000090,4709,12
00000045584512,00000045,5845,12
00000083241712,00000083,2417,12
00000019083113,00000019,0831,13
00000062501112,00000062,5011,12
00000004580813,00000004,5808,13
00000076665712,00000076,6657,12
00000057314413,00000057,3144,13
00000035313812,00000035,3138,12
00000051066813,00000051,0668,13
00000042324713,00000042,3247,13
00000058278412,00000058,2784,12
00000033103913,00000033,1039,13
00000018298712,00000018,2987,12
00000040177413,00000040,1774,13
00000022709213,00000022,7092,13
00000033570413,00000033,5704,13
00000049162813,00000049,1628,13
00000085376412,00000085,3764,12
00000076212413,00000076,2124,13
00000012214511,00000012,2145,11
00000059970213,00000059,9702,13
00000013921213,00000013,9212,13
00000094337713,00000094,3377,13
00000016829113,00000016,8291,13
00000008666212,00000008,6662,12
00000027289213,00000027,2892,13
00000058312413,00000058,3124,13
00000014674813,00000014,6748,13
00000013432413,00000013,4324,13
00000061099813,00000061,0998,13
00000002194813,00000002,1948,13
00000021308813,00000021,3088,13
00000057312713,00000057,3127,13
00000047133612,00000047,1336,12
00000063910913,00000063,9109,13
00000032325313,00000032,3253,13
00000019446713,00000019,4467,13
00000017442413,00000017,4424,13
00000006467613,00000006,4676,13
00000048207312,00000048,2073,12
00000041265113,00000041,2651,13
00000054389813,00000054,3898,13
00000049456912,00000049,4569,12
00000093384313,00000093,3843,13
00000061683713,00000061,6837,13
00000058133612,00000058,1336,12
00000037799912,00000037,7999,12
00000065096113,00000065,0961,13
00000013538212,00000013,5382,12
00000043768513,00000043,7685,13
00000034078213,00000034,0782,13
00000027711212,00000027,7112,12
00000026657813,00000026,6578,13
00000064429413,00000064,4294,13
00000066495613,00000066,4956,13
00000098776311,00000098,7763,11
00000024931813,00000024,9318,13
00000004010913,00000004,0109,13
00000041823512,00000041,8235,12
00000084922112,00000084,9221,12
00000063626713,00000063,6267,13
00000000481213,00000000,4812,13
00000061165712,00000061,1657,12
00000062984513,00000062,9845,13
00000089208912,00000089,2089,12
00000010972513,00000010,9725,13
00000007519113,00000007,5191,13
00000056633813,00000056,6338,13
00000014576613,00000014,5766,13
00000007414913,00000007,4149,13
00000014854613,00000014,8546,13
00000046250213,00000046,2502,13
00000020664513,00000020,6645,13
00000038013213,00000038,0132,13
00000037870613,00000037,8706,13
00000073811213,00000073,8112,13
00000055743113,00000055,7431,13
00000015511413,00000015,5114,13
00000007687712,00000007,6877,12
00000035346913,00000035,3469,13
00000012510412,00000012,5104,12
00000065900213,00000065,9002,13
00000060595613,00000060,5956,13
00000060618413,00000060,6184,13
00000049044413,00000049,0444,13
00000022332813,00000022,3328,13
00000012112112,00000012,1121,12
00000024913713,00000024,9137,13
00000063970913,00000063,9709,13
00000062227513,00000062,2275,13
00000062863112,00000062,8631,12
00000002426411,00000002,4264,11
00000067277613,00000067,2776,13
00000083914613,00000083,9146,13
00000021034813,00000021,0348,13
00000033504213,00000033,5042,13
00000063980313,00000063,9803,13
00000013861413,00000013,8614,13
00000015709613,00000015,7096,13
00000090975312,00000090,9753,12
00000001897913,00000001,8979,13
00000099112212,00000099,1122,12
00000035169213,00000035,1692,13
00000023808613,00000023,8086,13
00000024327113,00000024,3271,13
00000014346113,00000014,3461,13
00000085834612,00000085,8346,12
00000055396412,00000055,3964,12
00000080247913,00000080,2479,13
00000078991412,00000078,9914,12
00000003976913,00000003,9769,13
00000058750913,00000058,7509,13
00000046461413,00000046,4614,13
00000006222213,00000006,2222,13
00000072812913,00000072,8129,13
00000011285713,00000011,2857,13
00000009488211,00000009,4882,11
00000067893112,00000067,8931,12
00000036579113,00000036,5791,13
00000078815113,00000078,8151,13
00000027939713,00000027,9397,13
00000044866612,00000044,8666,12
00000034554613,00000034,5546,13
00000010544713,00000010,5447,13
00000017806813,00000017,8068,13
00000066968513,00000066,9685,13
00000062042512,00000062,0425,12
00000094409812,00000094,4098,12
00000006279713,00000006,2797,13
00000059848113,00000059,8481,13
00000048430613,00000048,4306,13
00000015929111,00000015,9291,11
00000065087713,00000065,0877,13
00000035173313,00000035,1733,13
00000054398713,00000054,3987,13
00000034470813,00000034,4708,13
00000062267313,00000062,2673,13
00000076212313,00000076,2123,13
00000055149112,00000055,1491,12
00000018267613,00000018,2676,13
00000079381513,00000079,3815,13
00000051050512,00000051,0505,12
00000068295813,00000068,2958,13
00000097527513,00000097,5275,13
00000054430813,00000054,4308,13
00000060150212,00000060,1502,12
00000063119113,00000063,1191,13
00000020217113,00000020,2171,13
00000020082413,00000020,0824,13
00000021951913,00000021,9519,13
00000080516311,00000080,5163,11
00000035435513,00000035,4355,13
00000058608713,00000058,6087,13
00000012810913,00000012,8109,13
00000005065512,00000005,0655,12
00000054105913,00000054,1059,13
00000047428612,00000047,4286,12
00000011885712,00000011,8857,12
00000094573513,00000094,5735,13
00000031451113,00000031,4511,13
00000018442813,00000018,4428,13
00000029724513,00000029,7245,13
00000048463612,00000048,4636,12
00000016747313,00000016,7473,13
00000066971213,00000066,9712,13
00000030957413,00000030,9574,13
00000052617112,00000052,6171,12
00000044753613,00000044,7536,13
00028399620807,00028399,6208,07
00000049587813,00000049,5878,13
